"gamma","X1","X2","X3","X4","X5","average"
0,0.582530111130756,2.00253161142789,0.85386884937113,0.0280646810700162,2.01165979976674,1.09573101055331
0.1,0.498514317645988,1.95147291002836,0.69199868306476,0.0132759631489237,1.86522607361418,1.00409758950044
0.2,0.431253317475548,1.9116179565665,0.576223207474482,0.00501474884871736,1.7425043112248,0.933322708318009
0.3,0.376585084594014,1.88007111258007,0.494230678165825,0.00121656531655016,1.63832675633385,0.878086039398062
0.4,0.331562493978383,1.85479997411063,0.437318819302158,0.000499879704989659,1.54890069071544,0.83461637156232
0.5,0.294051579099622,1.83434611771181,0.399223783907729,0.00192129256640051,1.47138441839624,0.800185438336361
0.6,0.262476602451022,1.81764256150256,0.37536538804903,0.00482564992661238,1.40360995671803,0.772784031729452
0.7,0.235653688331471,1.80389527515963,0.362348380276799,0.00875158886015694,1.34389671883129,0.75090913029187
0.8,0.212679532021482,1.79250433384529,0.357625600800622,0.0133705042112875,1.29092333242771,0.733420660661278
0.9,0.192855296383679,1.78301028564961,0.359266026718227,0.018446234370989,1.24363758595205,0.71944308581491
1,0.175633535611564,1.77505694633559,0.365792258067282,0.0238079110808203,1.20119196622422,0.708296523463895
1.1,0.160580516421645,1.76836513041539,0.376064876396092,0.0293313575545394,1.16289673269028,0.699447722695589
1.2,0.147349037027453,1.76271380581576,0.38919899808932,0.0349261467993314,1.12818523474529,0.692474644495431
1.3,0.135658530632393,1.75792637707019,0.404503291984359,0.0405264738813783,1.09658792178895,0.687040519071454
1.4,0.125280305553038,1.75386056863379,0.421434897691936,0.0460846389030819,1.06771262058072,0.682874606272514
1.5,0.116026461017616,1.75040087261147,0.439565746729051,0.0515663427063386,1.04122939493495,0.679757763599886
1.6,0.10774146894847,1.74745284780008,0.458557159306741,0.0569472576049614,1.01685879912178,0.677511506556406
1.7,0.100295713602581,1.74493877183574,0.478140513601584,0.0622105055494711,0.994362674577935,0.675989635833462
1.8,0.0935804856723006,1.7427942936501,0.498102416244862,0.067344789062719,0.973536873573756,0.675071771640747
1.9,0.0875040684740214,1.74096583327664,0.518273240714339,0.0723429963642754,0.95420545772001,0.674658319309858
2,0.0819886523168565,1.73940854552482,0.538518207607853,0.0772011540435224,0.936216035958736,0.674666519090358
2.1,0.0769678827592531,1.73808471299469,0.558730398876561,0.0819176365450174,0.919435990699441,0.675027324374993
2.2,0.0723848982595537,1.73696246880466,0.578825254545727,0.0864925668326838,0.903749401901566,0.675682918068838
2.3,0.068190748739622,1.73601477455553,0.598736213798045,0.0909273603381299,0.889054523864999,0.676584724259265
2.4,0.0643431128922523,1.73521859736451,0.618411245179777,0.0952243769574113,0.875261702880166,0.677691807054824
2.5,0.0608052514720177,1.73455424326092,0.637810071829161,0.0993866549778551,0.86229164891525,0.67896957409104
2.6,0.0575451482560362,1.73400481421568,0.65690194309455,0.103417707439401,0.850073993438335,0.6803887212888
2.7,0.0545348012062563,1.73355576354089,0.675663837983783,0.107321366284374,0.838546079893677,0.681924369781796
2.8,0.0517496345717045,1.73319453002248,0.694079011606642,0.111101663227064,0.827651944428186,0.683555356771216
2.9,0.0491680089268163,1.73291023542261,0.712135815319789,0.114762738932067,0.817341453034427,0.685263650327142
3,0.0467708109477233,1.73269343325757,0.729826736235318,0.118308774077483,0.807569567952897,0.687033864494198
3.1,0.0445411084442966,1.73253589927437,0.747147613260632,0.121743937373956,0.798295721411504,0.688852855952953
3.2,0.0424638590576161,1.73243045600052,0.764096995743393,0.125072346741544,0.789483278910715,0.690709387290758
3.3,0.0405256632969137,1.73237082526259,0.780675617726432,0.128298040706703,0.781099077541007,0.69259384490673
3.4,0.038714554373546,1.73235150376282,0.796885966239554,0.131424957739241,0.773113027435489,0.69449800191013
3.5,0.0370198187020591,1.7323676577435,0.812731926317601,0.13445692175413,0.76549776655987,0.696414818215433
3.6,0.0354318420631642,1.73241503351518,0.828218488800641,0.137397632392519,0.758228360734843,0.69833827150127
3.7,0.0339419773235061,1.73248988121876,0.843351509642846,0.140250658997918,0.751282042157832,0.700263213868172
3.8,0.0325424303309781,1.73258888966747,0.858137511584278,0.143019437437918,0.744637980808103,0.70218524996575
3.9,0.0312261611891305,1.73270913049732,0.872583520741637,0.145707269104615,0.738277084032605,0.704100633113061
4,0.0299867985888341,1.73284801016351,0.886696932040557,0.148317321569889,0.732181820360119,0.706006176544583
4.1,0.0288185652621344,1.73300322857132,0.900485398513197,0.150852630483898,0.726336064209894,0.707899177408088
4.2,0.0277162129397894,1.73317274333364,0.913956740375414,0.153316102393309,0.72072495867312,0.709777351543054
4.3,0.0266749654540212,1.7333547388149,0.927118870520251,0.1557105182254,0.715334793971136,0.711638777397142
4.4,0.0256904688424874,1.73354759925753,0.93997973365258,0.158038537238979,0.710152899549232,0.713481847708161
4.5,0.0247587474869904,1.73374988540019,0.952547256769743,0.16030270128658,0.705167548061963,0.715305227801092
4.6,0.0238761654678725,1.73396031409034,0.964829309086014,0.162505439266727,0.700367869755284,0.717107819533247
4.7,0.0230393924379401,1.73417774047071,0.976833669821352,0.16464907167234,0.695743775961008,0.71888873007267
4.8,0.0222453734224861,1.73440114238385,0.98856800254043,0.16673581516297,0.691285890596642,0.720647244821275
4.9,0.021491302038163,1.73462960669228,1.00003983494691,0.168767787105701,0.686985488714137,0.722382803899439
5,0.0207745966959565,1.73486231725708,1.01125654321924,0.170747010043117,0.682834441269071,0.724094981696892
5.1,0.0200928794146766,1.73509854435483,1.02222534012417,0.172675416057541,0.67882516539086,0.725783469068417
5.2,0.0194439569231508,1.73533763534524,1.03295326626922,0.174554851009219,0.674950579527737,0.727448057814913
5.3,0.018825803773216,1.73557900642787,1.0434471839586,0.17638707863285,0.671204062920207,0.729088627142548
5.4,0.0182365472229701,1.7358221353495,1.05371377320425,0.178173784482176,0.667579418925287,0.730705131836838
5.5,0.0176744536816094,1.73606655494269,1.06375952951528,0.179916579716413,0.664070841772957,0.732297591925789
5.6,0.0171379165344261,1.73631184739224,1.07359076314997,0.181617004725568,0.660672886387269,0.733866083637895
5.7,0.0166254451898885,1.73655763914061,1.08321359956507,0.183276532594182,0.657380440948743,0.735410731487699
5.8,0.0161356552107935,1.73680359635471,1.09263398083936,0.18489657240488,0.654188701912945,0.736931701344538
5.9,0.0156672594087521,1.73704942088706,1.10185766788457,0.186478472384624,0.651093151233463,0.738429194359693
6,0.0152190597961734,1.73729484667278,1.11089024328642,0.188023522897555,0.648089535566419,0.739903441643869
6.1,0.0147899403028073,1.73753963651159,1.11973711464397,0.18953295928914,0.645173847259024,0.741354699601305
6.2,0.0143788601750729,1.73778357919012,1.12840351829689,0.191007964586824,0.642342306946739,0.742783245839129
6.3,0.0139848479860998,1.73802648690591,1.13689452334797,0.192449672062776,0.639591347603025,0.744189375581156
6.4,0.0136069961928491,1.73826819295871,1.14521503590366,0.19385916766451,0.636917599902655,0.745573398524478
6.5,0.0132444561840345,1.73850854967938,1.15336980346805,0.19523749231924,0.634317878774507,0.746935636085043
6.6,0.012896433768993,1.73874742656998,1.16136341943658,0.196585644117858,0.631789171032966,0.748276418985275
6.7,0.012562185063262,1.73898470863196,1.16920032764502,0.197904580384336,0.62932862398866,0.749596085142647
6.8,0.012241012731562,1.739220294862,1.17688482693686,0.199195219636265,0.626933534949513,0.750894977823239
6.9,0.0119322625531922,1.73945409689751,1.18442107571888,0.200458443442078,0.624601341532277,0.752173444028787
7,0.0116353202786586,1.73968603779587,1.19181309648022,0.20169509818031,0.622329612712661,0.753431833089544
7.1,0.0113496087496953,1.73991605093333,1.1990647802548,0.2029059967061,0.620116040549414,0.754670495438666
7.2,0.0110745852578024,1.74014407901095,1.20617989101115,0.204091919929871,0.617958432524082,0.755889781546772
7.3,0.0108097391190269,1.74037007315676,1.21316206995676,0.205253618312955,0.615854704443811,0.757090040997861
7.4,0.0105545894450255,1.74059399211392,1.22001483974696,0.206391813284689,0.613802873859637,0.758271621690046
7.5,0.0103086830924954,1.74081580150652,1.22674160859087,0.207507198585293,0.611801053957257,0.759434869146488
7.6,0.010071592774875,1.74103547317479,1.23334567424868,0.208600441538622,0.609847447881274,0.760580125923649
7.7,0.0098429153218321,1.74125298457315,1.23983022791624,0.209672184258692,0.607940343457568,0.761707731105495
7.8,0.00962227007348867,1.74146831822455,1.24619835799455,0.210723044793641,0.606078108281688,0.762818019873583
7.9,0.00940929739761957,1.74168146122584,1.25245305374258,0.211753618210623,0.604259185144055,0.763911323144144
8,0.00920365731919695,1.74189240479893,1.25859720881304,0.212764477624919,0.602482087765436,0.764987967264304
8.1,0.00900502825267756,1.74210114388348,1.26463362467128,0.213756175176363,0.600745396818443,0.766048273760448
8.2,0.0088131058283402,1.74230767676705,1.27056501389851,0.214729242956048,0.599047756213047,0.767092559132597
8.3,0.00862760180479858,1.74251200474912,1.27639400338062,0.215684193886036,0.597387869625869,0.76812113468929
8.4,0.00844824306055018,1.74271413183588,1.28212313738464,0.216621522554718,0.595764497254901,0.769134306418137
8.5,0.00827477065807544,1.74291406446261,1.28775488052501,0.217541706010261,0.59417645278277,0.770132374887745
8.6,0.00810693897459686,1.74311181124149,1.29329162062227,0.218445204514473,0.592622600533121,0.771115635177191
8.7,0.00794451489413764,1.74330738273206,1.29873567145683,0.219332462259257,0.591101852805978,0.772084376829651
8.8,0.00778727705600019,1.74350079123247,1.30408927542063,0.220203908047716,0.589613167379128,0.773038883827187
8.9,0.00763501515521443,1.7436920505896,1.3093546060698,0.221059955941853,0.588155545163589,0.773979434584012
9,0.00748752929090043,1.74388117602624,1.31453377058125,0.221901005878669,0.586728028002232,0.774906301955858
9.1,0.00734462935883742,1.74406818398378,1.31962881211627,0.222727444256402,0.585329696601486,0.775819753263355
9.2,0.00720613448485343,1.74425309197915,1.3246417120943,0.223539644492505,0.583959668586858,0.776720050327533
9.3,0.00707187249593785,1.74443591847452,1.32957439237992,0.224337967554891,0.582617096673711,0.777607449515796
9.4,0.00694167942623968,1.74461668275882,1.33442871738604,0.225122762467888,0.581301166945458,0.778482201796888
9.5,0.00681539905535276,1.74479540483984,1.33920649609644,0.225894366794246,0.580011097231874,0.77934455280355
9.6,0.00669288247650435,1.74497210534617,1.3439094840105,0.226653107094474,0.578746135580819,0.780194742901693
9.7,0.00657398769245981,1.74514680543792,1.34853938501312,0.227399299364699,0.577505558817186,0.781033007265076
9.8,0.006458579237132,1.74531952672557,1.35309785317258,0.228133249454192,0.576288671183323,0.781859575954559
9.9,0.00634652782105074,1.74549029119624,1.35758649446914,0.228855253463616,0.575094803055602,0.78267467400113
10,0.00623770999899042,1.7456591211466,1.36200686845712,0.229565598124994,0.573923309732256,0.783478521491993
10.1,0.00613200785819111,1.74582603912209,1.36636048986291,0.230264561164372,0.572773570287875,0.784271333659088
10.2,0.00602930872573398,1.74599106786158,1.37064883012163,0.23095241164803,0.57164498649036,0.785053320969467
10.3,0.00592950489373715,1.74615423024732,1.37487331885469,0.231629410313118,0.570536981776403,0.785824689217055
10.4,0.00583249336114929,1.74631554925952,1.37903534529076,0.232295809883498,0.569449000281844,0.786585639615354
10.5,0.00573817559100662,1.74647504793517,1.38313625963231,0.23295185537154,0.568380505923493,0.787336368890705
10.6,0.00564645728210594,1.74663274933092,1.38717737436997,0.233597784366591,0.567330981529302,0.788077069375776
10.7,0.00555724815412814,1.74678867648937,1.39115996554678,0.234233827310767,0.566299928013916,0.788807929102993
10.8,0.0054704617453143,1.74694285240881,1.39508527397446,0.234860207762731,0.565286863596892,0.789529131897643
10.9,0.00538601522186771,1.74709530001584,1.39895450640345,0.235477142650017,0.564291323061018,0.790240857470438
11,0.00530382919831222,1.74724604214077,1.4027688366488,0.236084842510493,0.563312857048377,0.790943281509351
11.1,0.00522382756809553,1.74739510149557,1.40652940667362,0.236683511723486,0.562351031391925,0.791636575770538
11.2,0.00514593734377683,1.74754250065405,1.41023732763175,0.237273348731072,0.561405426480516,0.792320908168233
11.3,0.00507008850618623,1.7476882620342,1.41389368087149,0.237854546250003,0.560475636655454,0.792996442863467
11.4,0.00499621386198562,1.74783240788241,1.41749951890178,0.238427291474738,0.559561269636737,0.793663340351529
11.5,0.00492424890910313,1.74797496025945,1.42105586632247,0.238991766271991,0.558661945977343,0.794321757548072
11.6,0.00485413170954836,1.74811594102811,1.42456372072014,0.239548147367207,0.557777298543935,0.79497184787379
11.7,0.00478580276915051,1.74825537184223,1.42802405353082,0.240096606523343,0.556906972022542,0.795613761337616
11.8,0.00471920492379442,1.74839327413711,1.43143781087093,0.240637310712324,0.556050622447811,0.796247644618394
11.9,0.00465428323175641,1.7485296691212,1.4348059143379,0.24117042227951,0.555207916754526,0.796873641144979
12,0.00459098487177054,1.74866457776881,1.43812926178142,0.24169609910151,0.554378532350192,0.79749189117474
12.1,0.00452925904648083,1.74879802081391,1.44140872804677,0.242214494737634,0.553562156707542,0.798102531870467
12.2,0.00446905689095659,1.74893001874489,1.44464516569114,0.242725758575299,0.552758486975863,0.798705697375629
12.3,0.00441033138597239,1.74906059180006,1.44783940567424,0.243230035969641,0.551967229610185,0.799301518888021
12.4,0.00435303727576955,1.74918975996411,1.45099225802398,0.243727468377622,0.551188100017342,0.799890124731764
12.5,0.0042971309900402,1.74931754296506,1.45410451247844,0.244218193486857,0.55042082221804,0.800471640427688
12.6,0.00424257056988577,1.74944396027207,1.45717693910497,0.244702345339422,0.549665128524091,0.801046188762087
12.7,0.00418931559752329,1.74956903109367,1.4602102888973,0.245180054450846,0.548920759230023,0.801613889853871
12.8,0.00413732712952374,1.74969277437663,1.46320529435161,0.245651447924519,0.548187462318323,0.802174861220121
12.9,0.00408656763338181,1.74981520880527,1.46616267002239,0.246116649561707,0.547464993177631,0.802729217840076
13,0.00403700092722995,1.74993635280123,1.46908311305873,0.246575779967373,0.54675311433321,0.803277072217553
13.1,0.00398859212251856,1.7500562245236,1.47196730372206,0.247028956651995,0.546051595189075,0.803818534441851
13.2,0.00394130756949967,1.75017484186949,1.4748159058859,0.247476294129531,0.545360211781215,0.804353712247127
13.3,0.00389511480535723,1.75029222247483,1.47762956751827,0.247917904011726,0.544678746541344,0.804882711070304
13.4,0.00384998250483902,1.75040838371554,1.48040892114763,0.248353895098902,0.544006988070642,0.805405634107511
13.5,0.00380588043325461,1.75052334270894,1.48315458431285,0.248784373467387,0.543344730923042,0.805922582369095
13.6,0.00376277940170973,1.75063711631539,1.48586715999778,0.249209442553724,0.542691775397565,0.806433654733234
13.7,0.00372065122445815,1.75074972114014,1.4885472370512,0.249629203235795,0.542047927339257,0.80693894799817
13.8,0.00367946867825637,1.7508611735354,1.49119539059249,0.250043753910996,0.54141299794836,0.8074385569331
13.9,0.00363920546361573,1.75097148960255,1.49381218240374,0.250453190571578,0.540786803597272,0.807932574327753
14,0.00359983616785137,1.75108068519451,1.49639816130874,0.250857606877285,0.540169165654957,0.808421091040669
14.1,0.00356133622983361,1.75118877591824,1.49895386353927,0.251257094225379,0.539559910318462,0.808904196046238
14.2,0.00352368190635385,1.75129577713739,1.50147981308938,0.251651741818183,0.538958868451173,0.809381976480496
14.3,0.00348685024001984,1.75140170397498,1.50397652205786,0.252041636728235,0.538365875427533,0.809854517685726
14.4,0.00345081902860336,1.75150657131625,1.50644449097955,0.252426863961139,0.537780770983912,0.810321903253891
14.5,0.00341556679576421,1.75161039381152,1.50888420914579,0.252807506516227,0.537203399075334,0.810784215068926
14.6,0.00338107276308288,1.75171318587916,1.51129615491441,0.253183645445104,0.536633607737813,0.811241533347913
14.7,0.00334731682333305,1.75181496170859,1.51368079600974,0.253555359908168,0.536071248956036,0.811693936681174
14.8,0.00331427951493379,1.75191573526335,1.5160385898129,0.253922727229182,0.535516178536148,0.812141502071303
14.9,0.0032819419975221,1.75201552028416,1.51836998364278,0.254285822947984,0.534968255983429,0.812584304971175
15,0.00325028602858878,1.75211433029205,1.52067541502809,0.254644720871394,0.534427344384613,0.813022419320948
15.1,0.003219293941128,1.75221217859151,1.52295531197067,0.254999493122402,0.533893310294677,0.813455917584079
15.2,0.0031889486222481,1.75230907827363,1.52521009320057,0.255350210187698,0.533366023627897,0.813884870782409
15.3,0.00315923349269835,1.75240504221926,1.52744016842297,0.255696940963607,0.532845357552965,0.8143093485303
15.4,0.00313013248726741,1.75250008310217,1.5296459385575,0.256039752800499,0.532331188392008,0.81472941906789
15.5,0.00310163003600994,1.75259421339224,1.53182779596996,0.256378711545715,0.531823395523347,0.815145149293454
15.6,0.00307371104626426,1.75268744535859,1.53398612469688,0.256713881585095,0.531321861287825,0.81555660479493
15.7,0.00304636088542082,1.75277979107272,1.53612130066318,0.257045325883125,0.530826470898538,0.815963849880596
15.8,0.00301956536440769,1.75287126241166,1.53823369189305,0.257373106021785,0.530337112353873,0.816366947608957
15.9,0.00299331072185881,1.75296187106109,1.54032365871444,0.257697282238135,0.529853676353648,0.816765959817834
16,0.00296758360893317,1.75305162851841,1.54239155395719,0.258017913460684,0.529376056218285,0.817160947152699
16.1,0.00294237107475352,1.7531405460958,1.54443772314531,0.25833505734459,0.528904147810855,0.817551969094262
16.2,0.00291766055243872,1.75322863492333,1.54646250468329,0.258648770305738,0.52843784946188,0.817939083985335
16.3,0.00289343984569905,1.75331590595191,1.54846623003687,0.258959107553733,0.52797706189679,0.818322349057001
16.4,0.00286969711597121,1.75340236995628,1.55044922390842,0.25926612312385,0.527521688165925,0.81870182045409
16.5,0.00284642087006729,1.75348803753803,1.552411804407,0.25956986990797,0.527071633576968,0.819077553260007
16.6,0.00282359994831524,1.75357291912844,1.55435428321343,0.259870399684564,0.526626805629717,0.819449601520893
16.7,0.00280122351316771,1.75365702499144,1.55627696574048,0.260167763147725,0.526187113953106,0.819818018269184
16.8,0.00277928103825893,1.75374036522641,1.55818015128832,0.260462009935309,0.525752470244388,0.820182855546537
16.9,0.00275776229789021,1.75382294977104,1.5600641331954,0.260753188656208,0.525322788210368,0.820544164426182
17,0.00273665735692396,1.7539047884041,1.56192919898498,0.261041346916781,0.524897983510657,0.820901995034688
17.1,0.00271595656106907,1.75398589074815,1.56377563050734,0.26132653134648,0.524477973702804,0.821256396573168
17.2,0.00269565052754017,1.7540662662723,1.56560370407792,0.2616087876227,0.524062678189284,0.821607417337948
17.3,0.00267573013607447,1.75414592429483,1.56741369061147,0.26188816049487,0.52365201816625,0.821955104740698
17.4,0.00265618652029103,1.75422487398586,1.56920585575232,0.262164693807824,0.523245916573972,0.822299505328055
17.5,0.00263701105937744,1.75430312436991,1.57098046000103,0.262438430524474,0.522844298048914,0.82264066480074
17.6,0.00261819537008957,1.75438068432843,1.57273775883726,0.2627094127478,0.522447088877391,0.822978628032195
17.7,0.00259973129905205,1.75445756260238,1.5744780028394,0.262977681742191,0.522054216950711,0.823313439086747
17.8,0.00258161091534485,1.75453376779462,1.5762014378006,0.263243277954158,0.521665611721795,0.823645141237303
17.9,0.00256382650336659,1.75460930837239,1.5779083048417,0.263506241032438,0.521281204163178,0.823973776982613
18,0.00254637055596019,1.75468419266968,1.57959884052092,0.263766609847499,0.52090092672637,0.824299388064086
18.1,0.00252923576779177,1.7547584288896,1.58127327694058,0.264024422510499,0.5205247133025,0.824622015482195
18.2,0.00251241502897134,1.75483202510667,1.58293184185076,0.264279716391673,0.520152499184222,0.824941699512461
18.3,0.00249590141890601,1.7549049892691,1.58457475875019,0.264532528138208,0.519784221028806,0.825258479721044
18.4,0.00247968820037519,1.75497732920104,1.58620224698432,0.264782893691585,0.519419816822406,0.825572394979947
18.5,0.00246376881381944,1.75504905260475,1.58781452184073,0.265030848304448,0.519059225845428,0.825883483481835
18.6,0.00244813687183454,1.75512016706278,1.58941179464192,0.265276426556979,0.518702388638991,0.8261917827545
18.7,0.00243278615386079,1.75519068004007,1.59099427283564,0.265519662372808,0.518349246972404,0.826497329674956
18.8,0.0024177106010622,1.75526059888606,1.5925621600827,0.265760589034489,0.517999743811663,0.826800160483195
18.9,0.00240290431138543,1.75532993083671,1.59411565634248,0.26599923919852,0.517653823288898,0.827100310795599
19,0.00238836153479335,1.75539868301652,1.59565495795613,0.266235644909965,0.517311430672758,0.827397815618033
19.1,0.00237407666866456,1.75546686244051,1.59718025772753,0.26646983761666,0.516972512339686,0.827692709358609
19.2,0.00236004425335394,1.75553447601613,1.59869174500216,0.266701848183018,0.51663701574607,0.827985025840147
19.3,0.00234625896790628,1.75560153054521,1.60018960574383,0.266931706903473,0.516304889401221,0.828274798312327
19.4,0.00233271562591819,1.75566803272578,1.60167402260939,0.267159443515534,0.515976082841159,0.828562059463555
19.5,0.00231940917154224,1.75573398915393,1.60314517502151,0.267385087212503,0.515650546603179,0.828846841432533
19.6,0.00230633467562699,1.75579940632559,1.60460323923959,0.267608666655826,0.515328232201164,0.82912917581956
19.7,0.0022934873319892,1.75586429063834,1.60604838842869,0.26783020998713,0.515009092101633,0.829409093697556
19.8,0.00228086245381137,1.75592864839307,1.60748079272686,0.26804974483992,0.514693079700487,0.829686625622831
19.9,0.00226845547016143,1.75599248579577,1.60890061931058,0.268267298350974,0.51438014930042,0.82996180164558
20,0.00225626192262859,1.75605580895911,1.61030803245859,0.268482897171424,0.514070256089,0.830234651320151
20.1,0.00224427746207198,1.75611862390415,1.61170319361411,0.268696567477551,0.513763356117384,0.830505203715054
20.2,0.0022324978454771,1.75618093656191,1.61308626144539,0.268908334981286,0.513459406279621,0.830773487422738
20.3,0.00222091893291636,1.75624275277497,1.61445739190482,0.269118224940436,0.513158364292576,0.831039530569143
20.4,0.00220953668460994,1.75630407829898,1.61581673828645,0.269326262168655,0.512860188676408,0.831303360823019
20.5,0.00219834715808265,1.75636491880422,1.61716445128214,0.269532471045126,0.512564838735597,0.831565005405033
20.6,0.00218734650541397,1.75642527987708,1.61850067903628,0.269736875524023,0.512272274540523,0.831824491096663
20.7,0.00217653097057747,1.7564851670215,1.6198255671991,0.269939499143704,0.51198245690954,0.832081844248884
20.8,0.00216589688686609,1.75654458566043,1.62113925897872,0.270140365035679,0.51169534739157,0.832337090790653
20.9,0.0021554406744006,1.75660354113723,1.62244189519187,0.270339495933341,0.511410908249167,0.832590256237202
21,0.00214515883771781,1.75666203871704,1.62373361431334,0.270536914180479,0.511129102442053,0.832841365698126
21.1,0.00213504796343613,1.75672008358814,1.62501455252428,0.270732641739575,0.510849893611117,0.833090443885309
21.2,0.00212510471799497,1.75677768086329,1.62628484375924,0.270926700199875,0.510573246062831,0.833337515120646
21.3,0.00211532584546607,1.756834835581,1.62754461975214,0.271119110785286,0.510299124754112,0.833582603343602
21.4,0.00210570816543361,1.75689155270687,1.62879401008103,0.271309894362037,0.510027495277587,0.833825732118591
21.5,0.00209624857094102,1.75694783713476,1.63003314221185,0.271499071446182,0.509758323847256,0.834066924642199
21.6,0.00208694402650182,1.75700369368811,1.63126214154111,0.271686662210894,0.509491577284539,0.834306203750232
21.7,0.00207779156617271,1.75705912712108,1.63248113143751,0.271872686493586,0.509227223004702,0.834543591924609
21.8,0.00206878829168595,1.75711414211974,1.63369023328259,0.272057163802854,0.508965229003643,0.834779111300104
21.9,0.00205993137063981,1.75716874330328,1.63488956651046,0.27224011332525,0.508705563845026,0.835012783670932
22,0.00205121803474426,1.7572229352251,1.63607924864647,0.272421553931885,0.508448196647757,0.835244630497192
22.1,0.00204264557812082,1.75727672237396,1.63725939534507,0.272601504184876,0.508193097073796,0.835474672911164
22.2,0.00203421135565368,1.75733010917503,1.63843012042674,0.272779982343632,0.507940235316278,0.835702931723466
22.3,0.00202591278139156,1.75738309999103,1.63959153591404,0.27295700637099,0.50768958208795,0.83592942742908
22.4,0.00201774732699723,1.75743569912324,1.64074375206684,0.273132593939197,0.507441108609908,0.836154180213236
22.5,0.00200971252024424,1.75748791081254,1.64188687741672,0.273306762435755,0.507194786600626,0.836377209957176
22.6,0.00200180594355835,1.75753973924044,1.64302101880055,0.273479528969124,0.506950588265265,0.836598536243789
22.7,0.00199402523260283,1.75759118853009,1.64414628139334,0.273650910374286,0.50670848628526,0.836818178363114
22.8,0.00198636807490568,1.75764226274719,1.64526276874027,0.273820923218177,0.506468453808167,0.837036155317741
22.9,0.00197883220852748,1.75769296590105,1.64637058278805,0.273989583804996,0.506230464437778,0.837252485828079
23,0.00197141542076884,1.75774330194543,1.64746982391553,0.274156908181379,0.505994492224479,0.837467188337518
23.1,0.00196411554691551,1.75779327477955,1.64856059096361,0.27432291214146,0.505760511655849,0.837680281017475
23.2,0.00195693046902041,1.75784288824892,1.64964298126444,0.274487611231809,0.505528497647505,0.83789178177234
23.3,0.0019498581147211,1.75789214614631,1.65071709067006,0.274651020756254,0.505298425534164,0.838101708244302
23.4,0.00194289645609174,1.75794105221253,1.65178301358028,0.274813155780597,0.505070271060942,0.838310077818088
23.5,0.00193604350852811,1.75798961013737,1.65284084296998,0.27497403113721,0.504844010374856,0.838516907625589
23.6,0.00192929732966496,1.75803782356038,1.65389067041584,0.275133661429539,0.504619620016539,0.838722214550392
23.7,0.00192265601832412,1.75808569607172,1.6549325861224,0.275292061036488,0.504397076912165,0.83892601523222
23.8,0.00191611771349302,1.75813323121299,1.65596667894759,0.27544924411672,0.504176358365565,0.839128326071271
23.9,0.00190968059333226,1.75818043247796,1.65699303642766,0.275605224612844,0.503957442050541,0.839329163232468
24,0.00190334287421111,1.75822730331342,1.65801174480161,0.27576001625552,0.50374030600336,0.839528542649625
24.1,0.00189710280977069,1.7582738471199,1.65902288903504,0.275913632567462,0.50352492861544,0.839726480029522
24.2,0.00189095869001299,1.75832006725242,1.66002655284348,0.276066086867352,0.503311288626198,0.839922990855892
24.3,0.00188490884041603,1.75836596702126,1.66102281871522,0.276217392273674,0.503099365116084,0.840118090393332
24.4,0.0018789516210734,1.75841154969265,1.66201176793368,0.276367561708451,0.502889137499776,0.840311793691127
24.5,0.00187308542585784,1.75845681848949,1.66299348059921,0.276516607900902,0.502680585519531,0.840504115586998
24.6,0.00186730868160799,1.75850177659204,1.66396803565049,0.276664543391026,0.50247368923871,0.840695070710774
24.7,0.00186161984733777,1.75854642713862,1.66493551088545,0.276811380533095,0.502268429035433,0.840884673487987
24.8,0.00185601741346741,1.75859077322626,1.66589598298174,0.276957131499076,0.502064785596408,0.84107293814339
24.9,0.00185049990107558,1.75863481791137,1.66684952751675,0.277101808281977,0.501862739910886,0.841259878704412
25,0.00184506586117201,1.7586785642104,1.66779621898722,0.277245422699119,0.501662273264766,0.841445509004535
25.1,0.00183971387398976,1.75872201510042,1.66873613082843,0.277387986395336,0.501463367234839,0.841629842686604
25.2,0.00183444254829721,1.75876517351982,1.66966933543299,0.277529510846111,0.501266003683155,0.841812893206075
25.3,0.00182925052072787,1.75880804236886,1.6705959041692,0.277670007360632,0.501070164751535,0.84199467383419
25.4,0.00182413645512891,1.75885062451029,1.67151590739907,0.277809487084793,0.500875832856196,0.842175197661096
25.5,0.00181909904192681,1.75889292276997,1.67242941449593,0.277947961004131,0.500682990682508,0.842354477598893
25.6,0.0018141369975102,1.7589349399374,1.6733364938617,0.278085439946685,0.500491621179865,0.842532526384632
25.7,0.00180924906362899,1.75897667876629,1.67423721294379,0.278221934585817,0.500301707556678,0.842709356583241
25.8,0.00180443400680951,1.75901814197517,1.67513163825161,0.278357455442952,0.500113233275476,0.842884980590403
25.9,0.00179969061778514,1.75905933224789,1.6760198353728,0.278492012890273,0.499926182048124,0.843059410635375
26,0.00179501771094195,1.75910025223418,1.67690186898911,0.27862561715335,0.499740537831139,0.843232658783744
26.1,0.00179041412377889,1.75914090455015,1.67777780289191,0.278758278313724,0.499556284821123,0.843404736940138
26.2,0.00178587871638222,1.75918129177886,1.67864769999746,0.278890006311428,0.499373407450291,0.843575656850884
26.3,0.00178141037091346,1.75922141647077,1.67951162236177,0.279020810947453,0.499191890382091,0.8437454301066
26.4,0.00177700799111079,1.75926128114429,1.68036963119528,0.279150701886179,0.499011718506947,0.843914068144761
26.5,0.00177267050180342,1.75930088828624,1.6812217868771,0.279279688657732,0.498832876938058,0.844081582252187
26.6,0.00176839684843823,1.75934024035235,1.68206814896911,0.279407780660313,0.498655351007327,0.844247983567508
26.7,0.00176418599661902,1.75937933976773,1.68290877622966,0.279534987162466,0.49847912626135,0.844413283083565
26.8,0.00176003693165713,1.75941818892732,1.68374372662705,0.279661317305305,0.498304188457514,0.844577491649769
26.9,0.00175594865813393,1.75945679019638,1.68457305735273,0.279786780104694,0.498130523560166,0.844740619974422
27,0.00175192019947422,1.75949514591092,1.68539682483425,0.279911384453381,0.497958117736871,0.844902678626979
27.1,0.00174795059753041,1.75953325837812,1.68621508474792,0.280035139123092,0.497786957354748,0.845063678040282
27.2,0.00174403891217757,1.75957112987681,1.68702789203125,0.280158052766579,0.497617028976891,0.845223628512742
27.3,0.00174018422091818,1.75960876265787,1.68783530089513,0.280280133919628,0.497448319358857,0.84538254021048
27.4,0.00173638561849726,1.75964615894464,1.68863736483579,0.280401391003025,0.497280815445241,0.845540423169438
27.5,0.001732642216527,1.75968332093335,1.68943413664648,0.28052183232449,0.497114504366311,0.845697287297431
27.6,0.00172895314312051,1.75972025079352,1.69022566842898,0.280641466080558,0.496949373434724,0.845853142376179
27.7,0.00172531754253509,1.75975695066834,1.69101201160483,0.280760300358438,0.496785410142311,0.846007998063291
27.8,0.00172173457482409,1.7597934226751,1.69179321692641,0.280878343137823,0.496622602156923,0.846161863894216
27.9,0.00171820341549741,1.75982966890554,1.6925693344877,0.28099560229267,0.496460937319347,0.84631474928415
28,0.00171472325519056,1.75986569142621,1.69334041373497,0.281112085592945,0.496300403640295,0.846466663529924
28.1,0.00171129329934135,1.75990149227891,1.69410650347715,0.281227800706332,0.496140989297437,0.846617615811835
28.2,0.0017079127678751,1.75993707348097,1.69486765189604,0.281342755199906,0.495982682632512,0.84676761519546
28.3,0.00170458089489718,1.75997243702567,1.69562390655634,0.28145695654178,0.495825472148498,0.846916670633436
28.4,0.00170129692839304,1.76000758488256,1.69637531441546,0.281570412102712,0.495669346506825,0.84706479096719
28.5,0.00169806012993565,1.76004251899783,1.6971219218332,0.281683129157689,0.495514294524665,0.847211984928664
28.6,0.00169486977439979,1.76007724129463,1.69786377458115,0.281795114887472,0.495360305172266,0.847358261141983
28.7,0.00169172514968358,1.76011175367339,1.69860091785202,0.281906376380116,0.495207367570347,0.84750362812511
28.8,0.00168862555643622,1.76014605801218,1.6993333962687,0.282016920632462,0.49505547098753,0.847648094291463
28.9,0.00168557030779265,1.76018015616705,1.70006125389323,0.282126754551594,0.494904604837853,0.847791667951503
29,0.00168255872911434,1.76021404997227,1.70078453423553,0.282235884956278,0.494754758678304,0.847934357314299
29.1,0.00167959015773635,1.76024774124072,1.70150328026203,0.282344318578359,0.494605922206428,0.848076170489055
29.2,0.00167666394272026,1.76028123176415,1.70221753440412,0.28245206206415,0.49445808525796,0.84821711548662
29.3,0.00167377944461296,1.76031452331352,1.70292733856639,0.282559121975779,0.494311237804526,0.848357200220966
29.4,0.00167093603521128,1.76034761763926,1.7036327341348,0.282665504792516,0.49416536995138,0.848496432510633
29.5,0.00166813309733195,1.76038051647158,1.70433376198465,0.282771216912081,0.494020471935182,0.848634820080166
29.6,0.00166537002458702,1.76041322152075,1.70503046248845,0.282876264651914,0.493876534121829,0.848772370561506
29.7,0.0016626462211647,1.76044573447739,1.70572287552353,0.282980654250435,0.493733547004324,0.848909091495369
29.8,0.00165996110161481,1.76047805701274,1.70641104047969,0.283084391868273,0.493591501200686,0.8490449903326
29.9,0.00165731409063986,1.76051019077895,1.70709499626653,0.283187483589471,0.49345038745191,0.8491800744355
30,0.0016547046228904,1.7605421374093,1.70777478132081,0.283289935422676,0.493310196619952,0.849314351079125
30.1,0.00165213214276531,1.76057389851853,1.70845043361351,0.283391753302297,0.493170919685757,0.849447827452573
30.2,0.00164959610421694,1.76060547570306,1.70912199065694,0.283492943089653,0.49303254774735,0.849580510660244
30.3,0.00164709597056013,1.76063687054125,1.70978948951155,0.283593510574087,0.492895072017917,0.849712407723072
30.4,0.00164463121428609,1.76066808459364,1.71045296679276,0.283693461474072,0.492758483823969,0.849843525579745
30.5,0.00164220131688036,1.76069911940322,1.71111245867758,0.283792801438289,0.492622774603515,0.849973871087898
30.6,0.00163980576864483,1.76072997649568,1.71176800091114,0.283891536046687,0.492487935904279,0.850103451025287
30.7,0.00163744406852391,1.76076065737961,1.71241962881312,0.283989670811525,0.492353959381942,0.850232272090945
30.8,0.00163511572393454,1.76079116354677,1.71306737728402,0.284087211178394,0.492220836798437,0.85036034090631
30.9,0.00163282025059997,1.76082149647229,1.71371128081138,0.284184162527223,0.492088560020253,0.850487664016349
31,0.00163055717238753,1.76085165761494,1.71435137347584,0.284280530173262,0.49195712101679,0.850614247890644
31.1,0.0016283260211497,1.76088164841731,1.71498768895712,0.28437631936805,0.491826511858731,0.850740098924473
31.2,0.0016261263365689,1.76091147030607,1.71562026053989,0.284471535300372,0.491696724716461,0.850865223439871
31.3,0.00162395766600586,1.76094112469214,1.71624912111952,0.284566183097182,0.491567751858491,0.850989627686667
31.4,0.00162181956435091,1.76097061297096,1.71687430320775,0.284660267824532,0.491439585649937,0.851113317843506
31.5,0.00161971159387917,1.76099993652265,1.71749583893829,0.284753794488463,0.491312218551019,0.85123630001886
31.6,0.00161763332410833,1.76102909671224,1.71811376007223,0.284846768035899,0.491185643115576,0.85135858025201
31.7,0.00161558433166,1.76105809488987,1.71872809800346,0.28493919335551,0.491059851989622,0.851480164514025
31.8,0.00161356420012395,1.761086932391,1.71933888376394,0.285031075278569,0.49093483790993,0.851601058708713
31.9,0.00161157251992529,1.76111561053659,1.71994614802888,0.285122418579789,0.490810593702628,0.851721268673562
32,0.00160960888819435,1.76114413063328,1.72054992112188,0.285213227978152,0.490687112281837,0.851840800180668
32.1,0.00160767290863997,1.76117249397363,1.72115023301989,0.285303508137714,0.490564386648324,0.85195965893764
32.2,0.00160576419142481,1.76120070183628,1.72174711335818,0.285393263668406,0.490442409888183,0.852077850588493
32.3,0.00160388235304404,1.7612287554861,1.72234059143517,0.28548249912681,0.490321175171535,0.852195380714533
32.4,0.001602027016206,1.76125665617444,1.72293069621723,0.285571219016936,0.490200675751265,0.852312254835215
32.5,0.00160019780971589,1.76128440513925,1.7235174563433,0.28565942779097,0.490080904961764,0.852428478409
32.6,0.00159839436836184,1.76131200360531,1.72410090012954,0.285747129850023,0.489961856217704,0.852544056834186
32.7,0.00159661633280327,1.76133945278433,1.72468105557385,0.285834329544853,0.489843523012843,0.852658995449736
32.8,0.00159486334946174,1.76136675387521,1.72525795036032,0.285921031176591,0.489725898918824,0.852773299536082
32.9,0.00159313507041426,1.76139390806413,1.72583161186362,0.28600723899744,0.489608977584036,0.852886974315927
33,0.00159143115328855,1.76142091652476,1.72640206715325,0.286092957211372,0.489492752732449,0.853000024955024
33.1,0.00158975126116063,1.76144778041842,1.72696934299786,0.286178189974805,0.489377218162515,0.853112456562952
33.2,0.00158809506245483,1.76147450089423,1.72753346586933,0.28626294139728,0.48926236774605,0.853224274193869
33.3,0.00158646223084548,1.76150107908924,1.72809446194693,0.286347215542111,0.489148195427165,0.85333548284726
33.4,0.00158485244516103,1.76152751612867,1.7286523571213,0.28643101642704,0.489034695221196,0.853446087468673
33.5,0.00158326538928979,1.76155381312595,1.72920717699843,0.286514348024868,0.488921861213665,0.853556092950441
33.6,0.00158170075208814,1.76157997118298,1.72975894690355,0.286597214264086,0.488809687559249,0.853665504132391
33.7,0.00158015822729009,1.76160599139019,1.73030769188497,0.286679619029488,0.488698168480782,0.853774325802544
33.8,0.00157863751341912,1.76163187482675,1.73085343671784,0.286761566162776,0.488587298268251,0.853882562697808
33.9,0.00157713831370177,1.76165762256068,1.73139620590787,0.286843059463155,0.488477071277842,0.853990219504648
34,0.00157566033598272,1.76168323564899,1.73193602369494,0.286924102687924,0.488367481930965,0.85409730085976
34.1,0.00157420329264218,1.76170871513785,1.73247291405676,0.287004699553043,0.488258524713331,0.854203811350726
34.2,0.0015727669005143,1.7617340620627,1.73300690071233,0.287084853733707,0.488150194174013,0.854309755516653
34.3,0.00157135088080787,1.76175927744839,1.73353800712545,0.2871645688649,0.488042484924554,0.854415137848819
34.4,0.00156995495902807,1.76178436230931,1.73406625650813,0.287243848541942,0.487935391638064,0.854519962791296
34.5,0.0015685788649004,1.76180931764956,1.73459167182396,0.287322696321032,0.48782890904835,0.854624234741561
34.6,0.00156722233229576,1.76183414446302,1.7351142757914,0.287401115719773,0.487723031949052,0.854727958051109
34.7,0.00156588509915685,1.76185884373351,1.73563409088708,0.287479110217698,0.487617755192795,0.854831137026048
34.8,0.00156456690742686,1.76188341643493,1.73615113934894,0.287556683256782,0.487513073690358,0.854933775927686
34.9,0.00156326750297864,1.76190786353134,1.73666544317945,0.287633838241946,0.487408982409854,0.855035878973114
35,0.00156198663554594,1.76193218597713,1.73717702414868,0.28771057854156,0.487305476375929,0.855137450335768
35.1,0.00156072405865578,1.76195638471711,1.73768590379735,0.287786907487918,0.487202550668966,0.855238494146
35.2,0.00155947952956222,1.76198046068664,1.73819210343987,0.287862828377735,0.487100200424306,0.855339014491623
35.3,0.00155825280918145,1.76200441481174,1.73869564416728,0.287938344472611,0.486998420831492,0.855439015418461
35.4,0.00155704366202806,1.76202824800923,1.73919654685013,0.288013458999501,0.486897207133506,0.855538500930878
35.5,0.00155585185615282,1.76205196118678,1.73969483214143,0.28808817515117,0.486796554626031,0.855637474992314
35.6,0.00155467716308143,1.76207555524312,1.74019052047942,0.288162496086647,0.486696458656734,0.8557359415258
35.7,0.00155351935775465,1.76209903106804,1.74068363209033,0.288236424931668,0.486596914624535,0.855833904414467
35.8,0.00155237821846956,1.7621223895426,1.74117418699119,0.288309964779115,0.486497917978916,0.855931367502059
35.9,0.00155125352682193,1.76214563153916,1.74166220499245,0.288383118689445,0.48639946421922,0.856028334593419
36,0.00155014506764967,1.76216875792153,1.74214770570067,0.28845588969111,0.486301548893975,0.856124809454987
36.1,0.00154905262897769,1.76219176954506,1.74263070852115,0.28852828078098,0.486204167600222,0.856220795815278
36.2,0.00154797600196331,1.76221466725673,1.74311123266048,0.288600294924752,0.486107315982859,0.856316297365355
36.3,0.0015469149808433,1.76223745189528,1.74358929712903,0.288671935057351,0.48601098973399,0.856411317759299
36.4,0.00154586936288145,1.76226012429128,1.74406492074357,0.288743204083328,0.485915184592287,0.856505860614667
36.5,0.00154483894831757,1.76228268526725,1.74453812212957,0.288814104877257,0.485819896342366,0.856599929512952
36.6,0.00154382354031718,1.76230513563774,1.74500891972376,0.288884640284115,0.485725120814166,0.856693528000019
36.7,0.00154282294492217,1.76232747620944,1.74547733177641,0.288954813119662,0.485630853882346,0.856786659586557
36.8,0.00154183697100272,1.76234970778128,1.74594337635374,0.28902462617082,0.485537091465682,0.856879327748505
36.9,0.00154086543020974,1.76237183114447,1.74640707134021,0.289094082196034,0.48544382952648,0.85697153592748
37,0.00153990813692853,1.76239384708266,1.74686843444078,0.28916318392564,0.485351064070007,0.857063287531205
37.1,0.00153896490823313,1.76241575637201,1.74732748318321,0.289231934062218,0.485258791143905,0.857154585933915
37.2,0.0015380355638415,1.76243755978125,1.74778423492018,0.289300335280949,0.485167006837647,0.857245434476774
37.3,0.00153711992607191,1.76245925807179,1.74823870683156,0.289368390229955,0.48507570728197,0.85733583646827
37.4,0.0015362178197996,1.76248085199782,1.74869091592649,0.289436101530642,0.484984888648347,0.857425795184619
37.5,0.0015353290724148,1.76250234230635,1.74914087904552,0.289503471778039,0.484894547148443,0.857515313870154
37.6,0.00153445351378111,1.76252372973735,1.7495886128627,0.289570503541126,0.484804679033589,0.857604395737708
37.7,0.00153359097619491,1.76254501502379,1.75003413388759,0.289637199363159,0.484715280594273,0.857693043969
37.8,0.00153274129434558,1.76256619889175,1.75047745846732,0.289703561761992,0.484626348159617,0.857781261715003
37.9,0.00153190430527603,1.76258728206047,1.75091860278857,0.289769593230397,0.484537878096892,0.85786905209632
38,0.00153107984834466,1.76260826524246,1.75135758287953,0.289835296236366,0.484449866811007,0.857956418203542
38.1,0.00153026776518735,1.76262914914357,1.75179441461183,0.289900673223428,0.484362310744035,0.858043363097611
38.2,0.00152946789968062,1.76264993446305,1.75222911370245,0.289965726610946,0.484275206374729,0.858129889810171
38.3,0.00152868009790525,1.76267062189365,1.75266169571558,0.290030458794415,0.484188550218051,0.858216001343919
38.4,0.00152790420811063,1.76269121212166,1.75309217606449,0.290094872145758,0.48410233882471,0.858301700672946
38.5,0.00152714008067973,1.76271170582704,1.75352057001337,0.29015896901361,0.484016568780704,0.858386990743079
38.6,0.00152638756809475,1.76273210368344,1.75394689267906,0.29022275172361,0.483931236706865,0.858471874472214
38.7,0.00152564652490348,1.76275240635829,1.75437115903291,0.290286222578676,0.483846339258431,0.858556354750643
38.8,0.0015249168076861,1.7627726145129,1.75479338390244,0.290349383859285,0.483761873124586,0.85864043444138
38.9,0.00152419827502268,1.76279272880248,1.75521358197312,0.29041223782374,0.483677835028057,0.858724116380483
39,0.00152349078746127,1.76281274987623,1.75563176779004,0.290474786708448,0.483594221724665,0.858807403377368
39.1,0.0015227942074866,1.76283267837743,1.75604795575958,0.290537032728177,0.483511030002928,0.85889029821512
39.2,0.00152210839948932,1.76285251494347,1.75646216015109,0.290598978076319,0.483428256683644,0.858972803650803
39.3,0.00152143322973569,1.76287226020595,1.75687439509846,0.290660624925148,0.483345898619476,0.859054922415755
39.4,0.00152076856633807,1.76289191479073,1.75728467460176,0.290721975426072,0.483263952694577,0.859136657215895
39.5,0.00152011427922556,1.76291147931799,1.7576930125288,0.290783031709886,0.483182415824174,0.859218010732014
39.6,0.00151947024011564,1.76293095440228,1.75809942261672,0.290843795887015,0.483101284954192,0.859298985620063
39.7,0.00151883632248597,1.76295034065264,1.75850391847346,0.290904270047755,0.483020557060877,0.859379584511444
39.8,0.00151821240154672,1.7629696386726,1.75890651357936,0.290964456262518,0.482940229150413,0.859459810013287
39.9,0.0015175983542135,1.76298884906026,1.75930722128856,0.291024356582063,0.482860298258556,0.859539664708731
40,0.00151699405908086,1.76300797240837,1.75970605483054,0.291083973037733,0.482780761450272,0.8596191511572
40.1,0.00151639939639597,1.76302700930438,1.76010302731154,0.291143307641677,0.482701615819374,0.859698271894673
40.2,0.00151581424803305,1.76304596033047,1.76049815171598,0.291202362387082,0.482622858488173,0.859777029433949
40.3,0.00151523849746806,1.76306482606366,1.76089144090791,0.291261139248395,0.482544486607121,0.859855426264911
40.4,0.00151467202975395,1.76308360707581,1.76128290763237,0.291319640181543,0.482466497354483,0.859933464854791
40.5,0.00151411473149634,1.76310230393373,1.76167256451674,0.291377867124143,0.482388887935984,0.860011147648419
40.6,0.0015135664908295,1.7631209171992,1.76206042407216,0.291435821995727,0.482311655584484,0.86008847706848
40.7,0.00151302719739298,1.76313944742904,1.76244649869481,0.291493506697943,0.482234797559644,0.860165455515766
40.8,0.0015124967423083,1.76315789517516,1.76283080066723,0.291550923114766,0.482158311147611,0.860242085369415
40.9,0.00151197501815651,1.76317626098462,1.76321334215963,0.291608073112704,0.482082193660689,0.86031836898716
41,0.00151146191895575,1.76319454539967,1.76359413523119,0.291664958540997,0.482006442437032,0.860394308705568
41.1,0.00151095734013931,1.76321274895781,1.76397319183127,0.29172158123182,0.481931054840329,0.860469906840274
41.2,0.00151046117853421,1.76323087219186,1.7643505238007,0.291777943000475,0.481856028259503,0.860545165686214
41.3,0.0015099733323399,1.76324891562996,1.76472614287301,0.291834045645587,0.481781360108406,0.86062008751786
41.4,0.00150949370110757,1.76326687979568,1.7651000606756,0.291889890949295,0.481707047825526,0.860694674589441
41.5,0.00150902218571974,1.76328476520802,1.76547228873097,0.291945480677442,0.481633088873692,0.86076892913517
41.6,0.00150855868837002,1.76330257238152,1.7658428384579,0.292000816579755,0.481559480739785,0.860842853369467
41.7,0.00150810311254356,1.76332030182622,1.76621172117261,0.292055900390036,0.481486220934458,0.860916449487173
41.8,0.00150765536299744,1.76333795404779,1.76657894808988,0.292110733826336,0.481413306991848,0.86098971966377
41.9,0.00150721534574174,1.76335552954754,1.76694453032421,0.292165318591137,0.481340736469308,0.861062666055588
42,0.00150678296802081,1.76337302882246,1.76730847889096,0.29221965637153,0.481268506947132,0.861135290800021
42.1,0.0015063581382947,1.76339045236529,1.7676708047074,0.29227374883938,0.481196616028282,0.86120759601573
42.2,0.00150594076622113,1.76340780066455,1.76803151859382,0.29232759765151,0.481125061338126,0.861279583802846
42.3,0.00150553076263771,1.76342507420457,1.76839063127463,0.292381204449854,0.481053840524184,0.861351256243176
42.4,0.00150512803954432,1.76344227346559,1.76874815337937,0.292434570861641,0.480982951255856,0.8614226154004
42.5,0.00150473251008602,1.76345939892371,1.7691040954438,0.292487698499546,0.480912391224183,0.861493663320265
42.6,0.00150434408853597,1.76347645105104,1.7694584679109,0.292540588961856,0.480842158141583,0.861564402030784
42.7,0.00150396269027893,1.76349343031567,1.76981128113191,0.292593243832634,0.480772249741617,0.861634833542422
42.8,0.00150358823179487,1.76351033718172,1.77016254536733,0.292645664681872,0.480702663778735,0.86170495984829
42.9,0.00150322063064276,1.76352717210942,1.77051227078787,0.292697853065649,0.480633398028042,0.861774782924326
43,0.00150285980544482,1.76354393555511,1.77086046747552,0.292749810526285,0.480564450285059,0.861844304729484
43.1,0.00150250567587105,1.76356062797129,1.77120714542443,0.29280153859249,0.480495818365492,0.861913527205914
43.2,0.00150215816262375,1.76357724980668,1.77155231454188,0.292853038779516,0.480427500104995,0.861982452279138
43.3,0.00150181718742267,1.76359380150623,1.77189598464926,0.292904312589307,0.480359493358952,0.862051081858235
43.4,0.00150148267298998,1.7636102835112,1.77223816548296,0.29295536151064,0.480291796002243,0.862119417836007
43.5,0.0015011545430358,1.76362669625915,1.77257886669531,0.29300618701927,0.480224405929034,0.86218746208916
43.6,0.00150083272224412,1.763643040184,1.77291809785545,0.293056790578076,0.480157321052546,0.862255216478464
43.7,0.00150051713625828,1.76365931571609,1.77325586845028,0.293107173637197,0.480090539304853,0.862322682848936
43.8,0.00150020771166751,1.76367552328216,1.77359218788528,0.293157337634169,0.480024058636661,0.862389863029989
43.9,0.00149990437599301,1.76369166330546,1.77392706548543,0.293207283994067,0.479957877017099,0.86245675883561
44,0.00149960705767472,1.76370773620573,1.77426051049603,0.293257014129635,0.479891992433519,0.862523372064517
44.1,0.0014993156860582,1.76372374239924,1.77459253208358,0.293306529441422,0.479826402891281,0.862589704500317
44.2,0.00149903019138138,1.76373968229888,1.77492313933659,0.293355831317911,0.47976110641357,0.862655757911667
44.3,0.00149875050476203,1.7637555563141,1.77525234126644,0.29340492113565,0.479696101041175,0.862721534052427
44.4,0.00149847655818521,1.76377136485106,1.77558014680816,0.293453800259379,0.479631384832311,0.862787034661818
44.5,0.00149820828449078,1.76378710831254,1.77590656482125,0.293502470042156,0.479566955862418,0.86285226146457
44.6,0.00149794561736136,1.76380278709809,1.77623160409049,0.293550931825486,0.479502812223971,0.862917216171079
44.7,0.00149768849131032,1.76381840160397,1.77655527332671,0.293599186939437,0.479438952026294,0.862981900477544
44.8,0.00149743684167,1.76383395222325,1.77687758116756,0.293647236702764,0.479375373395374,0.863046316066125
44.9,0.00149719060458025,1.7638494393458,1.77719853617831,0.293695082423034,0.479312074473678,0.863110464605082
45,0.00149694971697687,1.76386486335835,1.77751814685256,0.293742725396739,0.479249053419969,0.863174347748918
45.1,0.00149671411658053,1.76388022464448,1.777836421613,0.293790166909411,0.47918630840913,0.863237967138522
45.2,0.00149648374188566,1.76389552358472,1.77815336881219,0.293837408235745,0.479123837631994,0.863301324401309
45.3,0.00149625853214966,1.76391076055652,1.77846899673323,0.293884450639707,0.479061639295158,0.863364421151353
45.4,0.00149603842738221,1.76392593593429,1.77878331359052,0.293931295374649,0.478999711620822,0.863427258989532
45.5,0.00149582336833467,1.76394105008945,1.77909632753043,0.293977943683418,0.478938052846614,0.863489839503651
45.6,0.00149561329648982,1.76395610339047,1.77940804663206,0.29402439679847,0.478876661225427,0.863552164268585
45.7,0.00149540815405167,1.76397109620287,1.77971847890788,0.294070655941973,0.478815535025251,0.863614234846404
45.8,0.00149520788393539,1.76398602888923,1.78002763230444,0.294116722325916,0.478754672529011,0.863676052786507
45.9,0.0014950124297575,1.7640009018093,1.78033551470304,0.294162597152219,0.478694072034408,0.863737619625745
46,0.00149482173582607,1.76401571531994,1.78064213392039,0.29420828161283,0.478633731853761,0.86379893688855
46.1,0.00149463574713134,1.7640304697752,1.7809474977093,0.294253776889836,0.478573650313845,0.863860006087063
46.2,0.001494454409336,1.76404516552633,1.7812516137593,0.294299084155556,0.478513825755742,0.863920828721252
46.3,0.00149427766876633,1.76405980292181,1.78155448969728,0.29434420457265,0.478454256534688,0.863981406279038
46.4,0.0014941054724027,1.76407438230738,1.78185613308815,0.294389139294211,0.47839494101992,0.864041740236412
46.5,0.00149393776787083,1.76408890402606,1.78215655143546,0.29443388946387,0.47833587759453,0.864101832057557
46.6,0.00149377450343286,1.76410336841818,1.78245575218202,0.294478456215888,0.478277064655316,0.864161683194967
46.7,0.00149361562797865,1.76411777582142,1.7827537427105,0.294522840675253,0.478218500612639,0.864221295089558
46.8,0.00149346109101733,1.76413212657081,1.78305053034405,0.294567043957775,0.478160183890274,0.864280669170787
46.9,0.00149331084266856,1.76414642099878,1.78334612234692,0.294611067170179,0.478102112925283,0.864339806856765
47,0.00149316483365465,1.76416065943515,1.78364052592497,0.294654911410198,0.478044286167856,0.864398709554366
47.1,0.00149302301529202,1.76417484220721,1.78393374822637,0.294698577766663,0.477986702081192,0.864457378659344
47.2,0.00149288533948333,1.76418896963968,1.78422579634207,0.294742067319593,0.47792935914135,0.864515815556436
47.3,0.00149275175870954,1.76420304205481,1.78451667730645,0.294785381140286,0.477872255837118,0.864574021619475
47.4,0.00149262222602197,1.76421705977233,1.78480639809783,0.294828520291402,0.477815390669885,0.864631998211494
47.5,0.00149249669503476,1.76423102310951,1.78509496563906,0.294871485827057,0.477758762153506,0.864689746684832
47.6,0.00149237511991737,1.76424493238118,1.78538238679804,0.294914278792903,0.477702368814171,0.864747268381242
47.7,0.0014922574553868,1.76425878789977,1.78566866838829,0.294956900226214,0.477646209190282,0.864804564631989
47.8,0.0014921436567005,1.7642725899753,1.78595381716948,0.294999351155972,0.477590281832322,0.864861636757956
47.9,0.00149203367964918,1.76428633891543,1.78623783984796,0.295041632602946,0.477534585302735,0.864918486069744
48,0.00149192748054946,1.76430003502544,1.78652074307727,0.295083745579776,0.477479118175799,0.864975113867766
48.1,0.00149182501623709,1.76431367860833,1.78680253345867,0.295125691091054,0.477423879037509,0.86503152144236
48.2,0.00149172624405983,1.76432726996476,1.78708321754167,0.295167470133404,0.47736886648545,0.86508771007387
48.3,0.00149163112187078,1.76434080939313,1.7873628018245,0.295209083695557,0.477314079128688,0.86514368103275
48.4,0.00149153960802165,1.76435429718956,1.78764129275464,0.295250532758435,0.477259515587642,0.86519943557966
48.5,0.00149145166135615,1.76436773364795,1.7879186967293,0.295291818295224,0.477205174493976,0.86525497496556
48.6,0.0014913672412034,1.76438111905996,1.7881950200959,0.295332941271451,0.477151054490486,0.8653103004318
48.7,0.00149128630737167,1.76439445371507,1.78847026915259,0.295373902645057,0.477097154230977,0.865365413210212
48.8,0.00149120882014196,1.76440773790057,1.78874445014868,0.295414703366478,0.477043472380166,0.865420314523205
48.9,0.0014911347402618,1.7644209719016,1.78901756928513,0.295455344378708,0.476990007613556,0.865475005583851
49,0.00149106402893916,1.76443415600117,1.78928963271505,0.295495826617383,0.476936758617341,0.865529487595975
49.1,0.0014909966478363,1.76444729048015,1.78956064654409,0.295536151010842,0.476883724088291,0.865583761754242
49.2,0.00149093255906402,1.76446037561734,1.78983061683098,0.295576318480208,0.476830902733648,0.865637829244249
49.3,0.00149087172517562,1.76447341168945,1.7900995495879,0.295616329939449,0.476778293271018,0.865691691242598
49.4,0.00149081410916119,1.76448639897113,1.79036745078098,0.295656186295453,0.476725894428273,0.865745348916999
49.5,0.00149075967444194,1.76449933773499,1.79063432633072,0.295695888448095,0.476673704943445,0.865798803426338
49.6,0.00149070838486451,1.76451222825162,1.79090018211243,0.295735437290303,0.476621723564624,0.865852055920767
49.7,0.00149066020469563,1.76452507078961,1.79116502395664,0.295774833708128,0.476569949049858,0.865905107541786
49.8,0.00149061509861646,1.76453786561557,1.79142885764957,0.295814078580807,0.47651838016706,0.865957959422325
49.9,0.00149057303171731,1.76455061299414,1.79169168893351,0.29585317278083,0.476467015693901,0.866010612686819
50,0.00149053396949247,1.764563313188,1.79195352350724,0.295892117174005,0.476415854417721,0.866063068451293
50.1,0.00149049787783477,1.76457596645794,1.79221436702647,0.29593091261952,0.476364895135429,0.866115327823437
50.2,0.00149046472303068,1.76458857306278,1.7924742251042,0.295969559970005,0.476314136653414,0.866167391902686
50.3,0.0014904344717551,1.7646011332595,1.79273310331116,0.296008060071602,0.476263577787444,0.866219261780293
50.4,0.00149040709106638,1.76461364730318,1.79299100717621,0.296046413764018,0.476213217362583,0.86627093853941
50.5,0.00149038254840155,1.76462611544703,1.79324794218669,0.296084621880588,0.476163054213093,0.866322423255159
50.6,0.00149036081157126,1.76463853794242,1.79350391378885,0.296122685248339,0.476113087182347,0.866373716994706
50.7,0.00149034184875518,1.76465091503892,1.79375892738822,0.296160604688046,0.476063315122743,0.866424820817337
50.8,0.00149032562849726,1.76466324698425,1.79401298834999,0.296198381014292,0.476013736895608,0.866475735774528
50.9,0.00149031211970097,1.76467553402437,1.79426610199939,0.296236015035526,0.47596435137112,0.86652646291002
51,0.00149030129162493,1.76468777640344,1.79451827362203,0.296273507554122,0.47591515742822,0.866577003259886
51.1,0.00149029311387824,1.76469997436386,1.79476950846431,0.296310859366433,0.475866153954522,0.866627357852601
51.2,0.00149028755641615,1.76471212814631,1.79501981173378,0.296348071262853,0.475817339846235,0.866677527709117
51.3,0.00149028458953555,1.7647242379897,1.79526918859946,0.296385144027863,0.475768714008081,0.866727513842928
51.4,0.00149028418387083,1.76473630413126,1.79551764419224,0.296422078440097,0.475720275353206,0.866777317260133
51.5,0.00149028631038943,1.76474832680649,1.79576518360519,0.296458875272389,0.475672022803107,0.866826938959514
51.6,0.00149029094038787,1.76476030624924,1.79601181189395,0.296495535291831,0.475623955287545,0.866876379932591
51.7,0.00149029804548738,1.76477224269166,1.79625753407704,0.296532059259822,0.475576071744476,0.866925641163698
51.8,0.00149030759762995,1.76478413636427,1.79650235513622,0.296568447932123,0.47552837111996,0.866974723630039
51.9,0.00149031956907435,1.76479598749592,1.79674628001679,0.296604702058914,0.475480852368095,0.867023628301758
52,0.00149033393239211,1.76480779631386,1.79698931362799,0.296640822384836,0.475433514450932,0.867072356142001
52.1,0.00149035066046352,1.76481956304373,1.79723146084325,0.296676809649047,0.475386356338405,0.867120908106979
52.2,0.001490369726474,1.76483128790955,1.79747272650059,0.296712664585274,0.475339377008257,0.867169285146029
52.3,0.00149039110391008,1.76484297113379,1.79771311540287,0.29674838792186,0.475292575445959,0.867217488201677
52.4,0.00149041476655582,1.76485461293731,1.79795263231817,0.296783980381812,0.475245950644646,0.867265518209699
52.5,0.00149044068848895,1.76486621353946,1.79819128198006,0.296819442682857,0.47519950160504,0.867313376099181
52.6,0.00149046884407742,1.76487777315801,1.79842906908793,0.296854775537478,0.475153227335376,0.867361062792576
52.7,0.0014904992079757,1.76488929200924,1.79866599830731,0.296889979652974,0.475107126851342,0.867408579205768
52.8,0.00149053175512115,1.76490077030787,1.79890207427015,0.296925055731501,0.475061199175995,0.867455926248127
52.9,0.00149056646073082,1.76491220826715,1.79913730157513,0.296960004470117,0.475015443339703,0.867503104822565
53,0.00149060330029763,1.76492360609884,1.79937168478795,0.296994826560832,0.474969858380073,0.867550115825599
53.1,0.00149064224958724,1.76493496401322,1.79960522844167,0.297029522690654,0.474924443341882,0.867596960147402
53.2,0.00149068328463466,1.76494628221909,1.79983793703693,0.29706409354163,0.474879197277013,0.86764363867186
53.3,0.00149072638174087,1.76495756092384,1.80006981504229,0.297098539790892,0.474834119244388,0.867690152276631
53.4,0.00149077151746952,1.76496880033338,1.80030086689451,0.297132862110707,0.474789208309905,0.867736501833194
53.5,0.00149081866864394,1.76498000065222,1.8005310969988,0.297167061168509,0.474744463546366,0.867782688206908
53.6,0.00149086781234377,1.76499116208345,1.80076050972914,0.297201137626954,0.474699884033426,0.867828712257062
53.7,0.00149091892590184,1.76500228482877,1.80098910942852,0.297235092143957,0.474655468857514,0.867874574836932
53.8,0.00149097198690122,1.76501336908846,1.80121690040926,0.297268925372734,0.474611217111787,0.867920276793829
53.9,0.00149102697317204,1.76502441506146,1.80144388695323,0.297302637961846,0.474567127896057,0.867965818969154
54,0.0014910838627886,1.76503542294533,1.80167007331215,0.297336230555238,0.474523200316732,0.868011202198448
54.1,0.00149114263406633,1.76504639293627,1.80189546370785,0.297369703792283,0.474479433486763,0.868056427311445
54.2,0.00149120326555888,1.76505732522914,1.8021200623325,0.297403058307819,0.474435826525573,0.868101495132119
54.3,0.00149126573605532,1.76506822001749,1.80234387334893,0.297436294732192,0.474392378559002,0.868146406478734
54.4,0.00149133002457718,1.76507907749353,1.80256690089084,0.297469413691296,0.474349088719261,0.868191162163899
54.5,0.00149139611037575,1.76508989784815,1.80278914906306,0.297502415806607,0.474305956144851,0.868235762994609
54.6,0.0014914639729293,1.76510068127098,1.80301062194183,0.29753530169523,0.474262979980525,0.868280209772299
54.7,0.00149153359194027,1.76511142795034,1.80323132357501,0.29756807196993,0.474220159377225,0.868324503292888
54.8,0.00149160494733265,1.76512213807327,1.80345125798234,0.297600727239175,0.474177493492023,0.868368644346829
54.9,0.0014916780192494,1.76513281182557,1.8036704291557,0.29763326810717,0.474134981488071,0.868412633719153
55,0.00149175278804959,1.76514344939177,1.80388884105934,0.297665695173897,0.474092622534543,0.868456472189518
55.1,0.00149182923430615,1.76515405095514,1.8041064976301,0.297698009035152,0.474050415806584,0.868500160532255
55.2,0.00149190733880301,1.76516461669775,1.80432340277768,0.297730210282578,0.474008360485252,0.868543699516413
55.3,0.00149198708253276,1.76517514680044,1.80453956038484,0.297762299503704,0.47396645575747,0.868587089905798
55.4,0.0014920684466942,1.76518564144282,1.80475497430767,0.297794277281981,0.473924700815969,0.868630332459028
55.5,0.00149215141268969,1.76519610080331,1.80496964837579,0.297826144196818,0.47388309485924,0.868673427929569
55.6,0.00149223596212296,1.76520652505914,1.80518358639256,0.29785790082361,0.473841637091481,0.868716377065784
55.7,0.00149232207679663,1.76521691438636,1.80539679213536,0.297889547733782,0.473800326722546,0.868759180610968
55.8,0.00149240973870977,1.76522726895984,1.80560926935575,0.297921085494818,0.473759162967895,0.868801839303401
55.9,0.00149249893005581,1.76523758895328,1.80582102177974,0.297952514670298,0.473718145048548,0.868844353876384
56,0.00149258963321994,1.76524787453925,1.80603205310798,0.297983835819927,0.473677272191027,0.868886725058281
56.1,0.00149268183077711,1.76525812588916,1.80624236701599,0.29801504949957,0.473636543627318,0.868928953572562
56.2,0.00149277550548974,1.76526834317328,1.80645196715434,0.29804615626129,0.473595958594814,0.868971040137843
56.3,0.00149287064030538,1.76527852656078,1.80666085714891,0.298077156653374,0.473555516336276,0.86901298546793
56.4,0.00149296721835476,1.7652886762197,1.80686904060107,0.298108051220364,0.473515216099777,0.869054790271852
56.5,0.00149306522294941,1.76529879231696,1.80707652108787,0.298138840503097,0.473475057138662,0.869096455253908
56.6,0.0014931646375797,1.76530887501841,1.80728330216229,0.29816952503873,0.473435038711503,0.869137981113703
56.7,0.00149326544591273,1.76531892448879,1.80748938735341,0.298200105360773,0.47339516008204,0.869179368546185
56.8,0.00149336763179025,1.76532894089176,1.80769478016662,0.298230581999118,0.473355420519158,0.869220618241689
56.9,0.00149347117922661,1.76533892438994,1.8078994840838,0.298260955480074,0.47331581929682,0.869261730885973
57,0.00149357607240679,1.76534887514485,1.80810350256355,0.298291226326396,0.473276355694044,0.86930270716025
57.1,0.00149368229568436,1.76535879331698,1.80830683904137,0.298321395057308,0.473237028994838,0.869343547741237
57.2,0.00149378983357954,1.76536867906577,1.80850949692984,0.298351462188544,0.473197838488174,0.86938425330118
57.3,0.0014938986707774,1.76537853254961,1.80871147961881,0.298381428232368,0.473158783467936,0.8694248245079
57.4,0.00149400879212568,1.76538835392589,1.80891279047562,0.29841129369761,0.473119863232878,0.869465262024825
57.5,0.00149412018263322,1.76539814335096,1.80911343284526,0.298441059089689,0.473081077086588,0.869505566511026
57.6,0.00149423282746787,1.76540790098016,1.80931341005056,0.298470724910644,0.473042424337441,0.869545738621254
57.7,0.00149434671195471,1.76541762696783,1.80951272539236,0.298500291659163,0.473003904298558,0.869585779005973
57.8,0.0014944618215744,1.76542732146732,1.80971138214972,0.298529759830611,0.472965516287768,0.869625688311399
57.9,0.00149457814196108,1.76543698463098,1.80990938358009,0.298559129917055,0.472927259627569,0.869665467179532
58,0.00149469565890095,1.76544661661021,1.81010673291947,0.298588402407295,0.47288913364508,0.86970511624819
58.1,0.0014948143583303,1.76545621755539,1.81030343338259,0.298617577786888,0.472851137672012,0.869744636151043
58.2,0.00149493422633382,1.76546578761598,1.81049948816312,0.298646656538175,0.472813271044625,0.869784027517648
58.3,0.00149505524914305,1.76547532694047,1.8106949004338,0.298675639140311,0.472775533103684,0.869823290973482
58.4,0.00149517741313444,1.7654848356764,1.8108896733466,0.298704526069288,0.472737923194427,0.869862427139971
58.5,0.00149530070482797,1.76549431397037,1.81108381003297,0.29873331779796,0.472700440666531,0.869901436634532
58.6,0.00149542511088543,1.76550376196803,1.81127731360391,0.298762014796074,0.472663084874061,0.869940320070593
58.7,0.00149555061810862,1.76551317981414,1.8114701871502,0.29879061753029,0.472625855175447,0.869979078057636
58.8,0.00149567721343804,1.76552256765251,1.81166243374252,0.298819126464211,0.472588750933439,0.870017711201225
58.9,0.00149580488395116,1.76553192562606,1.81185405643166,0.2988475420584,0.472551771515073,0.87005622010303
59,0.00149593361686091,1.76554125387679,1.81204505824865,0.298875864770418,0.472514916291634,0.870094605360871
59.1,0.00149606339951406,1.76555055254581,1.81223544220492,0.298904095054835,0.472478184638625,0.87013286756874
59.2,0.00149619421938988,1.76555982177334,1.81242521129246,0.298932233363262,0.472441575935726,0.870171007316835
59.3,0.00149632606409854,1.76556906169872,1.81261436848399,0.298960280144374,0.47240508956676,0.870209025191588
59.4,0.00149645892137956,1.76557827246041,1.81280291673311,0.298988235843932,0.472368724919662,0.870246921775698
59.5,0.00149659277910051,1.76558745419599,1.81299085897444,0.299016100904808,0.472332481386443,0.870284697648157
59.6,0.00149672762525546,1.7655966070422,1.81317819812378,0.299043875767008,0.472296358363152,0.87032235338428
59.7,0.00149686344796364,1.76560573113492,1.81336493707828,0.299071560867697,0.472260355249852,0.870359889555741
59.8,0.00149700023546792,1.76561482660915,1.81355107871654,0.299099156641215,0.472224471450573,0.87039730673059
59.9,0.00149713797613356,1.7656238935991,1.81373662589881,0.299126663519111,0.472188706373297,0.87043460547329
60,0.00149727665844677,1.7656329322381,1.81392158146711,0.299154081930155,0.472153059429908,0.870471786344744
60.1,0.00149741627101331,1.76564194265867,1.81410594824538,0.299181412300367,0.472117530036168,0.870508849902319
60.2,0.00149755680255728,1.7656509249925,1.81428972903962,0.299208655053033,0.472082117611689,0.87054579669988
60.3,0.00149769824191971,1.76565987937048,1.81447292663803,0.299235810608735,0.472046821579895,0.870582627287813
60.4,0.00149784057805724,1.76566880592267,1.81465554381118,0.299262879385366,0.472011641367988,0.870619342213053
60.5,0.00149798380004093,1.76567770477833,1.8148375833121,0.299289861798152,0.471976576406929,0.870655942019111
60.6,0.00149812789705494,1.76568657606593,1.81501904787646,0.299316758259676,0.471941626131395,0.870692427246102
60.7,0.0014982728583952,1.76569541991314,1.81519994022267,0.299343569179898,0.471906789979755,0.870728798430771
60.8,0.00149841867346835,1.76570423644685,1.81538026305205,0.299370294966175,0.47187206739404,0.870765056106517
60.9,0.00149856533179026,1.76571302579317,1.81556001904896,0.299396936023282,0.471837457819912,0.870801200803423
61,0.00149871282298513,1.76572178807743,1.81573921088091,0.299423492753433,0.471802960706627,0.870837233048276
61.1,0.00149886113678405,1.7657305234242,1.8159178411987,0.299449965556301,0.471768575507026,0.870873153364602
61.2,0.00149901026302384,1.76573923195729,1.81609591263656,0.299476354829036,0.471734301677484,0.870908962272679
61.3,0.00149916019164614,1.76574791379974,1.81627342781229,0.299502660966289,0.47170013867789,0.870944660289571
61.4,0.00149931091269586,1.76575656907386,1.81645038932735,0.299528884360227,0.471666085971626,0.870980247929152
61.5,0.00149946241632041,1.7657651979012,1.81662679976702,0.299555025400557,0.471632143025527,0.871015725702125
61.6,0.00149961469276835,1.76577380040257,1.81680266170052,0.299581084474541,0.471598309309859,0.871051094116052
61.7,0.00149976773238834,1.76578237669806,1.81697797768112,0.299607061967018,0.471564584298293,0.871086353675376
61.8,0.00149992152562809,1.76579092690702,1.81715275024628,0.299632958260424,0.471530967467874,0.871121504881446
61.9,0.00150007606303322,1.76579945114809,1.81732698191777,0.299658773734804,0.471497458298995,0.871156548232538
62,0.00150023133524624,1.76580794953917,1.81750067520177,0.299684508767841,0.471464056275372,0.87119148422388
62.1,0.00150038733300545,1.76581642219747,1.81767383258903,0.299710163734865,0.471430760884016,0.871226313347678
62.2,0.0015005440471439,1.7658248692395,1.81784645655494,0.299735739008876,0.471397571615203,0.871261036093132
62.3,0.00150070146858837,1.76583329078104,1.81801854955969,0.299761234960563,0.471364487962462,0.871295652946469
62.4,0.00150085958835841,1.7658416869372,1.81819011404837,0.299786651958316,0.47133150942253,0.871330164390954
62.5,0.00150101839756523,1.76585005782238,1.81836115245108,0.299811990368251,0.471298635495338,0.871364570906923
62.6,0.00150117788741071,1.76585840355032,1.81853166718305,0.299837250554224,0.471265865683986,0.871398872971799
62.7,0.00150133804918657,1.76586672423406,1.81870166064475,0.299862432877849,0.471233199494713,0.871433071060113
62.8,0.00150149887427315,1.76587501998597,1.81887113522203,0.299887537698512,0.471200636436876,0.871467165643533
62.9,0.00150166035413876,1.76588329091775,1.81904009328617,0.299912565373394,0.471168176022925,0.871501157190877
63,0.00150182248033841,1.76589153714044,1.81920853719405,0.299937516257485,0.471135817768375,0.871535046168139
63.1,0.00150198524451307,1.76589975876441,1.81937646928826,0.299962390703598,0.471103561191789,0.871568833038513
63.2,0.00150214863838876,1.76590795589938,1.81954389189712,0.299987189062391,0.471071405814745,0.871602518262405
63.3,0.00150231265377549,1.76591612865441,1.81971080733493,0.300011911682382,0.471039351161821,0.871636102297464
63.4,0.00150247728256649,1.76592427713795,1.81987721790194,0.30003655890996,0.471007396760564,0.871669585598596
63.5,0.00150264251673729,1.76593240145776,1.82004312588456,0.300061131089407,0.470975542141479,0.871702968617988
63.6,0.00150280834834474,1.765940501721,1.82020853355538,0.300085628562914,0.470943786837985,0.871736251805125
63.7,0.0015029747695263,1.76594857803418,1.82037344317335,0.300110051670594,0.470912130386419,0.871769435606813
63.8,0.00150314177249908,1.76595663050318,1.82053785698382,0.300134400750498,0.470880572325986,0.871802520467197
63.9,0.00150330934955892,1.76596465923329,1.82070177721868,0.300158676138633,0.470849112198759,0.871835506827784
64,0.00150347749307974,1.76597266432914,1.82086520609645,0.300182878168975,0.470817749549645,0.871868395127457
64.1,0.00150364619551253,1.76598064589477,1.82102814582237,0.300207007173486,0.470786483926365,0.871901185802501
64.2,0.00150381544938466,1.76598860403362,1.82119059858851,0.300231063482127,0.470755314879437,0.871933879286615
64.3,0.00150398524729894,1.76599653884849,1.82135256657388,0.300255047422877,0.470724241962146,0.871966476010939
64.4,0.00150415558193291,1.76600445044162,1.8215140519445,0.300278959321743,0.470693264730529,0.871998976404065
64.5,0.00150432644603806,1.76601233891464,1.82167505685351,0.300302799502778,0.470662382743352,0.872031380892063
64.6,0.00150449783243896,1.76602020436857,1.82183558344126,0.300326568288094,0.470631595562092,0.872063689898492
64.7,0.00150466973403255,1.76602804690388,1.82199563383543,0.30035026599788,0.470600902750913,0.872095903844428
64.8,0.00150484214378735,1.76603586662043,1.82215521015109,0.300373892950409,0.47057030387664,0.872128023148471
64.9,0.00150501505474274,1.7660436636175,1.82231431449081,0.300397449462061,0.47053979850875,0.872160048226772
65,0.00150518846000812,1.76605143799381,1.82247294894474,0.30042093584733,0.470509386219349,0.872191979493047
65.1,0.00150536235276235,1.76605918984751,1.82263111559072,0.300444352418845,0.470479066583142,0.872223817358596
65.2,0.00150553672625276,1.76606691927618,1.82278881649436,0.300467699487374,0.470448839177427,0.872255562232319
65.3,0.00150571157379466,1.76607462637683,1.82294605370914,0.300490977361847,0.470418703582065,0.872287214520735
65.4,0.00150588688877055,1.76608231124592,1.82310282927647,0.300514186349367,0.470388659379469,0.872318774627999
65.5,0.00150606266462932,1.76608997397935,1.82325914522582,0.300537326755221,0.470358706154574,0.872350242955919
65.6,0.00150623889488574,1.76609761467248,1.82341500357476,0.300560398882896,0.47032884349483,0.872381619903972
65.7,0.00150641557311958,1.76610523342013,1.8235704063291,0.300583403034089,0.470299070990175,0.872412905869323
65.8,0.00150659269297503,1.76611283031655,1.82372535548293,0.300606339508726,0.470269388233019,0.87244410124684
65.9,0.00150677024816011,1.76612040545548,1.82387985301872,0.300629208604969,0.470239794818221,0.872475206429111
66,0.00150694823244572,1.76612795893011,1.82403390090744,0.300652010619232,0.470210290343081,0.87250622180646
66.1,0.00150712663966531,1.7661354908331,1.82418750110856,0.300674745846191,0.470180874407312,0.872537147766966
66.2,0.00150730546371407,1.76614300125659,1.82434065557024,0.300697414578806,0.470151546613022,0.872567984696474
66.3,0.00150748469854823,1.7661504902922,1.82449336622931,0.300720017108317,0.470122306564707,0.872598732978616
66.4,0.00150766433818461,1.76615795803102,1.82464563501142,0.300742553724272,0.470093153869218,0.872629392994822
66.5,0.00150784437669977,1.76616540456362,1.82479746383111,0.300765024714533,0.470064088135753,0.872659965124343
66.6,0.00150802480822953,1.76617282998008,1.82494885459185,0.300787430365284,0.470035108975841,0.872690449744257
66.7,0.00150820562696835,1.76618023436995,1.82509980918618,0.300809770961053,0.470006216003315,0.872720847229494
66.8,0.0015083868271687,1.76618761782228,1.82525032949574,0.300832046784715,0.469977408834305,0.872751157952843
66.9,0.0015085684031404,1.76619498042564,1.82540041739136,0.300854258117511,0.469948687087216,0.872781382284974
67,0.00150875034925012,1.76620232226806,1.82555007473317,0.300876405239052,0.469920050382714,0.872811520594449
67.1,0.00150893265992078,1.76620964343711,1.82569930337061,0.30089848842734,0.469891498343702,0.872841573247738
67.2,0.0015091153296309,1.76621694401987,1.82584810514258,0.30092050795877,0.469863030595315,0.872871540609234
67.3,0.00150929835291408,1.7662242241029,1.82599648187747,0.300942464108151,0.469834646764895,0.872901423041266
67.4,0.0015094817243584,1.76623148377231,1.82614443539324,0.300964357148709,0.469806346481975,0.872931220904119
67.5,0.00150966543860595,1.76623872311371,1.82629196749751,0.300986187352104,0.469778129378268,0.87296093455604
67.6,0.00150984949035215,1.76624594221225,1.82643907998761,0.301007954988438,0.469749995087646,0.87299056435326
67.7,0.00151003387434531,1.76625314115259,1.82658577465068,0.30102966032627,0.469721943246133,0.873020110650004
67.8,0.00151021858538599,1.76626032001891,1.82673205326374,0.301051303632621,0.469693973491868,0.873049573798505
67.9,0.00151040361832648,1.76626747889496,1.82687791759371,0.30107288517299,0.469666085465122,0.873078954149021
68,0.00151058896807039,1.76627461786398,1.82702336939756,0.301094405211364,0.46963827880825,0.873108252049846
68.1,0.00151077462957203,1.76628173700879,1.82716841042234,0.301115864010229,0.469610553165702,0.873137467847326
68.2,0.0015109605978358,1.76628883641172,1.82731304240522,0.301137261830575,0.469582908183984,0.873166601885867
68.3,0.00151114686791589,1.76629591615467,1.82745726707363,0.301158598931917,0.469555343511666,0.873195654507959
68.4,0.00151133343491558,1.76630297631907,1.82760108614526,0.301179875572294,0.469527858799352,0.873224626054178
68.5,0.00151152029398689,1.76631001698591,1.82774450132818,0.30120109200829,0.469500453699668,0.873253516863207
68.6,0.00151170744032996,1.76631703823573,1.82788751432087,0.301222248495038,0.469473127867252,0.873282327271844
68.7,0.00151189486919259,1.76632404014864,1.82803012681231,0.301243345286231,0.469445880958734,0.873311057615022
68.8,0.00151208257586988,1.7663310228043,1.82817234048205,0.301264382634132,0.469418712632727,0.873339708225815
68.9,0.00151227055570355,1.76633798628192,1.82831415700023,0.301285360789587,0.469391622549806,0.873368279435451
69,0.00151245880408159,1.76634493066031,1.82845557802772,0.301306280002031,0.469364610372501,0.87339677157333
69.1,0.00151264731643785,1.76635185601783,1.82859660521613,0.3013271405195,0.469337675765276,0.873425184967035
69.2,0.00151283608825136,1.76635876243241,1.82873724020788,0.301347942588642,0.469310818394526,0.87345351994234
69.3,0.0015130251150461,1.76636564998155,1.82887748463627,0.301368686454723,0.469284037928546,0.873481776823228
69.4,0.00151321439239043,1.76637251874236,1.82901734012558,0.301389372361641,0.469257334037536,0.8735099559319
69.5,0.00151340391589664,1.76637936879149,1.82915680829105,0.30141000055193,0.469230706393575,0.873538057588788
69.6,0.00151359368122056,1.7663862002052,1.82929589073903,0.301430571266779,0.469204154670612,0.873566082112567
69.7,0.00151378368406109,1.76639301305932,1.82943458906698,0.301451084746028,0.469177678544451,0.87359402982017
69.8,0.00151397392015973,1.7663998074293,1.82957290486357,0.301471541228189,0.469151277692739,0.873621901026793
69.9,0.00151416438530027,1.76640658339015,1.82971083970871,0.30149194095045,0.469124951794957,0.873649696045914
70,0.00151435507530819,1.76641334101649,1.82984839517363,0.301512284148685,0.4690987005324,0.873677415189302
70.1,0.00151454598605041,1.76642008038253,1.82998557282093,0.301532571057462,0.469072523588164,0.873705058767027
70.2,0.00151473711343478,1.76642680156209,1.83012237420464,0.301552801910055,0.46904642064714,0.873732627087472
70.3,0.00151492845340967,1.76643350462859,1.8302588008703,0.301572976938449,0.469020391395999,0.873760120457349
70.4,0.00151512000196361,1.76644018965505,1.83039485435498,0.301593096373351,0.468994435523175,0.873787539181704
70.5,0.00151531175512486,1.76644685671411,1.83053053618736,0.301613160444201,0.468968552718856,0.87381488356393
70.6,0.00151550370896096,1.766453505878,1.8306658478878,0.301633169379175,0.468942742674973,0.873842153905782
70.7,0.00151569585957852,1.7664601372186,1.83080079096835,0.301653123405201,0.468917005085184,0.873869350507383
70.8,0.0015158882031226,1.76646675080737,1.83093536693287,0.30167302274796,0.468891339644869,0.873896473667238
70.9,0.00151608073577642,1.76647334671541,1.83106957727704,0.301692867631898,0.468865746051105,0.873923523682245
71,0.00151627345376109,1.76647992501342,1.83120342348842,0.301712658280239,0.468840224002669,0.873950500847703
71.1,0.00151646635333505,1.76648648577176,1.83133690704653,0.301732394914985,0.468814773200017,0.873977405457326
71.2,0.00151665943079377,1.76649302906038,1.83147002942288,0.301752077756927,0.468789393345276,0.874004237803251
71.3,0.00151685268246949,1.76649955494889,1.83160279208102,0.301771707025659,0.468764084142227,0.874030998176052
71.4,0.00151704610473067,1.76650606350649,1.83173519647662,0.301791282939576,0.4687388452963,0.874057686864744
71.5,0.00151723969398174,1.76651255480206,1.83186724405752,0.301810805715895,0.468713676514565,0.874084304156804
71.6,0.00151743344666275,1.76651902890409,1.83199893626373,0.301830275570647,0.468688577505705,0.874110850338169
71.7,0.00151762735924898,1.76652548588072,1.83213027452758,0.301849692718702,0.468663547980024,0.874137325693254
71.8,0.00151782142825059,1.76653192579971,1.83226126027366,0.301869057373762,0.468638587649425,0.874163730504962
71.9,0.00151801565021228,1.76653834872849,1.83239189491897,0.301888369748379,0.468613696227401,0.87419006505469
72,0.001518210021713,1.76654475473411,1.8325221798729,0.301907630053958,0.468588873429025,0.874216329622342
72.1,0.00151840453936555,1.7665511438833,1.83265211653733,0.301926838500766,0.468564118970936,0.87424252448634
72.2,0.00151859919981621,1.76655751624242,1.83278170630663,0.30194599529794,0.468539432571336,0.874268649923629
72.3,0.00151879399974453,1.76656387187747,1.83291095056777,0.301965100653495,0.468514813949968,0.874294706209691
72.4,0.00151898893586297,1.76657021085414,1.83303985070033,0.301984154774326,0.468490262828115,0.874320693618554
72.5,0.00151918400491642,1.76657653323773,1.83316840807653,0.302003157866227,0.468465778928586,0.874346612422799
72.6,0.00151937920368212,1.76658283909325,1.83329662406135,0.302022110133886,0.468441361975704,0.874372462893576
72.7,0.00151957452896918,1.76658912848534,1.8334245000125,0.302041011780901,0.468417011695296,0.874398245300602
72.8,0.0015197699776183,1.76659540147831,1.83355203728052,0.302059863009782,0.468392727814689,0.874423959912184
72.9,0.00151996554650155,1.76660165813614,1.83367923720879,0.302078664021963,0.468368510062689,0.874449606995216
73,0.00152016123252188,1.76660789852247,1.83380610113362,0.302097415017803,0.468344358169579,0.874475186815198
73.1,0.00152035703261302,1.76661412270062,1.83393263038426,0.3021161161966,0.468320271867109,0.874500699636239
73.2,0.00152055294373903,1.76662033073357,1.83405882628296,0.302134767756592,0.468296250888477,0.874526145721067
73.3,0.00152074896289405,1.76662652268399,1.83418469014501,0.30215336989497,0.468272294968334,0.874551525331041
73.4,0.0015209450871021,1.76663269861422,1.83431022327882,0.302171922807878,0.468248403842761,0.874576838726157
73.5,0.00152114131341659,1.76663885858628,1.8344354269859,0.302190426690426,0.468224577249265,0.874602086165057
73.6,0.00152133763892021,1.76664500266186,1.83456030256096,0.302208881736694,0.46820081492677,0.87462726790504
73.7,0.00152153406072458,1.76665113090234,1.83468485129193,0.302227288139737,0.468177116615605,0.874652384202066
73.8,0.00152173057596997,1.76665724336879,1.83480907446001,0.302245646091598,0.468153482057498,0.874677435310773
73.9,0.00152192718182499,1.76666334012197,1.83493297333973,0.302263955783307,0.468129910995561,0.874702421484477
74,0.00152212387548638,1.76666942122231,1.83505654919895,0.302282217404892,0.468106403174287,0.874727342975185
74.1,0.00152232065417866,1.76667548672994,1.83517980329896,0.302300431145387,0.468082958339537,0.874752200033602
74.2,0.001522517515154,1.7666815367047,1.83530273689447,0.302318597192833,0.46805957623853,0.874776992909138
74.3,0.00152271445569173,1.7666875712061,1.8354253512337,0.302336715734289,0.468036256619839,0.874801721849923
74.4,0.00152291147309828,1.76669359029336,1.83554764755836,0.30235478695584,0.468012999233377,0.874826387102807
74.5,0.00152310856470681,1.76669959402539,1.83566962710378,0.302372811042595,0.467989803830388,0.87485098891337
74.6,0.00152330572787701,1.7667055824608,1.83579129109886,0.302390788178703,0.467966670163443,0.874875527525938
74.7,0.00152350295999475,1.76671155565793,1.83591264076618,0.302408718547354,0.467943597986426,0.874900003183577
74.8,0.00152370025847199,1.76671751367478,1.836033677322,0.302426602330787,0.467920587054527,0.874924416128112
74.9,0.00152389762074634,1.76672345656909,1.83615440197631,0.302444439710293,0.467897637124237,0.874948766600136
75,0.00152409504428094,1.7667293843983,1.8362748159329,0.302462230866228,0.467874747953332,0.874973054839008
75.1,0.00152429252656418,1.76673529721954,1.83639492038936,0.302479975978009,0.467851919300868,0.874997281082867
75.2,0.00152449006510945,1.76674119508968,1.83651471653712,0.302497675224132,0.467829150927178,0.875021445568644
75.3,0.0015246876574549,1.76674707806529,1.83663420556152,0.302515328782167,0.467806442593856,0.875045548532058
75.4,0.00152488530116316,1.76675294620266,1.83675338864184,0.302532936828771,0.467783794063751,0.875069590207636
75.5,0.00152508299382125,1.76675879955779,1.83687226695131,0.302550499539689,0.467761205100959,0.875093570828713
75.6,0.00152528073304019,1.7667646381864,1.83699084165719,0.302568017089766,0.467738675470814,0.875117490627441
75.7,0.00152547851645473,1.76677046214393,1.83710911392078,0.302585489652948,0.467716204939887,0.8751413498348
75.8,0.0015256763417234,1.76677627148556,1.83722708489746,0.302602917402287,0.467693793275964,0.875165148680599
75.9,0.00152587420652796,1.76678206626617,1.83734475573675,0.30262030050995,0.467671440248049,0.87518888739349
76,0.00152607210857335,1.76678784654038,1.83746212758232,0.302637639147224,0.467649145626355,0.875212566200971
76.1,0.00152627004558748,1.76679361236253,1.83757920157205,0.30265493348452,0.467626909182288,0.875236185329394
76.2,0.0015264680153209,1.76679936378669,1.83769597883802,0.30267218369138,0.467604730688454,0.875259745003973
76.3,0.00152666601554669,1.76680510086667,1.83781246050663,0.302689389936482,0.467582609918634,0.875283245448792
76.4,0.0015268640440602,1.766810823656,1.83792864769855,0.302706552387644,0.46756054664779,0.875306686886808
76.5,0.0015270620986788,1.76681653220795,1.83804454152881,0.302723671211834,0.467538540652049,0.875330069539866
76.6,0.00152726017724176,1.76682222657553,1.83816014310683,0.302740746575171,0.4675165917087,0.875353393628695
76.7,0.00152745827760998,1.76682790681149,1.83827545353641,0.302757778642931,0.467494699596187,0.875376659372926
76.8,0.0015276563976658,1.7668335729683,1.83839047391584,0.302774767579553,0.467472864094096,0.87539986699109
76.9,0.00152785453531274,1.76683922509819,1.83850520533786,0.302791713548647,0.467451084983153,0.875423016700632
77,0.00152805268847542,1.76684486325312,1.83861964888975,0.302808616712993,0.467429362045216,0.875446108717911
77.1,0.00152825085509924,1.7668504874848,1.83873380565334,0.302825477234554,0.467407695063261,0.875469143258212
77.2,0.00152844903315029,1.7668560978447,1.83884767670505,0.302842295274472,0.467386083821389,0.875492120535751
77.3,0.00152864722061501,1.766861694384,1.83896126311589,0.302859070993084,0.467364528104807,0.87551504076368
77.4,0.00152884541550016,1.76686727715367,1.83907456595158,0.302875804549915,0.467343027699818,0.875537904154097
77.5,0.00152904361583251,1.7668728462044,1.83918758627249,0.302892496103695,0.467321582393828,0.875560710918049
77.6,0.0015292418196587,1.76687840158665,1.83930032513371,0.302909145812355,0.467300191975326,0.875583461265538
77.7,0.00152944002504507,1.76688394335061,1.8394127835851,0.302925753833036,0.467278856233887,0.875606155405536
77.8,0.00152963823007738,1.76688947154626,1.8395249626713,0.302942320322094,0.467257574960154,0.875628793545977
77.9,0.00152983643286075,1.76689498622331,1.83963686343176,0.302958845435103,0.467236347945842,0.875651375893776
78,0.0015300346315194,1.76690048743123,1.8397484869008,0.302975329326862,0.467215174983725,0.875673902654828
78.1,0.0015302328241965,1.76690597521926,1.83985983410761,0.302991772151399,0.46719405586763,0.875696374034019
78.2,0.00153043100905396,1.76691144963639,1.8399709060763,0.303008174061973,0.467172990392433,0.875718790235229
78.3,0.00153062918427225,1.76691691073138,1.8400817038259,0.303024535211088,0.46715197835405,0.875741151461338
78.4,0.00153082734805033,1.76692235855274,1.84019222837046,0.303040855750482,0.467131019549428,0.875763457914233
78.5,0.00153102549860534,1.76692779314876,1.84030248071902,0.303057135831148,0.467110113776543,0.875785709794816
78.6,0.00153122363417244,1.7669332145675,1.84041246187563,0.303073375603328,0.467089260834397,0.875807907303006
78.7,0.00153142175300478,1.76693862285677,1.84052217283945,0.303089575216523,0.467068460522997,0.875830050637749
78.8,0.00153161985337319,1.76694401806416,1.84063161460472,0.303105734819495,0.467047712643366,0.875852139997022
78.9,0.001531817933566,1.76694940023703,1.8407407881608,0.303121854560271,0.467027016997525,0.875874175577838
79,0.00153201599188904,1.7669547694225,1.84084969449224,0.303137934586151,0.467006373388488,0.875896157576254
79.1,0.00153221402666527,1.76696012566749,1.84095833457874,0.303153975043707,0.466985781620264,0.875918086187374
79.2,0.00153241203623478,1.76696546901867,1.84106670939525,0.303169976078796,0.466965241497843,0.875939961605358
79.3,0.00153261001895459,1.76697079952249,1.84117481991194,0.303185937836553,0.466944752827187,0.875961784023424
79.4,0.00153280797319836,1.76697611722519,1.84128266709427,0.303201860461406,0.466924315415234,0.87598355363386
79.5,0.00153300589735647,1.76698142217277,1.84139025190301,0.303217744097074,0.466903929069886,0.87600527062802
79.6,0.00153320378983566,1.76698671441104,1.84149757529425,0.303233588886573,0.466883593600004,0.876026935196341
79.7,0.00153340164905899,1.76699199398555,1.84160463821945,0.303249394972221,0.466863308815396,0.876048547528336
79.8,0.00153359947346558,1.76699726094167,1.84171144162546,0.303265162495642,0.466843074526825,0.876070107812612
79.9,0.00153379726151066,1.76700251532453,1.84181798645453,0.303280891597768,0.466822890545988,0.876091616236865
80,0.00153399501166517,1.76700775717905,1.84192427364438,0.30329658241885,0.466802756685521,0.876113072987895
80.1,0.0015341927224158,1.76701298654996,1.84203030412819,0.30331223509845,0.466782672758987,0.8761344782516
80.2,0.00153439039226475,1.76701820348173,1.84213607883464,0.30332784977546,0.466762638580875,0.876155832212995
80.3,0.0015345880197296,1.76702340801867,1.84224159868794,0.303343426588093,0.466742653966589,0.876177135056203
80.4,0.00153478560334326,1.76702860020484,1.84234686460784,0.303358965673895,0.466722718732447,0.876198386964473
80.5,0.00153498314165363,1.76703378008411,1.8424518775097,0.303374467169747,0.46670283269567,0.876219588120177
80.6,0.00153518063322366,1.76703894770016,1.84255663830445,0.303389931211867,0.466682995674386,0.876240738704817
80.7,0.00153537807663109,1.76704410309642,1.84266114789868,0.303405357935818,0.466663207487612,0.876261838899033
80.8,0.00153557547046833,1.76704924631616,1.84276540719463,0.303420747476507,0.466643467955259,0.876282888882606
80.9,0.00153577281334241,1.76705437740242,1.84286941709023,0.303436099968194,0.46662377689812,0.876303888834462
81,0.00153597010387474,1.76705949639804,1.84297317847912,0.303451415544492,0.466604134137867,0.876324838932679
81.1,0.00153616734070095,1.76706460334566,1.84307669225067,0.303466694338373,0.466584539497049,0.87634573935449
81.2,0.00153636452247096,1.76706969828773,1.84317995929001,0.303481936482172,0.466564992799078,0.876366590276293
81.3,0.00153656164784861,1.7670747812665,1.84328298047807,0.303497142107588,0.466545493868232,0.876387391873648
81.4,0.00153675871551162,1.767079852324,1.84338575669159,0.30351231134569,0.466526042529645,0.876408144321287
81.5,0.00153695572415153,1.76708491150209,1.84348828880313,0.303527444326923,0.466506638609307,0.876428847793121
81.6,0.00153715267247347,1.76708995884242,1.84359057768114,0.303542541181107,0.46648728193405,0.876449502462238
81.7,0.0015373495591961,1.76709499438645,1.84369262418993,0.303557602037444,0.466467972331553,0.876470108500915
81.8,0.00153754638305144,1.76710001817546,1.84379442918973,0.303572627024519,0.466448709630327,0.876490666080617
81.9,0.00153774314278482,1.7671050302505,1.84389599353671,0.30358761627031,0.466429493659719,0.876511175372004
82,0.00153793983715465,1.76711003065247,1.843997318083,0.303602569902181,0.466410324249902,0.876531636544941
82.1,0.00153813646493236,1.76711501942205,1.8440984036767,0.303617488046896,0.466391201231868,0.87655204976849
82.2,0.00153833302490229,1.76711999659977,1.84419925116193,0.303632370830616,0.46637212443743,0.876572415210928
82.3,0.00153852951586161,1.76712496222592,1.84429986137882,0.303647218378906,0.466353093699212,0.876592733039745
82.4,0.00153872593662,1.76712991634065,1.84440023516358,0.303662030816735,0.466334108850641,0.876613003421646
82.5,0.00153892228599984,1.76713485898389,1.84450037334848,0.303676808268486,0.46631516972595,0.876633226522562
82.6,0.00153911856283584,1.76713979019542,1.84460027676189,0.30369155085795,0.46629627616017,0.876653402507653
82.7,0.00153931476597505,1.76714471001479,1.8446999462283,0.303706258708341,0.466277427989123,0.876673531541306
82.8,0.00153951089427671,1.76714961848143,1.84479938256835,0.303720931942285,0.466258625049417,0.876693613787151
82.9,0.00153970694661218,1.76715451563452,1.84489858659885,0.303735570681839,0.466239867178448,0.876713649408053
83,0.00153990292186471,1.76715940151311,1.84499755913278,0.303750175048485,0.466221154214386,0.876733638566126
83.1,0.00154009881892956,1.76716427615606,1.84509630097936,0.30376474516313,0.466202485996176,0.876753581422732
83.2,0.00154029463671354,1.76716913960204,1.84519481294403,0.303779281146124,0.466183862363534,0.876773478138488
83.3,0.0015404903741353,1.76717399188954,1.84529309582848,0.303793783117245,0.466165283156937,0.876793328873268
83.4,0.00154068603012492,1.7671788330569,1.84539115043068,0.303808251195717,0.466146748217626,0.87681313378621
83.5,0.00154088160362391,1.76718366314226,1.84548897754491,0.303822685500205,0.466128257387594,0.876832893035717
83.6,0.00154107709358522,1.76718848218359,1.84558657796175,0.303837086148823,0.466109810509589,0.876852606779467
83.7,0.00154127249897288,1.76719329021869,1.84568395246815,0.30385145325913,0.466091407427099,0.876872275174408
83.8,0.00154146781876211,1.7671980872852,1.84578110184739,0.303865786948145,0.466073047984362,0.876891898376771
83.9,0.0015416630519392,1.76720287342057,1.84587802687915,0.303880087332336,0.466054732026348,0.876911476542069
84,0.00154185819750127,1.76720764866208,1.84597472833953,0.303894354527638,0.466036459398763,0.876931009825102
84.1,0.00154205325445629,1.76721241304686,1.84607120700102,0.303908588649443,0.466018229948043,0.876950498379966
84.2,0.00154224822182298,1.76721716661186,1.84616746363259,0.30392278981261,0.466000043521344,0.876969942360046
84.3,0.00154244309863062,1.76722190939385,1.84626349899966,0.303936958131469,0.465981899966547,0.876989341918031
84.4,0.00154263788391908,1.76722664142946,1.84635931386412,0.30395109371982,0.465963799132248,0.877008697205914
84.5,0.00154283257673863,1.76723136275514,1.84645490898441,0.303965196690937,0.465945740867756,0.877028008374995
84.6,0.00154302717614986,1.76723607340716,1.84655028511545,0.303979267157573,0.465927725023085,0.877047275575883
84.7,0.00154322168122362,1.76724077342165,1.84664544300874,0.303993305231965,0.465909751448954,0.877066498958508
84.8,0.0015434160910409,1.76724546283458,1.84674038341234,0.304007311025827,0.465891819996783,0.877085678672114
84.9,0.00154361040469274,1.76725014168174,1.84683510707087,0.304021284650368,0.465873930518686,0.87710481486527
85,0.00154380462128013,1.76725480999876,1.84692961472558,0.30403522621628,0.46585608286747,0.877123907685875
85.1,0.00154399873991394,1.76725946782113,1.84702390711435,0.304049135833751,0.465838276896627,0.877142957281156
85.2,0.00154419275971483,1.76726411518417,1.84711798497169,0.304063013612465,0.465820512460333,0.877161963797673
85.3,0.00154438667981311,1.76726875212302,1.84721184902877,0.304076859661604,0.465802789413445,0.87718092738133
85.4,0.00154458049934878,1.76727337867271,1.84730550001344,0.30409067408985,0.465785107611495,0.877199848177368
85.5,0.00154477421747125,1.76727799486806,1.84739893865028,0.304104457005391,0.465767466910683,0.877218726330377
85.6,0.00154496783333941,1.76728260074378,1.84749216566054,0.304118208515922,0.465749867167883,0.877237561984294
85.7,0.00154516134612149,1.7672871963344,1.84758518176226,0.304131928728647,0.465732308240628,0.877256355282412
85.8,0.00154535475499502,1.7672917816743,1.84767798767019,0.304145617750282,0.465714789987111,0.877275106367377
85.9,0.00154554805914658,1.76729635679772,1.8477705840959,0.304159275687061,0.465697312266184,0.877293815381201
86,0.00154574125777196,1.76730092173872,1.8478629717477,0.304172902644734,0.465679874937348,0.877312482465255
86.1,0.00154593435007588,1.76730547653124,1.84795515133076,0.304186498728573,0.465662477860755,0.87733110776028
86.2,0.00154612733527208,1.76731002120905,1.84804712354704,0.304200064043373,0.465645120897202,0.877349691406387
86.3,0.00154632021258304,1.76731455580577,1.84813888909538,0.304213598693454,0.465627803908122,0.877368233543062
86.4,0.00154651298124003,1.76731908035489,1.84823044867146,0.304227102782669,0.465610526755593,0.877386734309171
86.5,0.00154670564048305,1.76732359488974,1.84832180296784,0.304240576414399,0.465593289302323,0.877405193842957
86.6,0.00154689818956068,1.76732809944349,1.84841295267401,0.304254019691559,0.465576091411649,0.877423612282054
86.7,0.00154709062772998,1.76733259404919,1.84850389847633,0.304267432716604,0.465558932947534,0.877441989763478
86.8,0.00154728295425652,1.76733707873971,1.84859464105814,0.304280815591526,0.465541813774569,0.877460326423642
86.9,0.00154747516841425,1.76734155354782,1.8486851810997,0.304294168417861,0.46552473375796,0.877478622398351
87,0.00154766726948534,1.76734601850611,1.84877551927824,0.304307491296686,0.465507692763528,0.87749687782281
87.1,0.00154785925676026,1.76735047364704,1.848865656268,0.304320784328631,0.46549069065771,0.877515092831626
87.2,0.00154805112953762,1.76735491900292,1.84895559274018,0.30433404761387,0.465473727307548,0.877533267558811
87.3,0.00154824288712404,1.76735935460594,1.84904532936304,0.304347281252131,0.465456802580693,0.877551402137784
87.4,0.00154843452883419,1.76736378048812,1.84913486680184,0.304360485342699,0.465439916345396,0.877569496701377
87.5,0.00154862605399068,1.76736819668136,1.84922420571892,0.304373659984414,0.465423068470505,0.877587551381837
87.6,0.00154881746192393,1.76737260321741,1.84931334677366,0.304386805275678,0.465406258825465,0.877605566310828
87.7,0.00154900875197218,1.7673770001279,1.84940229062255,0.30439992131445,0.465389487280315,0.877623541619437
87.8,0.0015491999234814,1.76738138744429,1.84949103791916,0.304413008198259,0.465372753705676,0.877641477438174
87.9,0.00154939097580511,1.76738576519794,1.84957958931419,0.304426066024199,0.46535605797276,0.877659373896978
88,0.00154958190830453,1.76739013342004,1.84966794545545,0.304439094888933,0.465339399953359,0.877677231125218
88.1,0.00154977272034834,1.76739449214167,1.84975610698792,0.304452094888696,0.465322779519841,0.877695049251696
88.2,0.00154996341131258,1.76739884139376,1.84984407455374,0.304465066119298,0.465306196545152,0.877712828404653
88.3,0.00155015398058079,1.76740318120712,1.84993184879221,0.304478008676123,0.46528965090281,0.877730568711767
88.4,0.00155034442754374,1.7674075116124,1.85001943033984,0.304490922654138,0.465273142466901,0.877748270300165
88.5,0.00155053475159945,1.76741183264015,1.85010681983035,0.304503808147887,0.465256671112075,0.877765933296413
88.6,0.00155072495215308,1.76741614432077,1.85019401789469,0.304516665251499,0.465240236713547,0.877783557826531
88.7,0.001550915028617,1.76742044668453,1.85028102516101,0.30452949405869,0.465223839147089,0.877801144015989
88.8,0.00155110498041052,1.76742473976157,1.85036784225478,0.304542294662763,0.465207478289033,0.877818691989713
88.9,0.00155129480695996,1.76742902358191,1.85045446979869,0.30455506715661,0.465191154016258,0.877836201872086
89,0.00155148450769862,1.76743329817543,1.85054090841273,0.304567811632717,0.465174866206198,0.877853673786954
89.1,0.00155167408206654,1.76743756357187,1.85062715871419,0.304580528183166,0.46515861473683,0.877871107857626
89.2,0.00155186352951065,1.76744181980088,1.85071322131768,0.304593216899633,0.465142399486681,0.877888504206876
89.3,0.00155205284948457,1.76744606689194,1.85079909683512,0.304605877873396,0.465126220334811,0.87790586295695
89.4,0.00155224204144862,1.76745030487444,1.8508847858758,0.304618511195331,0.465110077160821,0.877923184229567
89.5,0.00155243110486965,1.76745453377761,1.85097028904635,0.304631116955921,0.465093969844849,0.877940468145919
89.6,0.00155262003922118,1.76745875363059,1.85105560695077,0.304643695245255,0.465077898267561,0.877957714826678
89.7,0.00155280884398318,1.76746296446236,1.85114074019045,0.304656246153024,0.465061862310157,0.877974924391996
89.8,0.00155299751864197,1.76746716630181,1.8512256893642,0.304668769768536,0.465045861854356,0.877992096961509
89.9,0.00155318606269034,1.76747135917769,1.85131045506821,0.304681266180708,0.465029896782407,0.878009232654342
90,0.00155337447562741,1.76747554311863,1.85139503789612,0.304693735478071,0.465013966977074,0.878026331589104
90.1,0.00155356275695848,1.76747971815313,1.85147943843901,0.304706177748773,0.464998072321639,0.878043393883901
90.2,0.00155375090619509,1.76748388430958,1.85156365728541,0.30471859308058,0.464982212699903,0.878060419656333
90.3,0.00155393892285495,1.76748804161625,1.85164769502132,0.304730981560878,0.464966387996173,0.878077409023495
90.4,0.00155412680646189,1.76749219010128,1.85173155223024,0.304743343276677,0.464950598095269,0.878094362101985
90.5,0.00155431455654568,1.7674963297927,1.85181522949313,0.30475567831461,0.464934842882512,0.878111279007901
90.6,0.00155450217264217,1.76750046071843,1.85189872738851,0.304767986760936,0.464919122243731,0.878128159856848
90.7,0.00155468965429309,1.76750458290624,1.85198204649238,0.304780268701545,0.464903436065255,0.878145004763942
90.8,0.00155487700104604,1.76750869638382,1.85206518737829,0.304792524221955,0.464887784233907,0.878161813843803
90.9,0.0015550642124545,1.76751280117872,1.85214815061735,0.304804753407319,0.464872166637008,0.87817858721057
91,0.0015552512880777,1.76751689731838,1.85223093677822,0.304816956342423,0.464856583162372,0.878195324977895
91.1,0.00155543822748049,1.76752098483014,1.85231354642715,0.304829133111688,0.464841033698301,0.878212027258951
91.2,0.00155562503023355,1.76752506374119,1.85239598012797,0.304841283799177,0.464825518133584,0.87822869416643
91.3,0.00155581169591308,1.76752913407864,1.85247823844209,0.304853408488591,0.464810036357493,0.878245325812546
91.4,0.00155599822410083,1.76753319586947,1.85256032192859,0.304865507263272,0.464794588259786,0.878261922309042
91.5,0.00155618461438416,1.76753724914054,1.85264223114412,0.304877580206209,0.464779173730697,0.87827848376719
91.6,0.00155637086635582,1.76754129391863,1.85272396664299,0.304889627400037,0.464763792660934,0.87829501029779
91.7,0.00155655697961395,1.76754533023036,1.85280552897718,0.304901648927036,0.464748444941685,0.878311502011177
91.8,0.0015567429537622,1.76754935810229,1.85288691869632,0.304913644869138,0.464733130464603,0.878327959017222
91.9,0.00155692878840935,1.76755337756082,1.8529681363477,0.304925615307927,0.464717849121816,0.878344381425335
92,0.00155711448316958,1.76755738863228,1.85304918247633,0.30493756032464,0.464702600805913,0.878360769344466
92.1,0.00155730003766225,1.76756139134287,1.85313005762489,0.30494948000017,0.464687385409947,0.878377122883108
92.2,0.00155748545151196,1.76756538571868,1.85321076233381,0.304961374415063,0.464672202827437,0.878393442149299
92.3,0.00155767072434832,1.7675693717857,1.8532912971412,0.304973243649531,0.464657052952354,0.878409727250628
92.4,0.00155785585580613,1.76757334956981,1.85337166258296,0.304985087783442,0.464641935679133,0.87842597829423
92.5,0.00155804084552522,1.76757731909678,1.85345185919269,0.304996906896328,0.464626850902654,0.878442195386796
92.6,0.00155822569315032,1.76758128039228,1.85353188750178,0.305008701067384,0.464611798518257,0.87845837863457
92.7,0.00155841039833125,1.76758523348186,1.85361174803938,0.305020470375475,0.464596778421725,0.878474528143356
92.8,0.00155859496072261,1.76758917839099,1.85369144133244,0.305032214899129,0.46458179050929,0.878490644018515
92.9,0.00155877937998396,1.76759311514499,1.85377096790569,0.305043934716546,0.464566834677626,0.878506726364969
93,0.00155896365577957,1.76759704376913,1.85385032828167,0.3050556299056,0.464551910823853,0.878522775287208
93.1,0.00155914778777859,1.76760096428854,1.85392952298075,0.305067300543831,0.464537018845526,0.878538790889285
93.2,0.00155933177565483,1.76760487672825,1.85400855252111,0.305078946708463,0.464522158640639,0.878554773274824
93.3,0.0015595156190868,1.7676087811132,1.8540874174188,0.30509056847639,0.464507330107621,0.878570722547019
93.4,0.00155969931775768,1.76761267746822,1.85416611818769,0.305102165924184,0.464492533145334,0.878586638808637
93.5,0.00155988287135524,1.76761656581804,1.85424465533954,0.305113739128102,0.464477767653066,0.87860252216202
93.6,0.00156006627957181,1.76762044618728,1.85432302938397,0.305125288164078,0.46446303353054,0.878618372709088
93.7,0.0015602495421042,1.76762431860047,1.85440124082849,0.305136813107731,0.4644483306779,0.87863419055134
93.8,0.00156043265865378,1.76762818308205,1.85447929017852,0.305148314034365,0.464433658995711,0.87864997578986
93.9,0.00156061562892636,1.76763203965633,1.85455717793737,0.305159791018969,0.464419018384965,0.878665728525312
94,0.001560798452632,1.76763588834754,1.85463490460627,0.305171244136223,0.464404408747067,0.878681448857948
94.1,0.00156098112948532,1.76763972917981,1.8547124706844,0.305182673460495,0.464389829983845,0.878697136887607
94.2,0.00156116365920515,1.76764356217718,1.85478987666884,0.305194079065842,0.464375281997537,0.87871279271372
94.3,0.0015613460415146,1.76764738736356,1.85486712305467,0.305205461026019,0.464360764690793,0.878728416435312
94.4,0.00156152827614106,1.76765120476281,1.85494421033489,0.305216819414472,0.464346277966674,0.878744008150997
94.5,0.00156171036281615,1.76765501439865,1.8550211390005,0.305228154304345,0.464331821728652,0.878759567958992
94.6,0.00156189230127556,1.76765881629473,1.85509790954046,0.305239465768478,0.4643173958806,0.878775095957108
94.7,0.00156207409125917,1.76766261047459,1.85517452244174,0.305250753879411,0.464303000326797,0.87879059224276
94.8,0.00156225573251098,1.76766639696169,1.85525097818931,0.305262018709386,0.464288634971924,0.878806056912964
94.9,0.00156243722477903,1.76767017577938,1.85532727726613,0.305273260330346,0.46427429972106,0.878821490064341
95,0.00156261856781531,1.76767394695093,1.85540342015323,0.305284478813937,0.464259994479684,0.878836891793118
95.1,0.00156279976137592,1.76767771049949,1.85547940732963,0.305295674231514,0.464245719153666,0.878852262195134
95.2,0.00156298080522075,1.76768146644815,1.85555523927241,0.305306846654134,0.464231473649272,0.878867601365836
95.3,0.00156316169911377,1.76768521481988,1.8556309164567,0.305317996152567,0.46421725787316,0.878882909400284
95.4,0.00156334244282269,1.76768895563758,1.8557064393557,0.305329122797291,0.464203071732375,0.878898186393153
95.5,0.00156352303611909,1.76769268892404,1.85578180844067,0.305340226658495,0.464188915134351,0.878913432438735
95.6,0.00156370347877843,1.76769641470196,1.85585702418098,0.30535130780608,0.464174787986904,0.878928647630941
95.7,0.00156388377057988,1.76770013299397,1.85593208704406,0.305362366309664,0.464160690198238,0.878943832063301
95.8,0.00156406391130632,1.76770384382258,1.85600699749545,0.30537340223858,0.464146621676933,0.87895898582897
95.9,0.00156424390074439,1.76770754721022,1.85608175599883,0.305384415661877,0.46413258233195,0.878974109020724
96,0.00156442373868444,1.76771124317924,1.85615636301597,0.305395406648321,0.464118572072631,0.87898920173097
96.1,0.00156460342492031,1.7677149317519,1.85623081900677,0.305406375266406,0.464104590808687,0.879004264051737
96.2,0.00156478295924958,1.76771861295036,1.85630512442929,0.305417321584338,0.464090638450205,0.879019296074689
96.3,0.00156496234147334,1.76772228679669,1.85637927973974,0.305428245670051,0.464076714907644,0.87903429789112
96.4,0.00156514157139627,1.76772595331289,1.85645328539247,0.305439147591203,0.464062820091832,0.879049269591958
96.5,0.00156532064882644,1.76772961252086,1.85652714184001,0.305450027415177,0.464048953913964,0.879064211267766
96.6,0.00156549957357556,1.7677332644424,1.85660084953306,0.305460885209082,0.464035116285602,0.879079123008745
96.7,0.00156567834545867,1.76773690909925,1.85667440892053,0.305471721039759,0.464021307118669,0.879094004904734
96.8,0.00156585696429424,1.76774054651305,1.8567478204495,0.305482534973776,0.464007526325452,0.879108857045215
96.9,0.00156603542990416,1.76774417670536,1.85682108456526,0.305493327077434,0.463993773818599,0.879123679519312
97,0.00156621374211367,1.76774779969764,1.85689420171132,0.305504097416764,0.463980049511112,0.879138472415791
97.1,0.00156639190075126,1.76775141551128,1.85696717232942,0.305514846057534,0.463966353316356,0.879153235823069
97.2,0.00156656990564877,1.76775502416758,1.85703999685952,0.305525573065245,0.463952685148044,0.879167969829208
97.3,0.00156674775664129,1.76775862568776,1.85711267573981,0.305536278505137,0.463939044920245,0.879182674521919
97.4,0.00156692545356719,1.76776222009295,1.85718520940676,0.305546962442186,0.463925432547379,0.879197349988569
97.5,0.00156710299626795,1.76776580740419,1.85725759829508,0.305557624941107,0.463911847944214,0.879211996316172
97.6,0.00156728038458827,1.76776938764246,1.85732984283773,0.305568266066359,0.463898291025866,0.879226613591402
97.7,0.00156745761837602,1.76777296082864,1.85740194346598,0.305578885882136,0.463884761707796,0.879241201900587
97.8,0.00156763469748213,1.76777652698354,1.85747390060937,0.305589484452385,0.463871259905808,0.879255761329717
97.9,0.00156781162176066,1.76778008612786,1.85754571469572,0.305600061840787,0.463857785536052,0.879270291964436
98,0.00156798839106873,1.76778363828226,1.85761738615117,0.305610618110777,0.463844338515014,0.879284793890056
98.1,0.00156816500526643,1.76778718346728,1.85768891540014,0.305621153325532,0.463830918759521,0.879299267191549
98.2,0.00156834146421695,1.76779072170341,1.85776030286542,0.305631667547981,0.463817526186735,0.879313711953552
98.3,0.0015685177677864,1.76779425301104,1.85783154896807,0.305642160840798,0.463804160714155,0.879328128260371
98.4,0.00156869391584382,1.7677977774105,1.85790265412752,0.305652633266412,0.463790822259613,0.879342516195979
98.5,0.00156886990826123,1.76780129492202,1.85797361876154,0.305663084887001,0.463777510741273,0.879356875844017
98.6,0.00156904574491352,1.76780480556575,1.85804444328622,0.305673515764499,0.463764226077629,0.879371207287802
98.7,0.00156922142567841,1.76780830936179,1.85811512811605,0.305683925960591,0.463750968187502,0.879385510610322
98.8,0.00156939695043654,1.76781180633013,1.85818567366385,0.305694315536721,0.46373773699004,0.879399785894237
98.9,0.00156957231907133,1.7678152964907,1.85825608034086,0.305704684554088,0.463724532404721,0.879414033221889
99,0.00156974753146893,1.76781877986335,1.85832634855666,0.30571503307365,0.463711354351342,0.879428252675295
99.1,0.00156992258751837,1.76782225646785,1.85839647871924,0.305725361156123,0.463698202750021,0.87944244433615
99.2,0.00157009748711135,1.76782572632389,1.85846647123499,0.305735668861985,0.463685077521199,0.879456608285834
99.3,0.00157027223014233,1.76782918945108,1.8585363265087,0.305745956251474,0.463671978585634,0.879470744605406
99.4,0.00157044681650839,1.76783264586898,1.85860604494357,0.305756223384593,0.463658905864404,0.879484853375612
99.5,0.00157062124610933,1.76783609559705,1.85867562694125,0.305766470321106,0.4636458592789,0.879498934676883
99.6,0.00157079551884765,1.76783953865467,1.85874507290179,0.305776697120545,0.463632838750826,0.879512988589336
99.7,0.00157096963462832,1.76784297506117,1.85881438322368,0.305786903842207,0.463619844202201,0.879527015192778
99.8,0.00157114359335902,1.76784640483579,1.85888355830388,0.305797090545155,0.463606875555353,0.879541014566707
99.9,0.00157131739494996,1.76784982799769,1.85895259853778,0.305807257288225,0.46359393273292,0.879554986790312
100,0.00157149103931388,1.76785324456597,1.85902150431922,0.305817404130017,0.463581015657849,0.879568931942474
100.1,0.00157166452636611,1.76785665455965,1.85909027604055,0.305827531128905,0.463568124253391,0.879582850101771
100.2,0.00157183785602443,1.76786005799767,1.85915891409255,0.305837638343037,0.463555258443104,0.879596741346477
100.3,0.00157201102820907,1.76786345489892,1.85922741886452,0.305847725830328,0.463542418150845,0.879610605754563
100.4,0.00157218404284277,1.76786684528219,1.85929579074421,0.305857793648473,0.463529603300779,0.879624443403699
100.5,0.00157235689985069,1.76787022916622,1.85936403011791,0.305867841854941,0.463516813817365,0.879638254371257
100.6,0.00157252959916038,1.76787360656966,1.85943213737038,0.305877870506973,0.463504049625365,0.879652038734308
100.7,0.00157270214070179,1.7678769775111,1.85950011288493,0.305887879661595,0.463491310649836,0.879665796569632
100.8,0.0015728745244072,1.76788034200906,1.85956795704334,0.305897869375604,0.463478596816132,0.879679527953707
100.9,0.00157304675021132,1.76788370008198,1.85963567022595,0.305907839705582,0.463465908049902,0.879693232962725
101,0.00157321881805109,1.76788705174824,1.85970325281163,0.305917790707889,0.463453244277085,0.879706911672578
101.1,0.00157339072786582,1.76789039702615,1.85977070517778,0.305927722438666,0.463440605423913,0.879720564158874
101.2,0.00157356247959704,1.76789373593394,1.85983802770035,0.30593763495384,0.463427991416908,0.879734190496926
101.3,0.00157373407318857,1.76789706848977,1.85990522075385,0.30594752830912,0.463415402182882,0.879747790761763
101.4,0.00157390550858649,1.76790039471175,1.85997228471136,0.305957402559999,0.463402837648933,0.879761365028126
101.5,0.00157407678573904,1.76790371461791,1.8600392199445,0.305967257761757,0.463390297742444,0.879774913370471
101.6,0.00157424790459669,1.7679070282262,1.8601060268235,0.305977093969461,0.463377782391082,0.879788435862968
101.7,0.00157441886511208,1.76791033555452,1.86017270571713,0.305986911237965,0.463365291522799,0.879801932579506
101.8,0.00157458966724004,1.7679136366207,1.86023925699279,0.305996709621913,0.463352825065827,0.879815403593694
101.9,0.00157476031093746,1.76791693144249,1.86030568101645,0.306006489175739,0.463340382948679,0.879828848978859
102,0.00157493079616341,1.76792022003757,1.8603719781527,0.306016249953668,0.463327965100147,0.87984226880805
102.1,0.00157510112287905,1.76792350242359,1.86043814876472,0.306025992009716,0.463315571449299,0.87985566315404
102.2,0.00157527129104759,1.76792677861809,1.86050419321431,0.306035715397692,0.463303201925481,0.879869032089324
102.3,0.00157544130063431,1.76793004863856,1.86057011186191,0.306045420171202,0.463290856458313,0.879882375686124
102.4,0.00157561115160652,1.76793331250244,1.86063590506656,0.306055106383643,0.463278534977687,0.879895694016388
102.5,0.00157578084393356,1.76793657022708,1.86070157318596,0.30606477408821,0.46326623741377,0.879908987151791
102.6,0.00157595037758677,1.76793982182978,1.86076711657644,0.306074423337895,0.463253963696999,0.87992225516374
102.7,0.00157611975253947,1.76794306732776,1.86083253559298,0.306084054185486,0.463241713758077,0.879935498123369
102.8,0.00157628896876695,1.76794630673819,1.86089783058921,0.306093666683575,0.463229487527981,0.879948716101546
102.9,0.00157645802624642,1.76794954007818,1.86096300191743,0.306103260884546,0.463217284937951,0.879961909168872
103,0.00157662692495704,1.76795276736477,1.8610280499286,0.30611283684059,0.463205105919493,0.879975077395681
103.1,0.00157679566487992,1.76795598861491,1.86109297497235,0.306122394603697,0.463192950404377,0.879988220852044
103.2,0.00157696424599793,1.76795920384554,1.861157777397,0.306131934225662,0.463180818324639,0.880001339607768
103.3,0.00157713266829594,1.76796241307349,1.86122245754955,0.306141455758081,0.463168709612574,0.880014433732398
103.4,0.00157730093176066,1.76796561631554,1.86128701577569,0.306150959252355,0.463156624200738,0.880027503295218
103.5,0.00157746903638055,1.76796881358843,1.86135145241983,0.306160444759691,0.463144562021946,0.880040548365255
103.6,0.00157763698214598,1.76797200490881,1.86141576782503,0.306169912331103,0.463132523009272,0.880053569011272
103.7,0.00157780476904912,1.76797519029327,1.86147996233313,0.306179362017411,0.463120507096047,0.880066565301782
103.8,0.00157797239708386,1.76797836975836,1.86154403628463,0.306188793869245,0.463108514215856,0.880079537305036
103.9,0.00157813986624592,1.76798154332055,1.86160799001879,0.306198207937041,0.46309654430254,0.880092485089034
104,0.00157830717653278,1.76798471099626,1.86167182387358,0.306207604271049,0.463084597290191,0.880105408721521
104.1,0.00157847432794359,1.76798787280183,1.86173553818569,0.306216982921326,0.463072673113155,0.88011830826999
104.2,0.00157864132047925,1.76799102875356,1.8617991332906,0.306226343937744,0.463060771706028,0.880131183801682
104.3,0.00157880815414244,1.76799417886769,1.86186260952248,0.306235687369985,0.463048893003657,0.880144035383591
104.4,0.0015789748289374,1.76799732316038,1.86192596721429,0.306245013267546,0.463037036941133,0.880156863082457
104.5,0.00157914134487014,1.76800046164775,1.86198920669773,0.306254321679739,0.4630252034538,0.880169666964777
104.6,0.00157930770194828,1.76800359434585,1.86205232830326,0.306263612655691,0.463013392477242,0.880182447096799
104.7,0.0015794739001811,1.76800672127068,1.86211533236014,0.306272886244343,0.463001603947292,0.880195203544527
104.8,0.00157963993957946,1.76800984243817,1.86217821919636,0.306282142494456,0.462989837800027,0.880207936373719
104.9,0.0015798058201559,1.7680129578642,1.86224098913872,0.306291381454607,0.462978093971763,0.88022064564989
105,0.00157997154192452,1.76801606756459,1.86230364251281,0.306300603173192,0.462966372399059,0.880233331438317
105.1,0.00158013710490096,1.7680191715551,1.862366179643,0.306309807698427,0.462954673018715,0.88024599380403
105.2,0.00158030250910249,1.76802226985144,1.86242860085246,0.306318995078348,0.46294299576777,0.880258632811823
105.3,0.00158046775454789,1.76802536246924,1.86249090646315,0.306328165360813,0.462931340583501,0.880271248526251
105.4,0.00158063284125752,1.7680284494241,1.86255309679587,0.306337318593501,0.462919707403419,0.880283841011629
105.5,0.00158079776925315,1.76803153073154,1.86261517217022,0.306346454823915,0.462908096165275,0.88029641033204
105.6,0.00158096253855817,1.76803460640705,1.86267713290459,0.30635557409938,0.46289650680705,0.880308956551327
105.7,0.00158112714919743,1.76803767646604,1.86273897931625,0.306364676467048,0.462884939266963,0.880321479733101
105.8,0.00158129160119723,1.76804074092387,1.86280071172127,0.306373761973894,0.462873393483464,0.880333979940739
105.9,0.00158145589458531,1.76804379979586,1.86286233043454,0.306382830666721,0.462861869395232,0.880346457237387
106,0.00158162002939095,1.76804685309724,1.86292383576983,0.306391882592157,0.462850366941179,0.880358911685958
106.1,0.00158178400564475,1.76804990084322,1.86298522803972,0.30640091779666,0.462838886060442,0.880371343349136
106.2,0.0015819478233788,1.76805294304893,1.86304650755567,0.306409936326513,0.462827426692393,0.880383752289377
106.3,0.00158211148262663,1.76805597972946,1.86310767462799,0.306418938227835,0.462815988776625,0.880396138568907
106.4,0.00158227498342303,1.76805901089984,1.86316872956584,0.306427923546566,0.46280457225296,0.880408502249726
106.5,0.00158243832580428,1.76806203657504,1.86322967267726,0.306436892328485,0.462793177061441,0.880420843393608
106.6,0.00158260150980807,1.76806505677,1.86329050426917,0.306445844619199,0.462781803142341,0.880433162062102
106.7,0.00158276453547326,1.76806807149956,1.86335122464733,0.306454780464147,0.46277045043615,0.880445458316533
106.8,0.00158292740284021,1.76807108077856,1.86341183411644,0.306463699908603,0.462759118883584,0.880457732218005
106.9,0.00158309011195059,1.76807408462174,1.86347233298005,0.306472602997672,0.462747808425576,0.880469983827397
107,0.00158325266284728,1.76807708304382,1.8635327215406,0.306481489776299,0.462736519003281,0.88048221320537
107.1,0.00158341505557455,1.76808007605945,1.86359300009946,0.306490360289259,0.462725250558074,0.880494420412363
107.2,0.00158357729017796,1.76808306368323,1.86365316895687,0.306499214581167,0.462714003031543,0.880506605508598
107.3,0.0015837393667043,1.76808604592972,1.863713228412,0.306508052696471,0.462702776365497,0.880518768554078
107.4,0.00158390128520164,1.7680890228134,1.86377317876292,0.306516874679465,0.462691570501959,0.880530909608589
107.5,0.00158406304571933,1.76809199434872,1.86383302030663,0.306525680574269,0.462680385383165,0.880543028731702
107.6,0.00158422464830791,1.76809496055008,1.86389275333905,0.306534470424853,0.462669220951569,0.880555125982772
107.7,0.00158438609301915,1.76809792143181,1.86395237815502,0.306543244275022,0.462658077149834,0.880567201420942
107.8,0.00158454737990605,1.76810087700822,1.86401189504832,0.306552002168424,0.462646953920836,0.88057925510514
107.9,0.00158470850902288,1.76810382729352,1.86407130431166,0.306560744148545,0.462635851207659,0.880591287094083
108,0.00158486948042494,1.76810677230193,1.86413060623671,0.306569470258718,0.462624768953601,0.880603297446275
108.1,0.00158503029416885,1.76810971204756,1.86418980111406,0.306578180542112,0.462613707102168,0.880615286220014
108.2,0.00158519095031234,1.76811264654451,1.86424888923329,0.306586875041747,0.46260266559707,0.880627253473386
108.3,0.00158535144891431,1.76811557580681,1.8643078708829,0.306595553800484,0.462591644382228,0.880639199264268
108.4,0.00158551179003475,1.76811849984846,1.86436674635037,0.306604216861027,0.462580643401769,0.880651123650331
108.5,0.00158567197373488,1.76812141868338,1.86442551592214,0.306612864265927,0.46256966260002,0.88066302668904
108.6,0.00158583200007693,1.76812433232547,1.86448417988362,0.306621496057585,0.462558701921516,0.880674908437654
108.7,0.00158599186912432,1.76812724078857,1.8645427385192,0.306630112278242,0.462547761310996,0.880686768953227
108.8,0.00158615158094155,1.76813014408646,1.86460119211225,0.306638712969994,0.4625368407134,0.88069860829261
108.9,0.00158631113559421,1.76813304223288,1.86465954094513,0.30664729817478,0.462525940073867,0.880710426512451
109,0.00158647053314892,1.76813593524153,1.86471778529918,0.306655867934392,0.462515059337739,0.880722223669196
109.1,0.00158662977367344,1.76813882312604,1.86477592545472,0.306664422290469,0.462504198450558,0.880733999819092
109.2,0.00158678885723652,1.76814170590002,1.8648339616911,0.3066729612845,0.462493357358059,0.880745755018182
109.3,0.00158694778390801,1.768144583577,1.86489189428665,0.30668148495783,0.462482536006184,0.880757489322314
109.4,0.00158710655375872,1.7681474561705,1.86494972351871,0.306689993351648,0.462471734341061,0.880769202787135
109.5,0.00158726516686056,1.76815032369395,1.86500744966364,0.306698486507003,0.462460952309022,0.880780895468096
109.6,0.0015874236232864,1.76815318616077,1.86506507299681,0.306706964464795,0.462450189856591,0.880792567420451
109.7,0.00158758192311013,1.76815604358431,1.86512259379261,0.306715427265774,0.462439446930487,0.880804218699258
109.8,0.00158774006640667,1.76815889597788,1.86518001232445,0.306723874950547,0.462428723477617,0.880815849359381
109.9,0.00158789805325185,1.76816174335474,1.86523732886478,0.306732307559579,0.462418019445088,0.880827459455489
110,0.00158805588372251,1.76816458572812,1.86529454368508,0.306740725133185,0.462407334780195,0.88083904904206
110.1,0.00158821355789649,1.76816742311117,1.86535165705586,0.306749127711542,0.462396669430422,0.880850618173378
110.2,0.00158837107585247,1.76817025551703,1.86540866924668,0.306757515334679,0.462386023343444,0.880862166903536
110.3,0.0015885284376702,1.76817308295877,1.86546558052613,0.306765888042488,0.462375396467126,0.880873695286437
110.4,0.0015886856434303,1.76817590544942,1.86552239116188,0.306774245874713,0.462364788749518,0.880885203375792
110.5,0.00158884269321429,1.76817872300198,1.86557910142062,0.306782588870961,0.462354200138861,0.880896691225127
110.6,0.00158899958710467,1.76818153562938,1.86563571156814,0.3067909170707,0.462343630583579,0.880908158887779
110.7,0.0015891563251848,1.76818434334451,1.86569222186924,0.306799230513254,0.462333080032284,0.880919606416896
110.8,0.00158931290753893,1.76818714616024,1.86574863258784,0.306807529237809,0.462322548433768,0.880931033865439
110.9,0.0015894693342522,1.76818994408937,1.86580494398688,0.306815813283415,0.462312035737014,0.880942441286186
111,0.0015896256054107,1.76819273714465,1.86586115632843,0.306824082688981,0.462301541891181,0.88095382873173
111.1,0.00158978172110125,1.76819552533881,1.86591726987359,0.306832337493279,0.462291066845616,0.880965196254479
111.2,0.00158993768141159,1.76819830868452,1.86597328488257,0.306840577734946,0.462280610549843,0.880976543906658
111.3,0.00159009348643037,1.7682010871944,1.86602920161467,0.306848803452481,0.462270172953566,0.880987871740309
111.4,0.00159024913624702,1.76820386088105,1.86608502032825,0.306857014684249,0.462259754006673,0.880999179807295
111.5,0.00159040463095177,1.76820662975701,1.86614074128081,0.306865211468477,0.462249353659229,0.881010468159295
111.6,0.00159055997063574,1.76820939383477,1.86619636472891,0.306873393843262,0.462238971861477,0.881021736847811
111.7,0.00159071515539088,1.7682121531268,1.86625189092823,0.306881561846564,0.462228608563835,0.881032985924163
111.8,0.00159087018530984,1.76821490764549,1.86630732013356,0.30688971551621,0.4622182637169,0.881044215439495
111.9,0.00159102506048612,1.76821765740323,1.8663626525988,0.306897854889897,0.462207937271446,0.881055425444772
112,0.00159117978101408,1.76822040241233,1.86641788857696,0.306905980005187,0.462197629178418,0.881066615990783
112.1,0.00159133434698873,1.76822314268509,1.86647302832017,0.306914090899511,0.462187339388939,0.88107778712814
112.2,0.00159148875850594,1.76822587823374,1.86652807207968,0.30692218761017,0.462177067854304,0.881088938907281
112.3,0.00159164301566232,1.76822860907049,1.86658302010587,0.306930270174334,0.462166814525977,0.881100071378466
112.4,0.00159179711855528,1.76823133520749,1.86663787264825,0.306938338629045,0.462156579355604,0.881111184591788
112.5,0.00159195106728285,1.76823405665685,1.86669262995546,0.306946393011212,0.462146362294989,0.881122278597159
112.6,0.00159210486194393,1.76823677343066,1.86674729227529,0.306954433357619,0.462136163296116,0.881133353444325
112.7,0.00159225850263813,1.76823948554094,1.86680185985464,0.30696245970492,0.462125982311136,0.881144409182855
112.8,0.00159241198946569,1.7682421929997,1.86685633293959,0.306970472089645,0.462115819292365,0.881155445862152
112.9,0.00159256532252765,1.76824489581887,1.86691071177536,0.30697847054819,0.462105674192294,0.881166463531447
113,0.00159271850192578,1.76824759401036,1.86696499660631,0.306986455116831,0.462095546963577,0.881177462239801
113.1,0.00159287152776245,1.76825028758606,1.86701918767597,0.306994425831717,0.462085437559034,0.881188442036107
113.2,0.00159302440014078,1.76825297655778,1.86707328522701,0.307002382728867,0.462075345931653,0.88119940296909
113.3,0.00159317711916463,1.76825566093731,1.86712728950129,0.307010325844183,0.462065272034588,0.881210345087307
113.4,0.00159332968493842,1.76825834073641,1.86718120073981,0.307018255213435,0.462055215821153,0.88122126843915
113.5,0.00159348209756732,1.76826101596678,1.86723501918277,0.307026170872275,0.462045177244832,0.881232173072845
113.6,0.00159363435715716,1.76826368664008,1.86728874506952,0.30703407285623,0.462035156259267,0.881243059036451
113.7,0.00159378646381436,1.76826635276795,1.86734237863859,0.307041961200702,0.462025152818263,0.881253926377865
113.8,0.00159393841764606,1.76826901436198,1.86739592012771,0.307049835940976,0.462015166875788,0.88126477514482
113.9,0.00159409021876,1.76827167143371,1.86744936977377,0.30705769711221,0.462005198385974,0.881275605384885
114,0.00159424186726459,1.76827432399466,1.86750272781286,0.307065544749444,0.461995247303106,0.881286417145467
114.1,0.0015943933632688,1.76827697205629,1.86755599448026,0.307073378887597,0.461985313581633,0.881297210473811
114.2,0.00159454470688229,1.76827961563005,1.86760917001046,0.307081199561467,0.461975397176162,0.881307985417004
114.3,0.00159469589821529,1.76828225472732,1.86766225463712,0.307089006805735,0.461965498041459,0.88131874202197
114.4,0.00159484693737865,1.76828488935946,1.86771524859311,0.30709680065496,0.461955616132445,0.881329480335472
114.5,0.0015949978244838,1.76828751953779,1.86776815211053,0.307104581143584,0.4619457514042,0.881340200404117
114.6,0.00159514855964281,1.76829014527358,1.86782096542066,0.307112348305931,0.46193590381196,0.881350902274355
114.7,0.00159529914296823,1.76829276657807,1.86787368875401,0.307120102176209,0.461926073311115,0.881361585992475
114.8,0.00159544957457331,1.76829538346248,1.86792632234029,0.307127842788504,0.461916259857209,0.881372251604611
114.9,0.00159559985457183,1.76829799593796,1.86797886640844,0.307135570176792,0.461906463405943,0.881382899156741
115,0.00159574998307808,1.76830060401565,1.86803132118661,0.307143284374929,0.461896683913169,0.881393528694687
115.1,0.00159589996020694,1.76830320770662,1.8680836869022,0.307150985416657,0.461886921334894,0.881404140264116
115.2,0.00159604978607391,1.76830580702194,1.86813596378181,0.307158673335601,0.461877175627272,0.881414733910541
115.3,0.00159619946079492,1.76830840197262,1.8681881520513,0.307166348165275,0.461867446746615,0.881425309679321
115.4,0.00159634898448653,1.76831099256965,1.86824025193573,0.307174009939075,0.461857734649383,0.881435867615665
115.5,0.00159649835726578,1.76831357882395,1.86829226365943,0.307181658690289,0.461848039292182,0.881446407764624
115.6,0.00159664757925025,1.76831616074645,1.86834418744596,0.307189294452085,0.461838360631774,0.881456930171103
115.7,0.00159679665055803,1.768318738348,1.86839602351812,0.307196917257523,0.461828698625065,0.881467434879854
115.8,0.00159694557130778,1.76832131163944,1.86844777209797,0.307204527139551,0.461819053229114,0.881477921935477
115.9,0.0015970943416186,1.76832388063157,1.86849943340681,0.307212124131003,0.461809424401122,0.881488391382424
116,0.00159724296161009,1.76832644533515,1.86855100766519,0.307219708264604,0.46179981209844,0.881498843264999
116.1,0.00159739143140239,1.7683290057609,1.86860249509294,0.307227279572966,0.461790216278567,0.881509277627355
116.2,0.00159753975111615,1.76833156191951,1.86865389590913,0.307234838088595,0.46178063689914,0.881519694513498
116.3,0.0015976879208724,1.76833411382164,1.8687052103321,0.307242383843881,0.461771073917951,0.881530093967288
116.4,0.00159783594079274,1.7683366614779,1.86875643857945,0.307249916871111,0.461761527292929,0.881540476032437
116.5,0.00159798381099921,1.76833920489888,1.86880758086807,0.307257437202459,0.461751996982151,0.881550840752513
116.6,0.00159813153161434,1.76834174409512,1.86885863741411,0.307264944869993,0.461742482943835,0.881561188170934
116.7,0.00159827910276107,1.76834427907714,1.86890960843298,0.307272439905671,0.461732985136343,0.88157151833098
116.8,0.00159842652456285,1.76834680985541,1.8689604941394,0.307279922341347,0.461723503518177,0.88158183127578
116.9,0.00159857379714352,1.76834933644038,1.86901129474735,0.307287392208763,0.461714038047981,0.881592127048325
117,0.00159872092062745,1.76835185884246,1.86906201047011,0.307294849539559,0.461704588684542,0.88160240569146
117.1,0.00159886789513939,1.76835437707202,1.86911264152022,0.307302294365267,0.461695155386785,0.881612667247887
117.2,0.00159901472080446,1.7683568911394,1.86916318810955,0.307309726717313,0.461685738113772,0.881622911760169
117.3,0.00159916139774833,1.76835940105491,1.86921365044924,0.307317146627018,0.46167633682471,0.881633139270726
117.4,0.00159930792609707,1.76836190682882,1.86926402874973,0.307324554125599,0.46166695147894,0.881643349821837
117.5,0.00159945430597707,1.76836440847136,1.86931432322076,0.307331949244169,0.461657582035942,0.881653543455642
117.6,0.00159960053751523,1.76836690599274,1.86936453407138,0.307339332013735,0.461648228455333,0.881663720214141
117.7,0.00159974662083885,1.76836939940314,1.86941466150993,0.307346702465201,0.461638890696866,0.881673880139195
117.8,0.00159989255607555,1.76837188871269,1.86946470574407,0.307354060629371,0.461629568720432,0.881684023272527
117.9,0.0016000383433534,1.76837437393149,1.86951466698078,0.307361406536942,0.461620262486054,0.881694149655723
118,0.00160018398280094,1.76837685506961,1.86956454542633,0.307368740218513,0.461610971953895,0.881704259330231
118.1,0.00160032947454691,1.7683793321371,1.86961434128633,0.307376061704579,0.461601697084248,0.881714352337361
118.2,0.0016004748187206,1.76838180514395,1.8696640547657,0.307383371025532,0.46159243783754,0.88172442871829
118.3,0.00160062001545159,1.76838427410015,1.86971368606868,0.307390668211665,0.461583194174333,0.881734488514056
118.4,0.00160076506486988,1.76838673901562,1.86976323539884,0.307397953293175,0.461573966055322,0.881744531765565
118.5,0.00160090996710576,1.76838919990028,1.86981270295907,0.307405226300149,0.461564753441334,0.881754558513589
118.6,0.00160105472228997,1.768391656764,1.86986208895162,0.307412487262582,0.461555556293322,0.881764568798763
118.7,0.00160119933055357,1.76839410961663,1.86991139357802,0.307419736210367,0.461546374572379,0.88177456266159
118.8,0.00160134379202792,1.76839655846797,1.86996061703919,0.3074269731733,0.461537208239722,0.881784540142442
118.9,0.00160148810684481,1.76839900332781,1.87000975953536,0.307434198181077,0.461528057256701,0.881794501281557
119,0.00160163227513634,1.76840144420588,1.87005882126611,0.307441411263294,0.461518921584791,0.881804446119043
119.1,0.00160177629703488,1.76840388111191,1.87010780243037,0.307448612449455,0.461509801185602,0.881814374694875
119.2,0.00160192017267325,1.76840631405558,1.8701567032264,0.307455801768959,0.461500696020867,0.881824287048897
119.3,0.00160206390218455,1.76840874304654,1.87020552385183,0.307462979251117,0.461491606052452,0.881834183220826
119.4,0.00160220748570219,1.76841116809442,1.87025426450364,0.307470144925138,0.461482531242344,0.881844063250247
119.5,0.00160235092335987,1.76841358920879,1.87030292537814,0.307477298820135,0.461473471552661,0.881853927176617
119.6,0.00160249421529164,1.76841600639922,1.87035150667103,0.307484440965126,0.461464426945644,0.881863775039263
119.7,0.00160263736163192,1.76841841967524,1.87040000857736,0.307491571389035,0.461455397383666,0.881873606877388
119.8,0.00160278036251531,1.76842082904635,1.87044843129154,0.307498690120692,0.461446382829215,0.881883422730062
119.9,0.00160292321807679,1.76842323452201,1.87049677500734,0.30750579718883,0.461437383244912,0.881893222636232
120,0.00160306592845167,1.76842563611165,1.87054503991791,0.307512892622088,0.461428398593499,0.881903006634719
120.1,0.00160320849377542,1.76842803382468,1.87059322621576,0.307519976449013,0.461419428837841,0.881912774764215
120.2,0.00160335091418396,1.76843042767048,1.8706413340928,0.307527048698057,0.461410473940926,0.881922527063289
120.3,0.00160349318981338,1.76843281765839,1.87068936374027,0.307534109397581,0.461401533865867,0.881932263570384
120.4,0.00160363532080008,1.76843520379772,1.87073731534883,0.307541158575852,0.461392608575897,0.88194198432382
120.5,0.00160377730728077,1.76843758609777,1.87078518910849,0.307548196261046,0.461383698034368,0.881951689361792
120.6,0.00160391914939243,1.76843996456778,1.87083298520868,0.307555222481246,0.461374802204759,0.881961378722372
120.7,0.00160406084727224,1.76844233921698,1.87088070383818,0.307562237264444,0.461365921050663,0.881971052443508
120.8,0.00160420240105765,1.76844471005456,1.87092834518519,0.307569240638539,0.461357054535799,0.881980710563029
120.9,0.0016043438108865,1.7684470770897,1.87097590943726,0.307576232631346,0.461348202624002,0.881990353118638
121,0.00160448507689673,1.76844944033152,1.87102339678138,0.307583213270581,0.461339365279225,0.88199998014792
121.1,0.00160462619922661,1.76845179978914,1.8710708074039,0.307590182583876,0.461330542465542,0.882009591688337
121.2,0.00160476717801467,1.76845415547163,1.87111814149059,0.30759714059877,0.461321734147146,0.88201918777723
121.3,0.00160490801339962,1.76845650738804,1.87116539922661,0.307604087342717,0.461312940288344,0.882028768451823
121.4,0.00160504870552043,1.7684588555474,1.87121258079653,0.307611022843076,0.461304160853561,0.882038333749218
121.5,0.0016051892545164,1.7684611999587,1.87125968638432,0.307617947127124,0.461295395807342,0.8820478837064
121.6,0.00160532966052691,1.76846354063089,1.87130671617337,0.307624860222045,0.461286645114343,0.882057418360233
121.7,0.00160546992369168,1.76846587757291,1.87135367034645,0.307631762154938,0.461277908739341,0.882066937747466
121.8,0.0016056100441506,1.76846821079367,1.87140054908578,0.307638652952813,0.461269186647223,0.882076441904727
121.9,0.00160575002204385,1.76847054030205,1.87144735257298,0.307645532642593,0.461260478802995,0.882085930868531
122,0.0016058898575117,1.76847286610689,1.87149408098907,0.307652401251116,0.461251785171771,0.882095404675272
122.1,0.00160602955069477,1.76847518821702,1.87154073451452,0.307659258805132,0.46124310571879,0.882104863361232
122.2,0.00160616910173385,1.76847750664123,1.87158731332921,0.307666105331306,0.461234440409392,0.882114306962575
122.3,0.00160630851076989,1.76847982138829,1.87163381761244,0.307672940856214,0.461225789209037,0.882123735515349
122.4,0.00160644777794408,1.76848213246692,1.87168024754293,0.307679765406354,0.461217152083296,0.88213314905549
122.5,0.00160658690339782,1.76848443988586,1.87172660329885,0.30768657900813,0.461208528997851,0.882142547618817
122.6,0.00160672588727269,1.76848674365377,1.87177288505778,0.307693381687869,0.461199919918496,0.882151931241038
122.7,0.00160686472971043,1.76848904377931,1.87181909299675,0.307700173471808,0.461191324811138,0.882161299957744
122.8,0.00160700343085303,1.76849134027111,1.87186522729222,0.307706954386104,0.461182743641788,0.882170653804416
122.9,0.00160714199084268,1.76849363313777,1.87191128812009,0.307713724456828,0.461174176376576,0.882179992816421
123,0.00160728040982166,1.76849592238786,1.87195727565569,0.30772048370997,0.461165622981735,0.882189317029016
123.1,0.00160741868793252,1.76849820802994,1.8720031900738,0.307727232171433,0.461157083423611,0.882198626477343
123.2,0.00160755682531797,1.76850049007251,1.87204903154865,0.307733969867041,0.461148557668657,0.882207921196435
123.3,0.00160769482212084,1.76850276852408,1.8720948002539,0.307740696822535,0.461140045683435,0.882217201221215
123.4,0.00160783267848415,1.7685050433931,1.8721404963627,0.307747413063573,0.461131547434612,0.882226466586494
123.5,0.00160797039455112,1.76850731468803,1.87218612004759,0.307754118615731,0.46112306288897,0.882235717326974
123.6,0.00160810797046516,1.76850958241726,1.87223167148061,0.307760813504507,0.461114592013391,0.882244953477247
123.7,0.00160824540636973,1.76851184658919,1.87227715083324,0.307767497755314,0.461106134774863,0.882254175071796
123.8,0.00160838270240858,1.76851410721218,1.87232255827642,0.307774171393485,0.461097691140486,0.882263382144997
123.9,0.00160851985872548,1.76851636429457,1.87236789398056,0.307780834444276,0.461089261077464,0.882272574731118
124,0.00160865687546447,1.76851861784465,1.8724131581155,0.307787486932857,0.461080844553102,0.882281752864315
124.1,0.00160879375276971,1.76852086787072,1.87245835085058,0.307794128884326,0.461072441534815,0.882290916578641
124.2,0.00160893049078542,1.76852311438103,1.87250347235459,0.307800760323692,0.461064051990119,0.882300065908042
124.3,0.00160906708965605,1.7685253573838,1.87254852279578,0.307807381275894,0.461055675886637,0.882309200886354
124.4,0.0016092035495262,1.76852759688725,1.8725935023419,0.307813991765788,0.461047313192094,0.882318321547311
124.5,0.00160933987054054,1.76852983289956,1.87263841116013,0.30782059181815,0.461038963874316,0.88232742792454
124.6,0.00160947605284388,1.76853206542887,1.87268324941718,0.307827181457681,0.461030627901239,0.882336520051563
124.7,0.00160961209658127,1.76853429448333,1.87272801727917,0.307833760709003,0.461022305240893,0.882345597961795
124.8,0.00160974800189773,1.76853652007102,1.87277271491175,0.307840329596659,0.461013995861416,0.882354661688549
124.9,0.00160988376893851,1.76853874220003,1.87281734248005,0.307846888145117,0.461005699731043,0.882363711265035
125,0.00161001939784896,1.76854096087841,1.87286190014864,0.307853436378767,0.460997416818114,0.882372746724356
125.1,0.00161015488877451,1.76854317611419,1.87290638808162,0.307859974321923,0.460989147091068,0.882381768099515
125.2,0.00161029024186074,1.76854538791538,1.87295080644255,0.30786650199882,0.460980890518445,0.88239077542341
125.3,0.00161042545725338,1.76854759628994,1.87299515539448,0.307873019433621,0.460972647068884,0.882399768728837
125.4,0.00161056053509821,1.76854980124584,1.87303943509999,0.30787952665041,0.460964416711127,0.882408748048493
125.5,0.00161069547554112,1.76855200279101,1.87308364572109,0.307886023673198,0.460956199414009,0.882417713414969
125.6,0.00161083027872815,1.76855420093334,1.87312778741933,0.307892510525917,0.460947995146468,0.882426664860756
125.7,0.00161096494480545,1.76855639568072,1.87317186035574,0.307898987232431,0.460939803877541,0.882435602418248
125.8,0.00161109947391919,1.76855858704101,1.87321586469086,0.307905453816521,0.460931625576362,0.882444526119735
125.9,0.00161123386621569,1.76856077502204,1.87325980058471,0.3079119103019,0.460923460212161,0.882453435997405
126,0.00161136812184141,1.7685629596316,1.87330366819684,0.307918356712206,0.460915307754268,0.882462332083352
126.1,0.0016115022409428,1.7685651408775,1.87334746768628,0.307924793070999,0.460907168172109,0.882471214409567
126.2,0.0016116362236665,1.76856731876749,1.87339119921158,0.30793121940177,0.460899041435204,0.882480083007943
126.3,0.00161177007015916,1.7685694933093,1.8734348629308,0.307937635727938,0.460890927513174,0.882488937910273
126.4,0.0016119037805676,1.76857166451064,1.87347845900149,0.307944042072844,0.46088282637573,0.882497779148255
126.5,0.00161203735503863,1.76857383237921,1.87352198758074,0.30795043845976,0.460874737992682,0.882506606753487
126.6,0.0016121707937192,1.76857599692267,1.87356544882515,0.307956824911886,0.460866662333936,0.882515420757472
126.7,0.0016123040967563,1.76857815814866,1.87360884289081,0.307963201452347,0.46085859936949,0.882524221191612
126.8,0.00161243726429705,1.7685803160648,1.87365216993335,0.3079695681042,0.460850549069435,0.882533008087217
126.9,0.00161257029648857,1.76858247067868,1.87369543010793,0.307975924890427,0.460842511403962,0.882541781475497
127,0.00161270319347815,1.76858462199788,1.8737386235692,0.307982271833944,0.460834486343348,0.882550541387568
127.1,0.00161283595541304,1.76858677002994,1.87378175047135,0.307988608957588,0.460826473857968,0.882559287854451
127.2,0.00161296858244061,1.76858891478239,1.87382481096811,0.307994936284134,0.460818473918288,0.882568020907071
127.3,0.00161310107470831,1.76859105626273,1.87386780521271,0.30800125383628,0.460810486494867,0.882576740576258
127.4,0.0016132334323636,1.76859319447844,1.87391073335793,0.308007561636659,0.460802511558357,0.882585446892749
127.5,0.00161336565555406,1.76859532943697,1.87395359555606,0.30801385970783,0.460794549079497,0.882594139887183
127.6,0.00161349774442731,1.76859746114577,1.87399639195895,0.308020148072286,0.460786599029126,0.882602819590113
127.7,0.00161362969913096,1.76859958961225,1.87403912271796,0.308026426752448,0.460778661378164,0.88261148603199
127.8,0.00161376151981277,1.76860171484378,1.874081787984,0.308032695770669,0.46077073609763,0.882620139243178
127.9,0.00161389320662049,1.76860383684774,1.87412438790751,0.308038955149233,0.460762823158626,0.882628779253946
128,0.00161402475970191,1.76860595563148,1.87416692263847,0.308045204910357,0.460754922532351,0.882637406094472
128.1,0.00161415617920492,1.76860807120231,1.87420939232641,0.308051445076188,0.460747034190089,0.88264601979484
128.2,0.00161428746527742,1.76861018356754,1.87425179712039,0.308057675668806,0.460739158103214,0.882654620385045
128.3,0.00161441861806738,1.76861229273444,1.87429413716903,0.308063896710223,0.460731294243189,0.882663207894988
128.4,0.00161454963772276,1.76861439871026,1.87433641262048,0.308070108222382,0.460723442581566,0.882671782354482
128.5,0.00161468052439156,1.76861650150225,1.87437862362245,0.308076310227162,0.460715603089987,0.882680343793249
128.6,0.00161481127822186,1.76861860111761,1.8744207703222,0.308082502746374,0.460707775740176,0.882688892240917
128.7,0.00161494189936173,1.76862069756354,1.87446285286654,0.30808868580176,0.460699960503951,0.882697427727031
128.8,0.00161507238795936,1.7686227908472,1.87450487140183,0.308094859414999,0.460692157353215,0.88270595028104
128.9,0.00161520274416288,1.76862488097574,1.87454682607398,0.308101023607702,0.460684366259954,0.882714459932307
129,0.00161533296812042,1.76862696795628,1.87458871702848,0.308107178401413,0.460676587196247,0.882722956710108
129.1,0.00161546305998023,1.76862905179593,1.87463054441035,0.308113323817613,0.460668820134255,0.882731440643625
129.2,0.00161559301989056,1.76863113250178,1.87467230836418,0.308119459877717,0.460661065046224,0.882739911761958
129.3,0.00161572284799961,1.76863321008087,1.87471400903414,0.308125586603073,0.460653321904491,0.882748370094115
129.4,0.00161585254445572,1.76863528454026,1.87475564656393,0.308131704014964,0.460645590681471,0.882756815669018
129.5,0.00161598210940716,1.76863735588696,1.87479722109685,0.308137812134614,0.460637871349668,0.882765248515501
129.6,0.00161611154300217,1.76863942412798,1.87483873277574,0.308143910983173,0.460630163881671,0.882773668662313
129.7,0.00161624084538918,1.76864148927028,1.87488018174303,0.308150000581736,0.460622468250151,0.882782076138117
129.8,0.00161637001671646,1.76864355132082,1.8749215681407,0.308156080951327,0.460614784427864,0.882790470971485
129.9,0.00161649905713239,1.76864561028654,1.87496289211031,0.308162152112912,0.46060711238765,0.882798853190908
130,0.00161662796678528,1.76864766617435,1.87500415379299,0.308168214087389,0.460599452102431,0.88280722282479
130.1,0.00161675674582358,1.76864971899116,1.87504535332946,0.308174266895597,0.460591803545211,0.88281557990145
130.2,0.00161688539439556,1.76865176874382,1.87508649086,0.308180310558307,0.46058416668908,0.882823924449121
130.3,0.00161701391264962,1.7686538154392,1.87512756652448,0.308186345096233,0.460576541507208,0.882832256495953
130.4,0.00161714230073417,1.76865585908412,1.87516858046233,0.308192370530022,0.460568927972847,0.882840576070011
130.5,0.00161727055879756,1.7686578996854,1.87520953281258,0.308198386880261,0.460561326059332,0.882848883199275
130.6,0.00161739868698814,1.76865993724984,1.87525042371385,0.308204394167473,0.460553735740077,0.882857177911644
130.7,0.00161752668545432,1.76866197178419,1.87529125330431,0.308210392412124,0.460546156988578,0.882865460234932
130.8,0.00161765455434447,1.76866400329522,1.87533202172175,0.308216381634611,0.460538589778415,0.882873730196869
130.9,0.00161778229380689,1.76866603178966,1.87537272910354,0.308222361855275,0.460531034083242,0.882881987825104
131,0.00161790990398999,1.76866805727421,1.87541337558663,0.308228333094395,0.460523489876798,0.882890233147204
131.1,0.00161803738504209,1.76867007975557,1.87545396130755,0.308234295372189,0.4605159571329,0.882898466190651
131.2,0.00161816473711148,1.76867209924042,1.87549448640246,0.308240248708814,0.460508435825444,0.882906686982849
131.3,0.00161829196034655,1.76867411573539,1.87553495100708,0.308246193124366,0.460500925928409,0.882914895551119
131.4,0.00161841905489554,1.76867612924714,1.87557535525674,0.308252128638883,0.460493427415847,0.8829230919227
131.5,0.00161854602090676,1.76867813978226,1.87561569928636,0.30825805527234,0.460485940261893,0.88293127612475
131.6,0.00161867285852846,1.76868014734735,1.87565598323045,0.308263973044654,0.460478464440758,0.882939448184349
131.7,0.00161879956790892,1.76868215194899,1.87569620722315,0.308269881975683,0.460470999926732,0.882947608128493
131.8,0.00161892614919636,1.76868415359373,1.87573637139817,0.308275782085225,0.460463546694183,0.882955755984102
131.9,0.00161905260253894,1.76868615228811,1.87577647588884,0.308281673393019,0.460456104717555,0.882963891778012
132,0.00161917892808489,1.76868814803864,1.87581652082808,0.308287555918745,0.460448673971371,0.882972015536985
132.1,0.00161930512598234,1.76869014085182,1.87585650634843,0.308293429682024,0.46044125443023,0.882980127287698
132.2,0.00161943119637943,1.76869213073413,1.87589643258204,0.308299294702419,0.460433846068808,0.882988227056754
132.3,0.00161955713942425,1.76869411769202,1.87593629966064,0.308305150999437,0.460426448861855,0.882996314870674
132.4,0.00161968295526491,1.76869610173194,1.87597610771559,0.308310998592523,0.4604190627842,0.883004390755904
132.5,0.00161980864404939,1.7686980828603,1.87601585687789,0.308316837501066,0.460411687810745,0.88301245473881
132.6,0.00161993420592575,1.76870006108351,1.87605554727809,0.308322667744398,0.46040432391647,0.883020506845679
132.7,0.00162005964104191,1.76870203640796,1.8760951790464,0.308328489341793,0.460396971076428,0.883028547102725
132.8,0.00162018494954586,1.76870400884,1.87613475231264,0.30833430231247,0.460389629265749,0.883036575536081
132.9,0.00162031013158544,1.76870597838598,1.87617426720623,0.308340106675589,0.460382298459635,0.883044592171805
133,0.00162043518730859,1.76870794505224,1.87621372385623,0.308345902450251,0.460374978633364,0.883052597035879
133.1,0.00162056011686307,1.76870990884507,1.8762531223913,0.308351689655505,0.460367669762287,0.883060590154206
133.2,0.00162068492039669,1.76871186977078,1.87629246293974,0.308357468310341,0.460360371821831,0.883068571552617
133.3,0.00162080959805718,1.76871382783562,1.87633174562946,0.308363238433695,0.460353084787492,0.883076541256864
133.4,0.00162093414999226,1.76871578304586,1.87637097058798,0.308369000044445,0.460345808634844,0.883084499292625
133.5,0.00162105857634954,1.76871773540774,1.87641013794249,0.308374753161414,0.460338543339531,0.883092445685504
133.6,0.00162118287727669,1.76871968492746,1.87644924781976,0.308380497803372,0.46033128887727,0.883100380461027
133.7,0.00162130705292121,1.76872163161123,1.87648830034621,0.308386233989028,0.460324045223851,0.883108303644649
133.8,0.00162143110343063,1.76872357546524,1.8765272956479,0.308391961737041,0.460316812355136,0.883116215261748
133.9,0.0016215550289524,1.76872551649563,1.87656623385049,0.308397681066014,0.460309590247061,0.88312411533763
134,0.00162167882963395,1.76872745470857,1.87660511507931,0.308403391994495,0.460302378875627,0.883132003897527
134.1,0.00162180250562263,1.76872939011018,1.87664393945928,0.308409094540977,0.460295178216911,0.883139880966595
134.2,0.00162192605706573,1.76873132270656,1.876682707115,0.3084147887239,0.460287988247063,0.88314774656992
134.3,0.00162204948411053,1.76873325250382,1.87672141817068,0.308420474561649,0.4602808089423,0.883155600732513
134.4,0.00162217278690419,1.76873517950802,1.87676007275018,0.308426152072555,0.46027364027891,0.883163443479313
134.5,0.00162229596559384,1.76873710372523,1.87679867097697,0.308431821274896,0.460266482233254,0.883171274835188
134.6,0.00162241902032663,1.76873902516147,1.8768372129742,0.308437482186897,0.460259334781759,0.88317909482493
134.7,0.00162254195124948,1.76874094382278,1.87687569886464,0.308443134826728,0.460252197900924,0.883186903473264
134.8,0.0016226647585094,1.76874285971517,1.8769141287707,0.308448779212508,0.460245071567318,0.88319470080484
134.9,0.00162278744225327,1.76874477284461,1.87695250281445,0.308454415362301,0.460237955757578,0.883202486844237
135,0.00162291000262794,1.76874668321707,1.87699082111759,0.30846004329412,0.46023085044841,0.883210261615964
135.1,0.00162303243978015,1.76874859083852,1.87702908380147,0.308465663025925,0.460223755616588,0.883218025144458
135.2,0.00162315475385661,1.76875049571489,1.87706729098711,0.308471274575624,0.460216671238958,0.883225777454087
135.3,0.00162327694500402,1.76875239785209,1.87710544279514,0.308476877961072,0.460209597292428,0.883233518569147
135.4,0.00162339901336884,1.76875429725604,1.87714353934586,0.308482473200073,0.460202533753982,0.883241248513864
135.5,0.00162352095909768,1.7687561939326,1.87718158075923,0.308488060310379,0.460195480600663,0.883248967312395
135.6,0.00162364278233688,1.76875808788766,1.87721956715486,0.308493639309689,0.460188437809588,0.883256674988828
135.7,0.00162376448323283,1.76875997912707,1.87725749865201,0.308499210215654,0.460181405357938,0.88326437156718
135.8,0.00162388606193187,1.76876186765665,1.87729537536958,0.308504773045871,0.460174383222962,0.883272057071399
135.9,0.00162400751858017,1.76876375348223,1.87733319742616,0.308510327817887,0.460167371381976,0.883279731525365
136,0.00162412885332388,1.7687656366096,1.87737096493997,0.308515874549198,0.460160369812361,0.883287394952891
136.1,0.00162425006630907,1.76876751704456,1.8774086780289,0.30852141325725,0.460153378491567,0.883295047377718
136.2,0.00162437115768174,1.76876939479287,1.87744633681051,0.308526943959437,0.460146397397105,0.883302688823521
136.3,0.00162449212758781,1.76877126986028,1.87748394140201,0.308532466673105,0.460139426506556,0.883310319313907
136.4,0.00162461297617308,1.76877314225253,1.87752149192026,0.308537981415548,0.460132465797568,0.883317938872416
136.5,0.00162473370358338,1.76877501197534,1.87755898848181,0.308543488204011,0.460125515247848,0.883325547522519
136.6,0.00162485430996432,1.7687768790344,1.87759643120287,0.308548987055689,0.460118574835174,0.883333145287621
136.7,0.00162497479546157,1.76877874343542,1.87763382019931,0.308554477987728,0.460111644537385,0.88334073219106
136.8,0.00162509516022057,1.76878060518405,1.87767115558666,0.308559961017224,0.460104724332386,0.883348308256107
136.9,0.00162521540438682,1.76878246428595,1.87770843748013,0.308565436161224,0.460097814198148,0.883355873505967
137,0.00162533552810568,1.76878432074676,1.8777456659946,0.308570903436726,0.460090914112701,0.883363427963778
137.1,0.00162545553152237,1.7687861745721,1.87778284124462,0.308576362860681,0.460084024054144,0.883370971652613
137.2,0.0016255754147821,1.76878802576758,1.87781996334441,0.308581814449986,0.460077144000639,0.88337850459548
137.3,0.00162569517802995,1.76878987433879,1.87785703240787,0.308587258221497,0.460070273930408,0.883386026815319
137.4,0.00162581482141097,1.7687917202913,1.87789404854857,0.308592694192016,0.460063413821739,0.883393538335007
137.5,0.00162593434507004,1.76879356363067,1.87793101187975,0.308598122378299,0.460056563652983,0.883401039177354
137.6,0.00162605374915203,1.76879540436244,1.87796792251434,0.308603542797054,0.460049723402552,0.883408529365109
137.7,0.00162617303380165,1.76879724249215,1.87800478056494,0.30860895546494,0.460042893048922,0.883416008920951
137.8,0.00162629219916359,1.7687990780253,1.87804158614382,0.308614360398571,0.460036072570629,0.883423477867498
137.9,0.00162641124538238,1.7688009109674,1.87807833936296,0.308619757614512,0.460029261946273,0.883430936227305
138,0.00162653017260253,1.76880274132391,1.878115040334,0.308625147129278,0.460022461154516,0.883438384022861
138.1,0.00162664898096841,1.76880456910031,1.87815168916825,0.308630528959343,0.460015670174081,0.883445821276591
138.2,0.00162676767062427,1.76880639430204,1.87818828597674,0.30863590312113,0.460008888983753,0.883453248010859
138.3,0.00162688624171432,1.76880821693455,1.87822483087016,0.308641269631014,0.460002117562374,0.883460664247962
138.4,0.00162700469438267,1.76881003700324,1.87826132395889,0.308646628505328,0.459995355888856,0.883468070010139
138.5,0.00162712302877328,1.76881185451353,1.87829776535299,0.308651979760353,0.459988603942159,0.883475465319561
138.6,0.0016272412450301,1.7688136694708,1.87833415516223,0.308657323412328,0.459981861701317,0.883482850198341
138.7,0.00162735934329692,1.76881548188043,1.87837049349605,0.308662659477446,0.459975129145414,0.883490224668528
138.8,0.00162747732371744,1.76881729174778,1.87840678046359,0.30866798797185,0.459968406253597,0.883497588752107
138.9,0.00162759518643524,1.76881909907818,1.87844301617368,0.308673308911641,0.459961693005076,0.883504942471003
139,0.00162771293159387,1.76882090387697,1.87847920073485,0.308678622312873,0.459954989379117,0.88351228584708
139.1,0.00162783055933672,1.76882270614947,1.8785153342553,0.308683928191555,0.459948295355048,0.883519618902141
139.2,0.00162794806980709,1.76882450590096,1.87855141684294,0.308689226563651,0.459941610912252,0.883526941657923
139.3,0.00162806546314816,1.76882630313674,1.8785874486054,0.308694517445078,0.459934936030175,0.883534254136108
139.4,0.00162818273950307,1.76882809786207,1.87862342964996,0.30869980085171,0.459928270688321,0.883541556358314
139.5,0.00162829989901479,1.76882989008221,1.87865936008363,0.308705076799375,0.45992161486625,0.883548848346098
139.6,0.00162841694182623,1.76883167980241,1.87869524001312,0.308710345303857,0.459914968543584,0.883556130120959
139.7,0.00162853386808016,1.76883346702787,1.87873106954482,0.308715606380896,0.459908331700003,0.883563401704335
139.8,0.00162865067791929,1.76883525176382,1.87876684878484,0.308720860046187,0.459901704315239,0.883570663117603
139.9,0.00162876737148613,1.76883703401546,1.87880257783899,0.308726106315381,0.45989508636909,0.88357791438208
140,0.00162888394892322,1.76883881378796,1.87883825681276,0.308731345204083,0.459888477841407,0.883585155519026
140.1,0.00162900041037287,1.76884059108649,1.87887388581138,0.308736576727857,0.459881878712096,0.883592386549638
140.2,0.00162911675597733,1.7688423659162,1.87890946493977,0.308741800902222,0.459875288961126,0.883599607495058
140.3,0.00162923298587877,1.76884413828224,1.87894499430254,0.308747017742654,0.459868708568518,0.883606818376366
140.4,0.00162934910021924,1.76884590818972,1.87898047400404,0.308752227264586,0.459862137514353,0.883614019214584
140.5,0.0016294650991406,1.76884767564377,1.8790159041483,0.308757429483406,0.459855575778766,0.883621210030677
140.6,0.0016295809827847,1.76884944064947,1.87905128483908,0.308762624414459,0.45984902334195,0.883628390845549
140.7,0.00162969675129324,1.76885120321191,1.87908661617984,0.308767812073048,0.459842480184153,0.883635561680048
140.8,0.00162981240480778,1.76885296333615,1.87912189827374,0.308772992474435,0.45983594628568,0.883642722554964
140.9,0.00162992794346984,1.76885472102726,1.87915713122369,0.308778165633836,0.45982942162689,0.883649873491028
141,0.00163004336742074,1.76885647629026,1.87919231513227,0.308783331566425,0.459822906188199,0.883657014508915
141.1,0.00163015867680173,1.76885822913019,1.8792274501018,0.308788490287336,0.45981639995008,0.883664145629243
141.2,0.00163027387175396,1.76885997955206,1.87926253623431,0.308793641811659,0.459809902893055,0.883671266872569
141.3,0.00163038895241845,1.76886172756087,1.87929757363155,0.308798786154442,0.459803414997706,0.883678378259398
141.4,0.00163050391893607,1.7688634731616,1.87933256239498,0.30880392333069,0.459796936244672,0.883685479810175
141.5,0.00163061877144761,1.76886521635922,1.87936750262578,0.30880905335537,0.45979046661464,0.883692571545293
141.6,0.00163073351009377,1.7688669571587,1.87940239442487,0.308814176243403,0.459784006088355,0.883699653485084
141.7,0.00163084813501508,1.76886869556497,1.87943723789284,0.308819292009671,0.459777554646616,0.883706725649823
141.8,0.00163096264635195,1.76887043158297,1.87947203313006,0.308824400669014,0.459771112270275,0.883713788059734
141.9,0.00163107704424474,1.7688721652176,1.87950678023659,0.308829502236231,0.459764678940238,0.883720840734983
142,0.0016311913288336,1.76887389647379,1.87954147931222,0.30883459672608,0.459758254637466,0.883727883695678
142.1,0.0016313055002586,1.76887562535641,1.87957613045647,0.308839684153277,0.459751839342974,0.883734916961876
142.2,0.00163141955865977,1.76887735187034,1.87961073376856,0.3088447645325,0.459745433037824,0.883741940553576
142.3,0.00163153350417685,1.76887907602044,1.87964528934747,0.30884983787838,0.459739035703141,0.883748954490723
142.4,0.00163164733694959,1.76888079781157,1.8796797972919,0.308854904205517,0.459732647320092,0.883755958793206
142.5,0.0016317610571176,1.76888251724857,1.87971425770026,0.308859963528464,0.459726267869906,0.883762953480862
142.6,0.00163187466482033,1.76888423433624,1.8797486706707,0.308865015861735,0.459719897333858,0.883769938573471
142.7,0.00163198816019711,1.76888594907941,1.8797830363011,0.308870061219804,0.459713535693279,0.883776914090759
142.8,0.00163210154338717,1.76888766148288,1.87981735468908,0.308875099617105,0.459707182929552,0.883783880052401
142.9,0.00163221481452963,1.76888937155142,1.87985162593198,0.308880131068034,0.459700839024109,0.883790836478014
143,0.00163232797376343,1.7688910792898,1.87988585012687,0.308885155586945,0.459694503958437,0.883797783387164
143.1,0.00163244102122746,1.7688927847028,1.87992002737056,0.308890173188154,0.459688177714071,0.883804720799362
143.2,0.00163255395706041,1.76889448779514,1.8799541577596,0.308895183885937,0.459681860272602,0.883811648734067
143.3,0.00163266678140088,1.76889618857156,1.87998824139027,0.30890018769453,0.459675551615667,0.883818567210686
143.4,0.00163277949438733,1.76889788703679,1.88002227835857,0.308905184628131,0.45966925172496,0.883825476248568
143.5,0.00163289209615819,1.76889958319552,1.88005626876027,0.3089101747009,0.45966296058222,0.883832375867015
143.6,0.00163300458685155,1.76890127705246,1.88009021269086,0.308915157926954,0.459656678169239,0.883839266085273
143.7,0.00163311696660559,1.76890296861227,1.88012411024557,0.308920134320377,0.459650404467862,0.883846146922538
143.8,0.00163322923555825,1.76890465787964,1.88015796151936,0.308925103895209,0.459644139459981,0.883853018397951
143.9,0.00163334139384738,1.76890634485922,1.88019176660696,0.308930066665457,0.459637883127538,0.883859880530603
144,0.00163345344161066,1.76890802955564,1.8802255256028,0.308935022645084,0.459631635452527,0.883866733339534
144.1,0.00163356537898568,1.76890971197355,1.8802592386011,0.308939971848018,0.459625396416992,0.883873576843728
144.2,0.00163367720610989,1.76891139211755,1.88029290569578,0.308944914288149,0.459619166003024,0.883880411062123
144.3,0.00163378892312061,1.76891306999226,1.88032652698053,0.30894984997933,0.459612944192765,0.883887236013602
144.4,0.001633900530155,1.76891474560227,1.88036010254879,0.308954778935372,0.459606730968408,0.883894051716998
144.5,0.00163401202735015,1.76891641895215,1.88039363249371,0.308959701170053,0.459600526312191,0.883900858191092
144.6,0.00163412341484295,1.76891809004648,1.88042711690824,0.308964616697112,0.459594330206406,0.883907655454617
144.7,0.00163423469277024,1.76891975888981,1.88046055588504,0.308969525530248,0.459588142633391,0.883914443526251
144.8,0.00163434586126865,1.76892142548669,1.88049394951652,0.308974427683125,0.459581963575529,0.883921222424626
144.9,0.00163445692047473,1.76892308984164,1.88052729789486,0.308979323169372,0.459575793015259,0.883927992168321
145,0.00163456787052485,1.7689247519592,1.88056060111197,0.308984212002577,0.459569630935064,0.883934752775866
145.1,0.00163467871155531,1.76892641184385,1.88059385925952,0.308989094196293,0.459563477317475,0.883941504265739
145.2,0.00163478944370218,1.76892806950011,1.88062707242894,0.308993969764035,0.45955733214507,0.883948246656371
145.3,0.00163490006710152,1.76892972493245,1.88066024071139,0.308998838719285,0.459551195400479,0.883954979966141
145.4,0.00163501058188918,1.76893137814535,1.88069336419782,0.309003701075482,0.459545067066374,0.883961704213382
145.5,0.00163512098820085,1.76893302914325,1.8807264429789,0.309008556846036,0.45953894712548,0.883968419416374
145.6,0.00163523128617215,1.76893467793062,1.88075947714507,0.309013406044314,0.459532835560566,0.883975125593348
145.7,0.00163534147593857,1.76893632451189,1.88079246678652,0.309018248683653,0.459526732354449,0.883981822762489
145.8,0.00163545155763537,1.76893796889147,1.88082541199321,0.309023084777347,0.459520637489991,0.88398851094193
145.9,0.00163556153139777,1.76893961107378,1.88085831285485,0.309027914338661,0.459514550950105,0.883995190149759
146,0.00163567139736081,1.76894125106323,1.8808911694609,0.30903273738082,0.459508472717746,0.884001860404011
146.1,0.00163578115565944,1.7689428888642,1.8809239819006,0.309037553917015,0.45950240277592,0.884008521722677
146.2,0.00163589080642837,1.76894452448106,1.88095675026293,0.3090423639604,0.459496341107675,0.884015174123697
146.3,0.00163600034980228,1.76894615791818,1.88098947463663,0.309047167524096,0.459490287696108,0.884021817624963
146.4,0.0016361097859157,1.76894778917991,1.88102215511024,0.309051964621184,0.45948424252436,0.884028452244321
146.5,0.00163621911490295,1.7689494182706,1.881054791772,0.309056755264716,0.459478205575621,0.884035077999569
146.6,0.00163632833689827,1.76895104519458,1.88108738470998,0.309061539467704,0.459472176833124,0.884041694908456
146.7,0.00163643745203574,1.76895266995616,1.88111993401195,0.309066317243129,0.459466156280148,0.884048302988684
146.8,0.00163654646044935,1.76895429255964,1.88115243976551,0.309071088603933,0.45946014390002,0.88405490225791
146.9,0.00163665536227286,1.76895591300934,1.88118490205796,0.309075853563026,0.459454139676107,0.884061492733742
147,0.00163676415763998,1.76895753130953,1.88121732097642,0.309080612133282,0.459448143591825,0.88406807443374
147.1,0.00163687284668418,1.76895914746448,1.88124969660776,0.309085364327542,0.459442155630634,0.88407464737542
147.2,0.00163698142953896,1.76896076147846,1.8812820290386,0.309090110158612,0.45943617577604,0.88408121157625
147.3,0.00163708990633747,1.76896237335571,1.88131431835535,0.309094849639262,0.459430204011589,0.88408776705365
147.4,0.00163719827721288,1.76896398310048,1.88134656464419,0.309099582782231,0.459424240320878,0.884094313824998
147.5,0.00163730654229815,1.76896559071699,1.88137876799105,0.309104309600222,0.459418284687545,0.884100851907622
147.6,0.0016374147017261,1.76896719620946,1.88141092848166,0.309109030105905,0.459412337095272,0.884107381318806
147.7,0.00163752275562944,1.7689687995821,1.88144304620151,0.309113744311913,0.459406397527785,0.884113902075786
147.8,0.00163763070414071,1.76897040083909,1.88147512123584,0.30911845223085,0.459400465968855,0.884120414195756
147.9,0.0016377385473923,1.76897199998463,1.8815071536697,0.309123153875285,0.459394542402294,0.884126917695862
148,0.00163784628551649,1.76897359702289,1.8815391435879,0.309127849257751,0.459388626811962,0.884133412593204
148.1,0.00163795391864539,1.76897519195802,1.88157109107502,0.30913253839075,0.459382719181759,0.884139898904838
148.2,0.00163806144691102,1.76897678479418,1.88160299621541,0.30913722128675,0.45937681949563,0.884146376647777
148.3,0.0016381688704452,1.7689783755355,1.88163485909322,0.309141897958188,0.459370927737561,0.884152845838984
148.4,0.00163827618937959,1.76897996418613,1.88166667979235,0.309146568417464,0.459365043891585,0.884159306495381
148.5,0.00163838340384577,1.76898155075016,1.8816984583965,0.309151232676946,0.459359167941772,0.884165758633846
148.6,0.0016384905139752,1.76898313523172,1.88173019498914,0.309155890748973,0.459353299872241,0.88417220227121
148.7,0.00163859751989905,1.76898471763489,1.88176188965351,0.309160542645847,0.45934743966715,0.884178637424261
148.8,0.00163870442174852,1.76898629796377,1.88179354247265,0.30916518837984,0.459341587310699,0.884185064109742
148.9,0.00163881121965456,1.76898787622243,1.88182515352937,0.309169827963189,0.459335742787132,0.884191482344355
149,0.00163891791374799,1.76898945241492,1.88185672290625,0.309174461408103,0.459329906080735,0.884197892144752
149.1,0.00163902450415954,1.76899102654531,1.88188825068568,0.309179088726752,0.459324077175836,0.884204293527548
149.2,0.00163913099101972,1.76899259861764,1.8819197369498,0.30918370993128,0.459318256056802,0.88421068650931
149.3,0.00163923737445895,1.76899416863595,1.88195118178057,0.309188325033796,0.459312442708047,0.884217071106563
149.4,0.00163934365460749,1.76899573660424,1.8819825852597,0.309192934046378,0.459306637114021,0.884223447335789
149.5,0.00163944983159546,1.76899730252654,1.88201394746871,0.309197536981071,0.45930083925922,0.884229815213426
149.6,0.0016395559055528,1.76899886640684,1.88204526848889,0.30920213384989,0.459295049128179,0.88423617475587
149.7,0.00163966187660934,1.76900042824914,1.88207654840133,0.309206724664818,0.459289266705475,0.884242525979475
149.8,0.00163976774489478,1.76900198805741,1.88210778728691,0.309211309437803,0.459283491975726,0.884248868900549
149.9,0.00163987351053863,1.76900354583563,1.88213898522626,0.309215888180767,0.459277724923588,0.884255203535358
150,0.00163997917367026,1.76900510158776,1.88217014229985,0.309220460905598,0.459271965533764,0.884261529900129
150.1,0.00164008473441895,1.76900665531774,1.88220125858792,0.309225027624152,0.45926621379099,0.884267848011044
150.2,0.00164019019291376,1.76900820702951,1.88223233417048,0.309229588348254,0.45926046968005,0.884274157884243
150.3,0.00164029554928366,1.76900975672701,1.88226336912737,0.309234143089701,0.459254733185763,0.884280459535825
150.4,0.00164040080365745,1.76901130441414,1.88229436353818,0.309238691860255,0.45924900429299,0.884286752981844
150.5,0.00164050595616375,1.76901285009483,1.88232531748231,0.30924323467165,0.459243282986633,0.884293038238317
150.6,0.00164061100693108,1.76901439377296,1.88235623103897,0.309247771535586,0.459237569251634,0.884299315321216
150.7,0.00164071595608784,1.76901593545242,1.88238710428714,0.309252302463738,0.459231863072972,0.884305584246473
150.8,0.00164082080376217,1.7690174751371,1.8824179373056,0.309256827467746,0.459226164435668,0.884311845029977
150.9,0.00164092555008221,1.76901901283087,1.88244873017293,0.309261346559219,0.459220473324782,0.884318097687577
151,0.00164103019517581,1.76902054853757,1.88247948296751,0.309265859749739,0.459214789725415,0.88432434223508
151.1,0.00164113473917081,1.76902208226106,1.88251019576749,0.309270367050856,0.459209113622704,0.884330578688255
151.2,0.00164123918219479,1.76902361400517,1.88254086865084,0.309274868474089,0.459203445001828,0.884336807062824
151.3,0.00164134352437522,1.76902514377374,1.88257150169534,0.309279364030929,0.459197783848005,0.884343027374477
151.4,0.00164144776583944,1.76902667157058,1.88260209497853,0.309283853732836,0.45919213014649,0.884349239638855
151.5,0.00164155190671462,1.7690281973995,1.88263264857778,0.309288337591242,0.459186483882579,0.884355443871563
151.6,0.00164165594712781,1.7690297212643,1.88266316257025,0.309292815617544,0.459180845041603,0.884361640088166
151.7,0.00164175988720588,1.76903124316877,1.8826936370329,0.309297287823114,0.459175213608937,0.884367828304186
151.8,0.00164186372707557,1.76903276311669,1.88272407204249,0.309301754219295,0.45916958956999,0.884374008535108
151.9,0.00164196746686344,1.76903428111183,1.88275446767557,0.309306214817398,0.459163972910211,0.884380180796374
152,0.00164207110669596,1.76903579715795,1.88278482400852,0.309310669628704,0.459158363615087,0.88438634510339
152.1,0.00164217464669941,1.76903731125879,1.88281514111749,0.30931511866447,0.459152761670142,0.884392501471519
152.2,0.00164227808699993,1.7690388234181,1.88284541907847,0.309319561935916,0.459147167060939,0.884398649916085
152.3,0.0016423814277235,1.76904033363961,1.88287565796722,0.309323999454239,0.459141579773082,0.884404790452375
152.4,0.00164248466899597,1.76904184192705,1.88290585785931,0.309328431230605,0.459135999792205,0.884410923095633
152.5,0.00164258781094303,1.76904334828411,1.88293601883014,0.309332857276152,0.459130427103984,0.884417047861066
152.6,0.00164269085369022,1.76904485271452,1.88296614095489,0.309337277601987,0.459124861694136,0.884423164763845
152.7,0.00164279379736293,1.76904635522195,1.88299622430856,0.309341692219191,0.459119303548408,0.884429273819096
152.8,0.00164289664208646,1.7690478558101,1.88302626896596,0.309346101138814,0.459113752652589,0.884435375041909
152.9,0.00164299938798581,1.76904935448263,1.88305627500168,0.30935050437188,0.459108208992504,0.884441468447335
153,0.00164310203518599,1.76905085124321,1.88308624249015,0.309354901929383,0.459102672554014,0.884447554050389
153.1,0.00164320458381177,1.7690523460955,1.8831161715056,0.309359293822287,0.459097143323018,0.884453631866044
153.2,0.0016433070339878,1.76905383904314,1.88314606212207,0.309363680061532,0.45909162128545,0.884459701909237
153.3,0.00164340938583861,1.76905533008978,1.8831759144134,0.309368060658027,0.459086106427283,0.884465764194866
153.4,0.00164351163948851,1.76905681923903,1.88320572845325,0.309372435622652,0.459080598734525,0.88447181873779
153.5,0.00164361379506169,1.76905830649452,1.88323550431509,0.309376804966262,0.45907509819322,0.884477865552831
153.6,0.00164371585268221,1.76905979185986,1.8832652420722,0.309381168699684,0.459069604789451,0.884483904654775
153.7,0.00164381781247398,1.76906127533864,1.88329494179768,0.309385526833713,0.459064118509332,0.884489936058367
153.8,0.00164391967456074,1.76906275693446,1.88332460356443,0.30938987937912,0.459058639339017,0.884495959778316
153.9,0.00164402143906605,1.76906423665089,1.88335422744517,0.309394226346648,0.459053167264696,0.884501975829295
154,0.00164412310611343,1.76906571449152,1.88338381351245,0.309398567747013,0.45904770227259,0.884507984225937
154.1,0.00164422467582611,1.7690671904599,1.8834133618386,0.309402903590902,0.459042244348961,0.884513984982839
154.2,0.00164432614832725,1.7690686645596,1.8834428724958,0.309407233888975,0.459036793480105,0.884519978114561
154.3,0.00164442752373985,1.76907013679415,1.88347234555603,0.309411558651865,0.459031349652354,0.884525963635627
154.4,0.00164452880218678,1.76907160716709,1.88350178109109,0.309415877890178,0.459025912852071,0.884531941560522
154.5,0.00164462998379067,1.76907307568195,1.88353117917259,0.309420191614492,0.459020483065662,0.884537911903696
154.6,0.00164473106867413,1.76907454234225,1.88356053987196,0.309424499835361,0.459015060279559,0.884543874679562
154.7,0.00164483205695952,1.7690760071515,1.88358986326047,0.309428802563309,0.459009644480236,0.884549829902495
154.8,0.00164493294876908,1.7690774701132,1.88361914940917,0.309433099808832,0.459004235654199,0.884555777586835
154.9,0.0016450337442249,1.76907893123085,1.88364839838897,0.309437391582405,0.458998833787989,0.884561717746888
155,0.00164513444344896,1.76908039050792,1.88367761027058,0.309441677894469,0.458993438868181,0.884567650396919
155.1,0.00164523504656299,1.76908184794789,1.88370678512452,0.309445958755445,0.458988050881385,0.88457357555116
155.2,0.00164533555368866,1.76908330355423,1.88373592302114,0.309450234175723,0.458982669814246,0.884579493223806
155.3,0.00164543596494746,1.76908475733039,1.88376502403064,0.30945450416567,0.458977295653445,0.884585403429018
155.4,0.00164553628046073,1.76908620927983,1.88379408822299,0.309458768735624,0.458971928385691,0.884591306180919
155.5,0.00164563650034964,1.76908765940598,1.88382311566803,0.309463027895897,0.458966567997733,0.884597201493597
155.6,0.00164573662473523,1.76908910771227,1.88385210643539,0.309467281656776,0.458961214476353,0.884603089381107
155.7,0.00164583665373838,1.76909055420214,1.88388106059455,0.309471530028523,0.458955867808365,0.884608969857464
155.8,0.00164593658747984,1.76909199887898,1.8839099782148,0.309475773021371,0.458950527980617,0.884614842936651
155.9,0.00164603642608019,1.76909344174621,1.88393885936526,0.309480010645528,0.45894519497999,0.884620708632615
156,0.00164613616965984,1.76909488280723,1.88396770411487,0.309484242911178,0.458939868793404,0.884626566959269
156.1,0.00164623581833908,1.76909632206542,1.8839965125324,0.309488469828479,0.458934549407803,0.884632417930489
156.2,0.00164633537223805,1.76909775952416,1.88402528468646,0.309492691407561,0.458929236810173,0.884638261560118
156.3,0.00164643483147674,1.76909919518683,1.88405402064545,0.30949690765853,0.458923930987529,0.884644097861964
156.4,0.00164653419617493,1.76910062905679,1.88408272047765,0.309501118591466,0.458918631926919,0.884649926849799
156.5,0.00164663346645235,1.76910206113739,1.88411138425112,0.309505324216425,0.458913339615424,0.884655748537362
156.6,0.00164673264242848,1.76910349143198,1.88414001203378,0.309509524543437,0.458908054040161,0.884661562938358
156.7,0.00164683172422272,1.7691049199439,1.88416860389338,0.309513719582506,0.458902775188275,0.884667370066455
156.8,0.00164693071195429,1.76910634667647,1.88419715989746,0.309517909343609,0.458897503046949,0.88467316993529
156.9,0.00164702960574228,1.76910777163303,1.88422568011346,0.309522093836703,0.458892237603392,0.884678962558465
157,0.00164712840570558,1.76910919481688,1.88425416460858,0.309526273071716,0.458886978844849,0.884684747949546
157.1,0.00164722711196296,1.76911061623132,1.8842826134499,0.309530447058553,0.458881726758602,0.884690526122068
157.2,0.00164732572463303,1.76911203587967,1.88431102670431,0.309534615807092,0.458876481331958,0.884696297089532
157.3,0.00164742424383433,1.76911345376519,1.88433940443854,0.309538779327187,0.458871242552258,0.884702060865402
157.4,0.00164752266968509,1.76911486989118,1.88436774671915,0.309542937628671,0.458866010406877,0.884707817463113
157.5,0.00164762100230352,1.76911628426091,1.88439605361254,0.309547090721345,0.458860784883221,0.884713566896065
157.6,0.00164771924180763,1.76911769687764,1.88442432518494,0.309551238614993,0.458855565968727,0.884719309177622
157.7,0.00164781738831525,1.76911910774462,1.88445256150241,0.30955538131937,0.458850353650867,0.884725044321118
157.8,0.00164791544194415,1.76912051686512,1.88448076263086,0.309559518844207,0.458845147917138,0.884730772339852
157.9,0.00164801340281186,1.76912192424235,1.88450892863601,0.309563651199213,0.458839948755076,0.884736493247093
158,0.00164811127103578,1.76912332987957,1.88453705958345,0.30956777839407,0.458834756152243,0.884742207056073
158.1,0.00164820904673319,1.76912473377999,1.88456515553858,0.309571900438438,0.458829570096235,0.884747913779994
158.2,0.00164830673002121,1.76912613594682,1.88459321656664,0.309576017341951,0.458824390574681,0.884753613432023
158.3,0.00164840432101675,1.76912753638329,1.88462124273272,0.309580129114221,0.458819217575238,0.884759306025297
158.4,0.00164850181983666,1.76912893509258,1.88464923410176,0.309584235764835,0.458814051085594,0.88476499157292
158.5,0.00164859922659759,1.76913033207789,1.8846771907385,0.309588337303354,0.458808891093469,0.884770670087961
158.6,0.00164869654141602,1.7691317273424,1.88470511270755,0.30959243373932,0.458803737586614,0.88477634158346
158.7,0.00164879376440836,1.76913312088929,1.88473300007335,0.309596525082247,0.458798590552811,0.884782006072421
158.8,0.00164889089569076,1.76913451272174,1.88476085290018,0.309600611341629,0.458793449979873,0.884787663567822
158.9,0.00164898793537929,1.76913590284289,1.88478867125217,0.309604692526933,0.45878831585564,0.884793314082603
159,0.00164908488358987,1.76913729125591,1.88481645519327,0.309608768647603,0.458783188167989,0.884798957629673
159.1,0.00164918174043823,1.76913867796394,1.8848442047873,0.309612839713061,0.458778066904822,0.884804594221913
159.2,0.00164927850603999,1.76914006297012,1.8848719200979,0.309616905732707,0.458772952054073,0.884810223872169
159.3,0.00164937518051058,1.76914144627758,1.88489960118857,0.309620966715913,0.458767843603706,0.884815846593255
159.4,0.00164947176396532,1.76914282788944,1.88492724812263,0.309625022672032,0.458762741541716,0.884821462397956
159.5,0.00164956825651934,1.76914420780881,1.88495486096327,0.309629073610394,0.458757645856126,0.884827071299023
159.6,0.00164966465828764,1.76914558603881,1.8849824397735,0.309633119540303,0.458752556534993,0.884832673309179
159.7,0.0016497609693851,1.76914696258253,1.8850099846162,0.309637160471041,0.458747473566399,0.884838268441112
159.8,0.0016498571899264,1.76914833744306,1.88503749555408,0.309641196411867,0.458742396938457,0.88484385670748
159.9,0.00164995332002609,1.7691497106235,1.8850649726497,0.309645227372021,0.458737326639312,0.884849438120912
160,0.00165004935979856,1.76915108212691,1.88509241596546,0.309649253360713,0.458732262657136,0.884855012694003
160.1,0.00165014530935806,1.76915245195637,1.8851198255636,0.309653274387136,0.458727204980133,0.88486058043932
160.2,0.00165024116881872,1.76915382011494,1.88514720150624,0.309657290460458,0.458722153596533,0.884866141369398
160.3,0.00165033693829443,1.76915518660567,1.88517454385531,0.309661301589827,0.458717108494598,0.88487169549674
160.4,0.00165043261789905,1.76915655143161,1.88520185267262,0.309665307784363,0.458712069662618,0.884877242833821
160.5,0.00165052820774617,1.7691579145958,1.8852291280198,0.30966930905317,0.45870703708891,0.884882783393084
160.6,0.00165062370794933,1.76915927610127,1.88525636995833,0.309673305405325,0.458702010761827,0.884888317186941
160.7,0.00165071911862186,1.76916063595105,1.88528357854957,0.309677296849884,0.458696990669744,0.884893844227775
160.8,0.00165081443987699,1.76916199414816,1.88531075385471,0.309681283395884,0.458691976801065,0.884899364527939
160.9,0.00165090967182771,1.7691633506956,1.88533789593479,0.309685265052333,0.458686969144227,0.884904878099754
161,0.00165100481458697,1.76916470559638,1.88536500485069,0.309689241828223,0.458681967687692,0.884910384955514
161.1,0.00165109986826753,1.76916605885349,1.88539208066316,0.309693213732522,0.458676972419954,0.88491588510748
161.2,0.00165119483298192,1.76916741046993,1.88541912343281,0.309697180774177,0.458671983329532,0.884921378567884
161.3,0.00165128970884263,1.76916876044866,1.88544613322006,0.30970114296211,0.458667000404975,0.884926865348931
161.4,0.00165138449596198,1.76917010879268,1.88547311008523,0.309705100305223,0.45866202363486,0.884932345462792
161.5,0.00165147919445211,1.76917145550494,1.88550005408847,0.309709052812398,0.458657053007793,0.884937818921611
161.6,0.00165157380442501,1.76917280058841,1.88552696528978,0.309713000492492,0.458652088512405,0.884943285737503
161.7,0.00165166832599255,1.76917414404603,1.88555384374903,0.309716943354344,0.45864713013736,0.884948745922552
161.8,0.00165176275926643,1.76917548588076,1.88558068952593,0.309720881406769,0.458642177871345,0.884954199488813
161.9,0.00165185710435817,1.76917682609552,1.88560750268004,0.309724814658561,0.458637231703079,0.884959646448313
162,0.00165195136137925,1.76917816469326,1.8856342832708,0.309728743118492,0.458632291621307,0.884965086813048
162.1,0.00165204553044088,1.76917950167689,1.8856610313575,0.309732666795313,0.4586273576148,0.884970520594988
162.2,0.00165213961165414,1.76918083704934,1.88568774699925,0.309736585697756,0.458622429672362,0.884975947806071
162.3,0.00165223360513006,1.7691821708135,1.88571443025505,0.309740499834528,0.458617507782816,0.884981368458206
162.4,0.0016523275109794,1.7691835029723,1.88574108118377,0.309744409214317,0.45861259193502,0.884986782563277
162.5,0.00165242132931285,1.76918483352861,1.88576769984411,0.30974831384579,0.458607682117854,0.884992190133135
162.6,0.00165251506024093,1.76918616248534,1.88579428629463,0.309752213737592,0.458602778320231,0.884997591179605
162.7,0.00165260870387399,1.76918748984535,1.88582084059375,0.309756108898347,0.458597880531086,0.885002985714483
162.8,0.00165270226032221,1.76918881561154,1.88584736279977,0.309759999336659,0.458592988739382,0.885008373749535
162.9,0.00165279572969573,1.76919013978677,1.88587385297082,0.309763885061112,0.458588102934112,0.885013755296502
163,0.00165288911210441,1.76919146237389,1.88590031116491,0.309767766080266,0.458583223104295,0.885019130367094
163.1,0.00165298240765804,1.76919278337576,1.8859267374399,0.309771642402663,0.458578349238973,0.885024498972992
163.2,0.00165307561646628,1.76919410279524,1.88595313185351,0.309775514036823,0.458573481327219,0.885029861125852
163.3,0.00165316873863859,1.76919542063515,1.88597949446333,0.309779380991248,0.458568619358131,0.8850352168373
163.4,0.00165326177428426,1.76919673689834,1.8860058253268,0.309783243274414,0.458563763320835,0.885040566118935
163.5,0.00165335472351254,1.76919805158764,1.88603212450123,0.309787100894783,0.45855891320448,0.885045908982328
163.6,0.0016534475864324,1.76919936470586,1.88605839204379,0.309790953860792,0.458554068998245,0.885051245439022
163.7,0.00165354036315277,1.76920067625581,1.8860846280115,0.30979480218086,0.458549230691334,0.885056575500532
163.8,0.00165363305378236,1.76920198624031,1.88611083246127,0.309798645863384,0.458544398272979,0.885061899178345
163.9,0.0016537256584298,1.76920329466216,1.88613700544985,0.309802484916743,0.458539571732434,0.885067216483923
164,0.00165381817720346,1.76920460152414,1.88616314703387,0.309806319349292,0.458534751058984,0.885072527428697
164.1,0.00165391061021172,1.76920590682905,1.8861892572698,0.309810149169372,0.458529936241936,0.885077832024075
164.2,0.00165400295756269,1.76920721057967,1.88621533621401,0.309813974385298,0.458525127270627,0.885083130281432
164.3,0.00165409521936439,1.76920851277876,1.8862413839227,0.309817795005367,0.458520324134415,0.885088422212122
164.4,0.00165418739572466,1.76920981342911,1.88626740045196,0.309821611037857,0.458515526822689,0.885093707827468
164.5,0.00165427948675121,1.76921111253346,1.88629338585774,0.309825422491027,0.45851073532486,0.885098987138768
164.6,0.00165437149255163,1.76921241009458,1.88631934019584,0.309829229373113,0.458505949630364,0.88510426015729
164.7,0.00165446341323329,1.7692137061152,1.88634526352196,0.309833031692334,0.458501169728667,0.885109526894278
164.8,0.00165455524890349,1.76921500059808,1.88637115589162,0.309836829456887,0.458496395609257,0.88511478736095
164.9,0.00165464699966936,1.76921629354594,1.88639701736026,0.309840622674952,0.458491627261648,0.885120041568495
165,0.00165473866563784,1.76921758496152,1.88642284798315,0.309844411354688,0.45848686467538,0.885125289528075
165.1,0.00165483024691581,1.76921887484753,1.88644864781544,0.309848195504235,0.458482107840017,0.885130531250828
165.2,0.00165492174360992,1.7692201632067,1.88647441691215,0.309851975131711,0.458477356745152,0.885135766747864
165.3,0.00165501315582673,1.76922145004172,1.88650015532817,0.309855750245221,0.458472611380397,0.885140996030268
165.4,0.0016551044836726,1.76922273535531,1.88652586311826,0.309859520852842,0.458467871735393,0.885146219109095
165.5,0.00165519572725384,1.76922401915015,1.88655154033704,0.309863286962639,0.458463137799805,0.885151435995378
165.6,0.00165528688667649,1.76922530142895,1.88657718703901,0.309867048582653,0.458458409563323,0.885156646700122
165.7,0.00165537796204652,1.76922658219437,1.88660280327854,0.309870805720909,0.458453687015664,0.885161851234306
165.8,0.00165546895346977,1.76922786144911,1.88662838910987,0.309874558385412,0.458448970146564,0.885167049608883
165.9,0.00165555986105189,1.76922913919582,1.8866539445871,0.309878306584147,0.45844425894579,0.885172241834781
166,0.00165565068489839,1.76923041543717,1.88667946976423,0.30988205032508,0.458439553403131,0.885177427922902
166.1,0.00165574142511466,1.76923169017583,1.8867049646951,0.30988578961616,0.458434853508399,0.88518260788412
166.2,0.00165583208180591,1.76923296341444,1.88673042943343,0.309889524465314,0.458430159251431,0.885187781729285
166.3,0.00165592265507725,1.76923423515565,1.88675586403284,0.309893254880455,0.45842547062209,0.885192949469223
166.4,0.00165601314503359,1.7692355054021,1.88678126854679,0.309896980869471,0.458420787610263,0.885198111114732
166.5,0.00165610355177979,1.76923677415642,1.88680664302863,0.309900702440237,0.458416110205862,0.885203266676585
166.6,0.00165619387542043,1.76923804142124,1.88683198753157,0.309904419600606,0.458411438398818,0.885208416165531
166.7,0.00165628411606005,1.76923930719918,1.88685730210872,0.309908132358412,0.458406772179093,0.885213559592292
166.8,0.00165637427380302,1.76924057149285,1.88688258681303,0.309911840721473,0.458402111536669,0.885218696967566
166.9,0.00165646434875351,1.76924183430487,1.88690784169737,0.309915544697587,0.458397456461553,0.885223828302026
167,0.00165655434101569,1.76924309563783,1.88693306681443,0.309919244294534,0.458392806943775,0.885228953606317
167.1,0.0016566442506934,1.76924435549434,1.88695826221683,0.309922939520075,0.45838816297339,0.885234072891065
167.2,0.00165673407789049,1.76924561387697,1.88698342795703,0.309926630381952,0.458383524540476,0.885239186166864
167.3,0.00165682382271056,1.76924687078832,1.88700856408738,0.309930316887891,0.458378891635135,0.885244293444287
167.4,0.00165691348525714,1.76924812623097,1.8870336706601,0.3099339990456,0.458374264247492,0.885249394733884
167.5,0.00165700306563355,1.76924938020749,1.8870587477273,0.309937676862765,0.458369642367696,0.885254490046176
167.6,0.00165709256394306,1.76925063272044,1.88708379534095,0.309941350347057,0.458365025985919,0.885259579391662
167.7,0.00165718198028868,1.76925188377238,1.88710881355292,0.309945019506127,0.458360415092358,0.885264662780815
167.8,0.0016572713147734,1.76925313336587,1.88713380241494,0.309948684347612,0.458355809677231,0.885269740224086
167.9,0.00165736056749993,1.76925438150346,1.88715876197863,0.309952344879127,0.45835120973078,0.885274811731898
168,0.001657449738571,1.76925562818768,1.88718369229547,0.309956001108269,0.458346615243271,0.885279877314653
168.1,0.00165753882808905,1.76925687342108,1.88720859341685,0.30995965304262,0.458342026204993,0.885284936982727
168.2,0.00165762783615643,1.76925811720619,1.88723346539401,0.309963300689743,0.458337442606256,0.88528999074647
168.3,0.00165771676287538,1.76925935954552,1.88725830827809,0.309966944057181,0.458332864437397,0.885295038616214
168.4,0.00165780560834798,1.76926060044161,1.88728312212011,0.309970583152463,0.45832829168877,0.88530008060226
168.5,0.00165789437267613,1.76926183989696,1.88730790697095,0.309974217983098,0.458323724350758,0.885305116714887
168.6,0.00165798305596164,1.76926307791407,1.88733266288139,0.309977848556577,0.45831916241376,0.885310146964352
168.7,0.00165807165830616,1.76926431449546,1.8873573899021,0.309981474880378,0.458314605868205,0.885315171360889
168.8,0.00165816017981116,1.76926554964361,1.88738208808359,0.309985096961954,0.458310054704542,0.885320189914703
168.9,0.00165824862057804,1.76926678336102,1.88740675747631,0.309988714808747,0.45830550891324,0.885325202635981
169,0.001658336980708,1.76926801565017,1.88743139813056,0.309992328428177,0.458300968484792,0.885330209534882
169.1,0.00165842526030213,1.76926924651354,1.88745601009651,0.30999593782765,0.458296433409714,0.885335210621544
169.2,0.00165851345946137,1.7692704759536,1.88748059342425,0.309999543014555,0.458291903678545,0.885340205906082
169.3,0.00165860157828649,1.76927170397282,1.88750514816371,0.310003143996261,0.458287379281844,0.885345195398584
169.4,0.0016586896168782,1.76927293057366,1.88752967436475,0.310006740780121,0.458282860210193,0.885350179109119
169.5,0.00165877757533695,1.76927415575857,1.88755417207707,0.310010333373471,0.458278346454199,0.885355157047729
169.6,0.00165886545376319,1.76927537953,1.8875786413503,0.310013921783629,0.458273838004485,0.885360129224436
169.7,0.00165895325225711,1.7692766018904,1.88760308223391,0.3100175060179,0.458269334851704,0.885365095649235
169.8,0.00165904097091879,1.76927782284221,1.88762749477729,0.310021086083565,0.458264836986524,0.885370056332102
169.9,0.00165912860984818,1.76927904238786,1.88765187902969,0.310024661987895,0.458260344399639,0.885375011282988
170,0.00165921616914515,1.76928026052978,1.88767623504027,0.310028233738141,0.458255857081764,0.88537996051182
170.1,0.00165930364890931,1.76928147727039,1.88770056285805,0.310031801341535,0.458251375023634,0.885384904028503
170.2,0.00165939104924023,1.7692826926121,1.88772486253197,0.310035364805295,0.458246898216006,0.885389841842921
170.3,0.00165947837023732,1.76928390655732,1.88774913411082,0.310038924136624,0.45824242664966,0.885394773964932
170.4,0.00165956561199977,1.76928511910847,1.8877733776433,0.310042479342704,0.458237960315399,0.885399700404373
170.5,0.00165965277462674,1.76928633026793,1.88779759317799,0.310046030430703,0.458233499204045,0.88540462117106
170.6,0.00165973985821722,1.76928754003811,1.88782178076336,0.310049577407771,0.45822904330644,0.88540953627478
170.7,0.00165982686287003,1.7692887484214,1.88784594044777,0.310053120281043,0.458224592613452,0.885414445725307
170.8,0.00165991378868383,1.76928995542017,1.88787007227947,0.310056659057637,0.458220147115968,0.885419349532386
170.9,0.00166000063575724,1.7692911610368,1.88789417630659,0.310060193744654,0.458215706804893,0.885424247705739
171,0.00166008740418863,1.76929236527367,1.88791825257717,0.310063724349179,0.458211271671159,0.885429140255072
171.1,0.00166017409407632,1.76929356813313,1.88794230113909,0.31006725087828,0.458206841705716,0.88543402719006
171.2,0.00166026070551841,1.76929476961757,1.88796632204019,0.31007077333901,0.458202416899536,0.885438908520365
171.3,0.00166034723861293,1.76929596972932,1.88799031532814,0.310074291738404,0.45819799724361,0.885443784255619
171.4,0.00166043369345776,1.76929716847075,1.88801428105054,0.310077806083483,0.458193582728953,0.885448654405436
171.5,0.00166052007015062,1.76929836584419,1.88803821925485,0.31008131638125,0.458189173346598,0.885453518979407
171.6,0.00166060636878908,1.76929956185198,1.88806212998845,0.310084822638693,0.458184769087601,0.885458377987103
171.7,0.0016606925894706,1.76930075649647,1.88808601329859,0.310088324862782,0.458180369943037,0.88546323143807
171.8,0.00166077873229248,1.76930194977997,1.88810986923242,0.310091823060474,0.458175975904004,0.885468079341832
171.9,0.00166086479735196,1.76930314170482,1.88813369783699,0.310095317238707,0.458171586961619,0.885472921707896
172,0.00166095078474598,1.76930433227333,1.88815749915921,0.310098807404405,0.45816720310702,0.885477758545742
172.1,0.00166103669457152,1.76930552148781,1.88818127324594,0.310102293564476,0.458162824331365,0.885482589864832
172.2,0.00166112252692533,1.76930670935058,1.88820502014387,0.310105775725811,0.458158450625834,0.885487415674603
172.3,0.00166120828190403,1.76930789586393,1.88822873989962,0.310109253895286,0.458154081981625,0.885492235984474
172.4,0.0016612939596041,1.76930908103017,1.88825243255971,0.310112728079762,0.458149718389959,0.88549705080384
172.5,0.00166137956012192,1.76931026485158,1.88827609817052,0.310116198286083,0.458145359842073,0.885501860142075
172.6,0.00166146508355368,1.76931144733045,1.88829973677835,0.310119664521078,0.458141006329231,0.885506664008534
172.7,0.00166155052999549,1.76931262846908,1.8883233484294,0.310123126791558,0.458136657842712,0.885511462412548
172.8,0.00166163589954327,1.76931380826972,1.88834693316974,0.310126585104324,0.458132314373817,0.885516255363428
172.9,0.00166172119229286,1.76931498673466,1.88837049104534,0.310130039466157,0.458127975913866,0.885521042870463
173,0.00166180640833991,1.76931616386616,1.88839402210209,0.310133489883822,0.4581236424542,0.885525824942922
173.1,0.00166189154778001,1.76931733966648,1.88841752638576,0.310136936364071,0.458119313986179,0.885530601590053
173.2,0.00166197661070848,1.76931851413788,1.888441003942,0.31014037891364,0.458114990501183,0.885535372821081
173.3,0.00166206159722063,1.76931968728261,1.88846445481638,0.310143817539249,0.458110671990614,0.885540138645213
173.4,0.00166214650741159,1.76932085910291,1.88848787905435,0.310147252247604,0.45810635844589,0.885544899071633
173.5,0.00166223134137636,1.76932202960103,1.88851127670127,0.310150683045394,0.458102049858454,0.885549654109505
173.6,0.00166231609920981,1.76932319877921,1.8885346478024,0.310154109939293,0.458097746219762,0.885554403767974
173.7,0.00166240078100665,1.76932436663967,1.88855799240287,0.310157532935962,0.458093447521296,0.885559148056161
173.8,0.00166248538686148,1.76932553318464,1.88858131054774,0.310160952042044,0.458089153754552,0.885563886983167
173.9,0.00166256991686876,1.76932669841634,1.88860460228196,0.310164367264169,0.458084864911049,0.885568620558076
174,0.00166265437112281,1.76932786233698,1.88862786765035,0.310167778608949,0.458080580982325,0.885573348789946
174.1,0.00166273874971784,1.76932902494879,1.88865110669767,0.310171186082986,0.458076301959937,0.885578071687819
174.2,0.00166282305274791,1.76933018625396,1.88867431946855,0.310174589692863,0.458072027835461,0.885582789260716
174.3,0.00166290728030687,1.76933134625469,1.88869750600754,0.310177989445148,0.458067758600492,0.885587501517635
174.4,0.00166299143248858,1.76933250495319,1.88872066635906,0.310181385346396,0.458063494246645,0.885592208467556
174.5,0.00166307550938665,1.76933366235164,1.88874380056747,0.310184777403149,0.458059234765555,0.88559691011944
174.6,0.00166315951109466,1.76933481845222,1.888766908677,0.310188165621928,0.458054980148873,0.885601606482224
174.7,0.00166324343770594,1.76933597325713,1.88878999073178,0.310191550009245,0.458050730388273,0.885606297564828
174.8,0.00166332728931376,1.76933712676853,1.88881304677587,0.310194930571594,0.458046485475446,0.885610983376151
174.9,0.00166341106601129,1.76933827898861,1.88883607685318,0.310198307315457,0.458042245402101,0.885615663925071
175,0.00166349476789145,1.76933942991952,1.88885908100757,0.310201680247298,0.458038010159967,0.885620339220448
175.1,0.00166357839504714,1.76934057956342,1.88888205928278,0.310205049373571,0.458033779740792,0.885625009271121
175.2,0.00166366194757103,1.76934172792248,1.88890501172245,0.31020841470071,0.458029554136342,0.88562967408591
175.3,0.00166374542555577,1.76934287499885,1.88892793837013,0.310211776235139,0.458025333338403,0.885634333673614
175.4,0.00166382882909379,1.76934402079467,1.88895083926926,0.310215133983266,0.458021117338778,0.885638988043013
175.5,0.00166391215827744,1.76934516531208,1.8889737144632,0.310218487951483,0.458016906129291,0.885643637202868
175.6,0.00166399541319888,1.76934630855324,1.8889965639952,0.31022183814617,0.458012699701783,0.885648281161918
175.7,0.00166407859395019,1.76934745052026,1.88901938790842,0.310225184573691,0.458008498048112,0.885652919928886
175.8,0.00166416170062329,1.76934859121527,1.88904218624591,0.310228527240396,0.458004301160157,0.885657553512472
175.9,0.00166424473331001,1.76934973064041,1.88906495905064,0.310231866152623,0.458000109029816,0.88566218192136
176,0.00166432769210198,1.76935086879778,1.88908770636548,0.310235201316692,0.457995921649001,0.885666805164212
176.1,0.00166441057709079,1.76935200568951,1.88911042823319,0.31023853273891,0.457991739009648,0.885671423249671
176.2,0.00166449338836781,1.7693531413177,1.88913312469646,0.310241860425574,0.457987561103706,0.885676036186362
176.3,0.00166457612602432,1.76935427568446,1.88915579579785,0.310245184382961,0.457983387923145,0.885680643982889
176.4,0.00166465879015147,1.76935540879189,1.88917844157987,0.310248504617335,0.457979219459955,0.885685246647839
176.5,0.00166474138084025,1.76935654064208,1.88920106208488,0.310251821134949,0.457975055706141,0.885689844189778
176.6,0.0016648238981816,1.76935767123712,1.8892236573552,0.310255133942041,0.457970896653725,0.885694436617255
176.7,0.00166490634226621,1.76935880057911,1.88924622743303,0.310258443044834,0.457966742294751,0.885699023938798
176.8,0.00166498871318479,1.76935992867012,1.88926877236046,0.310261748449536,0.45796259262128,0.885703606162916
176.9,0.00166507101102772,1.76936105551222,1.88929129217952,0.310265050162344,0.457958447625386,0.885708183298101
177,0.00166515323588543,1.7693621811075,1.88931378693212,0.31026834818944,0.457954307299168,0.885712755352823
177.1,0.00166523538784815,1.76936330545802,1.8893362566601,0.310271642536991,0.457950171634738,0.885717322335539
177.2,0.001665317467006,1.76936442856584,1.88935870140517,0.310274933211152,0.457946040624228,0.885721884254679
177.3,0.00166539947344894,1.76936555043302,1.88938112120899,0.310278220218062,0.457941914259785,0.885726441118662
177.4,0.00166548140726683,1.76936667106162,1.8894035161131,0.31028150356385,0.457937792533577,0.885730992935884
177.5,0.00166556326854935,1.76936779045368,1.88942588615896,0.310284783254628,0.45793367543779,0.885735539714723
177.6,0.00166564505738615,1.76936890861126,1.88944823138794,0.310288059296497,0.457929562964623,0.88574008146354
177.7,0.00166572677386662,1.76937002553638,1.8894705518413,0.310291331695541,0.457925455106296,0.885744618190677
177.8,0.00166580841808015,1.76937114123109,1.88949284756023,0.310294600457832,0.457921351855046,0.885749149904456
177.9,0.00166588999011592,1.76937225569742,1.88951511858581,0.310297865589431,0.457917253203125,0.885753676613181
178,0.00166597149006303,1.7693733689374,1.88953736495905,0.310301127096384,0.457913159142808,0.885758198325141
178.1,0.00166605291801038,1.76937448095305,1.88955958672085,0.310304384984721,0.457909069666382,0.885762715048602
178.2,0.00166613427404685,1.76937559174638,1.88958178391203,0.310307639260461,0.457904984766152,0.885767226791815
178.3,0.00166621555826108,1.76937670131941,1.88960395657332,0.310310889929612,0.457900904434443,0.88577173356301
178.4,0.00166629677074165,1.76937780967416,1.88962610474536,0.310314136998163,0.457896828663594,0.885776235370404
178.5,0.00166637791157703,1.76937891681262,1.88964822846869,0.310317380472095,0.457892757445964,0.885780732222188
178.6,0.0016664589808555,1.76938002273679,1.88967032778377,0.310320620357372,0.457888690773926,0.885785224126543
178.7,0.00166653997866525,1.76938112744868,1.88969240273097,0.310323856659948,0.45788462863987,0.885789711091628
178.8,0.00166662090509437,1.76938223095027,1.88971445335058,0.310327089385762,0.457880571036209,0.885794193125583
178.9,0.00166670176023071,1.76938333324355,1.88973647968277,0.310330318540739,0.457876517955365,0.885798670236533
179,0.00166678254416214,1.76938443433051,1.88975848176766,0.310333544130792,0.457872469389781,0.885803142432582
179.1,0.00166686325697632,1.76938553421312,1.88978045964526,0.310336766161823,0.457868425331918,0.885807609721821
179.2,0.0016669438987608,1.76938663289336,1.8898024133555,0.310339984639717,0.457864385774248,0.885812072112318
179.3,0.00166702446960299,1.7693877303732,1.88982434293821,0.31034319957035,0.457860350709268,0.885816529612126
179.4,0.00166710496959026,1.7693888266546,1.88984624843315,0.31034641095958,0.457856320129484,0.885820982229281
179.5,0.00166718539880969,1.76938992173953,1.88986812987998,0.310349618813259,0.457852294027424,0.8858254299718
179.6,0.00166726575734835,1.76939101562994,1.88988998731828,0.310352823137219,0.457848272395631,0.885829872847683
179.7,0.00166734604529319,1.76939210832779,1.88991182078753,0.310356023937285,0.457844255226662,0.885834310864911
179.8,0.00166742626273102,1.76939319983502,1.88993363032715,0.310359221219265,0.457840242513094,0.885838744031452
179.9,0.00166750640974847,1.76939429015358,1.88995541597645,0.310362414988957,0.457836234247519,0.88584317235525
180,0.00166758648643213,1.76939537928541,1.88997717777465,0.310365605252144,0.457832230422545,0.885847595844237
180.1,0.00166766649286839,1.76939646723245,1.88999891576092,0.310368792014599,0.457828231030798,0.885852014506326
180.2,0.00166774642914355,1.76939755399662,1.8900206299743,0.31037197528208,0.457824236064917,0.885856428349412
180.3,0.00166782629534379,1.76939863957986,1.89004232045377,0.310375155060333,0.457820245517562,0.885860837381374
180.4,0.00166790609155516,1.76939972398409,1.89006398723822,0.310378331355092,0.457816259381406,0.885865241610073
180.5,0.00166798581786359,1.76940080721122,1.89008563036646,0.310381504172078,0.457812277649139,0.885869641043353
180.6,0.00166806547435488,1.76940188926318,1.8901072498772,0.310384673517,0.457808300313466,0.88587403568904
180.7,0.00166814506111471,1.76940297014188,1.89012884580908,0.310387839395553,0.45780432736711,0.885878425554947
180.8,0.00166822457822863,1.76940404984921,1.89015041820065,0.310391001813422,0.45780035880281,0.885882810648864
180.9,0.00166830402578206,1.76940512838709,1.89017196709037,0.310394160776277,0.457796394613318,0.885887190978569
181,0.00166838340386032,1.76940620575741,1.89019349251664,0.310397316289777,0.457792434791405,0.88589156655182
181.1,0.00166846271254858,1.76940728196207,1.89021499451775,0.310400468359569,0.457788479329858,0.885895937376361
181.2,0.00166854195193192,1.76940835700296,1.89023647313192,0.310403616991286,0.457784528221479,0.885900303459916
181.3,0.00166862112209529,1.76940943088196,1.89025792839728,0.310406762190552,0.457780581459084,0.885904664810194
181.4,0.00166870022312348,1.76941050360096,1.89027936035188,0.310409903962976,0.45777663903551,0.885909021434889
181.5,0.00166877925510116,1.76941157516183,1.89030076903369,0.310413042314153,0.457772700943603,0.885913373341675
181.6,0.00166885821811296,1.76941264556645,1.89032215448059,0.310416177249671,0.457768767176229,0.885917720538211
181.7,0.00166893711224327,1.76941371481669,1.89034351673039,0.310419308775101,0.45776483772627,0.885922063032138
181.8,0.00166901593757645,1.76941478291441,1.89036485582081,0.310422436896005,0.457760912586621,0.885926400831085
181.9,0.00166909469419675,1.76941584986148,1.89038617178949,0.310425561617933,0.457756991750194,0.885930733942659
182,0.00166917338218818,1.76941691565975,1.89040746467399,0.31042868294642,0.457753075209916,0.885935062374454
182.1,0.00166925200163471,1.76941798031109,1.89042873451178,0.310431800886991,0.457749162958731,0.885939386134046
182.2,0.0016693305526202,1.76941904381733,1.89044998134026,0.31043491544516,0.457745254989598,0.885943705228994
182.3,0.00166940903522836,1.76942010618033,1.89047120519675,0.310438026626426,0.457741351295488,0.885948019666844
182.4,0.00166948744954279,1.76942116740192,1.89049240611848,0.31044113443628,0.457737451869394,0.885952329455124
182.5,0.001669565795647,1.76942222748395,1.89051358414259,0.310444238880198,0.457733556704317,0.885956634601342
182.6,0.00166964407362429,1.76942328642825,1.89053473930618,0.310447339963645,0.457729665793279,0.885960935112996
182.7,0.00166972228355793,1.76942434423665,1.89055587164623,0.310450437692075,0.457725779129313,0.885965230997565
182.8,0.00166980042553103,1.76942540091098,1.89057698119964,0.310453532070928,0.457721896705471,0.88596952226251
182.9,0.00166987849962658,1.76942645645305,1.89059806800327,0.310456623105635,0.457718018514818,0.88597380891528
183,0.00166995650592745,1.76942751086469,1.89061913209386,0.310459710801615,0.457714144550434,0.885978090963306
183.1,0.00167003444451643,1.76942856414772,1.89064017350809,0.310462795164273,0.457710274805414,0.885982368414002
183.2,0.00167011231547612,1.76942961630393,1.89066119228256,0.310465876199003,0.45770640927287,0.885986641274767
183.3,0.00167019011888905,1.76943066733515,1.89068218845377,0.31046895391119,0.457702547945926,0.885990909552985
183.4,0.00167026785483762,1.76943171724317,1.89070316205819,0.310472028306205,0.457698690817723,0.885995173256024
183.5,0.00167034552340408,1.76943276602979,1.89072411313216,0.310475099389407,0.457694837881417,0.885999432391234
183.6,0.00167042312467065,1.76943381369681,1.89074504171196,0.310478167166145,0.457690989130177,0.886003686965952
183.7,0.0016705006587193,1.76943486024601,1.89076594783381,0.310481231641756,0.457687144557191,0.886007936987498
183.8,0.001670578125632,1.7694359056792,1.89078683153384,0.310484292821564,0.457683304155656,0.886012182463177
183.9,0.00167065552549052,1.76943694999814,1.89080769284808,0.310487350710885,0.457679467918787,0.886016423400277
184,0.00167073285837655,1.76943799320462,1.89082853181252,0.31049040531502,0.457675635839814,0.886020659806072
184.1,0.00167081012437169,1.76943903530042,1.89084934846305,0.310493456639261,0.45767180791198,0.886024891687818
184.2,0.00167088732355732,1.76944007628731,1.8908701428355,0.310496504688888,0.457667984128546,0.886029119052761
184.3,0.00167096445601485,1.76944111616706,1.8908909149656,0.310499549469168,0.457664164482783,0.886033341908125
184.4,0.00167104152182544,1.76944215494143,1.89091166488901,0.310502590985359,0.45766034896798,0.886037560261122
184.5,0.0016711185210702,1.76944319261219,1.89093239264134,0.310505629242707,0.457656537577438,0.886041774118949
184.6,0.0016711954538301,1.76944422918109,1.89095309825809,0.310508664246447,0.457652730304475,0.886045983488786
184.7,0.00167127232018599,1.76944526464988,1.89097378177471,0.310511696001801,0.457648927142422,0.886050188377799
184.8,0.00167134912021864,1.76944629902032,1.89099444322654,0.310514724513982,0.457645128084624,0.886054388793137
184.9,0.00167142585400864,1.76944733229415,1.8910150826489,0.310517749788192,0.45764133312444,0.886058584741937
185,0.00167150252163656,1.76944836447311,1.89103570007697,0.31052077182962,0.457637542255246,0.886062776231317
185.1,0.00167157912318271,1.76944939555895,1.8910562955459,0.310523790643445,0.457633755470431,0.886066963268383
185.2,0.00167165565872745,1.7694504255534,1.89107686909076,0.310526806234835,0.457629972763398,0.886071145860225
185.3,0.00167173212835088,1.76945145445819,1.89109742074653,0.310529818608948,0.457626194127561,0.886075324013917
185.4,0.00167180853213304,1.76945248227505,1.89111795054813,0.310532827770929,0.457622419556353,0.886079497736518
185.5,0.00167188487015391,1.7694535090057,1.89113845853038,0.310535833725911,0.457618649043218,0.886083667035073
185.6,0.00167196114249324,1.76945453465186,1.89115894472807,0.31053883647902,0.457614882581619,0.886087831916613
185.7,0.00167203734923077,1.76945555921526,1.89117940917587,0.310541836035368,0.457611120165026,0.886091992388152
185.8,0.00167211349044608,1.7694565826976,1.89119985190841,0.310544832400058,0.457607361786927,0.886096148456689
185.9,0.0016721895662186,1.76945760510059,1.89122027296024,0.310547825578182,0.457603607440823,0.88610030012921
186,0.00167226557662767,1.76945862642594,1.89124067236581,0.310550815574819,0.45759985712023,0.886104447412687
186.1,0.00167234152175261,1.76945964667536,1.89126105015953,0.310553802395038,0.457596110818679,0.886108590314073
186.2,0.00167241740167243,1.76946066585054,1.89128140637574,0.310556786043899,0.457592368529709,0.886112728840311
186.3,0.00167249321646621,1.76946168395317,1.89130174104866,0.310559766526452,0.45758863024688,0.886116862998326
186.4,0.00167256896621286,1.76946270098495,1.8913220542125,0.310562743847731,0.457584895963762,0.886120992795032
186.5,0.00167264465099107,1.76946371694758,1.89134234590134,0.310565718012765,0.45758116567394,0.886125118237323
186.6,0.00167272027087954,1.76946473184272,1.89136261614924,0.310568689026569,0.45757743937101,0.886129239332084
186.7,0.00167279582595684,1.76946574567206,1.89138286499016,0.31057165689415,0.457573717048586,0.886133356086182
186.8,0.00167287131630139,1.76946675843729,1.89140309245798,0.310574621620501,0.457569998700293,0.886137468506473
186.9,0.00167294674199151,1.76946777014007,1.89142329858652,0.310577583210607,0.457566284319769,0.886141576599793
187,0.00167302210310543,1.76946878078208,1.89144348340955,0.310580541669443,0.457562573900667,0.886145680372969
187.1,0.0016730973997212,1.76946979036498,1.89146364696072,0.310583497001971,0.457558867436654,0.88614977983281
187.2,0.0016731726319168,1.76947079889044,1.89148378927366,0.310586449213144,0.457555164921409,0.886153874986114
187.3,0.00167324779977016,1.76947180636012,1.89150391038189,0.310589398307906,0.457551466348625,0.886157965839663
187.4,0.00167332290335894,1.76947281277567,1.89152401031889,0.310592344291185,0.457547771712009,0.886162052400222
187.5,0.00167339794276087,1.76947381813874,1.89154408911805,0.310595287167906,0.457544081005282,0.886166134674549
187.6,0.00167347291805343,1.769474822451,1.89156414681269,0.31059822694298,0.457540394222175,0.886170212669379
187.7,0.00167354782931405,1.76947582571407,1.89158418343607,0.310601163621306,0.457536711356435,0.88617428639144
187.8,0.00167362267662003,1.76947682792961,1.89160419902138,0.310604097207775,0.457533032401823,0.886178355847442
187.9,0.00167369746004857,1.76947782909926,1.89162419360172,0.310607027707269,0.457529357352111,0.886182421044082
188,0.00167377217967673,1.76947882922465,1.89164416721016,0.310609955124655,0.457525686201087,0.886186481988045
188.1,0.0016738468355815,1.76947982830742,1.89166411987965,0.310612879464795,0.457522018942549,0.886190538685999
188.2,0.00167392142783973,1.76948082634919,1.89168405164312,0.310615800732537,0.45751835557031,0.886194591144598
188.3,0.0016739959565282,1.76948182335158,1.8917039625334,0.310618718932722,0.457514696078196,0.886198639370485
188.4,0.00167407042172345,1.76948281931623,1.89172385258326,0.310621634070178,0.457511040460046,0.886202683370288
188.5,0.0016741448235021,1.76948381424475,1.8917437218254,0.310624546149723,0.457507388709712,0.886206723150618
188.6,0.0016742191619405,1.76948480813876,1.89176357029246,0.310627455176167,0.457503740821057,0.886210758718077
188.7,0.00167429343711498,1.76948580099987,1.891783398017,0.31063036115431,0.457500096787961,0.88621479007925
188.8,0.00167436764910173,1.76948679282968,1.89180320503151,0.310633264088938,0.457496456604314,0.88621881724071
188.9,0.00167444179797686,1.76948778362981,1.89182299136844,0.310636163984833,0.457492820264018,0.886222840209016
189,0.00167451588381625,1.76948877340186,1.89184275706013,0.310639060846761,0.457489187760994,0.886226858990712
189.1,0.00167458990669583,1.76948976214742,1.89186250213889,0.310641954679482,0.457485559089168,0.886230873592331
189.2,0.00167466386669134,1.7694907498681,1.89188222663693,0.310644845487745,0.457481934242482,0.886234884020389
189.3,0.0016747377638784,1.76949173656547,1.89190193058642,0.310647733276288,0.457478313214892,0.886238890281391
189.4,0.00167481159833255,1.76949272224114,1.89192161401946,0.310650618049841,0.457474696000366,0.886242892381829
189.5,0.00167488537012922,1.76949370689669,1.89194127696806,0.310653499813122,0.457471082592882,0.886246890328178
189.6,0.00167495907934371,1.7694946905337,1.89196091946419,0.310656378570842,0.457467472986436,0.886250884126904
189.7,0.00167503272605122,1.76949567315375,1.89198054153974,0.310659254327699,0.457463867175033,0.886254873784456
189.8,0.00167510631032684,1.76949665475842,1.89200014322654,0.310662127088383,0.45746026515269,0.886258859307273
189.9,0.00167517983224556,1.76949763534928,1.89201972455634,0.310664996857575,0.457456666913438,0.886262840701777
190,0.00167525329188224,1.7694986149279,1.89203928556085,0.310667863639943,0.457453072451322,0.886266817974378
190.1,0.00167532668931167,1.76949959349584,1.89205882627168,0.31067072744015,0.457449481760396,0.886270791131476
190.2,0.00167540002460853,1.76950057105467,1.89207834672041,0.310673588262844,0.457445894834728,0.886274760179452
190.3,0.00167547329784731,1.76950154760595,1.89209784693853,0.310676446112668,0.4574423116684,0.886278725124679
190.4,0.00167554650910247,1.76950252315123,1.89211732695747,0.310679300994254,0.457438732255506,0.886282685973513
190.5,0.00167561965844836,1.76950349769207,1.89213678680861,0.310682152912223,0.457435156590151,0.8862866427323
190.6,0.00167569274595922,1.76950447123002,1.89215622652323,0.310685001871186,0.45743158466645,0.88629059540737
190.7,0.0016757657717091,1.76950544376663,1.89217564613258,0.310687847875747,0.457428016478538,0.886294544005042
190.8,0.00167583873577211,1.76950641530344,1.89219504566785,0.3106906909305,0.457424452020552,0.886298488531621
190.9,0.00167591163822204,1.76950738584198,1.89221442516012,0.310693531040028,0.457420891286651,0.8863024289934
191,0.00167598447913277,1.76950835538381,1.89223378464045,0.310696368208903,0.457417334271,0.886306365396658
191.1,0.00167605725857795,1.76950932393044,1.89225312413982,0.310699202441693,0.457413780967779,0.886310297747662
191.2,0.0016761299766312,1.76951029148342,1.89227244368914,0.310702033742951,0.457410231371178,0.886314226052664
191.3,0.00167620263336595,1.76951125804427,1.89229174331927,0.310704862117224,0.457406685475401,0.886318150317906
191.4,0.0016762752288556,1.76951222361452,1.89231102306099,0.310707687569048,0.457403143274664,0.886322070549616
191.5,0.00167634776317339,1.76951318819569,1.89233028294504,0.310710510102949,0.457399604763193,0.886325986754009
191.6,0.00167642023639249,1.76951415178929,1.89234952300207,0.310713329723447,0.457396069935228,0.886329898937286
191.7,0.00167649264858594,1.76951511439685,1.89236874326269,0.310716146435048,0.45739253878502,0.886333807105638
191.8,0.00167656499982672,1.76951607601987,1.89238794375742,0.310718960242254,0.457389011306834,0.886337711265241
191.9,0.00167663729018761,1.76951703665986,1.89240712451675,0.310721771149552,0.457385487494944,0.88634161142226
192,0.00167670951974141,1.76951799631834,1.89242628557109,0.310724579161423,0.457381967343638,0.886345507582846
192.1,0.00167678168856063,1.7695189549968,1.89244542695078,0.310727384282339,0.457378450847214,0.886349399753139
192.2,0.00167685379671796,1.76951991269674,1.89246454868611,0.310730186516763,0.457374937999985,0.886353287939264
192.3,0.00167692584428569,1.76952086941967,1.89248365080731,0.310732985869147,0.45737142879627,0.886357172147336
192.4,0.00167699783133617,1.76952182516707,1.89250273334453,0.310735782343934,0.457367923230407,0.886361052383455
192.5,0.00167706975794161,1.76952277994044,1.89252179632787,0.310738575945561,0.45736442129674,0.886364928653711
192.6,0.00167714162417409,1.76952373374127,1.89254083978739,0.31074136667845,0.457360922989629,0.886368800964182
192.7,0.00167721343010565,1.76952468657103,1.89255986375305,0.310744154547021,0.457357428303441,0.886372669320929
192.8,0.00167728517580819,1.76952563843121,1.89257886825476,0.310746939555681,0.457353937232559,0.886376533730004
192.9,0.00167735686135343,1.7695265893233,1.89259785332239,0.310749721708826,0.457350449771376,0.88638039419745
193,0.00167742848681311,1.76952753924876,1.89261681898573,0.310752501010848,0.457346965914296,0.88638425072929
193.1,0.00167750005225878,1.76952848820907,1.89263576527451,0.310755277466125,0.457343485655735,0.886388103331541
193.2,0.00167757155776195,1.76952943620571,1.89265469221841,0.310758051079029,0.45734000899012,0.886391952010205
193.3,0.00167764300339398,1.76953038324012,1.89267359984702,0.310760821853924,0.457336535911892,0.886395796771272
193.4,0.00167771438922616,1.76953132931379,1.89269248818992,0.310763589795163,0.457333066415499,0.886399637620719
193.5,0.0016777857153296,1.76953227442817,1.89271135727658,0.310766354907091,0.457329600495404,0.886403474564515
193.6,0.00167785698177541,1.76953321858472,1.89273020713643,0.310769117194041,0.457326138146081,0.88640730760861
193.7,0.00167792818863455,1.7695341617849,1.89274903779886,0.310771876660343,0.457322679362013,0.88641113675895
193.8,0.00167799933597787,1.76953510403015,1.89276784929317,0.310774633310314,0.457319224137699,0.886414962021461
193.9,0.00167807042387611,1.76953604532192,1.89278664164861,0.310777387148264,0.457315772467644,0.886418783402063
194,0.00167814145239998,1.76953698566167,1.89280541489437,0.310780138178492,0.457312324346368,0.88642260090666
194.1,0.00167821242161998,1.76953792505084,1.89282416905959,0.31078288640529,0.457308879768399,0.886426414541147
194.2,0.00167828333160656,1.76953886349086,1.89284290417334,0.310785631832943,0.457305438728281,0.886430224311405
194.3,0.00167835418243006,1.76953980098317,1.89286162026463,0.310788374465722,0.457302001220565,0.886434030223303
194.4,0.00167842497416076,1.76954073752921,1.89288031736242,0.310791114307896,0.457298567239815,0.886437832282701
194.5,0.00167849570686878,1.76954167313042,1.89289899549561,0.310793851363719,0.457295136780604,0.886441630495443
194.6,0.00167856638062417,1.76954260778821,1.89291765469303,0.310796585637442,0.45729170983752,0.886445424867365
194.7,0.00167863699549688,1.76954354150401,1.89293629498347,0.310799317133302,0.45728828640516,0.886449215404289
194.8,0.00167870755155671,1.76954447427926,1.89295491639565,0.31080204585553,0.457284866478131,0.886453002112024
194.9,0.00167877804887343,1.76954540611536,1.89297351895822,0.310804771808351,0.457281450051052,0.886456784996372
195,0.00167884848751668,1.76954633701374,1.8929921026998,0.310807494995976,0.457278037118553,0.886460564063117
195.1,0.00167891886755599,1.76954726697581,1.89301066764893,0.310810215422613,0.457274627675276,0.886464339318037
195.2,0.00167898918906077,1.76954819600298,1.8930292138341,0.310812933092457,0.457271221715873,0.886468110766895
195.3,0.00167905945210041,1.76954912409666,1.89304774128375,0.310815648009695,0.457267819235006,0.886471878415444
195.4,0.00167912965674409,1.76955005125826,1.89306625002625,0.31081836017851,0.45726442022735,0.886475642269423
195.5,0.00167919980306096,1.76955097748918,1.89308474008992,0.310821069603072,0.457261024687588,0.886479402334564
195.6,0.00167926989112006,1.76955190279082,1.89310321150301,0.310823776287543,0.457257632610417,0.886483158616583
195.7,0.00167933992099032,1.76955282716458,1.89312166429374,0.310826480236078,0.457254243990542,0.886486911121185
195.8,0.00167940989274059,1.76955375061185,1.89314009849024,0.310829181452824,0.457250858822683,0.886490659854067
195.9,0.00167947980643961,1.76955467313402,1.89315851412061,0.310831879941917,0.457247477101565,0.886494404820911
196,0.00167954966215596,1.76955559473249,1.89317691121288,0.310834575707487,0.457244098821927,0.886498146027389
196.1,0.00167961945995824,1.76955651540864,1.89319528979503,0.310837268753656,0.457240723978519,0.886501883479162
196.2,0.00167968919991485,1.76955743516386,1.89321364989498,0.310839959084537,0.457237352566101,0.886505617181879
196.3,0.00167975888209413,1.76955835399952,1.8932319915406,0.310842646704232,0.457233984579443,0.886509347141176
196.4,0.00167982850656435,1.769559271917,1.89325031475968,0.310845331616839,0.457230620013327,0.886513073362683
196.5,0.00167989807339361,1.76956018891768,1.89326861957999,0.310848013826445,0.457227258862544,0.886516795852012
196.6,0.00167996758264997,1.76956110500293,1.89328690602923,0.310850693337131,0.457223901121897,0.886520514614768
196.7,0.00168003703440139,1.76956202017413,1.89330517413503,0.310853370152967,0.457220546786201,0.886524229656545
196.8,0.00168010642871569,1.76956293443263,1.89332342392498,0.310856044278018,0.457217195850275,0.886527940982923
196.9,0.00168017576566062,1.7695638477798,1.8933416554266,0.310858715716338,0.457213848308957,0.886531648599472
197,0.00168024504530384,1.76956476021701,1.89335986866739,0.310861384471974,0.457210504157091,0.886535352511754
197.1,0.00168031426771289,1.76956567174561,1.89337806367475,0.310864050548964,0.457207163389528,0.886539052725314
197.2,0.00168038343295526,1.76956658236696,1.89339624047606,0.310866713951341,0.457203826001138,0.886542749245691
197.3,0.00168045254109827,1.76956749208242,1.89341439909862,0.310869374683126,0.457200491986794,0.886546442078412
197.4,0.00168052159220915,1.76956840089333,1.89343253956969,0.310872032748334,0.457197161341383,0.886550131228989
197.5,0.00168059058635511,1.76956930880104,1.89345066191648,0.310874688150971,0.457193834059801,0.886553816702929
197.6,0.00168065952360324,1.7695702158069,1.89346876616612,0.310877340895037,0.457190510136953,0.886557498505723
197.7,0.00168072840402044,1.76957112191225,1.89348685234572,0.310879990984522,0.457187189567759,0.886561176642854
197.8,0.00168079722767362,1.76957202711843,1.89350492048231,0.310882638423408,0.457183872347145,0.886564851119794
197.9,0.00168086599462954,1.76957293142678,1.89352297060288,0.31088528321567,0.457180558470048,0.886568521942002
198,0.00168093470495488,1.76957383483864,1.89354100273436,0.310887925365274,0.457177247931416,0.886572189114929
198.1,0.00168100335871622,1.76957473735533,1.89355901690363,0.31089056487618,0.457173940726207,0.886575852644012
198.2,0.00168107195598005,1.76957563897819,1.89357701313751,0.310893201752338,0.457170636849387,0.886579512534681
198.3,0.00168114049681277,1.76957653970854,1.89359499146278,0.310895835997691,0.457167336295938,0.886583168792351
198.4,0.00168120898128065,1.7695774395477,1.89361295190615,0.310898467616174,0.457164039060844,0.88658682142243
198.5,0.00168127740944993,1.76957833849701,1.89363089449428,0.310901096611715,0.457160745139105,0.886590470430312
198.6,0.00168134578138666,1.76957923655777,1.8936488192538,0.310903722988232,0.457157454525729,0.886594115821383
198.7,0.00168141409715686,1.7695801337313,1.89366672621126,0.310906346749638,0.457154167215735,0.886597757601018
198.8,0.00168148235682645,1.76958103001893,1.89368461539315,0.310908967899836,0.457150883204151,0.886601395774579
198.9,0.00168155056046126,1.76958192542195,1.89370248682595,0.310911586442723,0.457147602486014,0.88660503034742
199,0.00168161870812699,1.76958281994169,1.89372034053605,0.310914202382186,0.457144325056374,0.886608661324884
199.1,0.00168168679988929,1.76958371357943,1.89373817654979,0.310916815722107,0.457141050910289,0.886612288712302
199.2,0.00168175483581367,1.7695846063365,1.89375599489348,0.310919426466358,0.457137780042825,0.886615912514995
199.3,0.00168182281596559,1.76958549821419,1.89377379559336,0.310922034618804,0.457134512449062,0.886619532738275
199.4,0.00168189074041036,1.76958638921379,1.89379157867562,0.310924640183303,0.457131248124086,0.886623149387441
199.5,0.00168195860921324,1.76958727933661,1.8938093441664,0.310927243163705,0.457127987062996,0.886626762467784
199.6,0.00168202642243938,1.76958816858393,1.8938270920918,0.310929843563851,0.457124729260899,0.886630371984583
199.7,0.00168209418015387,1.76958905695705,1.89384482247784,0.310932441387578,0.457121474712913,0.886633977943107
199.8,0.00168216188242165,1.76958994445726,1.89386253535052,0.310935036638712,0.457118223414163,0.886637580348615
199.9,0.00168222952930761,1.76959083108584,1.89388023073577,0.310937629321071,0.457114975359787,0.886641179206355
200,0.0016822971208765,1.76959171684407,1.89389790865948,0.310940219438468,0.457111730544931,0.886644774521564
200.1,0.00168236465719305,1.76959260173324,1.89391556914747,0.310942806994707,0.45710848896475,0.886648366299471
200.2,0.00168243213832178,1.76959348575463,1.89393321222553,0.310945391993585,0.457105250614411,0.886651954545294
200.3,0.00168249956432728,1.7695943689095,1.89395083791939,0.310947974438892,0.457102015489089,0.886655539264239
200.4,0.00168256693527392,1.76959525119914,1.89396844625472,0.310950554334411,0.457098783583968,0.886659120461503
200.5,0.00168263425122598,1.76959613262481,1.89398603725717,0.310953131683913,0.457095554894243,0.886662698142272
200.6,0.00168270151224772,1.76959701318778,1.89400361095231,0.310955706491167,0.457092329415119,0.886666272311724
200.7,0.00168276871840325,1.76959789288932,1.89402116736566,0.310958278759933,0.457089107141808,0.886669842975025
200.8,0.00168283586975661,1.76959877173069,1.89403870652271,0.310960848493961,0.457085888069534,0.886673410137331
200.9,0.00168290296637176,1.76959964971316,1.89405622844889,0.310963415696999,0.457082672193529,0.886676973803788
201,0.00168297000831257,1.76960052683797,1.89407373316956,0.310965980372782,0.457079459509035,0.886680533979532
201.1,0.00168303699564273,1.76960140310639,1.89409122071007,0.310968542525039,0.457076250011304,0.886684090669689
201.2,0.00168310392842595,1.76960227851967,1.89410869109569,0.310971102157495,0.457073043695597,0.886687643879375
201.3,0.00168317080672581,1.76960315307906,1.89412614435165,0.310973659273864,0.457069840557184,0.886691193613697
201.4,0.00168323763060579,1.7696040267858,1.89414358050314,0.310976213877855,0.457066640591342,0.886694739877749
201.5,0.00168330440012928,1.76960489964116,1.89416099957527,0.310978765973168,0.457063443793364,0.886698282676618
201.6,0.00168337111535958,1.76960577164636,1.89417840159314,0.310981315563497,0.457060250158547,0.886701822015381
201.7,0.00168343777635993,1.76960664280265,1.89419578658178,0.310983862652528,0.457057059682198,0.886705357899103
201.8,0.00168350438319341,1.76960751311127,1.89421315456616,0.310986407243939,0.457053872359634,0.886708890332841
201.9,0.00168357093592305,1.76960838257346,1.89423050557123,0.310988949341404,0.457050688186181,0.88671241932164
202,0.00168363743461182,1.76960925119045,1.89424783962187,0.310991488948586,0.457047507157175,0.886715944870538
202.1,0.00168370387932254,1.76961011896346,1.89426515674292,0.310994026069143,0.45704432926796,0.886719466984562
202.2,0.00168377027011799,1.76961098589374,1.89428245695917,0.310996560706724,0.45704115451389,0.886722985668728
202.3,0.00168383660706084,1.76961185198251,1.89429974029535,0.310999092864974,0.457037982890327,0.886726500928045
202.4,0.00168390289021365,1.76961271723098,1.89431700677617,0.311001622547528,0.457034814392643,0.886730012767507
202.5,0.00168396911963889,1.76961358164039,1.89433425642626,0.311004149758016,0.457031649016222,0.886733521192105
202.6,0.001684035295399,1.76961444521195,1.89435148927022,0.311006674500058,0.457028486756452,0.886737026206816
202.7,0.00168410141755627,1.76961530794689,1.89436870533259,0.31100919677727,0.457025327608731,0.886740527816608
202.8,0.00168416748617291,1.76961616984641,1.89438590463789,0.311011716593259,0.457022171568471,0.886744026026441
202.9,0.00168423350131107,1.76961703091173,1.89440308721056,0.311014233951627,0.457019018631086,0.886747520841263
203,0.00168429946303275,1.76961789114406,1.89442025307501,0.311016748855966,0.457015868792003,0.886751012266014
203.1,0.00168436537139992,1.7696187505446,1.89443740225559,0.311019261309864,0.45701272204666,0.886754500305623
203.2,0.00168443122647447,1.76961960911457,1.89445453477662,0.311021771316898,0.457009578390499,0.886757984965012
203.3,0.00168449702831812,1.76962046685516,1.89447165066236,0.311024278880645,0.457006437818973,0.886761466249091
203.4,0.00168456277699259,1.76962132376758,1.89448874993702,0.311026784004668,0.457003300327544,0.886764944162761
203.5,0.00168462847255948,1.76962217985303,1.89450583262477,0.311029286692525,0.457000165911687,0.886768418710915
203.6,0.00168469411508029,1.7696230351127,1.89452289874975,0.311031786947769,0.456997034566876,0.886771889898435
203.7,0.00168475970461642,1.76962388954778,1.89453994833601,0.311034284773946,0.456993906288605,0.886775357730193
203.8,0.0016848252412292,1.76962474315948,1.8945569814076,0.311036780174592,0.45699078107237,0.886778822211053
203.9,0.00168489072497991,1.76962559594897,1.89457399798849,0.31103927315324,0.456987658913675,0.88678228334587
204,0.00168495615592965,1.76962644791744,1.89459099810262,0.311041763713414,0.456984539808039,0.886785741139488
204.1,0.00168502153413954,1.76962729906609,1.89460798177388,0.31104425185863,0.456981423750985,0.886789195596744
204.2,0.00168508685967052,1.76962814939608,1.89462494902611,0.311046737592401,0.456978310738044,0.886792646722462
204.3,0.00168515213258354,1.76962899890861,1.89464189988312,0.311049220918229,0.456975200764758,0.886796094521459
204.4,0.0016852173529393,1.76962984760485,1.89465883436864,0.311051701839612,0.45697209382668,0.886799538998545
204.5,0.0016852825207986,1.76963069548597,1.8946757525064,0.31105418036004,0.456968989919365,0.886802980158514
204.6,0.00168534763622209,1.76963154255316,1.89469265432004,0.311056656482998,0.456965889038383,0.88680641800616
204.7,0.00168541269927022,1.76963238880757,1.89470953983318,0.311059130211961,0.456962791179309,0.886809852546259
204.8,0.0016854777100035,1.76963323425039,1.8947264090694,0.3110616015504,0.456959696337729,0.886813283783584
204.9,0.00168554266848233,1.76963407888277,1.89474326205221,0.311064070501778,0.456956604509235,0.886816711722895
205,0.00168560757476693,1.76963492270589,1.89476009880508,0.311066537069553,0.45695351568943,0.886820136368945
205.1,0.00168567242891752,1.7696357657209,1.89477691935147,0.311069001257174,0.456950429873925,0.886823557726477
205.2,0.00168573723099423,1.76963660792896,1.89479372371475,0.311071463068085,0.456947347058339,0.886826975800226
205.3,0.00168580198105706,1.76963744933124,1.89481051191827,0.31107392250572,0.456944267238296,0.886830390594915
205.4,0.00168586667916595,1.76963828992888,1.89482728398531,0.311076379573514,0.456941190409436,0.886833802115262
205.5,0.0016859313253808,1.76963912972305,1.89484403993915,0.311078834274888,0.456938116567402,0.886837210365972
205.6,0.00168599591976132,1.76963996871488,1.89486077980297,0.311081286613259,0.456935045707849,0.886840615351745
205.7,0.00168606046236719,1.76964080690554,1.89487750359996,0.311083736592036,0.456931977826437,0.886844017077269
205.8,0.00168612495325802,1.76964164429617,1.89489421135323,0.311086184214626,0.456928912918834,0.886847415547223
205.9,0.00168618939249334,1.76964248088791,1.89491090308585,0.311088629484425,0.456925850980722,0.88685081076628
206,0.00168625378013255,1.7696433166819,1.89492757882085,0.311091072404822,0.456922792007784,0.886854202739099
206.1,0.00168631811623499,1.7696441516793,1.89494423858123,0.311093512979204,0.456919735995718,0.886857591470337
206.2,0.00168638240085997,1.76964498588122,1.89496088238992,0.311095951210946,0.456916682940224,0.886860976964636
206.3,0.00168644663406658,1.76964581928882,1.89497751026983,0.311098387103422,0.456913632837017,0.88686435922663
206.4,0.00168651081591393,1.76964665190322,1.8949941222438,0.311100820659995,0.456910585681814,0.886867738260948
206.5,0.00168657494646104,1.76964748372556,1.89501071833465,0.311103251884025,0.456907541470344,0.886871114072207
206.6,0.0016866390257668,1.76964831475696,1.89502729856514,0.311105680778861,0.456904500198345,0.886874486665016
206.7,0.00168670305389008,1.76964914499856,1.89504386295801,0.311108107347851,0.456901461861561,0.886877856043975
206.8,0.00168676703088963,1.76964997445147,1.89506041153594,0.311110531594334,0.456898426455743,0.886881222213675
206.9,0.00168683095682404,1.76965080311683,1.89507694432155,0.311112953521642,0.456895393976653,0.8868845851787
207,0.00168689483175197,1.76965163099574,1.89509346133745,0.311115373133101,0.456892364420062,0.886887944943622
207.1,0.0016869586557319,1.76965245808934,1.89510996260618,0.311117790432032,0.456889337781745,0.886891301513006
207.2,0.00168702242882221,1.76965328439874,1.89512644815026,0.311120205421748,0.456886314057488,0.886894654891411
207.3,0.00168708615108127,1.76965410992504,1.89514291799215,0.311122618105557,0.456883293243085,0.886898005083382
207.4,0.00168714982256731,1.76965493466938,1.89515937215427,0.311125028486758,0.456880275334338,0.886901352093461
207.5,0.00168721344333849,1.76965575863284,1.895175810659,0.311127436568648,0.456877260327056,0.886904695926177
207.6,0.00168727701345289,1.76965658181656,1.89519223352868,0.311129842354514,0.456874248217058,0.886908036586053
207.7,0.00168734053296851,1.76965740422162,1.89520864078561,0.31113224584764,0.456871239000168,0.886911374077601
207.8,0.00168740400194326,1.76965822584913,1.89522503245203,0.3111346470513,0.456868232672221,0.886914708405326
207.9,0.00168746742043497,1.7696590467002,1.89524140855017,0.311137045968764,0.456865229229059,0.886918039573726
208,0.00168753078850143,1.76965986677593,1.89525776910218,0.311139442603296,0.45686222866653,0.886921367587287
208.1,0.00168759410620026,1.76966068607741,1.89527411413019,0.311141836958152,0.456859230980495,0.88692469245049
208.2,0.00168765737358904,1.76966150460574,1.89529044365629,0.311144229036585,0.456856236166818,0.886928014167804
208.3,0.0016877205907253,1.76966232236202,1.89530675770251,0.311146618841839,0.456853244221371,0.886931332743693
208.4,0.00168778375766644,1.76966313934733,1.89532305629087,0.311149006377152,0.456850255140039,0.886934648182611
208.5,0.0016878468744698,1.76966395556276,1.89533933944332,0.311151391645757,0.456847268918709,0.886937960489002
208.6,0.00168790994119267,1.76966477100941,1.89535560718177,0.311153774650881,0.456844285553278,0.886941269667305
208.7,0.0016879729578922,1.76966558568835,1.8953718595281,0.311156155395743,0.456841305039653,0.886944575721947
208.8,0.00168803592462547,1.76966639960067,1.89538809650415,0.31115853388356,0.456838327373746,0.88694787865735
208.9,0.00168809884144951,1.76966721274746,1.8954043181317,0.311160910117536,0.456835352551478,0.886951178477926
209,0.00168816170842123,1.76966802512979,1.89542052443252,0.311163284100875,0.456832380568777,0.886954475188077
209.1,0.00168822452559753,1.76966883674874,1.89543671542831,0.311165655836774,0.456829411421578,0.8869577687922
209.2,0.00168828729303514,1.76966964760538,1.89545289114074,0.311168025328422,0.456826445105828,0.886961059294682
209.3,0.00168835001079075,1.76967045770079,1.89546905159145,0.311170392579002,0.456823481617478,0.886964346699902
209.4,0.00168841267892097,1.76967126703604,1.89548519680201,0.311172757591693,0.456820520952485,0.886967631012231
209.5,0.00168847529748231,1.7696720756122,1.89550132679398,0.311175120369666,0.456817563106819,0.88697091223603
209.6,0.00168853786653125,1.76967288343034,1.89551744158886,0.311177480916089,0.456814608076455,0.886974190375655
209.7,0.00168860038612415,1.76967369049152,1.89553354120812,0.31117983923412,0.456811655857374,0.886977465435451
209.8,0.00168866285631727,1.7696744967968,1.89554962567319,0.311182195326912,0.456808706445567,0.886980737419757
209.9,0.00168872527716686,1.76967530234724,1.89556569500546,0.311184549197614,0.456805759837031,0.886984006332902
210,0.001688787648729,1.76967610714392,1.89558174922625,0.311186900849369,0.456802816027772,0.886987272179208
210.1,0.00168884997105973,1.76967691118787,1.8955977883569,0.311189250285312,0.456799875013802,0.886990534962989
210.2,0.00168891224421506,1.76967771448016,1.89561381241865,0.311191597508574,0.456796936791143,0.886993794688548
210.3,0.00168897446825084,1.76967851702185,1.89562982143273,0.311193942522278,0.456794001355823,0.886997051360186
210.4,0.00168903664322289,1.76967931881398,1.89564581542033,0.311196285329543,0.456791068703878,0.88700030498219
210.5,0.00168909876918698,1.7696801198576,1.8956617944026,0.311198625933483,0.456788138831349,0.887003555558843
210.6,0.00168916084619868,1.76968092015376,1.89567775840064,0.311200964337203,0.456785211734288,0.887006803094417
210.7,0.00168922287431362,1.7696817197035,1.89569370743551,0.311203300543804,0.456782287408754,0.887010047593177
210.8,0.00168928485358726,1.76968251850788,1.89570964152825,0.311205634556381,0.456779365850812,0.887013289059382
210.9,0.001689346784075,1.76968331656792,1.89572556069985,0.311207966378025,0.456776447056533,0.88701652749728
211,0.0016894086658322,1.76968411388468,1.89574146497124,0.311210296011817,0.456773531022001,0.887019762911114
211.1,0.00168947049891412,1.76968491045918,1.89575735436335,0.311212623460837,0.4567706177433,0.887022995305116
211.2,0.00168953228337594,1.76968570629247,1.89577322889703,0.311214948728155,0.456767707216529,0.887026224683513
211.3,0.00168959401927272,1.76968650138557,1.89578908859313,0.311217271816837,0.456764799437789,0.88702945105052
211.4,0.00168965570665951,1.76968729573953,1.89580493347243,0.311219592729945,0.456761894403189,0.887032674410351
211.5,0.0016897173455912,1.76968808935537,1.89582076355569,0.311221911470533,0.456758992108849,0.887035894767206
211.6,0.00168977893612275,1.76968888223411,1.89583657886362,0.311224228041649,0.45675609255089,0.887039112125279
211.7,0.00168984047830886,1.76968967437679,1.8958523794169,0.311226542446338,0.456753195725446,0.887042326488757
211.8,0.00168990197220427,1.76969046578443,1.89586816523616,0.311228854687636,0.456750301628657,0.887045537861818
211.9,0.00168996341786361,1.76969125645805,1.89588393634201,0.311231164768577,0.456747410256668,0.887048746248634
212,0.00169002481534143,1.76969204639867,1.89589969275501,0.311233472692183,0.456744521605634,0.887051951653367
212.1,0.00169008616469219,1.76969283560731,1.89591543449567,0.31123577846148,0.456741635671715,0.887055154080174
212.2,0.00169014746597032,1.76969362408499,1.89593116158448,0.311238082079479,0.45673875245108,0.8870583535332
212.3,0.00169020871923012,1.76969441183273,1.89594687404189,0.311240383549191,0.456735871939903,0.887061550016588
212.4,0.00169026992452582,1.76969519885152,1.8959625718883,0.311242682873619,0.456732994134369,0.887064743534468
212.5,0.00169033108191164,1.7696959851424,1.8959782551441,0.311244980055761,0.456730119030665,0.887067934090966
212.6,0.00169039219144163,1.76969677070636,1.89599392382959,0.31124727509861,0.456727246624989,0.887071121690199
212.7,0.00169045325316978,1.76969755554441,1.8960095779651,0.311249568005153,0.456724376913546,0.887074306336276
212.8,0.00169051426715007,1.76969833965757,1.89602521757085,0.311251858778371,0.456721509892547,0.887077488033298
212.9,0.00169057523343634,1.76969912304682,1.89604084266709,0.311254147421241,0.456718645558211,0.887080666785361
213,0.00169063615208238,1.76969990571319,1.89605645327399,0.311256433936731,0.456715783906759,0.88708384259655
213.1,0.00169069702314193,1.76970068765765,1.89607204941169,0.311258718327808,0.456712924934428,0.887087015470944
213.2,0.00169075784666859,1.76970146888122,1.89608763110031,0.31126100059743,0.456710068637456,0.887090185412616
213.3,0.00169081862271589,1.76970224938489,1.8961031983599,0.311263280748551,0.456707215012089,0.887093352425628
213.4,0.00169087935133736,1.76970302916965,1.89611875121051,0.311265558784121,0.456704364054581,0.887096516514039
213.5,0.00169094003258637,1.76970380823649,1.89613428967212,0.31126783470708,0.456701515761194,0.887099677681896
213.6,0.00169100066651628,1.76970458658642,1.89614981376471,0.311270108520367,0.456698670128193,0.887102835933241
213.7,0.0016910612531803,1.76970536422041,1.89616532350818,0.311272380226914,0.456695827151854,0.887105991272108
213.8,0.00169112179263169,1.76970614113945,1.89618081892243,0.311274649829647,0.456692986828458,0.887109143702524
213.9,0.00169118228492346,1.76970691734454,1.8961963000273,0.311276917331488,0.456690149154293,0.887112293228508
214,0.00169124273010869,1.76970769283664,1.8962117668426,0.311279182735351,0.456687314125654,0.887115439854071
214.1,0.00169130312824033,1.76970846761675,1.89622721938811,0.311281446044148,0.456684481738845,0.887118583583219
214.2,0.00169136347937124,1.76970924168584,1.89624265768357,0.311283707260783,0.456681651990173,0.887121724419948
214.3,0.00169142378355425,1.7697100150449,1.89625808174868,0.311285966388156,0.456678824875956,0.887124862368249
214.4,0.00169148404084209,1.76971078769489,1.8962734916031,0.311288223429161,0.456676000392515,0.887127997432102
214.5,0.0016915442512874,1.7697115596368,1.89628888726646,0.311290478386687,0.45667317853618,0.887131129615484
214.6,0.00169160441494276,1.7697123308716,1.89630426875837,0.311292731263616,0.456670359303288,0.887134258922362
214.7,0.00169166453186067,1.76971310140024,1.89631963609836,0.31129498206283,0.456667542690183,0.887137385356697
214.8,0.00169172460209358,1.76971387122372,1.89633498930598,0.311297230787198,0.456664728693213,0.887140508922441
214.9,0.00169178462569383,1.76971464034299,1.8963503284007,0.311299477439589,0.456661917308736,0.887143629623542
215,0.00169184460271376,1.76971540875902,1.89636565340196,0.311301722022866,0.456659108533116,0.887146747463937
215.1,0.00169190453320552,1.76971617647278,1.8963809643292,0.311303964539886,0.456656302362722,0.887149862447557
215.2,0.00169196441722126,1.76971694348522,1.89639626120177,0.311306204993499,0.456653498793934,0.887152974578329
215.3,0.00169202425481305,1.7697177097973,1.89641154403904,0.311308443386553,0.456650697823133,0.887156083860167
215.4,0.00169208404603285,1.76971847540999,1.89642681286029,0.311310679721889,0.456647899446711,0.887159190296984
215.5,0.00169214379093264,1.76971924032424,1.89644206768482,0.311312914002344,0.456645103661064,0.88716229389268
215.6,0.00169220348956423,1.76972000454101,1.89645730853184,0.311315146230748,0.456642310462596,0.887165394651153
215.7,0.00169226314197941,1.76972076806125,1.89647253542057,0.311317376409926,0.45663951984772,0.88716849257629
215.8,0.00169232274822984,1.76972153088591,1.89648774837017,0.3113196045427,0.456636731812849,0.887171587671973
215.9,0.00169238230836719,1.76972229301595,1.89650294739977,0.311321830631884,0.456633946354409,0.887174679942076
216,0.00169244182244296,1.7697230544523,1.89651813252847,0.311324054680289,0.45663116346883,0.887177769390466
216.1,0.00169250129050866,1.76972381519592,1.89653330377532,0.31132627669072,0.45662838315255,0.887180856021004
216.2,0.00169256071261571,1.76972457524775,1.89654846115936,0.311328496665977,0.456625605402012,0.887183939837544
216.3,0.00169262008881545,1.76972533460874,1.89656360469958,0.311330714608854,0.456622830213666,0.887187020843931
216.4,0.00169267941915912,1.76972609327982,1.89657873441493,0.311332930522141,0.456620057583967,0.887190099044003
216.5,0.0016927387036979,1.76972685126194,1.89659385032433,0.311335144408622,0.456617287509381,0.887193174441595
216.6,0.00169279794248294,1.76972760855603,1.89660895244668,0.311337356271078,0.456614519986377,0.88719624704053
216.7,0.00169285713556527,1.76972836516303,1.89662404080083,0.311339566112282,0.45661175501143,0.887199316844627
216.8,0.00169291628299586,1.76972912108388,1.89663911540559,0.311341773935004,0.456608992581022,0.887202383857698
216.9,0.00169297538482564,1.7697298763195,1.89665417627975,0.311343979742008,0.456606232691643,0.887205448083546
217,0.00169303444110542,1.76973063087083,1.89666922344207,0.311346183536053,0.45660347533979,0.88720850952597
217.1,0.00169309345188597,1.7697313847388,1.89668425691125,0.311348385319893,0.456600720521964,0.887211568188758
217.2,0.00169315241721796,1.76973213792434,1.89669927670598,0.311350585096278,0.456597968234673,0.887214624075697
217.3,0.00169321133715202,1.76973289042836,1.89671428284491,0.311352782867951,0.456595218474433,0.887217677190562
217.4,0.0016932702117387,1.76973364225181,1.89672927534665,0.311354978637651,0.456592471237765,0.887220727537123
217.5,0.0016933290410285,1.76973439339559,1.89674425422979,0.311357172408114,0.456589726521196,0.887223775119143
217.6,0.00169338782507177,1.76973514386063,1.89675921951286,0.311359364182068,0.45658698432126,0.887226819940379
217.7,0.0016934465639189,1.76973589364785,1.8967741712144,0.311361553962237,0.456584244634498,0.887229862004581
217.8,0.00169350525762013,1.76973664275817,1.89678910935286,0.311363741751339,0.456581507457456,0.88723290131549
217.9,0.00169356390622564,1.76973739119251,1.89680403394671,0.311365927552092,0.456578772786688,0.887235937876844
218,0.00169362250978558,1.76973813895177,1.89681894501434,0.311368111367202,0.456576040618752,0.88723897169237
218.1,0.00169368106834998,1.76973888603687,1.89683384257416,0.311370293199375,0.456573310950216,0.887242002765793
218.2,0.00169373958196884,1.76973963244872,1.89684872664449,0.31137247305131,0.456570583777649,0.887245031100827
218.3,0.00169379805069209,1.76974037818824,1.89686359724365,0.3113746509257,0.456567859097631,0.887248056701181
218.4,0.00169385647456949,1.76974112325632,1.89687845438992,0.311376826825239,0.456565136906746,0.887251079570558
218.5,0.00169391485365092,1.76974186765388,1.89689329810155,0.311379000752608,0.456562417201586,0.887254099712655
218.6,0.00169397318798603,1.76974261138182,1.89690812839675,0.31138117271049,0.456559699978745,0.887257117131158
218.7,0.00169403147762442,1.76974335444105,1.8969229452937,0.311383342701556,0.456556985234828,0.887260131829751
218.8,0.00169408972261571,1.76974409683246,1.89693774881055,0.31138551072848,0.456554272966444,0.88726314381211
218.9,0.00169414792300939,1.76974483855695,1.89695253896543,0.311387676793927,0.456551563170209,0.887266153081904
219,0.00169420607885484,1.76974557961542,1.89696731577639,0.311389840900557,0.456548855842744,0.887269159642795
219.1,0.00169426419020147,1.76974632000878,1.89698207926151,0.311392003051025,0.456546150980678,0.887272163498439
219.2,0.00169432225709851,1.76974705973791,1.89699682943879,0.311394163247984,0.456543448580642,0.887275164652486
219.3,0.00169438027959522,1.76974779880371,1.89701156632623,0.311396321494079,0.45654074863928,0.887278163108577
219.4,0.00169443825774076,1.76974853720706,1.89702628994176,0.311398477791952,0.456538051153236,0.887281158870351
219.5,0.00169449619158419,1.76974927494887,1.89704100030332,0.311400632144238,0.45653535611916,0.887284151941435
219.6,0.0016945540811745,1.76975001203001,1.8970556974288,0.311402784553572,0.456532663533716,0.887287142325454
219.7,0.00169461192656068,1.76975074845138,1.89707038133604,0.311404935022578,0.456529973393564,0.887290130026024
219.8,0.00169466972779155,1.76975148421386,1.89708505204287,0.311407083553882,0.456527285695375,0.887293115046754
219.9,0.00169472748491593,1.76975221931833,1.89709970956708,0.311409230150099,0.456524600435828,0.88729609739125
220,0.0016947851979826,1.76975295376568,1.89711435392644,0.311411374813842,0.456521917611603,0.887299077063108
220.1,0.00169484286704022,1.76975368755678,1.89712898513866,0.311413517547722,0.45651923721939,0.88730205406592
220.2,0.00169490049213738,1.76975442069252,1.89714360322146,0.31141565835434,0.456516559255882,0.887305028403268
220.3,0.00169495807332257,1.76975515317378,1.89715820819248,0.311417797236296,0.456513883717782,0.887308000078732
220.4,0.00169501561064433,1.76975588500142,1.89717280006936,0.311419934196184,0.456511210601794,0.887310969095882
220.5,0.001695073104151,1.76975661617633,1.89718737886972,0.311422069236595,0.456508539904632,0.887313935458285
220.6,0.00169513055389093,1.76975734669937,1.8972019446111,0.311424202360112,0.456505871623015,0.887316899169499
220.7,0.00169518795991241,1.76975807657143,1.89721649731106,0.311426333569317,0.456503205753664,0.887319860233076
220.8,0.00169524532226362,1.76975880579335,1.8972310369871,0.311428462866784,0.456500542293314,0.887322818652562
220.9,0.00169530264099268,1.76975953436603,1.89724556365668,0.311430590255086,0.456497881238699,0.887325774431498
221,0.00169535991614765,1.76976026229031,1.89726007733727,0.311432715736788,0.456495222586559,0.887328727573416
221.1,0.00169541714777655,1.76976098956708,1.89727457804627,0.311434839314453,0.456492566333646,0.887331678081845
221.2,0.00169547433592726,1.76976171619718,1.89728906580106,0.311436960990637,0.456489912476712,0.887334625960305
221.3,0.00169553148064771,1.76976244218149,1.897303540619,0.311439080767894,0.456487261012515,0.887337571212309
221.4,0.00169558858198567,1.76976316752086,1.8973180025174,0.311441198648773,0.456484611937824,0.887340513841368
221.5,0.00169564563998881,1.76976389221615,1.89733245151355,0.311443314635815,0.456481965249406,0.887343453850981
221.6,0.00169570265470487,1.76976461626822,1.8973468876247,0.311445428731559,0.456479320944043,0.887346391244647
221.7,0.00169575962618139,1.76976533967793,1.8973613108681,0.311447540938543,0.456476679018514,0.887349326025854
221.8,0.00169581655446592,1.76976606244612,1.89737572126094,0.311449651259295,0.456474039469611,0.887352258198086
221.9,0.00169587343960595,1.76976678457366,1.89739011882037,0.31145175969634,0.456471402294125,0.88735518776482
222,0.00169593028164885,1.7697675060614,1.89740450356353,0.3114538662522,0.45646876748886,0.887358114729527
222.1,0.00169598708064196,1.76976822691017,1.89741887550754,0.311455970929389,0.456466135050619,0.887361039095673
222.2,0.00169604383663252,1.76976894712084,1.89743323466946,0.311458073730422,0.456463504976215,0.887363960866714
222.3,0.00169610054966775,1.76976966669425,1.89744758106634,0.311460174657806,0.456460877262467,0.887366880046105
222.4,0.00169615721979477,1.76977038563124,1.89746191471519,0.311462273714044,0.456458251906197,0.887369796637293
222.5,0.00169621384706068,1.76977110393266,1.897476235633,0.311464370901633,0.456455628904231,0.887372710643716
222.6,0.00169627043151246,1.76977182159935,1.89749054383672,0.311466466223068,0.456453008253409,0.887375622068811
222.7,0.00169632697319707,1.76977253863215,1.89750483934327,0.311468559680839,0.456450389950567,0.887378530916004
222.8,0.00169638347216132,1.7697732550319,1.89751912216955,0.311470651277431,0.456447773992553,0.887381437188719
222.9,0.00169643992845208,1.76977397079944,1.89753339233242,0.311472741015326,0.456445160376219,0.88738434089037
223,0.00169649634211606,1.7697746859356,1.89754764984871,0.311474828897,0.456442549098419,0.887387242024369
223.1,0.00169655271319997,1.76977540044122,1.89756189473522,0.311476914924923,0.45643994015602,0.887390140594118
223.2,0.00169660904175038,1.76977611431714,1.89757612700874,0.311478999101565,0.456437333545889,0.887393036603018
223.3,0.00169666532781389,1.76977682756418,1.89759034668601,0.311481081429389,0.456434729264899,0.887395930054459
223.4,0.00169672157143693,1.76977754018318,1.89760455378373,0.311483161910853,0.45643212730993,0.887398820951826
223.5,0.00169677777266596,1.76977825217496,1.8976187483186,0.311485240548412,0.456429527677868,0.887401709298502
223.6,0.0016968339315473,1.76977896354036,1.89763293030727,0.311487317344517,0.456426930365602,0.887404595097859
223.7,0.00169689004812723,1.76977967428019,1.89764709976636,0.311489392301612,0.45642433537003,0.887407478353265
223.8,0.00169694612245204,1.76978038439529,1.89766125671248,0.311491465422142,0.456421742688054,0.887410359068083
223.9,0.00169700215456787,1.76978109388647,1.89767540116219,0.31149353670854,0.456419152316581,0.88741323724567
224,0.00169705814452074,1.76978180275456,1.89768953313202,0.311495606163242,0.456416564252523,0.887416112889375
224.1,0.00169711409235678,1.76978251100039,1.8977036526385,0.311497673788675,0.456413978492798,0.887418986002543
224.2,0.00169716999812193,1.76978321862475,1.89771775969809,0.311499739587265,0.456411395034332,0.887421856588513
224.3,0.00169722586186206,1.76978392562849,1.89773185432726,0.31150180356143,0.456408813874052,0.887424724650618
224.4,0.00169728168362307,1.7697846320124,1.89774593654241,0.311503865713587,0.456406235008896,0.887427590192183
224.5,0.00169733746345072,1.76978533777731,1.89776000635995,0.311505926046147,0.456403658435799,0.887430453216531
224.6,0.0016973932013907,1.76978604292403,1.89777406379623,0.311507984561518,0.456401084151711,0.887433313726976
224.7,0.0016974488974887,1.76978674745337,1.8977881088676,0.311510041262102,0.456398512153584,0.887436171726829
224.8,0.00169750455179027,1.76978745136614,1.89780214159036,0.311512096150298,0.456395942438371,0.887439027219391
224.9,0.00169756016434098,1.76978815466315,1.89781616198078,0.311514149228502,0.456393375003034,0.887441880207962
225,0.00169761573518626,1.76978885734521,1.89783017005513,0.311516200499102,0.456390809844543,0.887444730695833
225.1,0.00169767126437152,1.76978955941312,1.89784416582961,0.311518249964487,0.456388246959869,0.887447578686292
225.2,0.00169772675194212,1.76979026086769,1.89785814932042,0.311520297627036,0.456385686345989,0.887450424182617
225.3,0.00169778219794331,1.76979096170972,1.89787212054373,0.311522343489128,0.456383127999889,0.887453267188083
225.4,0.00169783760242029,1.76979166194002,1.89788607951567,0.311524387553137,0.456380571918557,0.88745610770596
225.5,0.00169789296541827,1.76979236155938,1.89790002625234,0.311526429821432,0.456378018098985,0.887458945739512
225.6,0.00169794828698226,1.7697930605686,1.89791396076983,0.311528470296379,0.456375466538174,0.887461781291994
225.7,0.00169800356715733,1.76979375896849,1.8979278830842,0.311530508980337,0.45637291723313,0.887464614366662
225.8,0.00169805880598843,1.76979445675983,1.89794179321145,0.311532545875664,0.456370370180859,0.887467444966758
225.9,0.0016981140035205,1.76979515394342,1.89795569116758,0.311534580984715,0.45636782537838,0.887470273095524
226,0.00169816915979832,1.76979585052006,1.89796957696857,0.311536614309835,0.456365282822712,0.887473098756196
226.1,0.00169822427486671,1.76979654649054,1.89798345063035,0.311538645853371,0.456362742510881,0.887475921952002
226.2,0.00169827934877033,1.76979724185564,1.89799731216884,0.311540675617663,0.456360204439919,0.887478742686167
226.3,0.00169833438155392,1.76979793661617,1.89801116159991,0.311542703605047,0.456357668606861,0.887481560961907
226.4,0.00169838937326201,1.7697986307729,1.89802499893942,0.311544729817855,0.456355135008748,0.887484376782435
226.5,0.00169844432393917,1.76979932432662,1.8980388242032,0.311546754258416,0.456352603642627,0.88748719015096
226.6,0.00169849923362983,1.76980001727812,1.89805263740704,0.311548776929053,0.456350074505551,0.88749000107068
226.7,0.00169855410237839,1.76980070962818,1.89806643856674,0.311550797832087,0.456347547594577,0.887492809544792
226.8,0.00169860893022924,1.76980140137759,1.89808022769802,0.311552816969835,0.456345022906766,0.887495615576488
226.9,0.00169866371722667,1.76980209252712,1.8980940048166,0.311554834344607,0.456342500439186,0.887498419168949
227,0.00169871846341486,1.76980278307756,1.89810776993818,0.311556849958711,0.456339980188912,0.887501220325356
227.1,0.00169877316883803,1.76980347302969,1.89812152307842,0.311558863814453,0.456337462153018,0.887504019048883
227.2,0.00169882783354026,1.76980416238427,1.89813526425295,0.311560875914131,0.456334946328588,0.887506815342696
227.3,0.00169888245756555,1.76980485114209,1.89814899347739,0.311562886260041,0.45633243271271,0.88750960920996
227.4,0.00169893704095793,1.76980553930393,1.89816271076731,0.311564894854475,0.45632992130248,0.88751240065383
227.5,0.00169899158376131,1.76980622687054,1.89817641613828,0.311566901699722,0.456327412094991,0.887515189677459
227.6,0.00169904608601954,1.76980691384272,1.8981901096058,0.311568906798064,0.456324905087349,0.887517976283992
227.7,0.00169910054777644,1.76980760022122,1.8982037911854,0.311570910151784,0.456322400276664,0.88752076047657
227.8,0.00169915496907577,1.76980828600682,1.89821746089254,0.311572911763154,0.456319897660047,0.887523542258327
227.9,0.00169920934996116,1.76980897120028,1.89823111874266,0.311574911634448,0.456317397234617,0.887526321632395
228,0.00169926369047623,1.76980965580238,1.89824476475119,0.311576909767934,0.456314898997498,0.887529098601896
228.1,0.0016993179906646,1.76981033981387,1.89825839893353,0.311578906165877,0.456312402945819,0.887531873169951
228.2,0.00169937225056973,1.76981102323552,1.89827202130503,0.311580900830536,0.456309909076711,0.887534645339672
228.3,0.00169942647023505,1.76981170606809,1.89828563188104,0.311582893764167,0.456307417387317,0.887537415114169
228.4,0.00169948064970397,1.76981238831234,1.89829923067687,0.311584884969023,0.456304927874776,0.887540182496543
228.5,0.00169953478901982,1.76981306996904,1.89831281770781,0.311586874447352,0.456302440536239,0.887542947489892
228.6,0.00169958888822583,1.76981375103894,1.89832639298911,0.311588862201399,0.456299955368861,0.887545710097308
228.7,0.00169964294736519,1.7698144315228,1.89833995653602,0.311590848233405,0.456297472369798,0.887548470321877
228.8,0.00169969696648109,1.76981511142138,1.89835350836373,0.311592832545606,0.456294991536213,0.887551228166683
228.9,0.0016997509456166,1.76981579073542,1.89836704848744,0.311594815140236,0.456292512865278,0.8875539836348
229,0.00169980488481475,1.76981646946569,1.8983805769223,0.311596796019522,0.456290036354161,0.887556736729298
229.1,0.00169985878411849,1.76981714761293,1.89839409368343,0.31159877518569,0.456287562000046,0.887559487453245
229.2,0.00169991264357073,1.7698178251779,1.89840759878594,0.311600752640963,0.456285089800112,0.887562235809699
229.3,0.00169996646321432,1.76981850216135,1.89842109224491,0.311602728387558,0.45628261975155,0.887564981801717
229.4,0.00170002024309205,1.76981917856402,1.89843457407538,0.311604702427687,0.45628015185155,0.887567725432347
229.5,0.00170007398324667,1.76981985438666,1.89844804429239,0.31160667476356,0.456277686097313,0.887570466704634
229.6,0.00170012768372083,1.76982052963002,1.89846150291093,0.311608645397384,0.456275222486039,0.887573205621618
229.7,0.00170018134455716,1.76982120429484,1.89847494994597,0.311610614331361,0.456272761014938,0.887575942186333
229.8,0.00170023496579819,1.76982187838186,1.89848838541247,0.311612581567689,0.45627030168122,0.887578676401807
229.9,0.00170028854748646,1.76982255189183,1.89850180932533,0.311614547108566,0.456267844482104,0.887581408271064
230,0.00170034208966438,1.76982322482549,1.89851522169947,0.311616510956177,0.456265389414812,0.887584137797123
230.1,0.00170039559237435,1.76982389718357,1.89852862254975,0.311618473112713,0.456262936476571,0.887586864982996
230.2,0.00170044905565867,1.76982456896681,1.89854201189102,0.311620433580355,0.456260485664613,0.887589589831692
230.3,0.00170050247955965,1.76982524017596,1.8985553897381,0.311622392361286,0.456258036976173,0.887592312346215
230.4,0.00170055586411944,1.76982591081174,1.89856875610577,0.311624349457679,0.456255590408492,0.887595032529561
230.5,0.00170060920938022,1.7698265808749,1.89858211100881,0.311626304871706,0.456253145958819,0.887597750384723
230.6,0.00170066251538411,1.76982725036615,1.89859545446197,0.311628258605536,0.456250703624403,0.887600465914689
230.7,0.0017007157821731,1.76982791928625,1.89860878647995,0.311630210661336,0.4562482634025,0.887603179122441
230.8,0.00170076900978917,1.76982858763591,1.89862210707747,0.311632161041262,0.456245825290371,0.887605890010959
230.9,0.00170082219827433,1.76982925541586,1.89863541626917,0.311634109747475,0.456243389285279,0.887608598583211
231,0.00170087534767029,1.76982992262684,1.8986487140697,0.311636056782127,0.456240955384496,0.887611304842166
231.1,0.00170092845801897,1.76983058926956,1.89866200049369,0.311638002147368,0.456238523585295,0.887614008790787
231.2,0.00170098152936206,1.76983125534477,1.89867527555572,0.311639945845345,0.456236093884956,0.88761671043203
231.3,0.00170103456174131,1.76983192085317,1.89868853927037,0.311641887878199,0.456233666280763,0.887619409768849
231.4,0.00170108755519832,1.7698325857955,1.89870179165217,0.31164382824807,0.456231240770005,0.887622106804188
231.5,0.0017011405097747,1.76983325017247,1.89871503271565,0.311645766957092,0.456228817349975,0.887624801540991
231.6,0.0017011934255119,1.7698339139848,1.89872826247529,0.311647704007397,0.456226396017971,0.887627493982194
231.7,0.00170124630245147,1.76983457723323,1.89874148094557,0.311649639401113,0.456223976771296,0.88763018413073
231.8,0.00170129914063477,1.76983523991845,1.89875468814092,0.311651573140364,0.456221559607255,0.887632871989526
231.9,0.00170135194010316,1.7698359020412,1.89876788407578,0.311653505227271,0.456219144523163,0.887635557561502
232,0.00170140470089795,1.76983656360218,1.89878106876453,0.31165543566395,0.456216731516334,0.887638240849577
232.1,0.00170145742306037,1.76983722460211,1.89879424222154,0.311657364452514,0.456214320584092,0.887640921856662
232.2,0.0017015101066316,1.7698378850417,1.89880740446116,0.311659291595074,0.45621191172376,0.887643600585665
232.3,0.0017015627516528,1.76983854492167,1.8988205554977,0.311661217093736,0.45620950493267,0.887646277039487
232.4,0.001701615358165,1.76983920424273,1.89883369534548,0.311663140950601,0.456207100208154,0.887648951221027
232.5,0.00170166792620923,1.76983986300559,1.89884682401876,0.311665063167769,0.456204697547556,0.887651623133176
232.6,0.00170172045582645,1.76984052121094,1.89885994153178,0.311666983747336,0.456202296948218,0.887654292778822
232.7,0.00170177294705755,1.76984117885952,1.89887304789878,0.311668902691392,0.456199898407487,0.887656960160846
232.8,0.00170182539994342,1.76984183595201,1.89888614313394,0.311670820002028,0.456197501922719,0.887659625282129
232.9,0.00170187781452485,1.76984249248912,1.89889922725146,0.311672735681325,0.45619510749127,0.88766228814554
233,0.00170193019084253,1.76984314847156,1.89891230026547,0.311674649731368,0.456192715110503,0.88766494875395
233.1,0.00170198252893718,1.76984380390003,1.89892536219011,0.311676562154231,0.456190324777783,0.88766760711022
233.2,0.00170203482884941,1.76984445877524,1.89893841303948,0.31167847295199,0.456187936490484,0.887670263217209
233.3,0.00170208709061982,1.76984511309787,1.89895145282767,0.311680382126716,0.456185550245979,0.88767291707777
233.4,0.00170213931428887,1.76984576686863,1.89896448156872,0.311682289680475,0.456183166041651,0.887675568694752
233.5,0.00170219149989712,1.76984642008822,1.89897749927666,0.311684195615329,0.456180783874882,0.887678218070998
233.6,0.00170224364748488,1.76984707275734,1.89899050596551,0.311686099933342,0.456178403743063,0.887680865209348
233.7,0.00170229575709254,1.76984772487668,1.89900350164925,0.311688002636566,0.456176025643587,0.887683510112635
233.8,0.0017023478287604,1.76984837644693,1.89901648634185,0.311689903727058,0.456173649573851,0.88768615278369
233.9,0.0017023998625287,1.76984902746879,1.89902946005724,0.311691803206865,0.456171275531261,0.887688793225336
234,0.00170245185843765,1.76984967794294,1.89904242280933,0.311693701078034,0.45616890351322,0.887691431440394
234.1,0.00170250381652736,1.76985032787009,1.89905537461202,0.311695597342607,0.456166533517142,0.887694067431678
234.2,0.00170255573683791,1.76985097725092,1.89906831547917,0.311697492002624,0.45616416554044,0.887696701201998
234.3,0.00170260761940934,1.76985162608612,1.89908124542462,0.31169938506012,0.456161799580537,0.887699332754161
234.4,0.00170265946428159,1.76985227437637,1.8990941644622,0.311701276517128,0.456159435634857,0.887701962090968
234.5,0.00170271127149459,1.76985292212237,1.8991070726057,0.311703166375675,0.456157073700828,0.887704589215213
234.6,0.00170276304108824,1.76985356932479,1.8991199698689,0.311705054637789,0.456154713775883,0.887707214129689
234.7,0.0017028147731023,1.76985421598432,1.89913285626554,0.31170694130549,0.456152355857463,0.887709836837183
234.8,0.00170286646757658,1.76985486210165,1.89914573180936,0.311708826380798,0.456149999943005,0.887712457340477
234.9,0.00170291812455072,1.76985550767745,1.89915859651405,0.311710709865727,0.45614764602996,0.887715075642348
235,0.0017029697440644,1.76985615271241,1.89917145039331,0.311712591762289,0.456145294115775,0.887717691745568
235.1,0.00170302132615721,1.7698567972072,1.89918429346078,0.311714472072493,0.456142944197907,0.887720305652907
235.2,0.00170307287086868,1.7698574411625,1.8991971257301,0.311716350798344,0.456140596273816,0.887722917367126
235.3,0.00170312437823832,1.769858084579,1.89920994721489,0.311718227941842,0.456138250340964,0.887725526890986
235.4,0.00170317584830558,1.76985872745736,1.89922275792873,0.311720103504986,0.45613590639682,0.88772813422724
235.5,0.00170322728110977,1.76985936979826,1.89923555788519,0.311721977489773,0.456133564438857,0.887730739378638
235.6,0.00170327867669028,1.76986001160238,1.89924834709781,0.311723849898191,0.45613122446455,0.887733342347925
235.7,0.00170333003508632,1.76986065287039,1.89926112558012,0.311725720732231,0.45612888647138,0.88773594313784
235.8,0.00170338135633721,1.76986129360295,1.89927389334561,0.311727589993876,0.456126550456835,0.887738541751121
235.9,0.00170343264048202,1.76986193380074,1.89928665040776,0.311729457685107,0.4561242164184,0.887741138190498
236,0.00170348388755997,1.76986257346443,1.89929939678002,0.311731323807906,0.456121884353571,0.887743732458697
236.1,0.00170353509761003,1.76986321259468,1.89931213247583,0.311733188364244,0.456119554259846,0.887746324558442
236.2,0.00170358627067123,1.76986385119217,1.89932485750858,0.311735051356094,0.456117226134725,0.887748914492448
236.3,0.00170363740678252,1.76986448925755,1.89933757189168,0.311736912785423,0.456114899975717,0.88775150226343
236.4,0.00170368850598283,1.7698651267915,1.89935027563847,0.311738772654198,0.456112575780332,0.887754087874097
236.5,0.00170373956831103,1.76986576379468,1.8993629687623,0.311740630964379,0.456110253546082,0.88775667132715
236.6,0.00170379059380588,1.76986640026774,1.89937565127649,0.311742487717923,0.45610793327049,0.887759252625291
236.7,0.00170384158250618,1.76986703621136,1.89938832319434,0.311744342916789,0.456105614951077,0.887761831771213
236.8,0.00170389253445053,1.76986767162618,1.89940098452911,0.311746196562927,0.456103298585368,0.887764408767609
236.9,0.00170394344967768,1.76986830651288,1.89941363529407,0.311748048658285,0.456100984170898,0.887766983617163
237,0.00170399432822615,1.76986894087211,1.89942627550244,0.311749899204807,0.456098671705201,0.887769556322556
237.1,0.00170404517013449,1.76986957470452,1.89943890516743,0.311751748204437,0.456096361185817,0.887772126886467
237.2,0.0017040959754412,1.76987020801077,1.89945152430222,0.311753595659114,0.456094052610289,0.887774695311567
237.3,0.00170414674418476,1.76987084079152,1.89946413291998,0.311755441570772,0.456091745976167,0.887777261600524
237.4,0.00170419747640349,1.76987147304741,1.89947673103385,0.311757285941344,0.456089441281001,0.887779825756003
237.5,0.00170424817213575,1.76987210477911,1.89948931865695,0.31175912877276,0.456087138522349,0.887782387780663
237.6,0.00170429883141981,1.76987273598727,1.89950189580238,0.311760970066944,0.45608483769777,0.887784947677157
237.7,0.00170434945429388,1.76987336667253,1.89951446248322,0.311762809825821,0.45608253880483,0.887787505448138
237.8,0.0017044000407962,1.76987399683554,1.89952701871252,0.311764648051307,0.456080241841095,0.88779006109625
237.9,0.00170445059096483,1.76987462647695,1.8995395645033,0.311766484745321,0.456077946804139,0.887792614624136
238,0.00170450110483787,1.76987525559742,1.8995520998686,0.311768319909776,0.456075653691539,0.887795166034433
238.1,0.00170455158245336,1.76987588419758,1.89956462482138,0.31177015354658,0.456073362500874,0.887797715329773
238.2,0.00170460202384926,1.76987651227808,1.89957713937463,0.311771985657641,0.456071073229733,0.887800262512786
238.3,0.00170465242906351,1.76987713983956,1.89958964354128,0.311773816244863,0.4560687858757,0.887802807586094
238.4,0.00170470279813393,1.76987776688268,1.89960213733427,0.311775645310145,0.45606650043637,0.88780535055232
238.5,0.00170475313109842,1.76987839340806,1.89961462076649,0.311777472855385,0.45606421690934,0.887807891414076
238.6,0.00170480342799467,1.76987901941635,1.89962709385084,0.311779298882479,0.456061935292212,0.887810430173975
238.7,0.00170485368886049,1.7698796449082,1.89963955660016,0.311781123393313,0.456059655582587,0.887812966834624
238.8,0.00170490391373345,1.76988026988423,1.8996520090273,0.311782946389779,0.456057377778079,0.887815501398625
238.9,0.00170495410265122,1.76988089434509,1.89966445114508,0.31178476787376,0.456055101876296,0.887818033868576
239,0.00170500425565137,1.76988151829142,1.8996768829663,0.311786587847137,0.456052827874859,0.887820564247072
239.1,0.00170505437277139,1.76988214172384,1.89968930450372,0.311788406311789,0.456050555771386,0.887823092536701
239.2,0.00170510445404878,1.769882764643,1.89970171577011,0.311790223269592,0.456048285563503,0.88782561874005
239.3,0.00170515449952095,1.76988338704953,1.8997141167782,0.311792038722417,0.45604601724884,0.8878281428597
239.4,0.00170520450922527,1.76988400894405,1.89972650754069,0.311793852672134,0.456043750825029,0.887830664898227
239.5,0.00170525448319904,1.76988463032721,1.8997388880703,0.311795665120608,0.456041486289705,0.887833184858204
239.6,0.00170530442147953,1.76988525119963,1.89975125837968,0.311797476069702,0.45603922364051,0.887835702742199
239.7,0.00170535432410397,1.76988587156194,1.89976361848148,0.311799285521277,0.45603696287509,0.887838218552777
239.8,0.0017054041911095,1.76988649141477,1.89977596838833,0.311801093477188,0.45603470399109,0.887840732292497
239.9,0.00170545402253329,1.76988711075874,1.89978830811285,0.31180289993929,0.456032446986167,0.887843243963916
240,0.00170550381841235,1.76988772959449,1.89980063766761,0.311804704909432,0.456030191857974,0.887845753569583
240.1,0.00170555357878374,1.76988834792264,1.89981295706519,0.311806508389464,0.456027938604171,0.887848261112049
240.2,0.0017056033036844,1.76988896574381,1.89982526631813,0.311808310381229,0.456025687222423,0.887850766593854
240.3,0.00170565299315127,1.76988958305862,1.89983756543895,0.311810110886568,0.456023437710399,0.887853270017538
240.4,0.00170570264722119,1.76989019986771,1.89984985444017,0.311811909907319,0.456021190065768,0.887855771385636
240.5,0.00170575226593106,1.76989081617168,1.89986213333426,0.31181370744532,0.45601894428621,0.88785827070068
240.6,0.00170580184931757,1.76989143197116,1.89987440213369,0.3118155035024,0.456016700369401,0.887860767965193
240.7,0.00170585139741746,1.76989204726677,1.89988666085089,0.311817298080391,0.456014458313026,0.8878632631817
240.8,0.0017059009102674,1.76989266205913,1.89989890949831,0.311819091181118,0.456012218114772,0.887865756352718
240.9,0.00170595038790407,1.76989327634885,1.89991114808833,0.311820882806405,0.456009979772331,0.887868247480762
241,0.00170599983036397,1.76989389013655,1.89992337663333,0.311822672958071,0.456007743283395,0.887870736568342
241.1,0.00170604923768368,1.76989450342284,1.89993559514569,0.311824461637935,0.456005508645665,0.887873223617963
241.2,0.00170609860989969,1.76989511620834,1.89994780363774,0.31182624884781,0.456003275856844,0.887875708632128
241.3,0.00170614794704837,1.76989572849367,1.8999600021218,0.311828034589509,0.456001044914636,0.887878191613332
241.4,0.00170619724916614,1.76989634027943,1.89997219061017,0.311829818864838,0.455998815816753,0.887880672564071
241.5,0.00170624651628929,1.76989695156623,1.89998436911514,0.311831601675605,0.45599658856091,0.887883151486835
241.6,0.00170629574845419,1.76989756235469,1.89999653764896,0.31183338302361,0.455994363144822,0.887885628384107
241.7,0.00170634494569701,1.76989817264542,1.90000869622387,0.311835162910654,0.455992139566212,0.88788810325837
241.8,0.00170639410805398,1.76989878243901,1.9000208448521,0.311836941338533,0.455989917822805,0.8878905761121
241.9,0.00170644323556119,1.76989939173609,1.90003298354585,0.311838718309042,0.455987697912328,0.887893046947773
242,0.00170649232825475,1.76990000053725,1.90004511231729,0.311840493823969,0.455985479832518,0.887895515767855
242.1,0.00170654138617073,1.7699006088431,1.90005723117858,0.311842267885104,0.455983263581108,0.887897982574813
242.2,0.0017065904093451,1.76990121665425,1.90006934014188,0.31184404049423,0.455981049155839,0.887900447371108
242.3,0.00170663939781382,1.76990182397129,1.90008143921929,0.311845811653131,0.455978836554455,0.887902910159197
242.4,0.0017066883516128,1.76990243079484,1.90009352842292,0.311847581363584,0.455976625774706,0.887905370941533
242.5,0.00170673727077786,1.76990303712548,1.90010560776486,0.311849349627366,0.455974416814338,0.887907829720565
242.6,0.00170678615534483,1.76990364296383,1.90011767725716,0.31185111644625,0.455972209671111,0.887910286498739
242.7,0.00170683500534947,1.76990424831048,1.90012973691186,0.311852881822006,0.45597000434278,0.887912741278495
242.8,0.00170688382082747,1.76990485316603,1.90014178674099,0.311854645756402,0.455967800827111,0.887915194062272
242.9,0.00170693260181452,1.76990545753108,1.90015382675655,0.311856408251202,0.455965599121868,0.887917644852502
243,0.00170698134834621,1.76990606140622,1.90016585697052,0.311858169308167,0.455963399224821,0.887920093651615
243.1,0.00170703006045812,1.76990666479204,1.90017787739487,0.311859928929058,0.455961201133742,0.887922540462035
243.2,0.00170707873818576,1.76990726768915,1.90018988804155,0.311861687115628,0.455959004846412,0.887924985286185
243.3,0.00170712738156462,1.76990787009814,1.90020188892246,0.311863443869632,0.455956810360608,0.887927428126481
243.4,0.00170717599063012,1.76990847201959,1.90021388004954,0.31186519919282,0.455954617674114,0.887929868985339
243.5,0.00170722456541764,1.76990907345411,1.90022586143465,0.311866953086937,0.455952426784722,0.887932307865166
243.6,0.0017072731059625,1.76990967440227,1.90023783308966,0.31186870555373,0.455950237690221,0.88793474476837
243.7,0.00170732161230001,1.76991027486468,1.90024979502643,0.31187045659494,0.455948050388405,0.887937179697351
243.8,0.00170737008446539,1.76991087484192,1.90026174725678,0.311872206212306,0.455945864877076,0.88793961265451
243.9,0.00170741852249385,1.76991147433457,1.90027368979253,0.311873954407563,0.455943681154033,0.887942043642237
244,0.00170746692642051,1.76991207334323,1.90028562264545,0.311875701182445,0.455941499217083,0.887944472662925
244.1,0.00170751529628049,1.76991267186847,1.90029754582732,0.311877446538682,0.455939319064038,0.887946899718959
244.2,0.00170756363210884,1.76991326991089,1.9003094593499,0.311879190478,0.45593714069271,0.887949324812723
244.3,0.00170761193394056,1.76991386747107,1.90032136322492,0.311880933002126,0.455934964100914,0.887951747946593
244.4,0.00170766020181062,1.76991446454959,1.90033325746408,0.311882674112783,0.455932789286473,0.887954169122948
244.5,0.00170770843575395,1.76991506114703,1.9003451420791,0.311884413811687,0.455930616247208,0.887956588344156
244.6,0.00170775663580537,1.76991565726398,1.90035701708163,0.311886152100555,0.455928444980949,0.887959005612584
244.7,0.00170780480199973,1.76991625290101,1.90036888248334,0.311887888981102,0.455926275485526,0.887961420930597
244.8,0.00170785293437179,1.76991684805871,1.90038073829587,0.311889624455037,0.455924107758774,0.887963834300553
244.9,0.00170790103295632,1.76991744273765,1.90039258453083,0.311891358524069,0.455921941798529,0.887966245724808
245,0.00170794909778798,1.76991803693841,1.90040442119984,0.311893091189904,0.455919777602635,0.887968655205714
245.1,0.00170799712890138,1.76991863066156,1.90041624831446,0.311894822454243,0.455917615168937,0.887971062745621
245.2,0.00170804512633115,1.76991922390769,1.90042806588626,0.311896552318785,0.45591545449528,0.88797346834687
245.3,0.00170809309011182,1.76991981667737,1.90043987392679,0.31189828078523,0.455913295579522,0.887975872011805
245.4,0.00170814102027789,1.76992040897116,1.90045167244758,0.31190000785527,0.455911138419515,0.88797827374276
245.5,0.00170818891686387,1.76992100078964,1.90046346146012,0.311901733530598,0.455908983013118,0.88798067354207
245.6,0.00170823677990405,1.7699215921334,1.90047524097592,0.311903457812902,0.455906829358194,0.887983071412063
245.7,0.00170828460943295,1.76992218300298,1.90048701100643,0.311905180703866,0.45590467745261,0.887985467355065
245.8,0.00170833240548475,1.76992277339897,1.90049877156312,0.311906902205176,0.455902527294233,0.887987861373398
245.9,0.00170838016809377,1.76992336332194,1.90051052265741,0.311908622318513,0.455900378880939,0.88799025346938
246,0.0017084278972943,1.76992395277245,1.90052226430073,0.311910341045552,0.455898232210603,0.887992643645325
246.1,0.00170847559312043,1.76992454175107,1.90053399650446,0.311912058387971,0.455896087281104,0.887995031903545
246.2,0.00170852325560635,1.76992513025837,1.90054571927998,0.311913774347441,0.455893944090329,0.887997418246345
246.3,0.00170857088478618,1.76992571829491,1.90055743263867,0.311915488925632,0.45589180263616,0.88799980267603
246.4,0.00170861848069393,1.76992630586125,1.90056913659185,0.311917202124212,0.455889662916489,0.888002185194899
246.5,0.00170866604336358,1.76992689295797,1.90058083115085,0.311918913944845,0.45588752492921,0.888004565805247
246.6,0.00170871357282915,1.76992747958562,1.90059251632698,0.311920624389192,0.455885388672219,0.888006944509367
246.7,0.00170876106912451,1.76992806574476,1.90060419213152,0.311922333458912,0.455883254143417,0.888009321309548
246.8,0.00170880853228355,1.76992865143596,1.90061585857575,0.311924041155662,0.455881121340708,0.888011696208074
246.9,0.0017088559623401,1.76992923665978,1.90062751567092,0.311925747481097,0.455878990261999,0.888014069207226
247,0.00170890335932791,1.76992982141677,1.90063916342825,0.311927452436866,0.4558768609052,0.888016440309283
247.1,0.00170895072328075,1.7699304057075,1.90065080185897,0.311929156024619,0.455874733268226,0.888018809516518
247.2,0.00170899805423231,1.76993098953251,1.90066243097426,0.311930858246002,0.455872607348993,0.888021176831201
247.3,0.00170904535221624,1.76993157289238,1.90067405078532,0.311932559102656,0.455870483145423,0.888023542255599
247.4,0.0017090926172661,1.76993215578764,1.9006856613033,0.311934258596224,0.45586836065544,0.888025905791975
247.5,0.00170913984941554,1.76993273821887,1.90069726253935,0.311935956728342,0.455866239876969,0.888028267442589
247.6,0.00170918704869799,1.7699333201866,1.90070885450459,0.311937653500646,0.455864120807942,0.888030627209696
247.7,0.00170923421514694,1.76993390169141,1.90072043721013,0.31193934891477,0.455862003446295,0.888032985095549
247.8,0.00170928134879584,1.76993448273382,1.90073201066706,0.311941042972342,0.455859887789962,0.888035341102396
247.9,0.00170932844967808,1.76993506331441,1.90074357488645,0.31194273567499,0.455857773836887,0.888037695232483
248,0.00170937551782699,1.76993564343371,1.90075512987936,0.311944427024341,0.455855661585011,0.88804004748805
248.1,0.00170942255327586,1.76993622309228,1.90076667565682,0.311946117022014,0.455853551032284,0.888042397871336
248.2,0.00170946955605795,1.76993680229067,1.90077821222986,0.31194780566963,0.455851442176653,0.888044746384575
248.3,0.00170951652620646,1.76993738102942,1.90078973960948,0.311949492968807,0.455849335016077,0.888047093029999
248.4,0.00170956346375455,1.76993795930909,1.90080125780666,0.311951178921159,0.455847229548508,0.888049437809834
248.5,0.00170961036873536,1.76993853713021,1.90081276683237,0.311952863528296,0.455845125771909,0.888051780726303
248.6,0.00170965724118198,1.76993911449333,1.90082426669755,0.31195454679183,0.455843023684245,0.888054121781628
248.7,0.0017097040811274,1.769939691399,1.90083575741315,0.311956228713367,0.455840923283479,0.888056460978024
248.8,0.00170975088860468,1.76994026784776,1.90084723899007,0.311957909294511,0.455838824567585,0.888058798317706
248.9,0.00170979766364672,1.76994084384015,1.90085871143922,0.311959588536863,0.455836727534535,0.888061133802882
249,0.00170984440628642,1.76994141937672,1.90087017477147,0.311961266442023,0.455834632182307,0.88806346743576
249.1,0.00170989111655668,1.769941994458,1.90088162899768,0.311962943011588,0.455832538508879,0.888065799218541
249.2,0.0017099377944903,1.76994256908453,1.90089307412871,0.31196461824715,0.455830446512237,0.888068129153424
249.3,0.00170998444012007,1.76994314325686,1.90090451017538,0.311966292150303,0.455828356190363,0.888070457242605
249.4,0.00171003105347872,1.76994371697552,1.9009159371485,0.311967964722634,0.455826267541251,0.888072783488278
249.5,0.00171007763459892,1.76994429024105,1.90092735505887,0.311969635965731,0.455824180562892,0.888075107892629
249.6,0.00171012418351333,1.76994486305399,1.90093876391726,0.311971305881177,0.455822095253283,0.888077430457845
249.7,0.0017101707002546,1.76994543541487,1.90095016373444,0.311972974470553,0.455820011610421,0.888079751186107
249.8,0.00171021718485523,1.76994600732422,1.90096155452113,0.311974641735439,0.455817929632312,0.888082070079593
249.9,0.00171026363734776,1.76994657878259,1.90097293628809,0.311976307677412,0.45581584931696,0.88808438714048
250,0.00171031005776472,1.7699471497905,1.900984309046,0.311977972298043,0.455813770662372,0.888086702370936
250.1,0.00171035644613848,1.76994772034849,1.90099567280557,0.311979635598906,0.455811693666564,0.888089015773133
250.2,0.00171040280250145,1.76994829045709,1.90100702757746,0.311981297581569,0.455809618327548,0.888091327349233
250.3,0.00171044912688601,1.76994886011682,1.90101837337234,0.311982958247598,0.455807544643344,0.888093637101397
250.4,0.00171049541932444,1.76994942932822,1.90102971020084,0.311984617598557,0.455805472611974,0.888095945031784
250.5,0.00171054167984902,1.76994999809182,1.9010410380736,0.311986275636009,0.455803402231461,0.888098251142548
250.6,0.00171058790849198,1.76995056640815,1.90105235700122,0.311987932361511,0.455801333499833,0.88810055543584
250.7,0.00171063410528552,1.76995113427773,1.90106366699429,0.311989587776621,0.455799266415124,0.888102857913809
250.8,0.00171068027026175,1.76995170170108,1.90107496806338,0.311991241882892,0.455797200975364,0.888105158578597
250.9,0.00171072640345275,1.76995226867875,1.90108626021906,0.311992894681875,0.455795137178592,0.888107457432345
251,0.00171077250489063,1.76995283521124,1.90109754347186,0.311994546175121,0.45579307502285,0.888109754477192
251.1,0.00171081857460742,1.76995340129909,1.9011088178323,0.311996196364176,0.45579101450618,0.888112049715271
251.2,0.00171086461263503,1.76995396694281,1.90112008331091,0.311997845250584,0.455788955626627,0.888114343148713
251.3,0.00171091061900547,1.76995453214294,1.90113133991816,0.311999492835888,0.455786898382244,0.888116634779646
251.4,0.00171095659375054,1.76995509689998,1.90114258766453,0.312001139121625,0.455784842771081,0.888118924610193
251.5,0.00171100253690216,1.76995566121447,1.90115382656048,0.312002784109333,0.455782788791196,0.888121212642476
251.6,0.00171104844849211,1.76995622508692,1.90116505661645,0.312004427800548,0.455780736440647,0.888123498878612
251.7,0.00171109432855215,1.76995678851785,1.90117627784287,0.3120060701968,0.455778685717496,0.888125783320714
251.8,0.00171114017711406,1.76995735150778,1.90118749025015,0.312007711299619,0.455776636619808,0.888128065970894
251.9,0.00171118599420947,1.76995791405723,1.90119869384867,0.312009351110535,0.455774589145652,0.888130346831259
252,0.00171123177987006,1.76995847616671,1.90120988864882,0.31201098963107,0.455772543293097,0.888132625903913
252.1,0.00171127753412739,1.76995903783674,1.90122107466095,0.312012626862747,0.455770499060222,0.888134903190957
252.2,0.00171132325701304,1.76995959906784,1.90123225189541,0.312014262807086,0.4557684564451,0.888137178694489
252.3,0.00171136894855854,1.76996015986051,1.90124342036253,0.312015897465607,0.455766415445813,0.888139452416603
252.4,0.00171141460879539,1.76996072021528,1.90125458007261,0.312017530839822,0.455764376060444,0.88814172435939
252.5,0.00171146023775502,1.76996128013265,1.90126573103595,0.312019162931246,0.45576233828708,0.888143994524937
252.6,0.00171150583546877,1.76996183961314,1.90127687326284,0.312020793741389,0.45576030212381,0.88814626291533
252.7,0.00171155140196809,1.76996239865725,1.90128800676353,0.312022423271759,0.455758267568726,0.888148529532648
252.8,0.00171159693728422,1.76996295726551,1.90129913154827,0.312024051523862,0.455756234619925,0.888150794378971
252.9,0.00171164244144849,1.76996351543841,1.9013102476273,0.312025678499202,0.455754203275505,0.888153057456374
253,0.00171168791449209,1.76996407317647,1.90132135501082,0.31202730419928,0.455752173533568,0.888155318766926
253.1,0.00171173335644625,1.7699646304802,1.90133245370903,0.312028928625594,0.455750145392217,0.888157578312698
253.2,0.00171177876734216,1.76996518735009,1.90134354373213,0.312030551779641,0.455748118849561,0.888159836095753
253.3,0.00171182414721084,1.76996574378667,1.90135462509027,0.312032173662914,0.455746093903709,0.888162092118155
253.4,0.00171186949608342,1.76996629979042,1.90136569779361,0.312033794276907,0.455744070552776,0.88816434638196
253.5,0.00171191481399095,1.76996685536187,1.90137676185227,0.312035413623108,0.455742048794877,0.888166598889224
253.6,0.00171196010096439,1.76996741050151,1.90138781727639,0.312037031703004,0.455740028628132,0.888168849642
253.7,0.00171200535703473,1.76996796520984,1.90139886407606,0.31203864851808,0.455738010050665,0.888171098642337
253.8,0.00171205058223285,1.76996851948737,1.90140990226138,0.312040264069817,0.455735993060599,0.88817334589228
253.9,0.00171209577658964,1.7699690733346,1.90142093184241,0.312041878359699,0.455733977656063,0.888175591393873
254,0.00171214094013594,1.76996962675203,1.90143195282922,0.312043491389199,0.45573196383519,0.888177835149154
254.1,0.00171218607290251,1.76997017974016,1.90144296523183,0.312045103159797,0.45572995159611,0.88818007716016
254.2,0.00171223117492017,1.76997073229949,1.90145396906028,0.312046713672962,0.455727940936963,0.888182317428923
254.3,0.00171227624621958,1.76997128443052,1.90146496432458,0.312048322930167,0.45572593185589,0.888184555957475
254.4,0.00171232128683145,1.76997183613374,1.90147595103472,0.312049930932882,0.455723924351031,0.88818679274784
254.5,0.00171236629678637,1.76997238740966,1.90148692920068,0.31205153768257,0.455721918420535,0.888189027802045
254.6,0.00171241127611501,1.76997293825876,1.90149789883242,0.312053143180698,0.455719914062547,0.888191261122108
254.7,0.00171245622484786,1.76997348868155,1.90150885993989,0.312054747428726,0.455717911275222,0.888193492710047
254.8,0.00171250114301543,1.76997403867852,1.90151981253302,0.312056350428114,0.455715910056713,0.888195722567877
254.9,0.00171254603064828,1.76997458825016,1.90153075662173,0.31205795218032,0.455713910405178,0.888197950697607
255,0.00171259088777678,1.76997513739697,1.90154169221592,0.312059552686798,0.455711912318776,0.888200177101247
255.1,0.00171263571443137,1.76997568611944,1.90155261932547,0.312061151949,0.455709915795672,0.888202401780802
255.2,0.00171268051064238,1.76997623441805,1.90156353796026,0.312062749968378,0.455707920834031,0.888204624738272
255.3,0.00171272527644014,1.76997678229331,1.90157444813014,0.31206434674638,0.455705927432021,0.888206845975658
255.4,0.0017127700118549,1.7699773297457,1.90158534984495,0.31206594228445,0.455703935587816,0.888209065494954
255.5,0.00171281471691697,1.76997787677571,1.90159624311452,0.312067536584034,0.455701945299589,0.888211283298153
255.6,0.00171285939165653,1.76997842338382,1.90160712794865,0.312069129646572,0.455699956565519,0.888213499387244
255.7,0.00171290403610372,1.76997896957054,1.90161800435714,0.312070721473504,0.455697969383783,0.888215713764213
255.8,0.00171294865028869,1.76997951533634,1.90162887234977,0.312072312066266,0.45569598375257,0.888217926431045
255.9,0.00171299323424154,1.7699800606817,1.90163973193629,0.312073901426294,0.45569399967006,0.888220137389719
256,0.00171303778799228,1.76998060560713,1.90165058312647,0.312075489555021,0.455692017134445,0.888222346642213
256.1,0.00171308231157096,1.76998115011309,1.90166142593004,0.312077076453875,0.455690036143917,0.888224554190499
256.2,0.0017131268050075,1.76998169420008,1.90167226035671,0.312078662124285,0.455688056696668,0.888226760036551
256.3,0.00171317126833192,1.76998223786858,1.90168308641619,0.312080246567677,0.455686078790899,0.888228964182335
256.4,0.00171321570157405,1.76998278111907,1.90169390411816,0.312081829785475,0.455684102424805,0.888231166629816
256.5,0.00171326010476378,1.76998332395203,1.9017047134723,0.312083411779101,0.455682127596594,0.888233367380958
256.6,0.00171330447793089,1.76998386636795,1.90171551448827,0.312084992549973,0.455680154304469,0.888235566437718
256.7,0.00171334882110517,1.7699844083673,1.90172630717571,0.312086572099508,0.455678182546638,0.888237763802052
256.8,0.0017133931343164,1.76998494995056,1.90173709154425,0.312088150429123,0.455676212321315,0.888239959475914
256.9,0.00171343741759426,1.76998549111822,1.90174786760352,0.312089727540227,0.455674243626712,0.888242153461253
257,0.00171348167096843,1.76998603187074,1.90175863536309,0.312091303434234,0.455672276461046,0.888244345760016
257.1,0.0017135258944685,1.76998657220862,1.90176939483257,0.312092878112551,0.455670310822537,0.888246536374148
257.2,0.00171357008812407,1.76998711213232,1.90178014602151,0.312094451576584,0.455668346709407,0.888248725305589
257.3,0.00171361425196472,1.76998765164232,1.90179088893949,0.312096023827738,0.455666384119881,0.888250912556278
257.4,0.00171365838601996,1.76998819073909,1.90180162359602,0.312097594867412,0.455664423052186,0.888253098128147
257.5,0.00171370249031925,1.76998872942312,1.90181235000065,0.31209916469701,0.455662463504556,0.888255282023132
257.6,0.00171374656489204,1.76998926769487,1.90182306816288,0.312100733317927,0.45566050547522,0.888257464243159
257.7,0.00171379060976773,1.76998980555482,1.90183377809222,0.312102300731557,0.455658548962417,0.888259644790156
257.8,0.00171383462497567,1.76999034300344,1.90184447979813,0.312103866939296,0.455656593964386,0.888261823666046
257.9,0.0017138786105452,1.7699908800412,1.9018551732901,0.312105431942533,0.455654640479367,0.888264000872749
258,0.0017139225665056,1.76999141666858,1.90186585857756,0.31210699574266,0.455652688505604,0.888266176412182
258.1,0.00171396649288612,1.76999195288603,1.90187653566997,0.31210855834106,0.455650738041346,0.888268350286258
258.2,0.001714010389716,1.76999248869404,1.90188720457674,0.31211011973912,0.45564878908484,0.888270522496891
258.3,0.00171405425702439,1.76999302409307,1.90189786530728,0.312111679938221,0.455646841634341,0.888272693045988
258.4,0.00171409809484043,1.76999355908359,1.901908517871,0.312113238939745,0.455644895688102,0.888274861935455
258.5,0.00171414190319323,1.76999409366607,1.90191916227726,0.31211479674507,0.455642951244383,0.888277029167194
258.6,0.00171418568211186,1.76999462784096,1.90192979853544,0.312116353355572,0.455641008301444,0.888279194743106
258.7,0.0017142294316253,1.76999516160875,1.90194042665489,0.312117908772625,0.455639066857546,0.888281358665086
258.8,0.00171427315176262,1.76999569496989,1.90195104664494,0.312119462997599,0.455637126910956,0.888283520935029
258.9,0.00171431684255274,1.76999622792485,1.90196165851492,0.312121016031868,0.455635188459944,0.888285681554827
259,0.00171436050402454,1.76999676047409,1.90197226227414,0.312122567876797,0.45563325150278,0.888287840526367
259.1,0.00171440413620695,1.76999729261808,1.9019828579319,0.312124118533752,0.455631316037737,0.888289997851534
259.2,0.00171444773912877,1.76999782435727,1.90199344549747,0.312125668004097,0.455629382063092,0.888292153532212
259.3,0.00171449131281883,1.76999835569213,1.90200402498012,0.312127216289193,0.455627449577126,0.888294307570279
259.4,0.00171453485730591,1.76999888662313,1.90201459638911,0.312128763390401,0.455625518578118,0.888296459967612
259.5,0.00171457837261869,1.76999941715071,1.90202515973366,0.312130309309076,0.455623589064354,0.888298610726085
259.6,0.00171462185878597,1.76999994727535,1.90203571502302,0.312131854046574,0.455621661034123,0.888300759847569
259.7,0.00171466531583631,1.77000047699749,1.90204626226638,0.31213339760425,0.455619734485711,0.888302907333933
259.8,0.00171470874379839,1.7700010063176,1.90205680147294,0.312134939983452,0.455617809417412,0.888305053187039
259.9,0.00171475214270074,1.77000153523613,1.90206733265188,0.312136481185533,0.455615885827521,0.888307197408755
260,0.00171479551257195,1.77000206375355,1.90207785581238,0.312138021211837,0.455613963714336,0.888309340000935
260.1,0.00171483885344054,1.7700025918703,1.90208837096359,0.31213956006371,0.455612043076156,0.888311480965439
260.2,0.00171488216533498,1.77000311958685,1.90209887811464,0.312141097742495,0.455610123911285,0.888313620304121
260.3,0.00171492544828372,1.77000364690365,1.90210937727467,0.312142634249532,0.455608206218029,0.888315758018831
260.4,0.00171496870231514,1.77000417382114,1.90211986845278,0.312144169586161,0.455606289994693,0.888317894111418
260.5,0.00171501192745761,1.77000470033979,1.90213035165808,0.312145703753717,0.455604375239591,0.888320028583727
260.6,0.00171505512373948,1.77000522646005,1.90214082689965,0.312147236753538,0.455602461951035,0.888322161437602
260.7,0.00171509829118902,1.77000575218237,1.90215129418655,0.312148768586953,0.45560055012734,0.888324292674881
260.8,0.00171514142983454,1.7700062775072,1.90216175352786,0.312150299255295,0.455598639766825,0.888326422297402
260.9,0.00171518453970424,1.77000680243499,1.90217220493261,0.312151828759892,0.455596730867812,0.888328550307001
261,0.00171522762082633,1.77000732696619,1.90218264840983,0.312153357102071,0.455594823428622,0.888330676705507
261.1,0.00171527067322892,1.77000785110125,1.90219308396853,0.312154884283157,0.455592917447584,0.88833280149475
261.2,0.00171531369694013,1.77000837484062,1.90220351161773,0.31215641030447,0.455591012923024,0.888334924676557
261.3,0.00171535669198808,1.77000889818475,1.9022139313664,0.312157935167335,0.455589109853275,0.88833704625275
261.4,0.00171539965840081,1.77000942113408,1.90222434322353,0.312159458873067,0.455587208236669,0.888339166225149
261.5,0.0017154425962063,1.77000994368906,1.90223474719808,0.312160981422983,0.455585308071545,0.888341284595575
261.6,0.00171548550543255,1.77001046585014,1.90224514329898,0.3121625028184,0.455583409356239,0.888343401365839
261.7,0.0017155283861075,1.77001098761776,1.90225553153519,0.312164023060628,0.455581512089093,0.888345516537756
261.8,0.00171557123825904,1.77001150899237,1.90226591191561,0.312165542150979,0.455579616268452,0.888347630113135
261.9,0.00171561406191506,1.77001202997441,1.90227628444916,0.312167060090761,0.455577721892661,0.888349742093782
262,0.00171565685710336,1.77001255056432,1.90228664914474,0.312168576881281,0.45557582896007,0.888351852481502
262.1,0.00171569962385181,1.77001307076254,1.90229700601121,0.312170092523845,0.45557393746903,0.888353961278096
262.2,0.0017157423621881,1.77001359056953,1.90230735505745,0.312171607019753,0.455572047417894,0.888356068485363
262.3,0.00171578507213999,1.77001410998571,1.90231769629231,0.312173120370307,0.45557015880502,0.888358174105098
262.4,0.00171582775373516,1.77001462901153,1.90232802972464,0.312174632576807,0.455568271628768,0.888360278139096
262.5,0.00171587040700129,1.77001514764743,1.90233835536325,0.312176143640548,0.455566385887495,0.888362380589146
262.6,0.00171591303196597,1.77001566589385,1.90234867321697,0.312177653562826,0.455564501579569,0.888364481457037
262.7,0.00171595562865683,1.77001618375123,1.90235898329459,0.312179162344933,0.455562618703357,0.888366580744554
262.8,0.0017159981971014,1.77001670122,1.90236928560491,0.31218066998816,0.455560737257224,0.888368678453479
262.9,0.00171604073732721,1.7700172183006,1.90237958015668,0.312182176493798,0.455558857239544,0.888370774585592
263,0.0017160832493617,1.77001773499348,1.90238986695869,0.312183681863131,0.45555697864869,0.88837286914267
263.1,0.00171612573323237,1.77001825129905,1.90240014601967,0.312185186097447,0.455555101483038,0.888374962126488
263.2,0.00171616818896664,1.77001876721777,1.90241041734836,0.312186689198026,0.455553225740969,0.888377053538817
263.3,0.00171621061659184,1.77001928275006,1.90242068095347,0.312188191166152,0.455551351420861,0.888379143381426
263.4,0.00171625301613538,1.77001979789636,1.90243093684372,0.312189692003104,0.455549478521099,0.888381231656084
263.5,0.00171629538762454,1.7700203126571,1.90244118502781,0.312191191710157,0.45554760704007,0.888383318364552
263.6,0.00171633773108658,1.77002082703271,1.90245142551441,0.312192690288589,0.455545736976162,0.888385403508592
263.7,0.00171638004654874,1.77002134102363,1.9024616583122,0.312194187739672,0.455543868327767,0.888387487089963
263.8,0.00171642233403826,1.77002185463029,1.90247188342982,0.31219568406468,0.455542001093276,0.888389569110421
263.9,0.00171646459358231,1.77002236785312,1.90248210087593,0.31219717926488,0.455540135271087,0.888391649571719
264,0.00171650682520802,1.77002288069254,1.90249231065915,0.312198673341541,0.455538270859597,0.888393728475608
264.1,0.00171654902894248,1.77002339314899,1.9025025127881,0.312200166295929,0.455536407857208,0.888395805823835
264.2,0.00171659120481277,1.7700239052229,1.90251270727139,0.312201658129308,0.455534546262322,0.888397881618146
264.3,0.00171663335284594,1.7700244169147,1.9025228941176,0.312203148842938,0.455532686073345,0.888399955860285
264.4,0.00171667547306897,1.7700249282248,1.90253307333531,0.312204638438082,0.455530827288686,0.888402028551991
264.5,0.00171671756550886,1.77002543915365,1.9025432449331,0.312206126915999,0.455528969906754,0.888404099695002
264.6,0.00171675963019253,1.77002594970166,1.90255340891951,0.312207614277943,0.455527113925962,0.888406169291053
264.7,0.00171680166714688,1.77002645986926,1.90256356530308,0.312209100525169,0.455525259344725,0.888408237341876
264.8,0.00171684367639877,1.77002696965688,1.90257371409234,0.31221058565893,0.455523406161461,0.888410303849201
264.9,0.00171688565797505,1.77002747906494,1.9025838552958,0.312212069680476,0.455521554374591,0.888412368814756
265,0.00171692761190252,1.77002798809386,1.90259398892197,0.312213552591059,0.455519703982535,0.888414432240266
265.1,0.00171696953820793,1.77002849674407,1.90260411497934,0.312215034391923,0.455517854983718,0.888416494127451
265.2,0.00171701143691801,1.77002900501599,1.90261423347638,0.312216515084313,0.45551600737657,0.888418554478033
265.3,0.00171705330805947,1.77002951291004,1.90262434442155,0.312217994669474,0.455514161159517,0.888420613293727
265.4,0.001717095151659,1.77003002042664,1.90263444782331,0.312219473148647,0.455512316330992,0.888422670576249
265.5,0.0017171369677432,1.77003052756622,1.90264454369009,0.312220950523072,0.455510472889429,0.88842472632731
265.6,0.00171717875633869,1.77003103432918,1.90265463203033,0.312222426793985,0.455508630833266,0.88842678054862
265.7,0.00171722051747198,1.77003154071597,1.90266471285243,0.312223901962623,0.45550679016094,0.888428833241885
265.8,0.00171726225116967,1.77003204672698,1.90267478616479,0.312225376030221,0.455504950870893,0.88843088440881
265.9,0.00171730395745823,1.77003255236264,1.9026848519758,0.31222684899801,0.455503112961568,0.888432934051096
266,0.00171734563636414,1.77003305762337,1.90269491029385,0.312228320867222,0.455501276431411,0.888434982170443
266.1,0.00171738728791382,1.77003356250958,1.90270496112729,0.312229791639083,0.455499441278871,0.888437028768547
266.2,0.00171742891213366,1.77003406702169,1.90271500448447,0.312231261314821,0.455497607502398,0.888439073847103
266.3,0.00171747050905003,1.77003457116012,1.90272504037373,0.312232729895662,0.455495775100445,0.888441117407802
266.4,0.00171751207868928,1.77003507492527,1.9027350688034,0.312234197382827,0.455493944071466,0.888443159452332
266.5,0.00171755362107771,1.77003557831757,1.9027450897818,0.312235663777539,0.45549211441392,0.888445199982382
266.6,0.00171759513624157,1.77003608133743,1.90275510331722,0.312237129081016,0.455490286126266,0.888447238999635
266.7,0.00171763662420711,1.77003658398527,1.90276510941794,0.312238593294477,0.455488459206968,0.888449276505772
266.8,0.00171767808500052,1.77003708626148,1.90277510809226,0.312240056419136,0.455486633654487,0.888451312502474
266.9,0.00171771951864798,1.77003758816649,1.90278509934843,0.312241518456209,0.455484809467291,0.888453346991415
267,0.00171776092517559,1.77003808970071,1.90279508319471,0.312242979406907,0.45548298664385,0.888455379974271
267.1,0.00171780230460953,1.77003859086455,1.90280505963933,0.312244439272442,0.455481165182635,0.888457411452713
267.2,0.00171784365697579,1.77003909165841,1.90281502869053,0.31224589805402,0.455479345082119,0.888459441428411
267.3,0.00171788498230046,1.77003959208271,1.90282499035651,0.312247355752849,0.455477526340779,0.888461469903031
267.4,0.00171792628060953,1.77004009213786,1.90283494464549,0.312248812370135,0.455475708957092,0.888463496878238
267.5,0.00171796755192896,1.77004059182427,1.90284489156565,0.312250267907079,0.455473892929539,0.888465522355693
267.6,0.00171800879628469,1.77004109114233,1.90285483112517,0.312251722364886,0.455472078256601,0.888467546337056
267.7,0.00171805001370267,1.77004159009247,1.90286476333223,0.312253175744752,0.455470264936766,0.888469568823983
267.8,0.00171809120420874,1.77004208867508,1.90287468819496,0.312254628047876,0.455468452968519,0.888471589818129
267.9,0.00171813236782873,1.77004258689057,1.90288460572153,0.312256079275455,0.455466642350349,0.888473609321147
268,0.00171817350458851,1.77004308473936,1.90289451592005,0.312257529428682,0.45546483308075,0.888475627334686
268.1,0.0017182146145138,1.77004358222183,1.90290441879865,0.312258978508752,0.455463025158213,0.888477643860392
268.2,0.00171825569763038,1.7700440793384,1.90291431436544,0.312260426516853,0.455461218581235,0.888479658899911
268.3,0.00171829675396396,1.77004457608947,1.9029242026285,0.312261873454175,0.455459413348316,0.888481672454885
268.4,0.00171833778354021,1.77004507247544,1.90293408359593,0.312263319321906,0.455457609457956,0.888483684526954
268.5,0.00171837878638479,1.77004556849671,1.90294395727579,0.312264764121231,0.455455806908657,0.888485695117756
268.6,0.00171841976252331,1.7700460641537,1.90295382367615,0.312266207853333,0.455454005698926,0.888487704228925
268.7,0.0017184607119814,1.77004655944679,1.90296368280504,0.312267650519396,0.455452205827268,0.888489711862094
268.8,0.00171850163478454,1.77004705437639,1.9029735346705,0.312269092120598,0.455450407292194,0.888491718018893
268.9,0.00171854253095834,1.77004754894289,1.90298337928057,0.31227053265812,0.455448610092215,0.888493722700951
269,0.00171858340052821,1.77004804314671,1.90299321664324,0.312271972133137,0.455446814225845,0.888495725909892
269.1,0.00171862424351968,1.77004853698823,1.90300304676653,0.312273410546823,0.4554450196916,0.888497727647341
269.2,0.00171866505995816,1.77004903046785,1.90301286965842,0.312274847900355,0.455443226488,0.888499727914916
269.3,0.00171870584986902,1.77004952358598,1.90302268532688,0.312276284194901,0.455441434613563,0.888501726714238
269.4,0.00171874661327763,1.77005001634301,1.90303249377988,0.312277719431633,0.455439644066814,0.888503724046921
269.5,0.00171878735020933,1.77005050873933,1.90304229502537,0.312279153611718,0.455437854846276,0.888505719914581
269.6,0.00171882806068945,1.77005100077534,1.9030520890713,0.312280586736324,0.455436066950478,0.888507714318826
269.7,0.00171886874474325,1.77005149245144,1.90306187592559,0.312282018806614,0.455434280377947,0.888509707261268
269.8,0.00171890940239592,1.77005198376803,1.90307165559616,0.312283449823752,0.455432495127218,0.88851169874351
269.9,0.00171895003367273,1.77005247472549,1.90308142809092,0.312284879788898,0.455430711196821,0.88851368876716
270,0.00171899063859883,1.77005296532421,1.90309119341776,0.312286308703214,0.455428928585294,0.888515677333817
270.1,0.00171903121719938,1.7700534555646,1.90310095158457,0.312287736567856,0.455427147291175,0.888517664445081
270.2,0.00171907176949946,1.77005394544705,1.90311070259922,0.31228916338398,0.455425367313003,0.88851965010255
270.3,0.0017191122955242,1.77005443497194,1.90312044646957,0.312290589152742,0.45542358864932,0.888521634307819
270.4,0.00171915279529864,1.77005492413967,1.90313018320346,0.312292013875294,0.455421811298673,0.888523617062479
270.5,0.00171919326884779,1.77005541295063,1.90313991280873,0.312293437552787,0.455420035259604,0.88852559836812
270.6,0.00171923371619667,1.77005590140521,1.90314963529322,0.31229486018637,0.455418260530667,0.888527578226332
270.7,0.00171927413737016,1.77005638950379,1.90315935066473,0.312296281777191,0.455416487110411,0.888529556638699
270.8,0.00171931453239327,1.77005687724677,1.90316905893107,0.312297702326398,0.455414714997387,0.888531533606804
270.9,0.00171935490129088,1.77005736463454,1.90317876010002,0.312299121835133,0.455412944190152,0.888533509132227
271,0.00171939524408784,1.77005785166749,1.90318845417937,0.312300540304538,0.455411174687263,0.888535483216549
271.1,0.00171943556080899,1.77005833834599,1.90319814117689,0.312301957735756,0.455409406487278,0.888537455861344
271.2,0.00171947585147915,1.77005882467044,1.90320782110033,0.312303374129926,0.455407639588762,0.888539427068188
271.3,0.00171951611612307,1.77005931064122,1.90321749395744,0.312304789488186,0.455405873990276,0.88854139683865
271.4,0.0017195563547655,1.77005979625873,1.90322715975596,0.312306203811672,0.455404109690386,0.888543365174302
271.5,0.0017195965674312,1.77006028152334,1.9032368185036,0.312307617101516,0.45540234668766,0.88854533207671
271.6,0.00171963675414478,1.77006076643544,1.90324647020809,0.312309029358854,0.455400584980667,0.888547297547438
271.7,0.00171967691493096,1.77006125099541,1.90325611487711,0.312310440584814,0.455398824567982,0.88854926158805
271.8,0.00171971704981431,1.77006173520363,1.90326575251837,0.312311850780529,0.455397065448177,0.888551224200105
271.9,0.00171975715881946,1.7700622190605,1.90327538313953,0.312313259947123,0.455395307619827,0.888553185385161
272,0.00171979724197093,1.77006270256639,1.90328500674827,0.312314668085725,0.455393551081513,0.888555145144774
272.1,0.00171983729929327,1.77006318572168,1.90329462335225,0.312316075197459,0.455391795831816,0.888557103480499
272.2,0.00171987733081101,1.77006366852676,1.9033042329591,0.312317481283446,0.455390041869315,0.888559060393885
272.3,0.0017199173365486,1.770064150982,1.90331383557646,0.312318886344809,0.455388289192598,0.888561015886482
272.4,0.00171995731653046,1.77006463308778,1.90332343121195,0.312320290382666,0.455386537800249,0.888562969959836
272.5,0.00171999727078104,1.7700651148445,1.90333301987319,0.312321693398136,0.455384787690859,0.888564922615492
272.6,0.00172003719932468,1.77006559625251,1.90334260156778,0.312323095392336,0.455383038863016,0.888566873854992
272.7,0.00172007710218576,1.7700660773122,1.9033521763033,0.312324496366379,0.455381291315316,0.888568823679877
272.8,0.00172011697938856,1.77006655802396,1.90336174408733,0.31232589632138,0.455379545046352,0.888570772091683
272.9,0.00172015683095745,1.77006703838815,1.90337130492745,0.312327295258448,0.455377800054722,0.888572719091947
273,0.0017201966569166,1.77006751840516,1.90338085883121,0.312328693178695,0.455376056339024,0.888574664682201
273.1,0.00172023645729029,1.77006799807536,1.90339040580615,0.312330090083228,0.45537431389786,0.888576608863977
273.2,0.0017202762321027,1.77006847739912,1.9033999458598,0.312331485973154,0.455372572729832,0.888578551638803
273.3,0.00172031598137802,1.77006895637683,1.9034094789997,0.312332880849578,0.455370832833547,0.888580493008207
273.4,0.00172035570514039,1.77006943500885,1.90341900523336,0.312334274713604,0.455369094207611,0.888582432973712
273.5,0.0017203954034139,1.77006991329556,1.90342852456827,0.312335667566332,0.455367356850634,0.88858437153684
273.6,0.00172043507622266,1.77007039123733,1.90343803701193,0.312337059408863,0.455365620761226,0.888586308699114
273.7,0.00172047472359069,1.77007086883454,1.90344754257182,0.312338450242298,0.455363885938,0.888588244462049
273.8,0.00172051434554206,1.77007134608755,1.9034570412554,0.31233984006773,0.455362152379574,0.888590178827161
273.9,0.00172055394210072,1.77007182299675,1.90346653307015,0.312341228886257,0.455360420084563,0.888592111795964
274,0.00172059351329062,1.7700722995625,1.9034760180235,0.312342616698972,0.455358689051587,0.888594043369969
274.1,0.00172063305913578,1.77007277578517,1.90348549612288,0.312344003506967,0.455356959279267,0.888595973550685
274.2,0.00172067257966,1.77007325166514,1.90349496737574,0.312345389311334,0.455355230766226,0.88859790233962
274.3,0.00172071207488724,1.77007372720277,1.90350443178948,0.31234677411316,0.455353503511092,0.888599829738277
274.4,0.00172075154484128,1.77007420239843,1.9035138893715,0.312348157913534,0.455351777512489,0.888601755748159
274.5,0.00172079098954596,1.77007467725249,1.90352334012921,0.312349540713542,0.455350052769048,0.888603680370768
274.6,0.00172083040902508,1.77007515176532,1.90353278406999,0.312350922514267,0.455348329279401,0.8886056036076
274.7,0.00172086980330241,1.77007562593729,1.9035422212012,0.312352303316794,0.455346607042181,0.888607525460153
274.8,0.00172090917240165,1.77007609976876,1.90355165153022,0.312353683122202,0.455344886056022,0.88860944592992
274.9,0.0017209485163465,1.7700765732601,1.90356107506439,0.312355061931572,0.455343166319562,0.888611365018393
275,0.00172098783516068,1.77007704641168,1.90357049181105,0.312356439745981,0.455341447831441,0.888613282727061
275.1,0.00172102712886778,1.77007751922386,1.90357990177753,0.312357816566507,0.4553397305903,0.888615199057413
275.2,0.00172106639749143,1.770077991697,1.90358930497116,0.312359192394224,0.455338014594782,0.888617114010933
275.3,0.0017211056410552,1.77007846383148,1.90359870139925,0.312360567230206,0.455336299843532,0.888619027589104
275.4,0.00172114485958268,1.77007893562765,1.90360809106908,0.312361941075525,0.455334586335198,0.888620939793408
275.5,0.00172118405309739,1.77007940708589,1.90361747398796,0.312363313931251,0.455332874068427,0.888622850625324
275.6,0.0017212232216228,1.77007987820654,1.90362685016316,0.312364685798452,0.455331163041872,0.888624760086329
275.7,0.00172126236518239,1.77008034898998,1.90363621960194,0.312366056678196,0.455329453254187,0.888626668177897
275.8,0.0017213014837996,1.77008081943656,1.90364558231157,0.31236742657155,0.455327744704024,0.888628574901501
275.9,0.00172134057749787,1.77008128954665,1.90365493829928,0.312368795479576,0.455326037390043,0.888630480258611
276,0.00172137964630053,1.77008175932061,1.90366428757233,0.312370163403339,0.455324331310901,0.888632384250696
276.1,0.001721418690231,1.7700822287588,1.90367363013792,0.312371530343898,0.45532262646526,0.888634286879223
276.2,0.00172145770931259,1.77008269786158,1.90368296600329,0.312372896302314,0.455320922851781,0.888636188145655
276.3,0.00172149670356856,1.77008316662931,1.90369229517562,0.312374261279645,0.45531922046913,0.888638088051455
276.4,0.00172153567302217,1.77008363506234,1.90370161766213,0.312375625276947,0.455317519315973,0.888639986598082
276.5,0.00172157461769671,1.77008410316104,1.90371093346998,0.312376988295275,0.45531581939098,0.888641883786995
276.6,0.0017216135376154,1.77008457092576,1.90372024260636,0.312378350335684,0.455314120692821,0.888643779619648
276.7,0.00172165243280138,1.77008503835686,1.90372954507844,0.312379711399223,0.455312423220166,0.888645674097497
276.8,0.00172169130327784,1.7700855054547,1.90373884089335,0.312381071486947,0.455310726971693,0.888647567221993
276.9,0.00172173014906785,1.77008597221963,1.90374813005826,0.3123824305999,0.455309031946074,0.888649458994585
277,0.00172176897019459,1.77008643865201,1.90375741258028,0.312383788739134,0.455307338141991,0.888651349416721
277.1,0.00172180776668111,1.77008690475219,1.90376668846655,0.312385145905692,0.455305645558122,0.888653238489846
277.2,0.0017218465385504,1.77008737052053,1.90377595772417,0.31238650210062,0.455303954193149,0.888655126215405
277.3,0.00172188528582554,1.77008783595739,1.90378522036025,0.312387857324962,0.455302264045758,0.888657012594837
277.4,0.00172192400852949,1.77008830106311,1.90379447638189,0.312389211579756,0.455300575114631,0.888658897629583
277.5,0.0017219627066852,1.77008876583805,1.90380372579616,0.312390564866046,0.455298887398458,0.888660781321079
277.6,0.00172200138031562,1.77008923028257,1.90381296861013,0.312391917184868,0.455297200895928,0.888662663670762
277.7,0.00172204002944363,1.77008969439701,1.90382220483088,0.312393268537261,0.455295515605733,0.888664544680064
277.8,0.00172207865409214,1.77009015818172,1.90383143446544,0.312394618924258,0.455293831526565,0.888666424350415
277.9,0.00172211725428397,1.77009062163707,1.90384065752087,0.312395968346896,0.45529214865712,0.888668302683246
278,0.00172215583004198,1.77009108476339,1.90384987400419,0.312397316806206,0.455290466996095,0.888670179679984
278.1,0.00172219438138889,1.77009154756104,1.90385908392243,0.312398664303219,0.455288786542189,0.888672055342053
278.2,0.00172223290834753,1.77009201003037,1.9038682872826,0.312400010838965,0.455287107294102,0.888673929670877
278.3,0.0017222714109406,1.77009247217173,1.9038774840917,0.312401356414473,0.455285429250537,0.888675802667875
278.4,0.00172230988919083,1.77009293398546,1.90388667435672,0.31240270103077,0.455283752410198,0.888677674334467
278.5,0.00172234834312092,1.77009339547192,1.90389585808464,0.31240404468888,0.455282076771793,0.888679544672072
278.6,0.00172238677275346,1.77009385663145,1.90390503528245,0.312405387389826,0.455280402334029,0.888681413682102
278.7,0.00172242517811114,1.77009431746441,1.90391420595709,0.312406729134633,0.455278729095615,0.888683281365972
278.8,0.00172246355921654,1.77009477797112,1.90392337011553,0.312408069924321,0.455277057055265,0.888685147725092
278.9,0.00172250191609222,1.77009523815195,1.9039325277647,0.312409409759909,0.45527538621169,0.88868701276087
279,0.00172254024876074,1.77009569800724,1.90394167891154,0.312410748642415,0.455273716563609,0.888688876474715
279.1,0.00172257855724459,1.77009615753734,1.90395082356297,0.312412086572856,0.455272048109737,0.888690738868029
279.2,0.00172261684156629,1.77009661674258,1.90395996172591,0.312413423552246,0.455270380848793,0.888692599942219
279.3,0.0017226551017483,1.77009707562331,1.90396909340725,0.312414759581601,0.455268714779501,0.888694459698682
279.4,0.00172269333781306,1.77009753417989,1.90397821861389,0.31241609466193,0.45526704990058,0.888696318138819
279.5,0.00172273154978296,1.77009799241264,1.90398733735271,0.312417428794248,0.455265386210758,0.888698175264027
279.6,0.0017227697376804,1.77009845032191,1.90399644963059,0.312418761979561,0.455263723708759,0.8887000310757
279.7,0.00172280790152769,1.77009890790805,1.90400555545439,0.312420094218878,0.455262062393314,0.888701885575233
279.8,0.00172284604134721,1.7700993651714,1.90401465483097,0.312421425513205,0.45526040226315,0.888703738764014
279.9,0.00172288415716123,1.7700998221123,1.90402374776717,0.312422755863547,0.455258743317002,0.888705590643435
280,0.00172292224899206,1.77010027873108,1.90403283426982,0.312424085270911,0.455257085553602,0.888707441214882
280.1,0.00172296031686192,1.7701007350281,1.90404191434576,0.312425413736294,0.455255428971686,0.88870929047974
280.2,0.001722998360793,1.77010119100369,1.90405098800179,0.312426741260701,0.455253773569991,0.888711138439392
280.3,0.00172303638080753,1.77010164665818,1.90406005524473,0.312428067845129,0.455252119347257,0.88871298509522
280.4,0.00172307437692767,1.77010210199193,1.90406911608136,0.312429393490576,0.455250466302225,0.888714830448603
280.5,0.00172311234917555,1.77010255700526,1.90407817051848,0.312430718198041,0.455248814433637,0.888716674500919
280.6,0.00172315029757329,1.77010301169852,1.90408721856287,0.312432041968515,0.455247163740237,0.888718517253542
280.7,0.00172318822214299,1.77010346607204,1.90409626022128,0.312433364802997,0.455245514220773,0.888720358707847
280.8,0.00172322612290669,1.77010392012616,1.90410529550049,0.312434686702475,0.455243865873993,0.888722198865204
280.9,0.00172326399988644,1.77010437386121,1.90411432440724,0.312436007667942,0.455242218698647,0.888724037726985
281,0.00172330185310419,1.77010482727754,1.90412334694826,0.312437327700388,0.455240572693485,0.888725875294555
281.1,0.00172333968258199,1.77010528037548,1.90413236313029,0.312438646800798,0.455238927857262,0.888727711569282
281.2,0.00172337748834175,1.77010573315536,1.90414137296004,0.312439964970163,0.455237284188732,0.888729546552528
281.3,0.00172341527040542,1.77010618561752,1.90415037644424,0.312441282209466,0.455235641686655,0.888731380245656
281.4,0.00172345302879491,1.77010663776229,1.90415937358957,0.312442598519691,0.455234000349785,0.888733212650026
281.5,0.00172349076353203,1.77010708959001,1.90416836440273,0.312443913901822,0.455232360176888,0.888735043766997
281.6,0.00172352847463868,1.77010754110101,1.90417734889041,0.312445228356838,0.455230721166721,0.888736873597923
281.7,0.00172356616213667,1.77010799229562,1.90418632705927,0.312446541885721,0.455229083318051,0.88873870214416
281.8,0.00172360382604779,1.77010844317417,1.90419529891599,0.312447854489448,0.455227446629643,0.88874052940706
281.9,0.00172364146639383,1.77010889373701,1.9042042644672,0.312449166168995,0.455225811100266,0.888742355387973
282,0.00172367908319651,1.77010934398445,1.90421322371957,0.312450476925342,0.455224176728687,0.888744180088249
282.1,0.00172371667647755,1.77010979391683,1.90422217667972,0.312451786759459,0.455222543513679,0.888746003509233
282.2,0.00172375424625862,1.77011024353448,1.90423112335428,0.312453095672321,0.455220911454013,0.888747825652272
282.3,0.00172379179256143,1.77011069283773,1.90424006374987,0.312454403664899,0.455219280548465,0.888749646518706
282.4,0.00172382931540758,1.77011114182691,1.9042489978731,0.312455710738163,0.45521765079581,0.888751466109878
282.5,0.00172386681481872,1.77011159050235,1.90425792573055,0.312457016893082,0.455216022194827,0.888753284427127
282.6,0.00172390429081637,1.77011203886438,1.90426684732884,0.312458322130624,0.455214394744294,0.88875510147179
282.7,0.00172394174342212,1.77011248691332,1.90427576267452,0.312459626451755,0.455212768442995,0.888756917245203
282.8,0.00172397917265755,1.77011293464951,1.90428467177418,0.312460929857439,0.455211143289712,0.8887587317487
282.9,0.00172401657854412,1.77011338207327,1.90429357463437,0.31246223234864,0.45520951928323,0.88876054498361
283,0.0017240539611033,1.77011382918493,1.90430247126165,0.31246353392632,0.455207896422335,0.888762356951267
283.1,0.00172409132035659,1.77011427598481,1.90431136166256,0.312464834591441,0.455206274705815,0.888764167652996
283.2,0.00172412865632541,1.77011472247324,1.90432024584363,0.31246613434496,0.455204654132462,0.888765977090124
283.3,0.00172416596903114,1.77011516865055,1.9043291238114,0.312467433187835,0.455203034701064,0.888767785263975
283.4,0.00172420325849516,1.77011561451706,1.90433799557237,0.312468731121026,0.455201416410418,0.888769592175872
283.5,0.00172424052473885,1.77011606007309,1.90434686113304,0.312470028145485,0.455199799259317,0.888771397827135
283.6,0.00172427776778353,1.77011650531897,1.90435572049993,0.312471324262168,0.455198183246557,0.888773202219083
283.7,0.00172431498765051,1.77011695025503,1.90436457367952,0.312472619472027,0.455196568370941,0.888775005353034
283.8,0.00172435218436103,1.77011739488159,1.90437342067828,0.312473913776012,0.455194954631264,0.888776807230301
283.9,0.00172438935793637,1.77011783919896,1.90438226150269,0.312475207175076,0.455193342026331,0.888778607852198
284,0.00172442650839776,1.77011828320747,1.90439109615921,0.312476499670164,0.455191730554944,0.888780407220037
284.1,0.00172446363576641,1.77011872690745,1.90439992465429,0.312477791262226,0.45519012021591,0.888782205335129
284.2,0.00172450074006346,1.77011917029922,1.90440874699437,0.312479081952208,0.455188511008034,0.888784002198778
284.3,0.00172453782131006,1.77011961338309,1.90441756318589,0.312480371741053,0.455186902930124,0.888785797812293
284.4,0.00172457487952739,1.77012005615938,1.90442637323527,0.312481660629707,0.455185295980992,0.888787592176977
284.5,0.00172461191473648,1.77012049862843,1.90443517714894,0.312482948619109,0.455183690159451,0.888789385294132
284.6,0.00172464892695848,1.77012094079054,1.90444397493329,0.312484235710201,0.455182085464312,0.888791177165059
284.7,0.00172468591621437,1.77012138264604,1.90445276659472,0.312485521903925,0.455180481894392,0.888792967791058
284.8,0.0017247228825252,1.77012182419524,1.90446155213964,0.312486807201215,0.455178879448505,0.888794757173424
284.9,0.00172475982591196,1.77012226543846,1.90447033157441,0.31248809160301,0.455177278125474,0.888796545313452
285,0.00172479674639567,1.77012270637603,1.9044791049054,0.312489375110245,0.455175677924116,0.888798332212437
285.1,0.0017248336439972,1.77012314700825,1.90448787213899,0.312490657723855,0.455174078843254,0.888800117871669
285.2,0.00172487051873753,1.77012358733545,1.90449663328153,0.312491939444773,0.455172480881712,0.888801902292439
285.3,0.00172490737063755,1.77012402735794,1.90450538833935,0.312493220273929,0.455170884038313,0.888803685476034
285.4,0.00172494419971812,1.77012446707604,1.9045141373188,0.312494500212255,0.455169288311887,0.88880546742374
285.5,0.0017249810060001,1.77012490649006,1.90452288022621,0.312495779260679,0.455167693701259,0.888807248136841
285.6,0.00172501778950431,1.77012534560032,1.90453161706789,0.31249705742013,0.455166100205263,0.888809027616622
285.7,0.00172505455025155,1.77012578440714,1.90454034785016,0.312498334691533,0.455164507822727,0.888810805864361
285.8,0.00172509128826259,1.77012622291082,1.90454907257931,0.312499611075813,0.455162916552488,0.888812582881339
285.9,0.0017251280035582,1.77012666111169,1.90455779126163,0.312500886573896,0.455161326393377,0.888814358668831
286,0.00172516469615907,1.77012709901005,1.90456650390343,0.312502161186703,0.455159737344235,0.888816133228116
286.1,0.00172520136608593,1.77012753660623,1.90457521051096,0.312503434915156,0.455158149403897,0.888817906560464
286.2,0.00172523801335944,1.77012797390052,1.90458391109049,0.312504707760174,0.455156562571203,0.888819678667149
286.3,0.00172527463800025,1.77012841089325,1.90459260564829,0.312505979722677,0.455154976844994,0.888821449549441
286.4,0.00172531124002899,1.77012884758472,1.9046012941906,0.312507250803582,0.455153392224116,0.888823219208609
286.5,0.00172534781946629,1.77012928397525,1.90460997672365,0.312508521003805,0.455151808707412,0.888824987645917
286.6,0.00172538437633268,1.77012972006515,1.9046186532537,0.312509790324261,0.455150226293728,0.888826754862634
286.7,0.00172542091064874,1.77013015585473,1.90462732378695,0.312511058765864,0.455148644981913,0.88882852086002
286.8,0.00172545742243499,1.7701305913443,1.90463598832962,0.312512326329527,0.455147064770815,0.888830285639339
286.9,0.00172549391171193,1.77013102653416,1.90464464688792,0.312513593016159,0.455145485659287,0.888832049201848
287,0.00172553037850007,1.77013146142463,1.90465329946805,0.312514858826672,0.455143907646179,0.888833811548806
287.1,0.00172556682281984,1.77013189601602,1.90466194607619,0.312516123761974,0.455142330730348,0.888835572681471
287.2,0.00172560324469166,1.77013233030864,1.90467058671853,0.312517387822973,0.455140754910649,0.888837332601096
287.3,0.00172563964413594,1.77013276430278,1.90467922140124,0.312518651010574,0.45513918018594,0.888839091308934
287.4,0.00172567602117308,1.77013319799877,1.90468785013048,0.312519913325683,0.455137606555078,0.888840848806236
287.5,0.00172571237582345,1.77013363139691,1.9046964729124,0.312521174769202,0.455136034016926,0.888842605094251
287.6,0.00172574870810735,1.7701340644975,1.90470508975316,0.312522435342035,0.455134462570346,0.888844360174228
287.7,0.00172578501804512,1.77013449730085,1.90471370065888,0.312523695045082,0.4551328922142,0.888846114047412
287.8,0.00172582130565704,1.77013492980726,1.90472230563571,0.312524953879244,0.455131322947356,0.888847866715047
287.9,0.00172585757096336,1.77013536201705,1.90473090468976,0.312526211845419,0.455129754768679,0.888849618178375
288,0.0017258938139843,1.77013579393052,1.90473949782715,0.312527468944505,0.455128187677039,0.888851368438639
288.1,0.00172593003474013,1.77013622554796,1.90474808505397,0.312528725177398,0.455126621671304,0.888853117497075
288.2,0.00172596623325098,1.7701366568697,1.90475666637633,0.312529980544992,0.455125056750348,0.888854865354923
288.3,0.00172600240953706,1.77013708789602,1.90476524180031,0.312531235048181,0.455123492913043,0.888856612013418
288.4,0.00172603856361849,1.77013751862724,1.90477381133199,0.31253248868786,0.455121930158264,0.888858357473793
288.5,0.00172607469551539,1.77013794906365,1.90478237497744,0.312533741464916,0.455120368484888,0.888860101737281
288.6,0.00172611080524789,1.77013837920556,1.90479093274273,0.312534993380241,0.455118807891792,0.888861844805113
288.7,0.00172614689283597,1.77013880905327,1.9047994846339,0.312536244434726,0.455117248377856,0.888863586678518
288.8,0.00172618295829979,1.77013923860708,1.90480803065701,0.312537494629255,0.455115689941962,0.888865327358722
288.9,0.0017262190016593,1.7701396678673,1.9048165708181,0.312538743964717,0.455114132582991,0.888867066846953
289,0.00172625502293455,1.77014009683422,1.90482510512318,0.312539992441995,0.455112576299827,0.888868805144431
289.1,0.00172629102214547,1.77014052550814,1.90483363357829,0.312541240061975,0.455111021091357,0.888870542252383
289.2,0.001726326999312,1.77014095388937,1.90484215618944,0.312542486825538,0.455109466956467,0.888872278172025
289.3,0.00172636295445413,1.77014138197821,1.90485067296262,0.312543732733566,0.455107913894047,0.88887401290458
289.4,0.00172639888759175,1.77014180977495,1.90485918390384,0.312544977786941,0.455106361902985,0.888875746451261
289.5,0.0017264347987447,1.77014223727989,1.90486768901909,0.312546221986539,0.455104810982175,0.888877478813287
289.6,0.0017264706879329,1.77014266449333,1.90487618831434,0.31254746533324,0.455103261130509,0.88887920999187
289.7,0.00172650655517611,1.77014309141557,1.90488468179556,0.312548707827921,0.455101712346884,0.888880939988223
289.8,0.00172654240049419,1.77014351804691,1.90489316946873,0.312549949471456,0.455100164630193,0.888882668803556
289.9,0.00172657822390696,1.77014394438764,1.90490165133979,0.31255119026472,0.455098617979337,0.888884396439079
290,0.00172661402543411,1.77014437043806,1.90491012741469,0.312552430208587,0.455097072393214,0.888886122895998
290.1,0.00172664980509542,1.77014479619848,1.90491859769938,0.312553669303927,0.455095527870725,0.88888784817552
290.2,0.00172668556291065,1.77014522166917,1.90492706219978,0.312554907551611,0.455093984410772,0.888889572278847
290.3,0.00172672129889941,1.77014564685044,1.90493552092181,0.31255614495251,0.45509244201226,0.888891295207184
290.4,0.00172675701308142,1.77014607174259,1.90494397387139,0.312557381507492,0.455090900674094,0.888893016961729
290.5,0.00172679270547632,1.7701464963459,1.90495242105443,0.312558617217423,0.455089360395181,0.888894737543682
290.6,0.00172682837610375,1.77014692066068,1.90496086247683,0.31255985208317,0.455087821174429,0.888896456954241
290.7,0.00172686402498332,1.77014734468721,1.90496929814447,0.312561086105596,0.455086283010748,0.888898175194602
290.8,0.00172689965213455,1.7701477684258,1.90497772806324,0.312562319285567,0.45508474590305,0.888899892265959
290.9,0.00172693525757705,1.77014819187673,1.90498615223902,0.312563551623945,0.455083209850248,0.888901608169503
291,0.00172697084133037,1.7701486150403,1.90499457067767,0.31256478312159,0.455081674851255,0.888903322906427
291.1,0.00172700640341396,1.77014903791679,1.90500298338504,0.312566013779362,0.45508014090499,0.88890503647792
291.2,0.00172704194384736,1.77014946050651,1.905011390367,0.31256724359812,0.455078608010366,0.888906748885169
291.3,0.00172707746265002,1.77014988280974,1.90501979162938,0.312568472578724,0.455077076166307,0.88890846012936
291.4,0.00172711295984137,1.77015030482677,1.90502818717802,0.312569700722027,0.455075545371729,0.888910170211677
291.5,0.00172714843544083,1.7701507265579,1.90503657701874,0.312570928028887,0.455074015625556,0.888911879133304
291.6,0.00172718388946782,1.77015114800341,1.90504496115736,0.312572154500158,0.455072486926711,0.888913586895421
291.7,0.00172721932194167,1.7701515691636,1.9050533395997,0.31257338013669,0.455070959274119,0.88891529349921
291.8,0.0017272547328818,1.77015199003875,1.90506171235156,0.31257460493934,0.455069432666705,0.888916998945847
291.9,0.00172729012230748,1.77015241062916,1.90507007941873,0.312575828908954,0.455067907103398,0.888918703236509
292,0.00172732549023803,1.77015283093511,1.905078440807,0.312577052046384,0.455066382583129,0.888920406372371
292.1,0.00172736083669269,1.77015325095689,1.90508679652215,0.312578274352479,0.455064859104824,0.888922108354606
292.2,0.00172739616169083,1.77015367069479,1.90509514656995,0.312579495828084,0.45506333666742,0.888923809184386
292.3,0.00172743146525157,1.7701540901491,1.90510349095616,0.312580716474047,0.455061815269848,0.888925508862881
292.4,0.00172746674739421,1.7701545093201,1.90511182968655,0.312581936291212,0.455060294911044,0.88892720739126
292.5,0.00172750200813789,1.77015492820808,1.90512016276686,0.312583155280422,0.455058775589942,0.888928904770688
292.6,0.00172753724750183,1.77015534681333,1.90512849020282,0.312584373442523,0.455057257305483,0.888930601002332
292.7,0.00172757246550512,1.77015576513614,1.90513681200018,0.312585590778352,0.455055740056605,0.888932296087356
292.8,0.00172760766216692,1.77015618317678,1.90514512816466,0.312586807288754,0.45505422384225,0.888933990026922
292.9,0.00172764283750633,1.77015660093555,1.90515343870197,0.312588022974565,0.455052708661359,0.88893568282219
293,0.00172767799154242,1.77015701841273,1.90516174361782,0.312589237836623,0.455051194512877,0.888937374474319
293.1,0.00172771312429424,1.77015743560861,1.90517004291792,0.312590451875768,0.455049681395747,0.888939064984468
293.2,0.00172774823578089,1.77015785252346,1.90517833660796,0.312591665092832,0.455048169308918,0.888940754353791
293.3,0.00172778332602127,1.77015826915758,1.90518662469363,0.312592877488652,0.455046658251338,0.888942442583444
293.4,0.00172781839503448,1.77015868551124,1.9051949071806,0.312594089064063,0.455045148221953,0.888944129674578
293.5,0.00172785344283945,1.77015910158473,1.90520318407455,0.312595299819893,0.455043639219719,0.888945815628347
293.6,0.0017278884694551,1.77015951737834,1.90521145538114,0.312596509756977,0.455042131243584,0.888947500445898
293.7,0.00172792347490038,1.77015993289233,1.90521972110602,0.312597718876144,0.455040624292506,0.888949184128381
293.8,0.00172795845919419,1.77016034812701,1.90522798125485,0.312598927178224,0.455039118365436,0.888950866676941
293.9,0.00172799342235543,1.77016076308264,1.90523623583325,0.312600134664043,0.455037613461333,0.888952548092725
294,0.00172802836440292,1.77016117775951,1.90524448484688,0.31260134133443,0.455036109579153,0.888954228376874
294.1,0.00172806328535554,1.7701615921579,1.90525272830134,0.312602547190209,0.455034606717859,0.888955907530533
294.2,0.00172809818523205,1.77016200627809,1.90526096620227,0.312603752232206,0.455033104876409,0.88895758555484
294.3,0.00172813306405128,1.77016242012036,1.90526919855526,0.312604956461243,0.455031604053765,0.888959262450935
294.4,0.00172816792183199,1.77016283368499,1.90527742536593,0.312606159878144,0.455030104248893,0.888960938219956
294.5,0.00172820275859295,1.77016324697226,1.90528564663986,0.312607362483729,0.455028605460755,0.888962612863038
294.6,0.00172823757435287,1.77016365998244,1.90529386238264,0.312608564278819,0.455027107688319,0.888964286381315
294.7,0.00172827236913047,1.77016407271582,1.90530207259986,0.312609765264233,0.455025610930555,0.888965958775921
294.8,0.00172830714294439,1.77016448517268,1.90531027729709,0.312610965440789,0.45502411518643,0.888967630047987
294.9,0.00172834189581336,1.77016489735329,1.90531847647989,0.312612164809302,0.455022620454914,0.888969300198642
295,0.00172837662775595,1.77016530925793,1.90532667015381,0.312613363370591,0.45502112673498,0.888970969229015
295.1,0.00172841133879082,1.77016572088688,1.90533485832442,0.312614561125468,0.455019634025603,0.888972637140232
295.2,0.00172844602893656,1.77016613224041,1.90534304099724,0.312615758074749,0.455018142325755,0.888974303933419
295.3,0.00172848069821176,1.7701665433188,1.90535121817783,0.312616954219244,0.455016651634414,0.8889759696097
295.4,0.00172851534663494,1.77016695412233,1.9053593898717,0.312618149559765,0.455015161950557,0.888977634170196
295.5,0.00172854997422465,1.77016736465126,1.90536755608437,0.312619344097124,0.455013673273164,0.888979297616029
295.6,0.0017285845809994,1.77016777490589,1.90537571682136,0.312620537832128,0.455012185601213,0.888980959948317
295.7,0.00172861916697766,1.77016818488647,1.90538387208817,0.312621730765586,0.455010698933688,0.888982621168178
295.8,0.00172865373217795,1.77016859459329,1.9053920218903,0.312622922898305,0.455009213269571,0.88898428127673
295.9,0.00172868827661866,1.77016900402662,1.90540016623325,0.312624114231091,0.455007728607847,0.888985940275085
296,0.00172872280031825,1.77016941318674,1.90540830512249,0.31262530476475,0.455006244947502,0.888987598164359
296.1,0.0017287573032951,1.77016982207391,1.9054164385635,0.312626494500084,0.455004762287523,0.888989254945661
296.2,0.00172879178556758,1.77017023068841,1.90542456656175,0.312627683437896,0.455003280626899,0.888990910620104
296.3,0.00172882624715411,1.77017063903051,1.9054326891227,0.312628871578989,0.455001799964618,0.888992565188795
296.4,0.00172886068807298,1.77017104710049,1.90544080625181,0.312630058924162,0.455000320299675,0.888994218652842
296.5,0.00172889510834251,1.77017145489862,1.90544891795452,0.312631245474215,0.454998841631059,0.88899587101335
296.6,0.00172892950798102,1.77017186242516,1.90545702423627,0.312632431229947,0.454997363957765,0.888997522271425
296.7,0.00172896388700677,1.7701722696804,1.90546512510249,0.312633616192154,0.454995887278791,0.888999172428168
296.8,0.00172899824543801,1.77017267666459,1.90547322055861,0.312634800361634,0.45499441159313,0.889000821484682
296.9,0.00172903258329298,1.77017308337802,1.90548131061005,0.31263598373918,0.454992936899783,0.889002469442066
297,0.00172906690058987,1.77017348982095,1.90548939526222,0.312637166325589,0.454991463197747,0.889004116301418
297.1,0.00172910119734692,1.77017389599364,1.90549747452052,0.312638348121652,0.454989990486025,0.889005762063837
297.2,0.00172913547358227,1.77017430189638,1.90550554839034,0.312639529128162,0.454988518763617,0.889007406730416
297.3,0.00172916972931408,1.77017470752943,1.90551361687708,0.31264070934591,0.454987048029529,0.889009050302252
297.4,0.00172920396456044,1.77017511289305,1.90552167998612,0.312641888775684,0.454985578282764,0.889010692780436
297.5,0.00172923817933951,1.77017551798752,1.90552973772283,0.312643067418275,0.454984109522327,0.889012334166058
297.6,0.00172927237366934,1.77017592281311,1.90553779009257,0.312644245274471,0.454982641747228,0.88901397446021
297.7,0.00172930654756802,1.77017632737008,1.90554583710072,0.312645422345057,0.454981174956475,0.889015613663979
297.8,0.00172934070105357,1.77017673165869,1.90555387875262,0.312646598630821,0.454979709149078,0.889017251778452
297.9,0.001729374834144,1.77017713567922,1.90556191505362,0.312647774132545,0.454978244324048,0.889018888804716
298,0.00172940894685739,1.77017753943194,1.90556994600905,0.312648948851015,0.454976780480398,0.889020524743852
298.1,0.00172944303921164,1.7701779429171,1.90557797162425,0.312650122787012,0.454975317617143,0.889022159596944
298.2,0.00172947711122475,1.77017834613498,1.90558599190455,0.312651295941318,0.454973855733298,0.889023793365074
298.3,0.00172951116291463,1.77017874908583,1.90559400685526,0.312652468314713,0.454972394827879,0.88902542604932
298.4,0.00172954519429925,1.77017915176994,1.90560201648169,0.312653639907979,0.454970934899903,0.889027057650762
298.5,0.00172957920539645,1.77017955418755,1.90561002078915,0.312654810721891,0.454969475948393,0.889028688170475
298.6,0.00172961319622419,1.77017995633894,1.90561801978292,0.312655980757228,0.454968017972366,0.889030317609536
298.7,0.00172964716680021,1.77018035822436,1.90562601346831,0.312657150014766,0.454966560970847,0.889031945969017
298.8,0.00172968111714246,1.77018075984409,1.90563400185059,0.312658318495281,0.454965104942856,0.889033573249992
298.9,0.00172971504726867,1.77018116119838,1.90564198493504,0.312659486199547,0.45496364988742,0.889035199453532
299,0.0017297489571967,1.7701815622875,1.90564996272693,0.312660653128336,0.454962195803564,0.889036824580707
299.1,0.00172978284694429,1.77018196311172,1.90565793523152,0.312661819282422,0.454960742690317,0.889038448632583
299.2,0.00172981671652922,1.77018236367128,1.90566590245406,0.312662984662575,0.454959290546705,0.88904007161023
299.3,0.00172985056596918,1.77018276396646,1.9056738643998,0.312664149269566,0.454957839371759,0.889041693514711
299.4,0.00172988439528193,1.77018316399752,1.90568182107398,0.312665313104165,0.454956389164511,0.889043314347092
299.5,0.00172991820448516,1.77018356376472,1.90568977248184,0.312666476167137,0.45495493992399,0.889044934108435
299.6,0.00172995199359652,1.77018396326832,1.9056977186286,0.312667638459252,0.454953491649234,0.8890465527998
299.7,0.00172998576263367,1.77018436250858,1.90570565951948,0.312668799981275,0.454952044339275,0.889048170422248
299.8,0.00173001951161425,1.77018476148575,1.90571359515969,0.312669960733972,0.454950597993151,0.889049786976837
299.9,0.00173005324055587,1.77018516020011,1.90572152555444,0.312671120718106,0.454949152609898,0.889051402464623
300,0.00173008694947612,1.77018555865191,1.90572945070894,0.31267227993444,0.454947708188556,0.889053016886664
