"gamma","beta_1","beta_2","beta_1_lower","beta_1_upper","beta_2_lower","beta_2_upper"
0,0.818228941648487,-0.260868257696551,0.67074960270375,0.926235582346097,-0.319178463941801,-0.00297635053510427
0.1,0.851223122224304,-0.256982886685145,0.702163539452606,0.970020498916845,-0.317578145048604,-0.00111448002753982
0.2,0.879699368708716,-0.253513869070348,0.731784589947783,1.01272722607597,-0.317484666365533,0.000997112246924267
0.3,0.904527649420939,-0.250399716976126,0.753967324212568,1.04781267362837,-0.316693479651215,3.96673701119116e-05
0.4,0.926367763613809,-0.247589982820175,0.774636405519411,1.07935435971862,-0.316312763222548,0.000219042225808729
0.5,0.94572925746856,-0.245043037042897,0.791341158367681,1.10991576413904,-0.315664764708763,0.0030823871889514
0.6,0.963011931480751,-0.242724309043673,0.808429850331563,1.13814179319514,-0.315186013389947,0.00290819058084094
0.7,0.97853390336271,-0.24060490447349,0.824027388417459,1.1633045768389,-0.31813198696177,0.00592556442304602
0.8,0.992551472420643,-0.238660519087457,0.836896072139246,1.18587781739588,-0.321636500534333,0.00429445364035899
0.9,1.00527345177478,-0.236870583258752,0.849356494661006,1.20624223194313,-0.324095788661475,0.0026777494054596
1,1.01687168722245,-0.235217585134228,0.863578651551583,1.22596156474491,-0.326232701608937,0.00444215282859114
1.1,1.02748889686784,-0.233686532200007,0.874363505109383,1.24401703079562,-0.329966691121577,0.00211012293397401
1.2,1.03724459568357,-0.232264520409682,0.883210485531258,1.26022471701108,-0.334190517310569,-2.77208320114554e-05
1.3,1.0462396297159,-0.230940387278377,0.8914352242737,1.27568081763573,-0.334755151997062,0.000273943935457142
1.4,1.0545596864567,-0.229704430870489,0.899102715107245,1.28891877164079,-0.33608943393995,0.00141002755046397
1.5,1.06227804144065,-0.228548180794865,0.907030994195081,1.30013320469227,-0.34054842491308,0.00371790333785419
1.6,1.06945772824579,-0.227464210489835,0.914641244209975,1.31034049523297,-0.34533934529449,0.00497584250551583
1.7,1.07615326840378,-0.226445982483392,0.921791586795152,1.31994835444976,-0.346766191152523,0.00626760685403901
1.8,1.08241206198636,-0.225487720142358,0.92852247977927,1.33018332870075,-0.350015823498441,0.00753740623408271
1.9,1.08827551409193,-0.22458430082194,0.934673698650387,1.34044461036213,-0.353302650361985,0.0116405529383312
2,1.09377995397619,-0.223731166400689,0.940123265008236,1.34965037265995,-0.354754772639192,0.0132427983314754
2.1,1.09895739004726,-0.222924248014975,0.945806874441323,1.35747324251867,-0.35556485001447,0.0139864929032608
2.2,1.10383613394462,-0.222159902450931,0.950751438186837,1.36519330965712,-0.356330426647342,0.0146810718693045
2.3,1.10844131945109,-0.221434858154505,0.95543332533708,1.37458283754117,-0.357271333536349,0.0153311310426734
2.4,1.1127953363554,-0.220746169214924,0.959877154153798,1.38331294580587,-0.359873282993001,0.0165424734929471
2.5,1.11691819510068,-0.220091175988456,0.964103638343924,1.39051524449399,-0.364520183470025,0.0179530950756393
2.6,1.12082783477094,-0.219467471276489,0.96812834180988,1.39737630720693,-0.369018661858421,0.0192917625112777
2.7,1.12454038443125,-0.218872871169184,0.97196537714258,1.40453168957968,-0.373404152760214,0.020563839889077
2.8,1.12807038586306,-0.218305389823963,0.975627570924995,1.41187818043748,-0.375914027528142,0.0217741714180216
2.9,1.13143098418972,-0.217763217575429,0.97912660694655,1.41877051970655,-0.377796056950575,0.0229271428811285
3,1.13463409166726,-0.217244701876309,0.982473150696818,1.42377812996613,-0.379630011127395,0.0240267345783863
3.1,1.13769052894777,-0.21674833065277,0.985676957932479,1.42863666099077,-0.381394076518627,0.0250765671019752
3.2,1.14061014734971,-0.216272717725825,0.988746969644934,1.43389184263059,-0.383092134267935,0.025351635944107
3.3,1.1434019350501,-0.215816590006591,0.991691395375229,1.44053230012895,-0.384123022066442,0.0251390112852027
3.4,1.14607410961247,-0.215378776219333,0.994517786510912,1.44703612832946,-0.384155580758486,0.024920751997673
3.5,1.14863419885955,-0.214958196944331,0.997233100942502,1.45200659449274,-0.384186041585268,0.0258084562137597
3.6,1.15108911176831,-0.214553855804266,0.999843760244955,1.45642689502339,-0.384214577442418,0.0267995841749228
3.7,1.15344520079522,-0.214164831644163,1.00235570037324,1.46066771144747,-0.384241343907926,0.0277523866537828
3.8,1.15570831681631,-0.213790271576908,1.00477441671438,1.46473977880894,-0.384266481275167,0.0286690488587675
3.9,1.15788385768366,-0.213429384784847,1.00710500421546,1.46865299142845,-0.384290116313377,0.0295515926635461
4,1.15997681124721,-0.213081436983451,1.00935219320437,1.47241684396324,-0.384312363796513,0.0304018916142027
4.1,1.16199179356443,-0.21274574546616,1.01152038143301,1.47606154478355,-0.384333327834634,0.0312216843089693
4.2,1.16393308291424,-0.21242167466057,1.01361366279982,1.4790436738932,-0.384480257530661,0.0320399584879073
4.3,1.16580465014339,-0.212108632135562,1.0156825200505,1.48184590190878,-0.384904443939039,0.0328357482738675
4.4,1.16761018579832,-0.211806065006951,1.01792287900322,1.4845466276979,-0.38531424907343,0.033604594176406
4.5,1.16935312443307,-0.211513456696091,1.02009228633848,1.48813878371724,-0.385710392715332,0.0343478439492672
4.6,1.17103666643041,-0.211230324001708,1.02219406977783,1.49192139611952,-0.386093547359202,0.03457371901204
4.7,1.17266379762784,-0.210956214450264,1.02423135155825,1.49452309374762,-0.386464342036443,0.0347510441358909
4.8,1.17423730700214,-0.210690703894461,1.02620706409549,1.49703756566879,-0.386838311288127,0.0349206668090509
4.9,1.17575980263272,-0.210433394333232,1.02812396423234,1.49946913536466,-0.3872386215945,0.0350830434062797
5,1.17723372613625,-0.21018391192977,1.02998464621912,1.501821844733,-0.387892538947549,0.0352385964506646
5.1,1.17866136574063,-0.209941905206958,1.03178874483021,1.50409947667711,-0.388794012614489,0.0353877176085867
5.2,1.18004486814565,-0.209707043401957,1.03352563219263,1.50630557555236,-0.389670191845828,0.0355429752217101
5.3,1.18138624929978,-0.209479014963833,1.03521360511278,1.50844585204863,-0.39052212427209,0.0356979277684946
5.4,1.18268740420684,-0.209257526179947,1.03685470562963,1.51052884288192,-0.391350800594888,0.0358470193582122
5.5,1.18395011586301,-0.209042299918415,1.03845086343866,1.51254934574781,-0.392157158391759,0.0359905588807461
5.6,1.18517606341279,-0.208833074475379,1.03997363840524,1.51451013553673,-0.392942085620794,0.0361288346216607
5.7,1.18636682960251,-0.208629602517037,1.04129382491063,1.51641382501397,-0.393709749058372,0.0362621159124555
5.8,1.18752390760085,-0.208431650107479,1.04257817766661,1.51826287650303,-0.395553157273423,0.0363906546273604
5.9,1.18864870724834,-0.208238995814327,1.04382813627771,1.52005961257201,-0.397407279861539,0.0365146865428577
6,1.18974256079079,-0.208051429885015,1.0450450642434,1.52180622582102,-0.399222947135875,0.036634432574212
6.1,1.19080672814568,-0.207868753487288,1.04623025392233,1.52350478785769,-0.401001333957597,0.0367500999016334
6.2,1.19184240174537,-0.207690778008167,1.04738493111287,1.52515725753827,-0.402743568356679,0.0368618829972561
6.3,1.19285071099623,-0.207517324406181,1.04850740396666,1.5267654885436,-0.404450733802816,0.0369699645628464
6.4,1.19383272638878,-0.207348222612233,1.04947074144187,1.52833123635185,-0.406123871348867,0.0370745163870528
6.5,1.19478946329028,-0.207183310974872,1.05040992591057,1.5298561646632,-0.407763981654752,0.0371757001300376
6.6,1.19572188544811,-0.207022435746193,1.05132585476112,1.5313418513263,-0.409372026899217,0.0372736680424788
6.7,1.1966309082292,-0.206865450604942,1.0522193814564,1.53278979381094,-0.410954369475956,0.0373685636251773
6.8,1.1975174016186,-0.206712216213704,1.0530760491091,1.53420141426696,-0.41254639730147,0.0374605222348473
6.9,1.19838219299768,-0.206562599807399,1.05391197038632,1.53557806420559,-0.413477488087693,0.0375496716410789
7,1.19922606972071,-0.206416474810502,1.05472813698157,1.53692102883558,-0.413931107044151,0.0376361325389477
7.1,1.20004978150671,-0.206273720480699,1.05552524118632,1.53823153108354,-0.414374744389161,0.0377200190212869
7.2,1.20085404266173,-0.206134221576869,1.05630394330862,1.53951073532507,-0.414808725531223,0.037801439014233
7.3,1.20163953414553,-0.205997868049468,1.0570648734995,1.54075975085057,-0.415233361907846,0.0378804946792915
7.4,1.20240690549518,-0.205864554751592,1.05780863345568,1.54197963508757,-0.415648951726109,0.0379572827848528
7.5,1.20315677661705,-0.205734181169101,1.05853579800805,1.54317139659933,-0.416055780656705,0.0380318950497987
7.6,1.20388973945742,-0.205606651168375,1.05924691660501,1.5443359978776,-0.416454122484822,0.038106065152312
7.7,1.2046063595615,-0.205481872760364,1.05994251469848,1.54547435794585,-0.416844239720959,0.0382926931221412
7.8,1.2053071775291,-0.205359757879718,1.06062309504012,1.54658735478784,-0.417226384174521,0.0384751494136206
7.9,1.20599271037514,-0.205240222177887,1.06128913889438,1.54767582761503,-0.417749990786907,0.038653572329565
8,1.20666345280202,-0.205123184829167,1.06194110717453,1.54874057898527,-0.418348177709294,0.0388280941271578
8.1,1.20731987839053,-0.205008568348766,1.06257944150745,1.54978237678386,-0.418934819903398,0.0389988413446661
8.2,1.20796244071529,-0.204896298422021,1.06320456523212,1.55080195607744,-0.419510247880522,0.0391659351071989
8.3,1.20859157439014,-0.204786303743979,1.06381688433679,1.55180002085021,-0.420074779676114,0.0393294914130593
8.4,1.20920769604881,-0.204678515868624,1.06441678833908,1.55277724563081,-0.420628721431836,0.0394896214021117
8.5,1.20981120526519,-0.204572869067067,1.06500465111299,1.55373427701819,-0.421172367945416,0.0396464316074695
8.6,1.2104024854178,-0.204469300194096,1.06558083166662,1.55467173511344,-0.421706003190333,0.0398000241916989
8.7,1.21098190450203,-0.204367748562507,1.0661456748739,1.55559021486439,-0.422229900807255,0.0399504971686391
8.8,1.21154981589419,-0.204268155824701,1.06666675138464,1.55649028732908,-0.422744324568984,0.0400979446118503
8.9,1.21210655907031,-0.204170465861055,1.06717200908704,1.55737250086388,-0.423249528820573,0.0402424568506211
9,1.21265246028298,-0.20407462467462,1.06766757292073,1.5582373822412,-0.423745758896131,0.0403841206543919
9.1,1.21318783319907,-0.203980580291738,1.06815371924947,1.55908543770191,-0.42423325151376,0.0405230194063858
9.2,1.21371297950084,-0.203888282668183,1.06863071402944,1.55991715394665,-0.424712235149921,0.0406592332671762
9.3,1.21422818945295,-0.203797683600482,1.06917374102265,1.56081868012875,-0.42518293039449,0.0407928393288655
9.4,1.21473374243755,-0.203708736642079,1.06971522943677,1.56190953565343,-0.425645550287646,0.0409239117604975
9.5,1.21522990745958,-0.203621397024037,1.07024692765274,1.56298080318797,-0.42610030063966,0.041052521945278
9.6,1.2157169436242,-0.203535621579996,1.07076909880524,1.56403300714886,-0.426547380334592,0.0411787386101406
9.7,1.21619510058803,-0.203451368675124,1.07128199668285,1.56506665334741,-0.426986981618829,0.0413026279481459
9.8,1.21666461898597,-0.203368598138808,1.07178586613932,1.56608222980964,-0.427419290375345,0.041424253734178
9.9,1.21712573083512,-0.203287271200869,1.07228094348334,1.5670802075532,-0.427844486384485,0.0415436774343579
10,1.21757865991712,-0.203207350431081,1.0727674568481,1.56806104132376,-0.428262743572052,0.0416609583095711
10.1,1.21802362214038,-0.203128799681789,1.07324562654178,1.56902517029338,-0.428674230245406,0.0417761535134745
10.2,1.21846082588331,-0.20305158403346,1.07371566538026,1.5699730187232,-0.429079109318239,0.0418893181853231
10.3,1.21889047231978,-0.202975669742978,1.07417777900284,1.57089352328421,-0.429477538524668,0.0420005055379324
10.4,1.2193127557278,-0.202901024194528,1.07463216617234,1.57158271922548,-0.429869670623213,0.0421097669410733
10.5,1.21972786378255,-0.202827615852925,1.07507901906004,1.57226011680943,-0.430255653591232,0.0422171520005712
10.6,1.22013597783448,-0.202755414219237,1.07551852351674,1.57292601643393,-0.430635630810312,0.0423227086333672
10.7,1.22053727317356,-0.202684389788578,1.0759508593305,1.57358070838458,-0.431009741243121,0.0424264831387792
10.8,1.22093191928034,-0.202614514009946,1.07637620047181,1.57422447325673,-0.431378119602155,0.0425285202661842
10.9,1.22132008006469,-0.202545759247993,1.07679471532705,1.57485758235648,-0.431740896510825,0.0426449159669262
11,1.22170191409274,-0.202478098746621,1.07720098146167,1.57591904950207,-0.432098198657282,0.042827044710931
11.1,1.22207757480301,-0.202411506594295,1.07758518539375,1.57708010792076,-0.432450148941352,0.0430063050557545
11.2,1.22244721071191,-0.202345957690989,1.07796333766583,1.5782247386276,-0.432796866614951,0.0431827642460203
11.3,1.22281096560963,-0.202281427716672,1.07833558015062,1.57935329178698,-0.4331384674163,0.0433564874403962
11.4,1.22316897874663,-0.202217893101249,1.07870205032026,1.58046610756822,-0.433475063698268,0.0435275377918689
11.5,1.22352138501139,-0.20215533099588,1.07906288141564,1.58130611129502,-0.433812775194446,0.0436959765243388
11.6,1.22386831509993,-0.20209371924561,1.07941820260796,1.58207908332835,-0.434160005405958,0.0438618630057313
11.7,1.22420989567739,-0.202033036363234,1.07976813915297,1.58284054536406,-0.434502267302938,0.0440252548178079
11.8,1.22454624953227,-0.201973261504327,1.08011084740342,1.58359075308513,-0.434839666668434,0.0441862078228486
11.9,1.22487749572364,-0.201914374443396,1.08043127192942,1.58432995464303,-0.435172306306408,0.044344776227369
12,1.22520374972164,-0.201856355551082,1.08074695269771,1.58505839093353,-0.435500286145775,0.0445010126430238
12.1,1.22552512354168,-0.201799185772359,1.08105799428497,1.58577629586042,-0.435823703340111,0.0446549681448429
12.2,1.22584172587276,-0.201742846605687,1.08136449821624,1.5864838965878,-0.436142652363242,0.0448066923269323
12.3,1.22615366219997,-0.201687320083063,1.08166656307542,1.58718141378154,-0.436457225100921,0.0449562333557696
12.4,1.22646103492173,-0.201632588750932,1.08196428461104,1.58786906184033,-0.436767510938763,0.0451036380212151
12.5,1.22676394346185,-0.201578635651908,1.08225775583745,1.58854704911705,-0.43707359684663,0.0452489517853485
12.6,1.22706248437677,-0.201525444307271,1.08254706713176,1.5892155781307,-0.437375567459614,0.0453922188292438
12.7,1.22735675145821,-0.201472998700198,1.0828323063266,1.5898748457695,-0.4376735051558,0.0455334820977781
12.8,1.2276468358314,-0.201421283259695,1.08311355879912,1.59052504348556,-0.437967490130934,0.045672783342574
12.9,1.2279328260492,-0.201370282845197,1.08339090755615,1.59116722576571,-0.438257600470153,0.045810163163163
13,1.2282148081822,-0.201319982731798,1.0836644333159,1.59180295096872,-0.438543912216909,0.0459456610464564
13.1,1.22849286590513,-0.201270368596083,1.08393421458635,1.59243008789867,-0.43882649943921,0.046079315404605
13.2,1.22876708057963,-0.201221426502546,1.08420032774032,1.59304880972213,-0.439105434293297,0.0462111636113229
13.3,1.22903753133365,-0.201173142890545,1.08446284708763,1.59365928497348,-0.439380787084883,0.0463412420367475
13.4,1.22930429513755,-0.201125504561782,1.08472184494427,1.59426167770907,-0.439652626328053,0.0464695860809043
13.5,1.22956744687717,-0.201078498668286,1.08497739169881,1.59485614765518,-0.439921018801925,0.0465962302058421
13.6,1.22982705942394,-0.201032112700865,1.08522955587622,1.59544285035017,-0.440186029605182,0.0467212079664981
13.7,1.23008320370211,-0.200986334478018,1.08547840419915,1.59602193728105,-0.440447722208563,0.0468445520403531
13.8,1.23033594875341,-0.200941152135272,1.08572400164677,1.59659355601476,-0.44070615850539,0.0469662942559299
13.9,1.23058536179907,-0.20089655411494,1.08596641151136,1.59715785032432,-0.440961398860241,0.0470864656201881
14,1.23083150829945,-0.20085252915627,1.0862265484311,1.5977149603102,-0.441213502155822,0.0472050963448653
14.1,1.2310744520113,-0.200809066285968,1.08649259372509,1.59826502251697,-0.441462525838128,0.0473222158718111
14.2,1.23131425504284,-0.200766154809091,1.08675526414993,1.5988081700456,-0.441740520866463,0.0474378528973577
14.3,1.23155097790672,-0.20072378430027,1.08701462353622,1.59934453266149,-0.442127339149185,0.0475520353957719
14.4,1.2317846795709,-0.200681944595279,1.08727073411448,1.59987423689846,-0.442509563126545,0.0476647906418264
14.5,1.23201541750762,-0.200640625782905,1.08752365656506,1.60039740615886,-0.442887274064387,0.0477761452325294
14.6,1.23224324774058,-0.200599818197126,1.08777345006607,1.60091416080998,-0.443260551325746,0.0478872767855293
14.7,1.23246822489023,-0.20055951240958,1.08802017233959,1.60142461827692,-0.443629472426136,0.0480019602335433
14.8,1.23269040221747,-0.2005196992223,1.08826387969623,1.60192889313209,-0.443994113086924,0.0481152478906216
14.9,1.23290983166567,-0.200480369660726,1.08850462707799,1.60242709718139,-0.444354547286868,0.0482271650861347
15,1.2331265639012,-0.20044151496696,1.0887424680996,1.60291933954735,-0.444710847311886,0.0483377365402304
15.1,1.23334064835236,-0.200403126593272,1.08897745508838,1.60340572674924,-0.445063083803139,0.0484469863820424
15.2,1.23355213324704,-0.200365196195829,1.08920963912266,1.60388636278037,-0.44541132580348,0.048554938167249
15.3,1.2337610656489,-0.200327715628655,1.08943907006885,1.60436134918258,-0.44575564080235,0.048661614895009
15.4,1.23396749149233,-0.200290676937803,1.08966579661712,1.6048307851182,-0.446096094779155,0.0487670390243023
15.5,1.23417145561606,-0.200254072355725,1.08988986631598,1.60529476743937,-0.446432752245217,0.0488712324896962
15.6,1.23437300179569,-0.200217894295851,1.09011132560546,1.60575339075507,-0.446765676284326,0.0489742167165643
15.7,1.23457217277499,-0.200182135347344,1.0903302198493,1.60620674749574,-0.447094928591958,0.0490760126357776
15.8,1.23476901029611,-0.200146788270044,1.09054659336592,1.60665492797567,-0.447420569513211,0.0491766406978897
15.9,1.2349635551288,-0.200111845989584,1.09076048945838,1.60709802045337,-0.447742658079507,0.0492761208868377
16,1.23515584709849,-0.200077301592669,1.09097002784991,1.60753611118974,-0.4480612520441,0.0493744727331747
16.1,1.23534592511354,-0.20004314832252,1.09117366058264,1.60796928450434,-0.448376407916444,0.0494717153268562
16.2,1.23553382719143,-0.200009379574471,1.09137499956492,1.6083976228298,-0.448688180995459,0.049567867329596
16.3,1.23571959048418,-0.199975988891713,1.09157408334387,1.60882120676432,-0.448996625401733,0.0496629469868073
16.4,1.23590325130275,-0.199942969961175,1.09177094960753,1.60924011512251,-0.449301794108709,0.0497569721391484
16.5,1.2360848451408,-0.199910316609554,1.09196563520864,1.60964735789071,-0.449603738972882,0.0498499602336842
16.6,1.23626440669749,-0.199878022799463,1.09215817618767,1.60997042019306,-0.449902510763049,0.0499419283346824
16.7,1.23644196989962,-0.199846082625716,1.09234860779506,1.61028988564054,-0.450198159188654,0.0500328931340543
16.8,1.23661756792299,-0.199814490311725,1.09253696451276,1.61060581398408,-0.450490732927235,0.0501228709614573
16.9,1.23679123321305,-0.199783240206022,1.09272328007511,1.61091826365817,-0.450780279651043,0.0502118777940689
17,1.23696299750494,-0.199752326778889,1.09290758748891,1.61122729181689,-0.451066846052829,0.0502999292660474
17.1,1.23713289184277,-0.199721744619095,1.09308991905301,1.61153295436884,-0.451350477870845,0.0503870406776882
17.2,1.23730094659834,-0.199691488430746,1.09327030637714,1.61183530601084,-0.451631219913084,0.0504732270042887
17.3,1.23746719148925,-0.19966155303022,1.09344878040025,1.6121344002606,-0.451909116080793,0.0505585029047331
17.4,1.23763165559643,-0.199631933343215,1.09362537140814,1.61243028948839,-0.452184209391263,0.0506428827298047
17.5,1.23779436738108,-0.19960262440188,1.09380010905067,1.61272302494754,-0.452456541999949,0.0507263805302397
17.6,1.2379553547011,-0.199573621342036,1.09396765686152,1.61301265680413,-0.452726155221921,0.0508090100645275
17.7,1.23811464482699,-0.199544919400489,1.09410439455477,1.61329923416567,-0.452993089552685,0.050890784806471
17.8,1.23827226445725,-0.199516513912423,1.09425618942034,1.61358280510885,-0.453257384688383,0.0509717179525112
17.9,1.2384282397333,-0.199488400308872,1.09441778597741,1.61386341670647,-0.453519079545404,0.0510518224288293
18,1.23858259625395,-0.199460574114272,1.09457772499189,1.61414111505352,-0.453778212279413,0.0511311108982287
18.1,1.23873535908936,-0.199433030944085,1.09473603183718,1.61441594529243,-0.454034820303839,0.0512095957668111
18.2,1.23888655279469,-0.199405766502498,1.09489273137138,1.61468795163756,-0.454288940307813,0.0512872891904475
18.3,1.23903620142317,-0.199378776580193,1.09504784795039,1.61495717739891,-0.454540608273598,0.0513642030810566
18.4,1.23918432853895,-0.199352057052173,1.09520140544042,1.61522366500519,-0.454789859493517,0.051440349112694
18.5,1.23933095722938,-0.199325603875672,1.09535342723033,1.61548745602606,-0.455036728586394,0.0515157387274597
18.6,1.23947611011709,-0.199299413088107,1.09550393624346,1.61574859119378,-0.45528124951353,0.0515903831412317
18.7,1.23961980937156,-0.199273480805106,1.09565295494917,1.61600711042425,-0.455523455594227,0.051664293349229
18.8,1.23976207672045,-0.199247803218585,1.09580050537399,1.61626305283729,-0.455763379520873,0.051737480131412
18.9,1.23990293346052,-0.199222376594886,1.09594660911253,1.61651645677641,-0.456001053373607,0.0518099540577247
19,1.24004240046831,-0.199197197272966,1.09609128733797,1.61676735982803,-0.456236508634572,0.0518817254931846
19.1,1.24018049821039,-0.199172261662643,1.09623456081232,1.61701579883999,-0.45646977620177,0.0519528046028253
19.2,1.24031724675343,-0.199147566242888,1.09637644989634,1.61726180993969,-0.456700886402541,0.0520232013564967
19.3,1.24045266577387,-0.199123107560168,1.09651697455918,1.61750542855155,-0.456929869006665,0.0520929255335278
19.4,1.24058677456741,-0.199098882226837,1.09665615438778,1.61774668941406,-0.457156753239105,0.0521619867272555
19.5,1.24071959205814,-0.199074886919573,1.09679400859591,1.61798562659631,-0.457381567792404,0.0522303943494264
19.6,1.24085113680746,-0.199051118377857,1.0969305560331,1.61822227351401,-0.457604340838748,0.0522981576344727
19.7,1.24098142702271,-0.1990275734025,1.09706581519315,1.61845666294513,-0.457825100041696,0.052365285643669
19.8,1.2411104805656,-0.199004248854203,1.09719980422254,1.61868882704498,-0.458043872567601,0.0524317872691719
19.9,1.24123831496035,-0.198981141652165,1.09733254092851,1.61891879736099,-0.458260685096723,0.0524976712379474
20,1.24136494740161,-0.198958248772727,1.09746404278698,1.61914660484696,-0.45847556383404,0.0525629461155888
20.1,1.24149039476223,-0.198935567248053,1.09759432695018,1.61937227987701,-0.458688534519782,0.0526276203100306
20.2,1.24161467360069,-0.198913094164847,1.09772341025417,1.61959585225904,-0.458899622439678,0.0526917020751587
20.3,1.24173780016842,-0.198890826663106,1.09785130922602,1.61981735124789,-0.459108852434937,0.0527859504687266
20.4,1.24185979041686,-0.19886876193491,1.09797804009092,1.6200368055581,-0.459316248911967,0.05288060743686
20.5,1.24198066000441,-0.198846897223236,1.09810361877902,1.62025424337634,-0.459521835851838,0.0529744178974673
20.6,1.24210042430303,-0.198825229820815,1.09822806093212,1.62046969237349,-0.459725636819504,0.0530673931539805
20.7,1.24221909840486,-0.198803757069016,1.09835138191013,1.62068317971636,-0.459927674972782,0.0531595443095023
20.8,1.2423366971285,-0.19878247635675,1.09847359679745,1.62089473207914,-0.460127973071098,0.0532508822712231
20.9,1.24245323502519,-0.198761385119425,1.09859472040906,1.62110437565451,-0.460326553484016,0.0533414177547227
21,1.24256872638481,-0.198740480837902,1.09871476729655,1.62131213616446,-0.460523438199542,0.0534311612881589
21.1,1.24268318524174,-0.198719761037505,1.09883375175392,1.62151803887081,-0.460718648832222,0.0535201232163473
21.2,1.24279662538054,-0.198699223287035,1.09895168782328,1.62172210858549,-0.460912206631028,0.0536083137047336
21.3,1.24290906034146,-0.198678865197825,1.09906858930034,1.62192436968045,-0.461104132487051,0.0536957427432652
21.4,1.24302050342586,-0.19865868442281,1.09918446973985,1.62212484609742,-0.461294446941003,0.0537824201501605
21.5,1.24313096770142,-0.198638678655631,1.09929934246077,1.62232356135735,-0.46148317019052,0.0538833877940928
21.6,1.2432404660073,-0.198618845629749,1.09941322055141,1.62252053856962,-0.461670322097297,0.0539837007407373
21.7,1.24334901095906,-0.198599183117595,1.09952611687441,1.62271580044098,-0.461855922194033,0.0540831615599204
21.8,1.24345661495354,-0.198579688929735,1.09963804407156,1.62290936928432,-0.462039989691219,0.0541817810619801
21.9,1.24356329017358,-0.198560360914056,1.09974901456852,1.62310126702715,-0.46222254348374,0.0542795698751948
22,1.2436690485926,-0.198541196954974,1.09985904057946,1.62329151521987,-0.462403602157335,0.0543765384495976
22.1,1.24377390197908,-0.198522194972664,1.09996813411148,1.62348013504388,-0.462583183994886,0.0544726970606986
22.2,1.24387786190094,-0.198503352922308,1.10007630696902,1.62366714731942,-0.462761306982557,0.0545680558131114
22.3,1.24398093972981,-0.198484668793359,1.10018357075811,1.62385257251327,-0.46293798881579,0.0546626246440912
22.4,1.24408314664512,-0.198466140608827,1.10028993689051,1.62403643074614,-0.463113246905145,0.054756413326985
22.5,1.2441844936382,-0.198447766424586,1.10039541658778,1.62421874180007,-0.463287098382015,0.0548494314745953
22.6,1.24428499151621,-0.198429544328686,1.1005000208852,1.62439952512542,-0.463459560104188,0.054941688542465
22.7,1.24438465090594,-0.198411472440697,1.10060376063564,1.62457879984785,-0.46363064866129,0.0550331938320775
22.8,1.24448348225761,-0.19839354891106,1.1007066465133,1.62475658477508,-0.463800380380089,0.0551239564939827
22.9,1.24458149584849,-0.198375771920454,1.10080868901738,1.62493289840342,-0.463968771329681,0.0552139855308448
23,1.24467870178648,-0.198358139679185,1.10090989847566,1.62510775892423,-0.464135837326549,0.0553032898004173
23.1,1.24477511001356,-0.19834065042658,1.10101028504794,1.62528118423015,-0.464301593939504,0.0553918780184474
23.2,1.24487073030923,-0.198323302430405,1.10110985872952,1.62545319192126,-0.464466056494513,0.0554797587615095
23.3,1.24496557229375,-0.198306093986293,1.10120862935443,1.62562379931095,-0.464629240079411,0.0555669404697714
23.4,1.24505964543141,-0.198289023417185,1.10130660659874,1.62579302343184,-0.46479115954851,0.0556534314496958
23.5,1.24515295903369,-0.198272089072785,1.10140379998367,1.62596088104134,-0.46495182952709,0.0557392398766766
23.6,1.2452455222623,-0.198255289329027,1.10150021887871,1.62612738862728,-0.4651112644158,0.0558243737976133
23.7,1.24533734413217,-0.19823862258756,1.10159587250461,1.62629256241324,-0.465269478394951,0.0559088411334264
23.8,1.24542843351442,-0.198222087275237,1.10169076993631,1.62645641836389,-0.46542648542871,0.0559926496815114
23.9,1.2455187991392,-0.198205681843623,1.10178492010585,1.62661897219006,-0.465582299269201,0.0560758071181379
24,1.24560844959846,-0.19818940476851,1.10187833180513,1.62678023935384,-0.465736933460512,0.0561583210007921
24.1,1.24569739334869,-0.198173254549445,1.10197101368868,1.62694023507341,-0.465890401342615,0.0562401987704652
24.2,1.24578563871359,-0.198157229709271,1.10206245553576,1.6270989743279,-0.466042716055192,0.056321447753889
24.3,1.24587319388663,-0.198141328793673,1.10215272665617,1.62725647186203,-0.466193890541379,0.0564020751657206
24.4,1.24596006693363,-0.198125550370742,1.10224230039995,1.62741274219068,-0.466343937551424,0.0564820881106764
24.5,1.24604626579521,-0.198109893030545,1.10233118481736,1.62756779960335,-0.466492869646269,0.0565224320441044
24.6,1.24613179828921,-0.198094355384701,1.10241938783523,1.62772165816853,-0.466640699201044,0.0565595116025253
24.7,1.24621667211307,-0.198078936065974,1.10250691725929,1.62787433173794,-0.466787438408492,0.056596306023582
24.8,1.24630089484613,-0.198063633727872,1.10259378077652,1.62802583395072,-0.466933099282314,0.0566328185829724
24.9,1.24638447395187,-0.198048447044256,1.10267998595737,1.6281838053692,-0.46707769366044,0.0566690525064203
25,1.24646741678015,-0.198033374708953,1.10276554025798,1.62836475455414,-0.467221233208235,0.0567050109706253
25.1,1.24654973056934,-0.198018415435385,1.1028504510223,1.62854434827252,-0.467363729421625,0.0567406971041892
25.2,1.24663142244842,-0.198003567956202,1.1029347254842,1.62872260170409,-0.467505193630165,0.0567761139885244
25.3,1.24671249943906,-0.197988831022924,1.10301837076957,1.62889952980265,-0.467645637000036,0.0568112646587389
25.4,1.24679296845762,-0.197974203405594,1.10310139389825,1.62907514730032,-0.467785070536974,0.0568461521045026
25.5,1.24687283631712,-0.197959683892428,1.10318380178607,1.62924946871158,-0.467923505089146,0.056880779270895
25.6,1.24695210972915,-0.19794527128949,1.10326560124672,1.62942250833728,-0.468060951349955,0.056915149059233
25.7,1.24703079530577,-0.197930964420359,1.10334679899364,1.62959428026859,-0.468180387796229,0.05694926432788
25.8,1.24710889956136,-0.197916762125809,1.10342740164188,1.62976479839079,-0.468278316007752,0.0569831278930387
25.9,1.24718642891435,-0.197902663263499,1.10350741570986,1.62993407638705,-0.468375547769704,0.0570167425295247
26,1.24726338968906,-0.197888666707665,1.10358684762114,1.63010212774208,-0.468472090483776,0.0570501109715243
26.1,1.2473397881174,-0.19787477134882,1.10366570370618,1.63026896574572,-0.468567951447168,0.057083235913335
26.2,1.24741563034049,-0.19786097609346,1.10374399020394,1.63043460349645,-0.468663137854428,0.0571161200100901
26.3,1.24749092241039,-0.197847279863781,1.10382171326361,1.6305990539048,-0.468757656799245,0.057148765878468
26.4,1.24756567029167,-0.197833681597395,1.10389887894616,1.63076232969677,-0.468851515276213,0.0571811760973855
26.5,1.24763987986298,-0.197820180247054,1.10397549322595,1.63092444341704,-0.468944720182557,0.0572133532086761
26.6,1.24771355691861,-0.197806774780388,1.10405156199225,1.63108540743224,-0.469037278319816,0.0572452997177548
26.7,1.24778670716997,-0.197793464179633,1.10412709105076,1.6312452339341,-0.469129196395499,0.0572770180942669
26.8,1.2478593362471,-0.197780247441379,1.1042020861251,1.6314039349425,-0.469220481024705,0.057308510772725
26.9,1.2479314497001,-0.197767123576317,1.10427655285822,1.63156152230851,-0.469311138731708,0.0573397801531308
27,1.24800305300053,-0.197754091608993,1.10435049681386,1.63171800771734,-0.469401175951508,0.0573708286015843
27.1,1.24807415154283,-0.197741150577562,1.10442392347789,1.63187340269124,-0.469490599031355,0.0574016584508805
27.2,1.24814475064562,-0.197728299533559,1.10449683825972,1.63202771859231,-0.469579414232238,0.0574322720010934
27.3,1.24821485555307,-0.197715537541659,1.10456924649356,1.63218096662529,-0.469667627730347,0.0574626715201466
27.4,1.24828447143621,-0.197702863679456,1.1046411534398,1.63233315784029,-0.469755245618499,0.0574928592443747
27.5,1.24835360339413,-0.197690277037237,1.10471256428621,1.63248430313542,-0.469842273907545,0.0575228373790696
27.6,1.24842225645532,-0.197677776717769,1.10478348414925,1.63263441325941,-0.469928718527742,0.057552608099018
27.7,1.24849043557882,-0.197665361836081,1.10485391807524,1.63278349881416,-0.470014585330096,0.057582173549027
27.8,1.24855814565543,-0.197653031519257,1.10492387104158,1.63293157025724,-0.470099880087685,0.0576115358444387
27.9,1.24862539150891,-0.197640784906232,1.10499334795796,1.63307863790434,-0.47018460849695,0.0576406970716342
28,1.24869217789706,-0.197628621147592,1.10506235366742,1.63322471193166,-0.470268776178964,0.0576696592885277
28.1,1.24875850951294,-0.197616539405376,1.10513089294755,1.63336980237828,-0.470352388680668,0.0576984245250501
28.2,1.24882439098585,-0.197604538852885,1.10519897051159,1.63351391914844,-0.4704354514761,0.0577269947836233
28.3,1.24888982688253,-0.197592618674491,1.10526659100946,1.6336570720138,-0.470517969967576,0.0577553720396237
28.4,1.24895482170811,-0.197580778065457,1.10533375902885,1.63379927061568,-0.470599949486871,0.0577835582418385
28.5,1.24901937990721,-0.197569016231751,1.10540047909629,1.63394052446718,-0.47068139529636,0.0578115553129103
28.6,1.24908350586494,-0.197557332389871,1.10546675567809,1.63408084295535,-0.470762312590144,0.0578393651497747
28.7,1.24914720390786,-0.197545725766672,1.10553259318141,1.63422023534325,-0.470842706495159,0.057866989624088
28.8,1.24921047830499,-0.197534195599191,1.1055979959552,1.63435871077198,-0.470922582072249,0.0578944305826474
28.9,1.24927333326878,-0.197522741134485,1.10566296829115,1.6344962782627,-0.471001944317235,0.0579216898478018
29,1.24933577295596,-0.197511361629467,1.10572751442468,1.63463294671859,-0.471080798161952,0.0579487692178553
29.1,1.24939780146856,-0.197500056350739,1.10579163853578,1.63476872492676,-0.47115914847527,0.0579756704674619
29.2,1.24945942285475,-0.197488824574442,1.10585534474998,1.63490362156016,-0.471237000064098,0.0580023953480135
29.3,1.24952064110973,-0.197477665586097,1.10591863713921,1.63503764517939,-0.471314357674362,0.0580304342025919
29.4,1.24958146017659,-0.197466578680455,1.10598151972268,1.63517080423456,-0.471391225991976,0.0580605491219555
29.5,1.24964188394717,-0.19745556316135,1.10604399646769,1.63530310706703,-0.471467609643777,0.0580904692390576
29.6,1.24970191626288,-0.197444618341549,1.10610607129052,1.63543456191117,-0.471543513198463,0.0581201964377864
29.7,1.24976156091553,-0.197433743542612,1.10616774805721,1.63556517689607,-0.471618941167498,0.0581497325778191
29.8,1.24982082164808,-0.197422938094755,1.10622903058439,1.63569496004722,-0.471693898006005,0.0581790794950089
29.9,1.2498797021555,-0.197412201336705,1.10628992264002,1.63582391928814,-0.471768388113645,0.0582082390017655
30,1.24993820608547,-0.197401532615571,1.10635042794424,1.63595206244203,-0.471842415835477,0.0582372128874285
30.1,1.24999633703918,-0.19739093128671,1.10641055017005,1.6360793972333,-0.471915985462799,0.0582660029186328
30.2,1.25005409857202,-0.197380396713595,1.10647029294408,1.63620593128918,-0.47198910123398,0.0582946108396675
30.3,1.25011149419436,-0.197369928267693,1.10652965984737,1.63633167214121,-0.472061767335274,0.0583230383728285
30.4,1.25016852737222,-0.197359525328334,1.10658865441598,1.63645662722675,-0.472133987901616,0.0583512872187638
30.5,1.25022520152799,-0.197349187282591,1.10664728014181,1.63658080389042,-0.472205767017407,0.0583793590568123
30.6,1.2502815200411,-0.197338913525162,1.10670554047319,1.63670420938561,-0.472277108717282,0.058407255545337
30.7,1.2503374862487,-0.197328703458248,1.10676343881561,1.63682685087579,-0.472348016986868,0.0584349783220508
30.8,1.25039310344634,-0.197318556491437,1.10682097853239,1.63694873543601,-0.472418495763526,0.0584625290043375
30.9,1.25044837488855,-0.197308472041593,1.10687816294528,1.63706987005418,-0.472488548937076,0.0584899091895658
31,1.25050330378956,-0.197298449532746,1.10693499533516,1.63719026163243,-0.472558180350514,0.0585171204553983
31.1,1.25055789332387,-0.197288488395974,1.10699147894262,1.63730991698845,-0.472627393800716,0.0585441643600942
31.2,1.25061214662686,-0.197278588069304,1.10704761696862,1.63742884285672,-0.472696193039126,0.0585710424428064
31.3,1.25066606679543,-0.197268747997604,1.10710341257504,1.63754704588986,-0.472764581772432,0.0585977562238741
31.4,1.25071965688855,-0.197258967632476,1.10715886888533,1.63766453265976,-0.472832563663234,0.0586243072051089
31.5,1.25077291992784,-0.197249246432158,1.10721398898504,1.63778130965893,-0.472900142330698,0.0586506968700758
31.6,1.25082585889818,-0.197239583861421,1.10726877592246,1.63789738330157,-0.472967321351193,0.0586769266843705
31.7,1.25087847674821,-0.197229979391474,1.10732323270909,1.63801275992485,-0.473034104258928,0.0587029980958896
31.8,1.25093077639093,-0.197220432499865,1.10737736232028,1.63812744578997,-0.473100494546566,0.0587289125350974
31.9,1.25098276070419,-0.197210942670386,1.10743116769572,1.6382414470834,-0.473166495665836,0.0587546714152876
32,1.25103443253125,-0.197201509392983,1.10748465174,1.63835476991789,-0.473232111028129,0.0587802761328398
32.1,1.2510857946813,-0.197192132163662,1.1075378173231,1.63846742033364,-0.473297344005087,0.0588057280674717
32.2,1.25113684992995,-0.197182810484399,1.10759066728094,1.63857940429932,-0.473362197929178,0.0588310285824874
32.3,1.25118760101974,-0.197173543863054,1.10764320441585,1.63869072771317,-0.473426676094266,0.0588561790250201
32.4,1.25123805066061,-0.197164331813281,1.10769543149711,1.638801396404,-0.473490781756166,0.0588811807262719
32.5,1.25128820153044,-0.197155173854449,1.10774735126138,1.63891141613224,-0.473572194178403,0.0589060350017473
32.6,1.25133805627546,-0.197146069511551,1.10779896641322,1.63902079259092,-0.473669878063838,0.0589307431514854
32.7,1.25138761751075,-0.197137018315126,1.10785027962556,1.63912953140665,-0.473767013039231,0.0589553064602857
32.8,1.25143688782067,-0.197128019801179,1.10790129354013,1.63923763814061,-0.473863603717618,0.0589797261979304
32.9,1.25148586975936,-0.1971190735111,1.10795201076793,1.63934511828947,-0.4739596546605,0.0590040036194042
33,1.25153456585113,-0.197110178991584,1.10800243388969,1.63945197728634,-0.474055170378556,0.0590395088266846
33.1,1.2515829785909,-0.197101335794561,1.10805256545629,1.63955822050167,-0.474150155332351,0.0590851873037465
33.2,1.25163111044468,-0.197092543477115,1.1081024079892,1.63966385324419,-0.47424461393303,0.059130605328729
33.3,1.2516789638499,-0.19708380160141,1.10815196398088,1.63976888076175,-0.474338550542998,0.0591757651227813
33.4,1.25172654121591,-0.197075109734621,1.10820123589525,1.6398733082422,-0.474431969476594,0.0592206688818693
33.5,1.25177384492431,-0.197066467448861,1.10825022616801,1.63997714081427,-0.474524875000751,0.0592653187771314
33.6,1.2518208773294,-0.19705787432111,1.10829893720715,1.64008038354838,-0.474617271335642,0.0593097169552284
33.7,1.25186764075854,-0.197049329933145,1.10834737139324,1.64018304145749,-0.474709162655323,0.059353865538688
33.8,1.25191413751257,-0.197040833871475,1.10839553107989,1.6402851194979,-0.474800553088358,0.0593977666262422
33.9,1.25196036986613,-0.197032385727274,1.10844341859411,1.64038662257003,-0.474891446718439,0.0594414222931602
34,1.25200634006808,-0.197023985096313,1.10849103623667,1.64048755551926,-0.474981847584991,0.0594848345915751
34.1,1.25205205034186,-0.197015631578895,1.10853838628248,1.64058792313663,-0.475071759683773,0.059528005550806
34.2,1.25209750288581,-0.197007324779797,1.10858547098097,1.64068773015966,-0.475161186967467,0.0595709371776732
34.3,1.25214269987358,-0.196999064308202,1.1086322925564,1.64078698127306,-0.475250133346253,0.05961363145681
34.4,1.25218764345441,-0.196990849777641,1.10867885320826,1.64088568110949,-0.475338602688382,0.0596560903509684
34.5,1.25223233575353,-0.19698268080593,1.10872515511159,1.64098383425024,-0.475426598820734,0.0596983158013189
34.6,1.25227677887248,-0.196974557015115,1.10877120041733,1.64108144522599,-0.475514125529372,0.0597403097277473
34.7,1.25232097488941,-0.196966478031408,1.10881699125262,1.64117851851748,-0.475601186560084,0.0597820740291452
34.8,1.25236492585944,-0.196958443485135,1.10886252972118,1.64127505855618,-0.475687785618914,0.0598236105836961
34.9,1.25240863381494,-0.196950453010676,1.10890781790358,1.64137106972501,-0.475773926372693,0.0598649212491573
35,1.25245210076591,-0.196942506246412,1.10895285785761,1.64146655635897,-0.475859612449551,0.0599060078631361
35.1,1.25249532870019,-0.196934602834669,1.10899765161855,1.6415615227458,-0.47594484743943,0.0599468722433633
35.2,1.25253831958387,-0.196926742421663,1.10904220119948,1.64165597312661,-0.476029634894583,0.0599875161879602
35.3,1.2525810753615,-0.196918924657452,1.10908650859161,1.64174991169656,-0.476113978330068,0.0600279414757028
35.4,1.25262359795643,-0.196911149195879,1.10913057576455,1.64184334260542,-0.476197881224231,0.0600681498662807
35.5,1.25266588927109,-0.196903415694522,1.1091744046666,1.64193626995822,-0.476281347019191,0.0601081431005537
35.6,1.25270795118728,-0.196895723814647,1.10921799722506,1.64202869781583,-0.4763643791213,0.0601479229008016
35.7,1.25274978556642,-0.196888073221155,1.1092613553465,1.64212063019559,-0.476446980901616,0.060187490970972
35.8,1.25279139424986,-0.196880463582534,1.10930448091705,1.64221207107183,-0.476529155696353,0.0602268489969239
35.9,1.25283277905913,-0.196872894570813,1.10934737580262,1.64230302437651,-0.476610906807331,0.0602659986466657
36,1.25287394179621,-0.196865365861512,1.10939004184926,1.64239349399974,-0.47669223750242,0.0603049415705929
36.1,1.2529148842438,-0.196857877133597,1.10943248088334,1.64248348379034,-0.476777783836314,0.0603436794017182
36.2,1.25295560816557,-0.196850428069438,1.10947469471187,1.6425729975564,-0.476863358355592,0.0603822137559009
36.3,1.25299611530639,-0.196843018354755,1.10951668512271,1.64266203906582,-0.476948496659936,0.0604205462320704
36.4,1.25303640739263,-0.196835647678585,1.10955845388487,1.64275061204683,-0.477033202075748,0.0604586784124484
36.5,1.25307648613237,-0.196828315733228,1.1096000027487,1.6428387201885,-0.477117477895699,0.0604966118627662
36.6,1.25311635321565,-0.196821022214213,1.10964133344621,1.64292636714128,-0.477201327379157,0.0605343481324785
36.7,1.2531560103147,-0.19681376682025,1.10968244769124,1.64301355651747,-0.477284753752606,0.0605718887549751
36.8,1.25319545908417,-0.196806549253191,1.10972334717973,1.64310029189175,-0.477367760210062,0.0606092352477881
36.9,1.25323470116141,-0.196799369217988,1.10976403358994,1.64318657680165,-0.477450349913476,0.0606463891127964
37,1.25327373816662,-0.196792226422655,1.10980450858272,1.64327241474804,-0.477532525993141,0.0606833518364269
37.1,1.25331257170311,-0.196785120578225,1.10984477380167,1.6433578091956,-0.477614291548079,0.0607201248898531
37.2,1.25335120335755,-0.196778051398714,1.10988483087341,1.64344276357328,-0.477695649646441,0.06075670972919
37.3,1.25338963470013,-0.196771018601082,1.10992468140779,1.64352728127477,-0.47777660332588,0.0607931077956859
37.4,1.25342786728481,-0.196764021905192,1.1099643269981,1.64361136565895,-0.477857155593936,0.0608293205159126
37.5,1.2534659026495,-0.19675706103378,1.11000376922128,1.64369502005032,-0.477937309428407,0.0608653493019509
37.6,1.25350374231632,-0.19675013571241,1.11004300963813,1.64377824773946,-0.478017067777712,0.0609011955515739
37.7,1.25354138779172,-0.196743245669445,1.11008204979352,1.64386105198348,-0.478096433561255,0.0609368606484289
37.8,1.25357884056677,-0.196736390636006,1.1101208912166,1.64394343600636,-0.478175409669783,0.0609723459622144
37.9,1.25361610211729,-0.196729570345939,1.11015953542099,1.64402540299949,-0.478253998965734,0.0610076528488558
38,1.25365317390407,-0.196722784535784,1.11019798390497,1.64410695612198,-0.478332204283581,0.0610427826506781
38.1,1.25369005737308,-0.196716032944736,1.11023623815168,1.64418809850112,-0.478410028430178,0.0610777366965754
38.2,1.2537267539556,-0.196709315314613,1.11027429962932,1.64426883323276,-0.478487474185089,0.06111251630218
38.3,1.25376326506846,-0.196702631389825,1.11031216979133,1.64434916338171,-0.478564544300926,0.061147122770025
38.4,1.25379959211422,-0.19669598091734,1.11034985007657,1.64442909198215,-0.478641241503668,0.0611815573897093
38.5,1.25383573648132,-0.196689363646652,1.11038734190951,1.64450862203796,-0.478717568492987,0.0612158214380567
38.6,1.25387169954426,-0.196682779329751,1.11042464670041,1.64458775652314,-0.478793527942561,0.061249916179273
38.7,1.25390748266379,-0.196676227721089,1.11046176584548,1.64466649838217,-0.47886912250039,0.0612838428651032
38.8,1.2539430871871,-0.196669708577553,1.11049870072709,1.64474485053037,-0.4789443547891,0.0613176027349827
38.9,1.25397851444794,-0.196663221658432,1.11053545271391,1.64482281585428,-0.479019227406248,0.0613511970161899
39,1.25401376576681,-0.196656766725391,1.11057202316107,1.64490039721196,-0.47909374292462,0.0613846269239938
39.1,1.25404884245115,-0.196650343542437,1.11060841341037,1.64497759743342,-0.479167903892527,0.0614178936618009
39.2,1.25408374579546,-0.196643951875895,1.11064462479041,1.6450544193209,-0.479241712834092,0.0614462767388074
39.3,1.25411847708148,-0.196637591494375,1.11068065861676,1.64513086564924,-0.479315172249539,0.0614618804373427
39.4,1.25415303757834,-0.196631262168749,1.11071651619213,1.64520693916619,-0.479388284615477,0.0614774076938173
39.5,1.25418742854273,-0.19662496367212,1.11075219880649,1.64528264259278,-0.479461052385171,0.0614928590685841
39.6,1.25422165121904,-0.196618695779794,1.11078770773729,1.64535797862359,-0.479533477988827,0.0615082351165324
39.7,1.2542557068395,-0.196612458269259,1.11082304424955,1.64543294992714,-0.47960556383385,0.0615235363871545
39.8,1.25428959662434,-0.196606250920152,1.11085820959603,1.64550755914613,-0.479677312305121,0.0615387634246111
39.9,1.25432332178195,-0.196600073514236,1.11089320501739,1.6455818088978,-0.479748725765255,0.0615539167677963
40,1.254356883509,-0.196593925835376,1.11092803174235,1.64565570177423,-0.47981980655486,0.0615689969504
40.1,1.25439028299058,-0.19658780766951,1.11096269098778,1.64572924034261,-0.479890556992795,0.0615840045009717
40.2,1.25442352140036,-0.196581718804629,1.11099718395889,1.64580242714558,-0.47996097937642,0.0615989399429819
40.3,1.25445659990072,-0.196575659030747,1.11103151184935,1.64587526470151,-0.480031075981843,0.0616138037948826
40.4,1.25448951964287,-0.196569628139881,1.11106567584143,1.64594775550478,-0.480100849064171,0.0616285965701679
40.5,1.25452228176701,-0.196563625926026,1.11109967710614,1.64601990202604,-0.480170300857745,0.0616433187774327
40.6,1.25455488740244,-0.196557652185132,1.11113351680336,1.64609170671257,-0.480239433576383,0.0616579709204308
40.7,1.25458733766769,-0.196551706715077,1.11116719608198,1.64616317198847,-0.480308249413612,0.0616725534981332
40.8,1.25461963367067,-0.196545789315652,1.11120071608002,1.64623430025498,-0.480376750542902,0.0616870670047837
40.9,1.25465177650878,-0.196539899788531,1.11123407792474,1.64630509389074,-0.480444939117895,0.0617015119299555
41,1.25468376726902,-0.196534037937253,1.11126728273282,1.64637555525205,-0.480512817272627,0.061715888758606
41.1,1.25471560702815,-0.196528203567199,1.11130033161044,1.64644568667315,-0.480580387121756,0.0617301979711309
41.2,1.25474729685276,-0.196522396485569,1.1113332256534,1.64651549046644,-0.480647650760777,0.0617444400434179
41.3,1.25477883779946,-0.196516616501365,1.11136596594728,1.64658496892278,-0.48071461026624,0.0617586154468993
41.4,1.25481023091492,-0.196510863425365,1.11139855356751,1.64665412431171,-0.480781267695963,0.0617727246486045
41.5,1.25484147723602,-0.196505137070105,1.11143098957954,1.64672295888169,-0.480847625089245,0.0617867681112105
41.6,1.25487257779,-0.19649943724986,1.11146327503891,1.6467914748604,-0.480913684467073,0.0618007462930931
41.7,1.25490353359451,-0.19649376378062,1.1114954109914,1.64685967445489,-0.480979447832322,0.0618146596483767
41.8,1.25493434565775,-0.196488116480073,1.1115273984731,1.64692755985191,-0.481044917169967,0.0618285086269828
41.9,1.25496501497859,-0.196482495167587,1.11155923851058,1.64699513321809,-0.481110094447273,0.0618422936746796
42,1.25499554254666,-0.196476899664185,1.11159093212095,1.64706239670015,-0.481174981614,0.0618560152331291
42.1,1.25502592934246,-0.196471329792532,1.11162248031199,1.64712935242521,-0.481239580602589,0.0618696737399343
42.2,1.25505617633747,-0.196465785376913,1.11165388408225,1.64719600250093,-0.481303893328362,0.0618832696286859
42.3,1.25508628449426,-0.196460266243217,1.11168514442116,1.64726234901577,-0.481367921689705,0.0618968033290083
42.4,1.25511625476657,-0.196454772218916,1.11171626230913,1.64732839403922,-0.481431667568261,0.0619102752666044
42.5,1.25514608809943,-0.196449303133047,1.11174723871768,1.64739413962198,-0.481495132829105,0.0619236858633007
42.6,1.25517578542927,-0.196443858816197,1.11177807460947,1.6474595877962,-0.481559839330848,0.0619370355370912
42.7,1.25520534768396,-0.196438439100485,1.11180877093847,1.64752474057568,-0.481637265064431,0.0619503247021806
42.8,1.255234775783,-0.196433043819541,1.11183932865006,1.64758959995607,-0.481714352158396,0.0619635537690273
42.9,1.25526407063752,-0.196427672808494,1.11186974868105,1.64765416791508,-0.48179110282917,0.0619767231443858
43,1.25529323315044,-0.196422325903952,1.11190003195986,1.64771844641271,-0.481867519273881,0.0619898332313484
43.1,1.25532226421655,-0.196417002943986,1.11193017940658,1.64778243739139,-0.481943603670574,0.0620028844293856
43.2,1.25535116472255,-0.196411703768116,1.11196019193305,1.64784614277621,-0.482019358178409,0.062015877134388
43.3,1.25537993554723,-0.196406428217289,1.11199007044298,1.64790956447512,-0.482094784937873,0.062028811738705
43.4,1.25540857756149,-0.196401176133872,1.11201981583201,1.6479727043791,-0.482169886070979,0.0620416886311852
43.5,1.25543709162844,-0.196395947361627,1.11204942898785,1.64803556436238,-0.48224466368146,0.062054508197215
43.6,1.25546547860352,-0.196390741745701,1.1120789107903,1.64809814628258,-0.482319119854975,0.0620672708187568
43.7,1.25549373933453,-0.196385559132611,1.11210826211138,1.64816045198093,-0.482393256659293,0.0620799768743877
43.8,1.25552187466178,-0.196380399370227,1.11213748381543,1.64822248328242,-0.48246707614449,0.0620926267393359
43.9,1.25554988541811,-0.196375262307755,1.11216657675914,1.64828424199602,-0.482540580343138,0.0621052207855187
44,1.25557777242902,-0.196370147795728,1.11219554179169,1.64834572991482,-0.482613771270487,0.0621177593815784
44.1,1.25560553651272,-0.196365055685987,1.11222437975481,1.64840694881622,-0.482686650924653,0.0621302428929177
44.2,1.25563317848023,-0.196359985831667,1.11225309148284,1.64846790046208,-0.4827592212868,0.0621426716817366
44.3,1.25566069913546,-0.196354938087186,1.11228167780285,1.64852858659893,-0.482831484321315,0.0621550461070661
44.4,1.25568809927525,-0.196349912308228,1.1123101395347,1.64858900895811,-0.482903441975991,0.0621673665248036
44.5,1.25571537968951,-0.19634490835173,1.11233847749112,1.64864916925591,-0.482975096182197,0.0621796332877465
44.6,1.25574254116124,-0.196339926075869,1.11236669247776,1.64870906919379,-0.483046448855052,0.0621918467456262
44.7,1.25576958446664,-0.196334965340048,1.11239478529333,1.6487687104585,-0.4831175018936,0.0622040072451411
44.8,1.25579651037515,-0.196330026004883,1.11242275672962,1.64882809472226,-0.483188257180969,0.06221611512999
44.9,1.25582331964958,-0.196325107932191,1.11245060757159,1.64888722364288,-0.483258716584546,0.0622281707409034
45,1.2558500130461,-0.196320210984974,1.11247833859745,1.64894609886396,-0.483328881956138,0.0622401744156764
45.1,1.25587659131441,-0.196315335027411,1.11250595057874,1.64900472201502,-0.483398755132134,0.0622521264892001
45.2,1.2559030551977,-0.196310479924841,1.11253344428036,1.64906309471166,-0.483468337933662,0.062264027293492
45.3,1.25592940543283,-0.196305645543752,1.11256082046071,1.64912121855567,-0.483537632166755,0.0622758771577278
45.4,1.2559556427503,-0.196300831751771,1.11258807987169,1.64917909513525,-0.483606639622498,0.0622876764082714
45.5,1.2559817678744,-0.196296038417649,1.11261522325881,1.64923672602509,-0.48367536207719,0.0622994253687041
45.6,1.25600778152322,-0.19629126541125,1.11264225136124,1.64929411278652,-0.48374380129249,0.0623111243598553
45.7,1.25603368440872,-0.19628651260354,1.11266916491191,1.6493512569677,-0.483811959015573,0.0623227736998313
45.8,1.25605947723685,-0.196281779866575,1.11269596463751,1.64940816010371,-0.483879836979274,0.0623343737040435
45.9,1.25608516070753,-0.196277067073488,1.11272265125863,1.64946482371669,-0.483947436902236,0.0623459246852378
46,1.25611073551478,-0.19627237409848,1.11274922548977,1.64952124931601,-0.484014760489059,0.0623574269535223
46.1,1.25613620234677,-0.196267700816808,1.11277568803944,1.64957743839838,-0.484081809430435,0.0623688808163949
46.2,1.25616156188586,-0.196263047104773,1.1128020396102,1.64963339244798,-0.484148585403299,0.0623802865787711
46.3,1.25618681480865,-0.196258412839709,1.11282828089872,1.64968911293659,-0.48421509007096,0.0623916445430107
46.4,1.2562119617861,-0.196253797899976,1.11285441259587,1.64974460132374,-0.484281325083246,0.0624029550089443
46.5,1.25623700348354,-0.196249202164944,1.11288043538674,1.64979985905681,-0.484347292076635,0.0624142182739007
46.6,1.25626194056073,-0.196244625514984,1.11290634995075,1.64985488757118,-0.484412992674393,0.0624254346327317
46.7,1.25628677367193,-0.19624006783146,1.11293215696164,1.64990968829034,-0.484478428486706,0.0624366043778387
46.8,1.25631150346597,-0.196235528996719,1.11295785708762,1.64996426262601,-0.484543601110812,0.062447727799198
46.9,1.25633613058628,-0.196231008894075,1.11298345099132,1.65001861197826,-0.484608512131128,0.0624588051843849
47,1.25636065567097,-0.196226507407806,1.11300893932996,1.65007273773567,-0.484673163119383,0.0624698368186002
47.1,1.25638507935285,-0.196222024423141,1.1130343227553,1.65012664127539,-0.484719573431535,0.0624808229846934
47.2,1.25640940225953,-0.196217559826249,1.11305960191378,1.65018032396327,-0.484763316944754,0.0624917639631869
47.3,1.25643362501345,-0.196213113504233,1.11308477744652,1.65023378715402,-0.484806884430845,0.0625026600323009
47.4,1.25645774823192,-0.196208685345117,1.11310984998941,1.65028703219127,-0.48485027695007,0.0625135114679757
47.5,1.2564817725272,-0.196204275237837,1.11313482017314,1.65034006040771,-0.484893495554196,0.0625243185438962
47.6,1.25650569850653,-0.196199883072235,1.11315968862325,1.65039287312519,-0.484936541286578,0.0625350815315134
47.7,1.25652952677221,-0.196195508739045,1.11318445596021,1.65044547165485,-0.484979415182242,0.062545800700069
47.8,1.2565532579216,-0.196191152129889,1.11320912279945,1.65049785729721,-0.485022118267968,0.0625564763166161
47.9,1.25657689254722,-0.196186813137264,1.11323368975141,1.65055003134227,-0.485064651562376,0.0625671086460427
48,1.25660043123678,-0.196182491654534,1.11325815742161,1.65060199506962,-0.485107016075999,0.0625776979510927
48.1,1.25662387457321,-0.196178187575923,1.11328252641067,1.65065374974859,-0.485149212811372,0.0625882444923883
48.2,1.25664722313476,-0.196173900796505,1.11330679731438,1.65070529663828,-0.485191242763105,0.0625987485284505
48.3,1.25667047749499,-0.196169631212196,1.11333097072374,1.65075663698771,-0.485233106917962,0.0626092103157209
48.4,1.25669363822284,-0.196165378719744,1.11335504722503,1.6508077720359,-0.48527480625494,0.0626196301085824
48.5,1.25671670588268,-0.196161143216724,1.11337902739981,1.650858703012,-0.485316341745344,0.0626300081593802
48.6,1.25673968103437,-0.196156924601527,1.11340291182502,1.65090943113534,-0.485357714352863,0.062640344718441
48.7,1.25676256423326,-0.196152722773351,1.11342670107298,1.65095995761556,-0.485398925033644,0.0626506400340943
48.8,1.2567853560303,-0.196148537632196,1.11345039571149,1.65101028365272,-0.485439974736366,0.062660894352692
48.9,1.256808056972,-0.196144369078857,1.1134739963038,1.65106041043735,-0.485480864402312,0.0626711079186277
49,1.25683066760057,-0.196140217014909,1.11349750340873,1.65111033915059,-0.485521594965443,0.0626812809743564
49.1,1.25685318845388,-0.196136081342707,1.11352091758068,1.65116007096425,-0.485562167352465,0.0626914137604138
49.2,1.25687562006556,-0.196131961965376,1.11354423936966,1.65120960704092,-0.485602582482903,0.0627015065154346
49.3,1.256897962965,-0.196127858786802,1.11356746932136,1.65125894853403,-0.485642841269172,0.0627115594761724
49.4,1.25692021767742,-0.196123771711625,1.11359060797716,1.65130809658801,-0.485682944616638,0.062721572877517
49.5,1.2569423847239,-0.196119700645231,1.11361365587422,1.65135705233829,-0.485722893423694,0.0627315469525134
49.6,1.25696446462144,-0.196115645493749,1.11363661354549,1.65140581691145,-0.485762688581823,0.0627414819323798
49.7,1.25698645788295,-0.196111606164038,1.11365948151974,1.65145439142528,-0.485802330975665,0.0627513780465253
49.8,1.25700836501734,-0.196107582563683,1.11368226032162,1.65150277698889,-0.485841821483082,0.0627612355225675
49.9,1.25703018652956,-0.196103574600986,1.11370495047172,1.65155097470275,-0.485881160975226,0.0627710545863503
50,1.25705192292058,-0.196099582184963,1.11372755248654,1.6515989856588,-0.485920350316596,0.0627808354619607
50.1,1.25707357468751,-0.196095605225333,1.11375006687862,1.65164681094057,-0.48595939036511,0.0627905783717462
50.2,1.25709514232356,-0.196091643632512,1.11377249415652,1.65169445162317,-0.485998281972159,0.0628002835363316
50.3,1.25711662631816,-0.196087697317608,1.11379483482485,1.65174190877347,-0.486037025982679,0.0628099511746354
50.4,1.2571380271569,-0.196083766192414,1.11381708938436,1.6517891834501,-0.4860756232352,0.0628195815038867
50.5,1.25715934532165,-0.196079850169398,1.11383925833193,1.65183627670359,-0.486114074561916,0.0628291747396407
50.6,1.25718058129057,-0.196075949161702,1.11386134216063,1.65188318957641,-0.486152380788743,0.0628387310957959
50.7,1.2572017355381,-0.196072063083132,1.11388334135976,1.65192992310304,-0.486190542735373,0.0628482507846088
50.8,1.25722280853509,-0.196068191848152,1.11390525641485,1.6519764783101,-0.486228561215338,0.062857734016711
50.9,1.25724380074873,-0.196064335371877,1.11392708780775,1.65202285621635,-0.486266437036068,0.062867181001123
51,1.25726471264267,-0.196060493570071,1.11394883601663,1.65206905783284,-0.486304170998941,0.0628765919452709
51.1,1.25728554467701,-0.196056666359135,1.11397050151602,1.65211508416292,-0.48634176389935,0.0628859670550014
51.2,1.25730629730832,-0.196052853656106,1.11399208477685,1.65216093620235,-0.486379216526749,0.0628953065345962
51.3,1.25732697098973,-0.196049055378647,1.11401358626647,1.65220661493936,-0.486416529664716,0.0629046105867877
51.4,1.2573475661709,-0.196045271445044,1.11403500644871,1.65225212135471,-0.486453704091002,0.0629138794127725
51.5,1.25736808329811,-0.196041501774199,1.1140563457839,1.65229745642181,-0.486490740577588,0.0629231132122272
51.6,1.25738852281424,-0.196037746285623,1.1140776047289,1.6523426211067,-0.486527639890738,0.0629323121833218
51.7,1.25740888515883,-0.196034004899432,1.11409878373711,1.65238761636822,-0.486564402791052,0.0629414765227342
51.8,1.25742917076812,-0.196030277536343,1.11411988325857,1.65243244315798,-0.486601030033516,0.0629506064256645
51.9,1.25744938007506,-0.196026564117662,1.11414090373991,1.65247710242053,-0.486637522367556,0.0629597020858482
52,1.25746951350934,-0.196022864565286,1.11416184562444,1.65252159509332,-0.486673880537091,0.0629687636955706
52.1,1.25748957149744,-0.196019178801693,1.11418270935216,1.65256592210684,-0.486710105280577,0.0629777914456799
52.2,1.25750955446266,-0.196015506749938,1.11420349535978,1.65261008438468,-0.486746197331065,0.0629867855256009
52.3,1.25752946282511,-0.196011848333647,1.11422420408078,1.65265408284355,-0.486782157416244,0.0629957461233475
52.4,1.2575492970018,-0.196008203477014,1.1142448359454,1.65269791839338,-0.486817986258492,0.0630046734255371
52.5,1.25756905740661,-0.196004572104791,1.11426539138072,1.65274159193738,-0.486853684574926,0.0630135676174025
52.6,1.25758874445038,-0.196000954142287,1.11428587081063,1.65278510437207,-0.486889253077449,0.063022428882805
52.7,1.25760835854087,-0.195997349515363,1.11430627465593,1.6528284565874,-0.486924692472795,0.0630312574042474
52.8,1.25762790008285,-0.195993758150423,1.11432660333427,1.65287164946675,-0.486960003462579,0.0630400533628857
52.9,1.25764736947809,-0.195990179974414,1.11434685726028,1.65291468388704,-0.486995186743342,0.0630488169385426
53,1.25766676712539,-0.195986614914816,1.11436703684551,1.65295756071874,-0.487030243006595,0.0630575483097188
53.1,1.25768609342064,-0.195983062899642,1.11438714249852,1.65300028082598,-0.487065172938868,0.063066247653606
53.2,1.25770534875679,-0.195979523857429,1.11440717462484,1.65304284506657,-0.487099977221753,0.0630749151460978
53.3,1.25772453352395,-0.195975997717238,1.1144271336271,1.65308525429207,-0.487134656531945,0.0630835509618024
53.4,1.25774364810934,-0.195972484408641,1.11444701990494,1.65312750934785,-0.487169211541292,0.0630921552740542
53.5,1.25776269289738,-0.195968983861728,1.11446683385513,1.65316961107315,-0.487203642916834,0.0631007282549251
53.6,1.25778166826965,-0.195965496007091,1.11448657587153,1.65321156030111,-0.487237951320848,0.0631092700752362
53.7,1.257800574605,-0.195962020775826,1.11450624634518,1.65325335785888,-0.487272137410888,0.0631177809045692
53.8,1.2578194122795,-0.195958558099528,1.11452584566427,1.65329500456759,-0.487306201839832,0.063126260911277
53.9,1.2578381816665,-0.195955107910284,1.11454537421417,1.6533365012425,-0.487340145255916,0.0631347102624964
54,1.25785688313664,-0.19595167014067,1.1145648323775,1.65337784869297,-0.487373968302782,0.0631431291241567
54.1,1.2578755170579,-0.195948244723747,1.11458422053413,1.65341904772257,-0.487407671619515,0.0631515176609925
54.2,1.25789408379559,-0.195944831593056,1.11460353906117,1.6534600991291,-0.487441255840685,0.0631598760365541
54.3,1.25791258371239,-0.195941430682615,1.11462278833306,1.65350100370465,-0.487474721596386,0.0631682044132171
54.4,1.2579310171684,-0.19593804192691,1.11464196872153,1.65354176223567,-0.487508069512273,0.0631765029521943
54.5,1.2579493845211,-0.1959346652609,1.11466108059568,1.65358237550297,-0.487541300209608,0.0631847718135451
54.6,1.25796768612544,-0.195931300620002,1.11468012432196,1.65362284428184,-0.487574414305289,0.0631930111561858
54.7,1.25798592233381,-0.195927947940095,1.11469910026423,1.65366316934204,-0.487607412411896,0.0632012211379011
54.8,1.25800409349612,-0.195924607157512,1.11471800878374,1.65370335144788,-0.487640295137725,0.0632094019153521
54.9,1.25802219995975,-0.195921278209039,1.11473685023919,1.65374339135824,-0.487673063086828,0.0632175536440881
55,1.25804024206963,-0.195917961031906,1.11475562498675,1.65378328982668,-0.487705716859046,0.0632256764785552
55.1,1.25805822016824,-0.195914655563789,1.11477433338006,1.65382304760141,-0.487738257050047,0.0632337705721072
55.2,1.25807613459564,-0.1959113617428,1.11479297577026,1.65386266542537,-0.487770684251366,0.0632418360770138
55.3,1.25809398568947,-0.19590807950749,1.11481155250604,1.65390214403629,-0.487802999050437,0.0632498731444714
55.4,1.258111773785,-0.195904808796839,1.1148300639336,1.65394148416673,-0.487835202030627,0.0632578819246124
55.5,1.25812949921514,-0.195901549550256,1.11484851039675,1.6539806865441,-0.487867293771276,0.0632658625665137
55.6,1.25814716231045,-0.195898301707572,1.11486689223686,1.65401975189074,-0.487899274847729,0.0632738152182069
55.7,1.25816476339917,-0.195895065209042,1.11488520979294,1.65405868092395,-0.487931145831368,0.0632817400266867
55.8,1.25818230280724,-0.195891839995334,1.1149034634016,1.654097474356,-0.487962907289652,0.0632896371379205
55.9,1.25819978085832,-0.19588862600753,1.11492165339715,1.65413613289426,-0.487994559786144,0.0632975066968575
56,1.25821719787382,-0.195885423187123,1.11493978011152,1.65417465724113,-0.48802610388055,0.0633053488474367
56.1,1.25823455417289,-0.195882231476011,1.11495784387437,1.65421304809419,-0.488057540128748,0.0633131637325965
56.2,1.25825185007247,-0.195879050816493,1.11497584501307,1.65425130614616,-0.488088869082822,0.0633209514942832
56.3,1.25826908588729,-0.195875881151268,1.11499378385272,1.65428943208499,-0.488120091291096,0.063328712273459
56.4,1.25828626192991,-0.195872722423432,1.11501166071616,1.65432742659388,-0.488151207298162,0.0633364462101119
56.5,1.25830337851073,-0.195869574576469,1.11502947592403,1.65436529035134,-0.488182217644917,0.0633441534432623
56.6,1.25832043593797,-0.195866437554256,1.11504722979474,1.6544030240312,-0.48821312286859,0.0633518341109728
56.7,1.25833743451777,-0.195863311301054,1.11506492264453,1.65444062830267,-0.488243923502773,0.0633594883503557
56.8,1.25835437455412,-0.195860195761503,1.11508255478744,1.65447810383039,-0.488274620077454,0.0633671162975815
56.9,1.25837125634894,-0.195857090880627,1.1151001265354,1.65451545127445,-0.488305213119049,0.0633747180878866
57,1.25838808020209,-0.195853996603821,1.11511763819816,1.65455267129042,-0.488335703150427,0.0633822938555816
57.1,1.25840484641135,-0.195850912876854,1.1151350900834,1.65458976452942,-0.488366090690941,0.0633898437340594
57.2,1.25842155527247,-0.195847839645866,1.11515248249668,1.65462673163815,-0.488396376256462,0.0633973678558023
57.3,1.25843820707919,-0.19584477685736,1.11516981574147,1.65466357325889,-0.488426560359404,0.0634048663523906
57.4,1.25845480212324,-0.195841724458204,1.11518709011921,1.65470029002958,-0.488456643508754,0.0634123393545097
57.5,1.25847134069436,-0.195838682395623,1.11520430592926,1.65473688258386,-0.488486626210099,0.0634197869919578
57.6,1.25848782308034,-0.195835650617204,1.11522146346899,1.65477335155105,-0.488516508965657,0.0634272093936536
57.7,1.25850424956699,-0.195832629070883,1.11523856303373,1.65480969755628,-0.488546292274304,0.0634346066876438
57.8,1.25852062043821,-0.195829617704948,1.11525560491684,1.65484592122041,-0.488575976631603,0.0634419790011097
57.9,1.25853693597596,-0.195826616468037,1.11527258940969,1.65488202316018,-0.488605562529827,0.0634493264603761
58,1.25855319646032,-0.19582362530913,1.11528951680168,1.65491800398815,-0.48863505045799,0.0634566491909163
58.1,1.25856940216946,-0.195820644177551,1.11530638738031,1.65495386431281,-0.488664440901877,0.0634639473173612
58.2,1.2585855533797,-0.195817673022961,1.1153232014311,1.65498960473855,-0.488693734344061,0.0634712209635054
58.3,1.25860165036548,-0.195814711795362,1.1153399592377,1.65502522586575,-0.48872293126394,0.0634784702523142
58.4,1.25861769339943,-0.195811760445084,1.11535666108184,1.65506072829077,-0.488752032137756,0.0634856953059314
58.5,1.25863368275233,-0.19580881892279,1.1153733072434,1.65509611260601,-0.488781037438625,0.0634928962456847
58.6,1.25864961869316,-0.195805887179474,1.11538989800036,1.65513137939994,-0.488809947636559,0.0635000731920936
58.7,1.25866550148912,-0.19580296516645,1.11540643362888,1.65516652925711,-0.488838763198495,0.063507226264876
58.8,1.2586813314056,-0.195800052835358,1.11542291440328,1.65520156275821,-0.488867484588317,0.0635143555829543
58.9,1.25869710870625,-0.195797150138158,1.11543934059606,1.6552364804801,-0.488896112266884,0.0635214612644627
59,1.25871283365297,-0.195794257027125,1.11545571247793,1.65527128299581,-0.488924646692052,0.0635285434267532
59.1,1.25872850650591,-0.195791373454851,1.11547203031779,1.65530597087462,-0.4889530883187,0.0635356021864022
59.2,1.25874412752352,-0.19578849937424,1.11548829438279,1.65534054468204,-0.488981437598753,0.0635426376592171
59.3,1.25875969696251,-0.195785634738503,1.11550450493831,1.65537500497989,-0.489009694981206,0.0635496499602422
59.4,1.25877521507794,-0.195782779501161,1.11552066224799,1.65540935232629,-0.48903786091215,0.0635566392037656
59.5,1.25879068212316,-0.195779933616038,1.11553676657373,1.65544358727571,-0.489065935834792,0.0635636055033247
59.6,1.25880609834986,-0.195777097037261,1.11555281817575,1.655477710379,-0.48909392018948,0.063570548971713
59.7,1.25882146400809,-0.195774269719254,1.11556881731253,1.65551172218341,-0.489121814413727,0.0635774697209857
59.8,1.25883677934626,-0.195771451616742,1.11558476424087,1.65554562323264,-0.489149618942232,0.0635843678624659
59.9,1.25885204461114,-0.195768642684741,1.11560065921592,1.65557941406684,-0.489177334206903,0.0635912435067508
60,1.25886726004791,-0.195765842878561,1.11561650249115,1.65561309522265,-0.48920496063688,0.063598096763717
60.1,1.25888242590014,-0.195763052153803,1.11563229431838,1.65564666723325,-0.489232498658558,0.0636049277425271
60.2,1.25889754240982,-0.195760270466352,1.11564803494782,1.65568013062834,-0.489259948695605,0.0636117365516351
60.3,1.25891260981735,-0.195757497772383,1.11566372462803,1.65571348593424,-0.489287311168989,0.0636185232987918
60.4,1.25892762836161,-0.195754734028351,1.115679363606,1.65574673367383,-0.489314586496995,0.0636252880910517
60.5,1.2589425982799,-0.19575197919099,1.11569495212708,1.65577987436665,-0.48934177509525,0.0636320310347766
60.6,1.25895751980798,-0.195749233217317,1.11571049043509,1.65581290852889,-0.489368877376741,0.0636387522356434
60.7,1.25897239318013,-0.195746496064622,1.11572597877224,1.65584583667343,-0.489395893751838,0.0636457580592336
60.8,1.25898721862908,-0.195743767690469,1.11574141737921,1.65587865930986,-0.489422824628314,0.0636529323325954
60.9,1.25900199638607,-0.195741048052695,1.11575680649512,1.65591137694452,-0.489449670411365,0.0636600836113974
61,1.25901672668087,-0.195738337109406,1.11577214635758,1.65594399008049,-0.489476431503632,0.0636672120060138
61.1,1.25903140974177,-0.195735634818975,1.11578743720266,1.65597649921766,-0.489503108305217,0.0636743176261143
61.2,1.25904604579559,-0.195732941140041,1.11580267926494,1.65600890485273,-0.48952970121371,0.0636814005806682
61.3,1.2590606350677,-0.195730256031506,1.11581787277748,1.65604120747926,-0.489556210624201,0.0636884609779514
61.4,1.25907517778205,-0.195727579452533,1.1158330179719,1.65607340758765,-0.489582636929305,0.0636954989255508
61.5,1.25908967416115,-0.195724911362543,1.11584811507831,1.6561055056652,-0.48960898051918,0.0637025145303702
61.6,1.25910412442608,-0.195722251721217,1.11586316432539,1.65613750219613,-0.489635241781545,0.063709507898636
61.7,1.25911852879655,-0.195719600488487,1.11587816594034,1.6561693976616,-0.489661421101698,0.0637164791359021
61.8,1.25913288749084,-0.195716957624542,1.11589312014896,1.65620119253974,-0.48968751886254,0.0637234283470555
61.9,1.25914720072587,-0.195714323089818,1.1159080271756,1.65623288730566,-0.489713535444588,0.063730355636321
62,1.25916146871719,-0.195711696845002,1.1159228872432,1.65626448243148,-0.489739471225995,0.0637372611072675
62.1,1.25917569167898,-0.195709078851029,1.11593770057331,1.65629597838637,-0.489765326582573,0.063744144862812
62.2,1.25918986982406,-0.195706469069076,1.11595246738608,1.65632737563654,-0.489791101887803,0.0637510070052258
62.3,1.25920400336394,-0.195703867460568,1.11596718790027,1.65635867464531,-0.489816797512859,0.0637578476361385
62.4,1.25921809250879,-0.195701273987165,1.1159818623333,1.65638987587306,-0.489842413826624,0.0637646668565435
62.5,1.25923213746744,-0.195698688610773,1.11599649090119,1.65642097977735,-0.489867951195707,0.0637714647668033
62.6,1.25924613844743,-0.19569611129353,1.11601107381865,1.65645198681284,-0.489893409984461,0.0637782414666539
62.7,1.25926009565502,-0.195693541997812,1.11602561129903,1.65648289743141,-0.489918790555003,0.06378499705521
62.8,1.25927400929514,-0.195690980686229,1.11604010355435,1.65651371208209,-0.489944093267225,0.0637917316309697
62.9,1.25928787957149,-0.195688427321624,1.11605455079533,1.65654443121115,-0.489969318478817,0.0637984452918192
63,1.25930170668646,-0.195685881867067,1.11606895323137,1.6565750552621,-0.48999446654528,0.0638051381350378
63.1,1.25931549084121,-0.19568334428586,1.11608331107058,1.6566055846757,-0.490019537819946,0.0638118102573023
63.2,1.25932923223564,-0.195680814541529,1.11609762451977,1.65663601988998,-0.490044532653991,0.063818461754692
63.3,1.25934293106841,-0.195678292597827,1.1161118937845,1.65666636134028,-0.490069451396454,0.0638250927226928
63.4,1.25935658753697,-0.195675778418728,1.11612611906903,1.65669660945928,-0.490094294394252,0.0638317032562024
63.5,1.25937020183752,-0.195673271968429,1.11614030057639,1.65672676467698,-0.490119061992196,0.0638382934495342
63.6,1.25938377416508,-0.195670773211347,1.11615443850834,1.65675682742073,-0.490143754533009,0.0638448633964226
63.7,1.25939730471345,-0.195668282112117,1.11616853306542,1.6567867981153,-0.490168372357339,0.0638514131900263
63.8,1.25941079367524,-0.195665798635588,1.11618258444694,1.65681667718282,-0.490192915803775,0.0638579429229338
63.9,1.2594242412419,-0.195663322746828,1.11619659285098,1.65684646504288,-0.490217385208865,0.0638644526871672
64,1.25943764760367,-0.195660854411115,1.11621055847441,1.6568761621125,-0.49024178090713,0.0638709425741865
64.1,1.25945101294965,-0.195658393593939,1.11622448151291,1.65690576880615,-0.490266103231077,0.0638774126748941
64.2,1.25946433746779,-0.195655940261002,1.11623836216096,1.65693528553578,-0.490290352511219,0.063883863079639
64.3,1.25947762134487,-0.19565349437821,1.11625220061187,1.65696471271086,-0.490314529076083,0.0638902938782211
64.4,1.25949086476656,-0.195651055911681,1.11626599705776,1.65699405073836,-0.490338633252233,0.0638967051598947
64.5,1.25950406791737,-0.195648624827734,1.11627975168959,1.65702330002281,-0.490362665364278,0.0639030970133737
64.6,1.25951723098072,-0.195646201092893,1.11629346469717,1.65705246096626,-0.49038662573489,0.0639094695268349
64.7,1.2595303541389,-0.195643784673886,1.11630713626917,1.65708153396836,-0.490410514684818,0.0639158227879226
64.8,1.2595434375731,-0.195641375537638,1.11632076659309,1.65711051942636,-0.490434332532902,0.0639221568837519
64.9,1.25955648146341,-0.195638973651276,1.11633435585534,1.6571394177351,-0.490458079596086,0.0639284719009131
65,1.25956948598885,-0.195636578982123,1.11634790424118,1.65716822928707,-0.490481756189434,0.0639347679254762
65.1,1.25958245132734,-0.195634191497699,1.11636141193478,1.65719695447237,-0.490505362626142,0.0639410450429936
65.2,1.25959537765574,-0.195631811165717,1.11637487911917,1.65722559367881,-0.490528899217556,0.0639473033385052
65.3,1.25960826514985,-0.195629437954085,1.11638830597633,1.65725414729186,-0.490552366273179,0.0639535428965414
65.4,1.2596211139844,-0.195627071830903,1.11640169268712,1.65728261569468,-0.490575764100689,0.0639597638011269
65.5,1.2596339243331,-0.195624712764459,1.11641503943133,1.65731099926816,-0.490599093005953,0.0639659661357855
65.6,1.2596466963686,-0.195622360723231,1.11642834638766,1.65733929839092,-0.490622353293037,0.0639721499835424
65.7,1.25965943026252,-0.195620015675886,1.11644161373379,1.65736751343933,-0.490645545264224,0.0639783154269287
65.8,1.25967212618547,-0.195617677591274,1.1164548416463,1.65739564478752,-0.490668669220021,0.0639844625479855
65.9,1.25968478430702,-0.195615346438432,1.11646803030074,1.65742369280742,-0.490691725459176,0.0639905914282663
66,1.25969740479576,-0.19561302218658,1.11648117987161,1.65745165786874,-0.490714714278692,0.0639967021488417
66.1,1.25970998781926,-0.19561070480512,1.1164942905324,1.65747954033902,-0.490737635973835,0.0640027947903027
66.2,1.25972253354411,-0.195608394263633,1.11650736245556,1.65750734058362,-0.490760490838152,0.0640088694327638
66.3,1.25973504213589,-0.195606090531882,1.11652039581251,1.65753505896576,-0.490783279163479,0.064014926155867
66.4,1.25974751375923,-0.195603793579806,1.11653339077368,1.65756269584652,-0.490806001239956,0.0640209650387852
66.5,1.25975994857777,-0.19560150337752,1.11654634750849,1.65759025158485,-0.49082865735604,0.0640269861602255
66.6,1.2597723467542,-0.195599219895317,1.11655926618536,1.65761772653761,-0.490851247798513,0.0640329895984325
66.7,1.25978470845023,-0.195596943103663,1.11657214697173,1.65764512105956,-0.4908737728525,0.0640389754311925
66.8,1.25979703382664,-0.195594672973195,1.11658499003405,1.65767243550339,-0.490896232801476,0.0640449437358354
66.9,1.25980932304327,-0.195592409474724,1.11659779553782,1.65769967021973,-0.490918627927281,0.0640508945892396
67,1.25982157625899,-0.195590152579231,1.11661056364753,1.65772682555716,-0.49094095851013,0.0640568280678341
67.1,1.25983379363179,-0.195587902257864,1.11662329452675,1.65775390186225,-0.490963224828626,0.0640627442476023
67.2,1.2598459753187,-0.195585658481941,1.11663598833808,1.65778089947953,-0.49098542715977,0.0640686432040856
67.3,1.25985812147584,-0.195583421222945,1.11664864524318,1.65780781875154,-0.491007565778975,0.0640745250123858
67.4,1.25987023225844,-0.195581190452527,1.11666126540278,1.65783466001884,-0.491029640960073,0.0640803897471686
67.5,1.2598823078208,-0.195578966142499,1.11667384897665,1.65786142362002,-0.491051652975332,0.0640862374826673
67.6,1.25989434831634,-0.195576748264837,1.11668639612366,1.65788810989171,-0.491073602095463,0.0640920682926851
67.7,1.25990635389759,-0.195574536791682,1.11669890700175,1.65791471916859,-0.491095488589632,0.0640978822505988
67.8,1.25991832471619,-0.19557233169533,1.11671138176796,1.65794125178341,-0.491117312725472,0.0641036794293614
67.9,1.25993026092291,-0.195570132948241,1.11672382057841,1.65796770806703,-0.491139074769094,0.064109459901506
68,1.25994216266765,-0.195567940523031,1.11673622358834,1.65799408834837,-0.491160774985095,0.0641152237391474
68.1,1.25995403009943,-0.195565754392476,1.11674859095207,1.6580203929545,-0.491182413636572,0.0641209710139867
68.2,1.25996586336644,-0.195563574529504,1.11676092282306,1.6580466222106,-0.491203990985133,0.0641267017973131
68.3,1.25997766261599,-0.195561400907202,1.11677321935388,1.65807277643998,-0.491225507290903,0.0641324161600073
68.4,1.25998942799455,-0.195559233498808,1.11678548069623,1.65809885596411,-0.491246962812539,0.0641381141725446
68.5,1.26000115964778,-0.195557072277714,1.11679770700094,1.65812486110264,-0.491268357807239,0.0641437959049973
68.6,1.26001285772047,-0.195554917217464,1.11680989841797,1.65815079217338,-0.491289692530752,0.064149461427038
68.7,1.26002452235658,-0.195552768291752,1.11682205509645,1.65817664949233,-0.491310967237388,0.0641551108079425
68.8,1.26003615369929,-0.195550625474422,1.11683417718463,1.65820243337372,-0.491332182180028,0.0641607441165919
68.9,1.26004775189092,-0.195548488739467,1.11684626482995,1.65822814412998,-0.491353337610135,0.0641663614214764
69,1.260059317073,-0.195546358061025,1.11685831817898,1.65825378207175,-0.491374433777764,0.0641719627906976
69.1,1.26007084938625,-0.195544233413383,1.1168703373775,1.65827934750796,-0.491395470931568,0.0641775482919707
69.2,1.2600823489706,-0.195542114770972,1.11688232257042,1.65830484074576,-0.491416449318816,0.0641831179926285
69.3,1.26009381596518,-0.195540002108368,1.11689427390186,1.65833026209057,-0.491437369185392,0.0641886719596232
69.4,1.26010525050833,-0.195537895400291,1.11690619151513,1.6583556118461,-0.491458230775815,0.0641942102595287
69.5,1.2601166527376,-0.195535794621601,1.11691807555271,1.65838089031434,-0.491479034333241,0.0641997329585446
69.6,1.2601280227898,-0.195533699747301,1.1169299261563,1.65840609779561,-0.491499780099477,0.0642052401224976
69.7,1.26013936080093,-0.195531610752535,1.11694174346679,1.65843123458851,-0.491520468314986,0.0642107318168448
69.8,1.26015066690623,-0.195529527612584,1.11695352762428,1.65845630099,-0.491541099218901,0.064216208106676
69.9,1.2601619412402,-0.195527450302869,1.1169652787681,1.65848129729534,-0.491561673049032,0.0642216690567164
70,1.26017318393657,-0.195525378798949,1.11697699703677,1.65850622379818,-0.491582190041873,0.0642271147313288
70.1,1.26018439512832,-0.195523313076518,1.11698868256808,1.65853108079052,-0.491602650432617,0.064232545194517
70.2,1.2601955749477,-0.195521253111406,1.117000335499,1.65855586856272,-0.491623054455158,0.064237960509927
70.3,1.2602067235262,-0.195519198879577,1.11701195596579,1.65858058740353,-0.491643402342105,0.0642433607408511
70.4,1.2602178409946,-0.19551715035713,1.11702354410391,1.65860523760011,-0.491663694324787,0.0642487459502288
70.5,1.26022892748292,-0.195515107520295,1.11703510004808,1.65862981943802,-0.491683930633266,0.0642541162006501
70.6,1.26023998312048,-0.195513070345436,1.11704662393229,1.65865433320122,-0.491704111496342,0.0642594715543579
70.7,1.26025100803589,-0.195511038809044,1.11705811588976,1.65867877917214,-0.491724237141564,0.0642648120732501
70.8,1.26026200235701,-0.195509012887745,1.11706957605299,1.6587031576316,-0.491744307795237,0.0642701378188824
70.9,1.26027296621102,-0.19550699255829,1.11708100455374,1.65872746885891,-0.491764323682431,0.0642754488524699
71,1.2602838997244,-0.195504977797559,1.11709240152305,1.65875171313182,-0.49178428502699,0.0642807452348907
71.1,1.26029480302291,-0.195502968582561,1.11710376709123,1.65877589072657,-0.491804192051539,0.0642860270266869
71.2,1.26030567623163,-0.19550096489043,1.11711510138788,1.65880000191786,-0.491824044977495,0.0642912942880673
71.3,1.26031651947494,-0.195498966698425,1.11712640454189,1.6588240469789,-0.491843844025071,0.0642965470789109
71.4,1.26032733287655,-0.195496973983932,1.11713767668143,1.65884802618139,-0.491863589413288,0.064301785458767
71.5,1.26033811655948,-0.195494986724457,1.11714891793397,1.65887193979557,-0.491883281359981,0.0643070094868594
71.6,1.26034887064607,-0.195493004897633,1.11716012842631,1.65889578809017,-0.491902920081807,0.0643122192220873
71.7,1.26035959525801,-0.195491028481213,1.11717130828451,1.65891957133247,-0.491922505794256,0.0643174147230283
71.8,1.26037029051629,-0.195489057453072,1.11718245763398,1.65894328978829,-0.491942038711653,0.0643225960479403
71.9,1.26038095654128,-0.195487091791204,1.11719357659943,1.65896694372202,-0.491959402197818,0.0643277632547639
72,1.26039159345265,-0.195485131473725,1.11720466530489,1.65899053339658,-0.491973491391948,0.0643329164011239
72.1,1.26040220136946,-0.195483176478868,1.11721572387372,1.6590140590735,-0.491987542682688,0.0643380555443324
72.2,1.26041278041008,-0.195481226784984,1.11722675242863,1.65903752101287,-0.492001556222783,0.0643431807413902
72.3,1.26042333069228,-0.195479282370543,1.11723775109162,1.65906091947337,-0.492015532164157,0.0643482920489893
72.4,1.26043385233315,-0.19547734321413,1.11724871998406,1.65908425471229,-0.49202947065792,0.0643533895235147
72.5,1.26044434544917,-0.195475409294446,1.11725965922667,1.65910752698555,-0.492043371854375,0.0643584732210465
72.6,1.26045481015618,-0.195473480590307,1.1172705689395,1.65913073654764,-0.492057235903019,0.0643635431973623
72.7,1.26046524656939,-0.195471557080643,1.11728144924196,1.65915388365174,-0.492071062952554,0.064368599507939
72.8,1.26047565480341,-0.195469638744497,1.11729230025281,1.65917696854963,-0.492084853150887,0.0643736422079549
72.9,1.2604860349722,-0.195467725561025,1.11730312209019,1.65919999149175,-0.492098606645138,0.0643786713522913
73,1.26049638718913,-0.195465817509495,1.11731391487159,1.6592229527272,-0.492112323581647,0.0643836869955353
73.1,1.26050671156695,-0.195463914569286,1.11732467871387,1.65924585250374,-0.492126004105976,0.0643886891919807
73.2,1.26051700821781,-0.195462016719886,1.11733541373327,1.6592686910678,-0.492139648362914,0.0643936779956311
73.3,1.26052727725325,-0.195460123940895,1.1173461200454,1.65929146866451,-0.492153256496485,0.0643986534602013
73.4,1.26053751878421,-0.195458236212021,1.11735679776527,1.65931418553769,-0.49216682864995,0.0644036156391188
73.5,1.26054773292106,-0.195456353513078,1.11736744700726,1.65933684192985,-0.492180364965815,0.0644085645855266
73.6,1.26055791977355,-0.195454475823991,1.11737806788515,1.65935943808223,-0.492193865585834,0.0644135003522844
73.7,1.26056807945087,-0.195452603124788,1.1173886605121,1.65938197423475,-0.492207330651013,0.0644184229919708
73.8,1.26057821206162,-0.195450735395607,1.11739922500069,1.65940445062611,-0.492220760301619,0.064423332556885
73.9,1.2605883177138,-0.195448872616687,1.11740976146288,1.6594268674937,-0.49223415467718,0.0644282290990492
74,1.26059839651487,-0.195447014768375,1.11742027001006,1.65944922507369,-0.492247513916493,0.0644331126702092
74.1,1.2606084485717,-0.195445161831121,1.11743075075302,1.65947152360097,-0.492260838157627,0.0644379833218377
74.2,1.2606184739906,-0.195443313785477,1.11744120380196,1.65949376330921,-0.49227412753793,0.0644428411051351
74.3,1.26062847287731,-0.195441470612098,1.1174516292665,1.65951594443085,-0.49228738219403,0.0644476860710315
74.4,1.26063844533703,-0.195439632291743,1.11746202725568,1.6595380671971,-0.492300602261845,0.064452518270189
74.5,1.26064839147438,-0.19543779880527,1.11747239787798,1.65956013183796,-0.492313787876581,0.0644573377530027
74.6,1.26065831139344,-0.195435970133637,1.1174827412413,1.6595821385822,-0.492326939172744,0.064462144569603
74.7,1.26066820519775,-0.195434146257903,1.11749305745297,1.65960408765744,-0.492340056284137,0.064466938769857
74.8,1.26067807299029,-0.195432327159227,1.11750334661976,1.65962597929006,-0.492353139343873,0.0644717204033703
74.9,1.26068791487351,-0.195430512818865,1.11751360884788,1.65964781370528,-0.49236618848437,0.0644764895194893
75,1.26069773094932,-0.195428703218173,1.11752384424299,1.65966959112713,-0.492379203837362,0.0644812461673017
75.1,1.26070752131909,-0.195426898338601,1.1175340529102,1.6596913117785,-0.492392185533904,0.0644859903956393
75.2,1.26071728608367,-0.195425098161698,1.11754423495406,1.65971297588109,-0.492405133704372,0.064490722253079
75.3,1.26072702534338,-0.19542330266911,1.11755439047858,1.65973458365545,-0.492418048478469,0.0644954417879449
75.4,1.26073673919801,-0.195421511842575,1.11756451958723,1.65975613532101,-0.49243092998523,0.0645001490483097
75.5,1.26074642774684,-0.195419725663929,1.11757462238295,1.65977763109602,-0.492443778353028,0.0645048440819961
75.6,1.26075609108863,-0.195417944115101,1.11758469896813,1.65979907119765,-0.492456593709576,0.0645095269365791
75.7,1.26076572932162,-0.195416167178113,1.11759474944465,1.6598204558419,-0.492469376181928,0.0645141976593869
75.8,1.26077534254354,-0.195414394835081,1.11760477391384,1.65984178524369,-0.492482125896492,0.0645188562975028
75.9,1.26078493085164,-0.195412627068212,1.11761477247653,1.6598630596168,-0.492494842979025,0.0645235028977672
76,1.26079449434262,-0.195410863859806,1.117624745233,1.65988427917392,-0.492507527554643,0.064528137506778
76.1,1.26080403311272,-0.195409105192254,1.11763469228304,1.65990544412666,-0.492520179747824,0.0645327601708934
76.2,1.26081354725767,-0.195407351048036,1.11764461372592,1.65992655468553,-0.492532799682409,0.0645373709362331
76.3,1.26082303687271,-0.195405601409725,1.11765450966039,1.65994761105995,-0.49254538748161,0.0645419698486792
76.4,1.26083250205256,-0.195403856259981,1.11766438018469,1.65996861345828,-0.492557943268011,0.0645465569538787
76.5,1.2608419428915,-0.195402115581554,1.11767422539658,1.65998956208782,-0.492570467163575,0.0645511322972438
76.6,1.2608513594833,-0.195400379357281,1.11768503008707,1.66001045715478,-0.492582959289646,0.064555695923955
76.7,1.26086075192125,-0.195398647570089,1.1176964169151,1.66003129886434,-0.492595419766952,0.064560247878961
76.8,1.26087012029816,-0.195396920202989,1.11770777470498,1.66005208742063,-0.49260784871561,0.0645647882069812
76.9,1.26087946470637,-0.195395197239081,1.11771910356767,1.66007282302675,-0.492620246255131,0.0645693169525068
77,1.26088878523775,-0.195393478661552,1.11773040361352,1.66009350588474,-0.492632612504423,0.0645738341598024
77.1,1.2608980819837,-0.19539176445367,1.11774167495235,1.66011413619564,-0.492644947581794,0.0645783398729069
77.2,1.26090735503515,-0.195390054598793,1.11775291769342,1.66013471415945,-0.492657251604956,0.0645828341356358
77.3,1.26091660448257,-0.195388349080361,1.11776413194542,1.66015523997516,-0.492669524691029,0.0645873169915822
77.4,1.26092583041597,-0.195386647881897,1.1177753178165,1.66017571384077,-0.492681766956545,0.0645917884841179
77.5,1.2609350329249,-0.19538495098701,1.11778647541428,1.66019613595326,-0.492693978517453,0.0645962486563953
77.6,1.26094421209847,-0.19538325837939,1.11779760484579,1.66021650650862,-0.492706159489118,0.0646006975513484
77.7,1.26095336802531,-0.195381570042809,1.11780870621758,1.66023682570185,-0.492718309986331,0.0646051352116946
77.8,1.26096250079363,-0.195379885961122,1.11781977963561,1.66025709372698,-0.492730430123308,0.0646095616799359
77.9,1.26097161049117,-0.195378206118265,1.11783082520534,1.66027731077705,-0.492742520013694,0.0646139769983595
78,1.26098069720526,-0.195376530498254,1.1178418430317,1.66029747704413,-0.49275457977057,0.0646183812090408
78.1,1.26098976102276,-0.195374859085185,1.11785283321907,1.66031759271934,-0.49276660950645,0.0646227743538431
78.2,1.2609988020301,-0.195373191863236,1.11786379587133,1.66033765799282,-0.492778609333293,0.0646271564744197
78.3,1.26100782031328,-0.195371528816663,1.11787473109182,1.66035767305379,-0.4927905793625,0.0646315276122154
78.4,1.26101681595787,-0.195369869929798,1.11788563898339,1.66037763809049,-0.492802519704919,0.0646358878084671
78.5,1.261025789049,-0.195368215187057,1.11789651964835,1.66039755329024,-0.492814430470849,0.0646402371042059
78.6,1.2610347396714,-0.195366564572929,1.11790737318852,1.66041741883942,-0.492826311770045,0.0646445755402578
78.7,1.26104366790933,-0.195364918071982,1.1179181997052,1.66043723492348,-0.492838163711717,0.064648903157245
78.8,1.26105257384668,-0.19536327566886,1.11792899929919,1.66045700172696,-0.492849986404537,0.064653219995588
78.9,1.26106145756689,-0.195361637348285,1.11793977207079,1.66047671943347,-0.492861779956643,0.0646575260955052
79,1.26107031915299,-0.195360003095054,1.1179505181198,1.66049638822572,-0.492873544475639,0.0646618214970162
79.1,1.2610791586876,-0.195358372894039,1.11796123754553,1.66051600828549,-0.4928852800686,0.064666106239941
79.2,1.26108797625293,-0.195356746730187,1.1179719304468,1.66053557979369,-0.492896986842074,0.0646703803639033
79.3,1.26109677193079,-0.195355124588519,1.11798259692193,1.66055510293032,-0.492908664902089,0.0646746439083298
79.4,1.26110554580255,-0.195353506454132,1.11799323706877,1.6605745778745,-0.492920314354152,0.0646788969124523
79.5,1.26111429794922,-0.195351892312195,1.11800385098467,1.66059400480445,-0.492931935303253,0.0646831394153095
79.6,1.26112302845139,-0.19535028214795,1.11801443876653,1.66061338389753,-0.492943527853871,0.0646873714557467
79.7,1.26113173738924,-0.195348675946712,1.11802500051073,1.66063271533022,-0.492955092109972,0.0646915930724187
79.8,1.26114042484259,-0.195347073693868,1.11803553631321,1.66065199927814,-0.492966628175019,0.0646958043037896
79.9,1.26114909089082,-0.195345475374877,1.11804604626944,1.66067123591604,-0.492978136151969,0.0647000051881345
80,1.26115773561296,-0.19534388097527,1.11805653047439,1.6606904254178,-0.492989616143277,0.0647041957635407
80.1,1.26116635908763,-0.195342290480646,1.11806698902261,1.66070956795649,-0.493001068250902,0.0647083760679089
80.2,1.26117496139306,-0.195340703876679,1.11807742200815,1.66072866370429,-0.493012492576309,0.064712546138954
80.3,1.26118354260712,-0.19533912114911,1.11808782952462,1.66074771283256,-0.493023889220469,0.0647167060142071
80.4,1.26119210280727,-0.195337542283748,1.11809821166517,1.66076671551183,-0.493035258283867,0.0647208557310151
80.5,1.26120064207062,-0.195335967266477,1.1181085685225,1.66078567191179,-0.4930465998665,0.0647249953265433
80.6,1.26120916047387,-0.195334396083242,1.11811890018885,1.66080458220129,-0.493057914067884,0.0647291248377758
80.7,1.26121765809338,-0.195332828720064,1.11812920675601,1.6608234465484,-0.493069200987054,0.0647332443015166
80.8,1.26122613500511,-0.195331265163026,1.11813948831534,1.66084226512033,-0.493080460722567,0.0647373537543911
80.9,1.26123459128466,-0.195329705398282,1.11814974495774,1.6608610380835,-0.493091693372509,0.0647414532328468
81,1.26124302700728,-0.195328149412051,1.11815997677369,1.66087976560353,-0.493102899034491,0.0647455427731543
81.1,1.26125144224783,-0.19532659719062,1.11817018385322,1.66089844784524,-0.493114077805658,0.0647496224114085
81.2,1.26125983708081,-0.195325048720342,1.11818036628591,1.66091708497262,-0.493125229782689,0.0647536921835302
81.3,1.26126821158037,-0.195323503987635,1.11819052416093,1.66093567714892,-0.493136355061799,0.0647577521252661
81.4,1.2612765658203,-0.195321962978984,1.11820065756703,1.66095422453657,-0.493147453738745,0.0647618022721911
81.5,1.26128489987403,-0.195320425680939,1.1182107665925,1.66097272729722,-0.493158525908823,0.0647658426597079
81.6,1.26129321381462,-0.195318892080111,1.11822085132522,1.66099118559175,-0.493169571666879,0.0647698733230491
81.7,1.26130150771481,-0.195317362163182,1.11823091185267,1.66100959958028,-0.493180591107303,0.0647738942972782
81.8,1.26130978164697,-0.195315835916892,1.11824094826187,1.66102796942214,-0.493191584324039,0.0647779056172896
81.9,1.26131803568312,-0.195314313328047,1.11825096063946,1.66104629527591,-0.493202551410581,0.0647819073178114
82,1.26132626989494,-0.195312794383516,1.11826094907165,1.6610645772994,-0.493213492459983,0.0647858994334043
82.1,1.26133448435376,-0.195311279070232,1.11827091364423,1.66108281564967,-0.493224407564855,0.0647898819984644
82.2,1.26134267913058,-0.195309767375187,1.11828085444259,1.66110101048306,-0.493235296817368,0.0647938550472229
82.3,1.26135085429605,-0.195308259285439,1.11829077155171,1.66111916195511,-0.493246160309259,0.0647978186137477
82.4,1.26135900992049,-0.195306754788104,1.11830066505618,1.66113727022065,-0.49325699813183,0.0648017727319447
82.5,1.26136714607388,-0.195305253870363,1.11831053504016,1.66115533543379,-0.493267810375953,0.0648057174355578
82.6,1.26137526282585,-0.195303756519454,1.11832038158744,1.66117335774788,-0.49327859713207,0.0648096527581706
82.7,1.26138336024573,-0.19530226272268,1.11833020478139,1.66119133731556,-0.4932893584902,0.0648135787332074
82.8,1.2613914384025,-0.1953007724674,1.11834000470499,1.66120927428872,-0.493300094539935,0.0648174953939335
82.9,1.26139949736482,-0.195299285741036,1.11834978144084,1.66122716881857,-0.493310805370449,0.064821402773457
83,1.26140753720101,-0.195297802531067,1.11835953507114,1.66124502105557,-0.493321491070496,0.0648253009047286
83.1,1.26141555797909,-0.195296322825033,1.11836926567769,1.6612628311495,-0.493332151728415,0.0648291898205438
83.2,1.26142355976673,-0.195294846610532,1.11837897334192,1.6612805992494,-0.49334278743213,0.0648330695535432
83.3,1.26143154263131,-0.19529337387522,1.11838865814489,1.66129832550364,-0.493353398269156,0.0648369401362132
83.4,1.26143950663987,-0.195291904606813,1.11839832016724,1.66131601005988,-0.493363984326598,0.0648408016008871
83.5,1.26144745185914,-0.195290438793083,1.11840795948926,1.66133365306508,-0.493374545691154,0.0648446539797461
83.6,1.26145537835553,-0.19528897642186,1.11841757619085,1.66135125466552,-0.493385082449119,0.0648484973048204
83.7,1.26146328619514,-0.195287517481031,1.11842717035156,1.66136881500677,-0.493395594686386,0.0648523316079894
83.8,1.26147117544378,-0.195286061958539,1.11843674205053,1.66138633423376,-0.49340608248845,0.0648561569209834
83.9,1.26147904616692,-0.195284609842385,1.11844629136655,1.66140381249071,-0.493416545940408,0.064859973275384
84,1.26148689842974,-0.195283161120626,1.11845581837805,1.66142124992117,-0.49342698512696,0.0648637807026246
84.1,1.2614947322971,-0.195281715781372,1.11846532316308,1.66143864666804,-0.493437400132418,0.0648675792339923
84.2,1.26150254783358,-0.195280273812793,1.11847480579933,1.66145600287352,-0.493447791040701,0.0648713689006278
84.3,1.26151034510344,-0.19527883520311,1.11848426636413,1.66147331867918,-0.493458157935341,0.0648751497335268
84.4,1.26151812417064,-0.195277399940601,1.11849370493445,1.66149059422592,-0.493468500899484,0.0648789217635408
84.5,1.26152588509886,-0.195275968013598,1.1185031215869,1.66150782965397,-0.493478820015893,0.0648826850213775
84.6,1.26153362795145,-0.195274539410487,1.11851251639774,1.66152502510295,-0.49348911536695,0.0648864395376019
84.7,1.26154135279151,-0.195273114119708,1.11852188944287,1.66154218071178,-0.493499387034657,0.0648901853426375
84.8,1.2615490596818,-0.195271692129755,1.11853124079784,1.66155929661878,-0.493509635100641,0.0648939224667665
84.9,1.26155674868482,-0.195270273429174,1.11854057053786,1.66157637296161,-0.493519859646151,0.0648976509401313
85,1.26156441986277,-0.195268858006565,1.11854987873777,1.6615934098773,-0.493530060752068,0.0649013707927343
85.1,1.26157207327757,-0.19526744585058,1.1185591654721,1.66161040750224,-0.493540238498899,0.0649050820544399
85.2,1.26157970899083,-0.195266036949924,1.11856843081501,1.66162736597221,-0.493550392966784,0.0649087847549742
85.3,1.26158732706391,-0.195264631293354,1.11857767484033,1.66164428542234,-0.493560524235497,0.0649124789239268
85.4,1.26159492755786,-0.195263228869678,1.11858689762153,1.66166219538286,-0.493570632384448,0.0649161645907508
85.5,1.26160251053345,-0.195261829667755,1.11859609923178,1.66168013659496,-0.493580717492684,0.064919841784764
85.6,1.26161007605119,-0.195260433676497,1.11860527974387,1.66169803668095,-0.493590779638894,0.0649235105351495
85.7,1.26161762417129,-0.195259040884865,1.11861443923031,1.66171589578209,-0.493600818901407,0.0649271708709565
85.8,1.2616251549537,-0.195257651281872,1.11862357776322,1.66173371403896,-0.493610835358197,0.0649308228211013
85.9,1.26163266845809,-0.19525626485658,1.11863269541443,1.66175149159154,-0.493620829086885,0.0649344664143676
86,1.26164016474384,-0.195254881598101,1.11864179225544,1.66176922857914,-0.493630800164738,0.0649381016794077
86.1,1.26164764387008,-0.195253501495598,1.1186508683574,1.66178692514045,-0.493640748668676,0.0649417286447428
86.2,1.26165510589566,-0.195252124538283,1.11865992379116,1.66180458141354,-0.49365067467527,0.0649453473387645
86.3,1.26166255087916,-0.195250750715416,1.11866895862724,1.66182219753582,-0.493660578260742,0.0649489577897345
86.4,1.26166997887891,-0.195249380016306,1.11867797293583,1.6618397736441,-0.493670459500976,0.0649525600257864
86.5,1.26167738995294,-0.195248012430312,1.11868696678681,1.66185730987455,-0.493680318471509,0.0649561540749256
86.6,1.26168478415905,-0.19524664794684,1.11869594024975,1.66187480636276,-0.493690155247541,0.0649597399650303
86.7,1.26169216155475,-0.195245286555344,1.11870489339389,1.66189226324366,-0.49369996990393,0.0649633177238524
86.8,1.26169952219732,-0.195243928245326,1.11871382628817,1.6619096806516,-0.493709762515203,0.0649668873790183
86.9,1.26170686614374,-0.195242573006337,1.11872273900122,1.66192705872032,-0.493719533155548,0.064970448958029
87,1.26171419345077,-0.195241220827972,1.11873163160133,1.66194439758294,-0.493729281898824,0.0649740024882613
87.1,1.26172150417489,-0.195239871699876,1.11874050415653,1.66196169737199,-0.493739008818556,0.0649775479969685
87.2,1.26172879837233,-0.19523852561174,1.1187493567345,1.66197895821941,-0.493748713987942,0.0649810855112812
87.3,1.26173607609908,-0.195237182553298,1.11875818940265,1.66199618025654,-0.493758397479854,0.0649846150582073
87.4,1.26174333741084,-0.195235842514336,1.11876700222806,1.66201336361412,-0.493768059366837,0.0649881366646335
87.5,1.2617505823631,-0.195234505484681,1.11877579527752,1.66203050842234,-0.493777699721114,0.0649916503573256
87.6,1.26175781101109,-0.195233171454208,1.11878456861754,1.66204761481075,-0.493787318614585,0.0649951561629292
87.7,1.26176502340977,-0.195231840412837,1.11879332231429,1.66206468290837,-0.493796916118831,0.0649986541079706
87.8,1.26177221961388,-0.195230512350533,1.11880205643368,1.66208171284361,-0.493806492305116,0.0650021442188569
87.9,1.2617793996779,-0.195229187257306,1.1188107710413,1.66209870474434,-0.493816047244386,0.0650056265218775
88,1.26178656365607,-0.195227865123209,1.11881946620248,1.66211565873782,-0.493825581007274,0.065009101043204
88.1,1.26179371160238,-0.195226545938342,1.11882814198223,1.66213257495077,-0.493835093664099,0.0650125678088912
88.2,1.26180084357059,-0.195225229692849,1.11883679844527,1.66214945350934,-0.493844585284871,0.0650160268448777
88.3,1.26180795961422,-0.195223916376914,1.11884543565606,1.66216629453911,-0.493854055939288,0.0650194781769867
88.4,1.26181505978654,-0.195222605980771,1.11885405367874,1.66218309816511,-0.493863505696743,0.0650229218309266
88.5,1.26182214414059,-0.195221298494691,1.11886265257718,1.66219986451183,-0.493872934626322,0.0650263578322911
88.6,1.26182921272918,-0.195219993908992,1.11887123241498,1.66221659370317,-0.493882342796805,0.0650297862065606
88.7,1.26183626560486,-0.195218692214034,1.11887979325543,1.66223328586252,-0.493891730276674,0.0650332069791024
88.8,1.26184330281998,-0.19521739340022,1.11888833516157,1.6622499411127,-0.493901097134105,0.0650366201751715
88.9,1.26185032442664,-0.195216097457993,1.11889685819614,1.66226655957599,-0.493910443436978,0.0650400258199113
89,1.26185733047671,-0.195214804377843,1.11890536242162,1.66228314137416,-0.493919769252876,0.0650434239383537
89.1,1.26186432102183,-0.195213514150297,1.11891384790018,1.66229968662839,-0.493929074649082,0.0650468145554203
89.2,1.26187129611342,-0.195212226765928,1.11892231469377,1.66231619545938,-0.49393835969259,0.0650501976959228
89.3,1.26187825580266,-0.195210942215347,1.11893076286402,1.66233266798726,-0.493947624450098,0.0650535733845634
89.4,1.26188520014051,-0.195209660489207,1.11893919247231,1.66234910433166,-0.493956868988012,0.065056941645936
89.5,1.26189212917772,-0.195208381578205,1.11894760357976,1.66236550461165,-0.493966093372452,0.0650603025045261
89.6,1.26189904296478,-0.195207105473075,1.1189559962472,1.66238186894583,-0.493975297669246,0.0650636559847118
89.7,1.261905941552,-0.195205832164593,1.1189643705352,1.66239819745222,-0.49398448194394,0.065067002110764
89.8,1.26191282498944,-0.195204561643577,1.11897272650407,1.66241449024838,-0.493993646261791,0.0650703409068476
89.9,1.26191969332695,-0.195203293900883,1.11898106421387,1.66243074745132,-0.494002790687776,0.0650736723970217
90,1.26192654661417,-0.195202028927407,1.11898938372437,1.66244696917755,-0.494011915286588,0.0650769966052401
90.1,1.26193338490051,-0.195200766714087,1.11899768509509,1.66246315554308,-0.49402102012264,0.0650803135553522
90.2,1.26194020823517,-0.195199507251897,1.1190059683853,1.6624793066634,-0.494030105260068,0.065083623271103
90.3,1.26194701666712,-0.195198250531855,1.11901423365401,1.6624954226535,-0.494039170762729,0.0650869257761343
90.4,1.26195381024515,-0.195196996545012,1.11902248095995,1.66251150362788,-0.494048216694205,0.0650902210939851
90.5,1.26196058901781,-0.195195745282464,1.11903071036163,1.66252754970054,-0.494057243117804,0.0650935092480918
90.6,1.26196735303344,-0.195194496735341,1.11903892191729,1.66254356098499,-0.49406625009656,0.0650967902617891
90.7,1.26197410234018,-0.195193250894814,1.11904711568491,1.66255953759422,-0.494075237693239,0.0651000641583105
90.8,1.26198083698596,-0.195192007752092,1.11905529172223,1.66257547964078,-0.494084205970332,0.0651033309607889
90.9,1.26198755701849,-0.19519076729842,1.11906345008673,1.66259138723669,-0.494093154990066,0.0651065906922569
91,1.26199426248529,-0.195189529525085,1.11907159083566,1.66260726049351,-0.4941020848144,0.0651098433756476
91.1,1.26200095343366,-0.195188294423407,1.11907971402601,1.6626230995223,-0.494110995505027,0.0651130890337949
91.2,1.26200762991071,-0.195187061984745,1.11908781971453,1.66263890443367,-0.494119887123374,0.0651163276894342
91.3,1.26201429196332,-0.195185832200498,1.1190959079577,1.66265467533773,-0.49412875973061,0.0651195593652034
91.4,1.2620209396382,-0.195184605062098,1.11910397881181,1.66267041234412,-0.494137613387638,0.065122784083642
91.5,1.26202757298184,-0.195183380561015,1.11911203233285,1.66268611556201,-0.494146448155105,0.0651260018671932
91.6,1.26203419204054,-0.195182158688757,1.11912006857662,1.66270178510012,-0.494155264093396,0.0651292127382037
91.7,1.26204079686038,-0.195180939436869,1.11912808759865,1.66271742106668,-0.494164061262641,0.0651324167189241
91.8,1.26204738748726,-0.195179722796928,1.11913608945423,1.66273302356947,-0.494172839722715,0.06513561383151
91.9,1.2620539639669,-0.195178508760551,1.11914407419843,1.66274859271579,-0.494181599533236,0.0651388040980214
92,1.26206052634477,-0.19517729731939,1.11915204188608,1.66276412861252,-0.494190340753571,0.0651419875404248
92.1,1.26206707466621,-0.195176088465132,1.11915999257178,1.66277963136604,-0.494199063442834,0.0651451641805922
92.2,1.26207360897631,-0.1951748821895,1.11916792630989,1.66279510108231,-0.49420776765989,0.0651483340403022
92.3,1.26208012932,-0.195173678484252,1.11917584315453,1.66281053786681,-0.494216453463354,0.0651514971412411
92.4,1.26208663574202,-0.195172477341182,1.11918374315961,1.66282594182461,-0.494225120911594,0.0651546535050023
92.5,1.2620931282869,-0.195171278752116,1.1191916263788,1.6628413130603,-0.494233770062731,0.0651578031530876
92.6,1.26209960699899,-0.195170082708918,1.11919949286554,1.66285665167803,-0.494242400974641,0.065160946106907
92.7,1.26210607192244,-0.195168889203485,1.11920734267304,1.66287195778152,-0.494251013704955,0.0651640823877801
92.8,1.26211252310124,-0.195167698227749,1.11921517585431,1.66288723147405,-0.494259608311064,0.0651672120169357
92.9,1.26211896057917,-0.195166509773675,1.1192229924621,1.66290247285846,-0.494268184850116,0.065170335015513
93,1.26212538439983,-0.195165323833265,1.11923079254896,1.66291768203715,-0.49427674337902,0.0651734514045613
93.1,1.26213179460664,-0.19516414039855,1.11923857616721,1.66293285911209,-0.494285283954444,0.0651765612050411
93.2,1.26213819124282,-0.195162959461598,1.11924634336895,1.66294800418483,-0.494293806632821,0.0651796644378244
93.3,1.26214457435142,-0.19516178101451,1.11925409420606,1.66296311735648,-0.494302311470347,0.0651827611236952
93.4,1.26215094397532,-0.19516060504942,1.11926182873022,1.66297819872773,-0.494310798522983,0.0651858512833496
93.5,1.26215730015719,-0.195159431558495,1.11926954699285,1.66299324839885,-0.494319267846455,0.0651889349373969
93.6,1.26216364293955,-0.195158260533935,1.1192772490452,1.66300826646967,-0.494327719496258,0.0651920121063595
93.7,1.26216997236471,-0.195157091967973,1.11928493493828,1.66302325303963,-0.494336153527656,0.0651950828106736
93.8,1.26217628847484,-0.195155925852873,1.11929260472288,1.66303820820773,-0.494344569995681,0.0651981470706897
93.9,1.26218259131189,-0.195154762180934,1.1193002584496,1.66305313207257,-0.494352968955137,0.0652012049066729
94,1.26218888091768,-0.195153600944486,1.11930789616882,1.66306802473233,-0.494361350460601,0.0652042563388035
94.1,1.2621951573338,-0.19515244213589,1.1193155179307,1.66308288628479,-0.494369714566421,0.0652073013871773
94.2,1.26220142060172,-0.195151285747541,1.11932312378519,1.6630977168273,-0.494378061326723,0.0652103400718061
94.3,1.26220767076271,-0.195150131771864,1.11933071378205,1.66311251645682,-0.494386390795406,0.0652133724126182
94.4,1.26221390785785,-0.195148980201316,1.11933828797082,1.66312728526992,-0.494394703026147,0.0652163984294585
94.5,1.26222013192809,-0.195147831028387,1.11934584640083,1.66314202336273,-0.494402998072401,0.06521941814209
94.6,1.26222634301418,-0.195146684245596,1.11935338912121,1.66315673083102,-0.494411275987402,0.0652224315701923
94.7,1.26223254115671,-0.195145539845494,1.11936091618089,1.66317140777014,-0.494419536824165,0.0652254387333641
94.8,1.26223872639609,-0.195144397820662,1.1193684276286,1.66318605427505,-0.494427780635486,0.0652284396511222
94.9,1.26224489877257,-0.195143258163715,1.11937592351284,1.66320067044031,-0.494436007473943,0.0652314343429027
95,1.26225105832624,-0.195142120867294,1.11938340388195,1.66321525636011,-0.494444217391899,0.065234422828061
95.1,1.26225720509702,-0.195140985924073,1.11939086878404,1.66322981212822,-0.4944524104415,0.0652374051258722
95.2,1.26226333912466,-0.195139853326758,1.11939831826704,1.66324433783805,-0.494460586674681,0.0652403812555322
95.3,1.26226946044873,-0.195138723068081,1.11940575237867,1.6632588335826,-0.49446874614316,0.0652433512361567
95.4,1.26227556910867,-0.195137595140806,1.11941317116645,1.66327329945452,-0.494476888898447,0.0652463150867833
95.5,1.26228166514374,-0.195136469537729,1.11942057467773,1.66328773554604,-0.494485014991839,0.0652492728263709
95.6,1.26228774859303,-0.195135346251672,1.11942796295962,1.66330214194903,-0.494493124474424,0.0652522244737998
95.7,1.26229381949548,-0.195134225275488,1.11943533605909,1.663316518755,-0.49450121739708,0.0652551700478735
95.8,1.26229987788987,-0.19513310660206,1.11944269402287,1.66333086605504,-0.49450929381048,0.0652581095673172
95.9,1.26230592381481,-0.1951319902243,1.11945003689753,1.66334518393991,-0.494517353765088,0.0652610430507802
96,1.26231195730876,-0.195130876135148,1.11945736472944,1.66335947249997,-0.494525397311164,0.0652639705168343
96.1,1.26231797841001,-0.195129764327573,1.11946467756477,1.66337373182523,-0.494533424498764,0.065266891983976
96.2,1.26232398715672,-0.195128654794576,1.11947197544951,1.66338796200531,-0.494541435377738,0.0652698074706256
96.3,1.26232998358686,-0.195127547529182,1.11947925842946,1.66340216312949,-0.494549429997737,0.0652727169951282
96.4,1.26233596773828,-0.195126442524446,1.11948652655025,1.66341633528667,-0.494557408408208,0.0652756205757541
96.5,1.26234193964863,-0.195125339773453,1.11949377985729,1.66343047856538,-0.4945653706584,0.0652785182306987
96.6,1.26234789935546,-0.195124239269316,1.11950101839582,1.66344459305382,-0.49457331679736,0.0652814099780834
96.7,1.26235384689611,-0.195123141005173,1.11950824221092,1.66345867883979,-0.494581246873939,0.0652842958359558
96.8,1.26235978230782,-0.195122044974193,1.11951545134746,1.66347273601076,-0.49458916093679,0.06528717582229
96.9,1.26236570562764,-0.195120951169571,1.11952264585012,1.66348676465384,-0.49459705903437,0.0652900499549872
97,1.26237161689249,-0.195119859584531,1.11952982576343,1.66350076485579,-0.494604941214939,0.0652929182518757
97.1,1.26237751613913,-0.195118770212324,1.11953699113171,1.66351473670301,-0.494612807526565,0.0652957807307114
97.2,1.26238340340417,-0.195117683046228,1.11954414199912,1.66352868028156,-0.494620658017122,0.0652986374091787
97.3,1.26238927872409,-0.195116598079547,1.11955127840963,1.66354259567714,-0.49462849273429,0.0653014883048897
97.4,1.26239514213519,-0.195115515305615,1.11955840040705,1.66355648297512,-0.494636311725561,0.0653043334353859
97.5,1.26240099367366,-0.195114434717791,1.11956550803498,1.6635703422605,-0.494644115038232,0.0653071728181376
97.6,1.26240683337551,-0.195113356309461,1.11957260133688,1.66358417361798,-0.494651902719414,0.0653100064705449
97.7,1.26241266127662,-0.195112280074038,1.11957968035601,1.66359797713187,-0.494659674816029,0.0653128344099371
97.8,1.26241847741273,-0.195111206004961,1.11958674513548,1.66361175288617,-0.49466743137481,0.0653156566535744
97.9,1.26242428181943,-0.195110134095696,1.11959379571819,1.66362550096454,-0.494675172442305,0.0653184732186471
98,1.26243007453216,-0.195109064339733,1.11960083214691,1.6636392214503,-0.494682898064874,0.0653212841222765
98.1,1.26243585558623,-0.195107996730593,1.1196078544642,1.66365291442643,-0.494690608288695,0.0653240893815153
98.2,1.26244162501679,-0.195106931261819,1.11961486271248,1.66366657997559,-0.49469830315976,0.0653268890133476
98.3,1.26244738285888,-0.195105867926979,1.11962185693399,1.6636802181801,-0.494705982723878,0.0653296830346895
98.4,1.26245312914736,-0.195104806719671,1.1196288371708,1.66369382912196,-0.494713647026678,0.0653324714623893
98.5,1.26245886391698,-0.195103747633516,1.1196358034648,1.66370741288282,-0.494721296113607,0.065335254313228
98.6,1.26246458720235,-0.195102690662159,1.11964275585773,1.66372096954404,-0.494728930029929,0.0653380316039194
98.7,1.26247029903791,-0.195101635799274,1.11964969439115,1.66373449918663,-0.494736548820732,0.0653408033511109
98.8,1.262475999458,-0.195100583038557,1.11965661910648,1.66374800189128,-0.494744152530925,0.065343569571383
98.9,1.26248168849681,-0.19509953237373,1.11966353004494,1.66376147773837,-0.494751741205238,0.0653463302812507
99,1.26248736618838,-0.195098483798542,1.11967042724761,1.66377492680794,-0.494759314888226,0.0653490854971628
99.1,1.26249303256664,-0.195097437306764,1.1196773107554,1.66378834917974,-0.494766873624266,0.065351835235503
99.2,1.26249868766536,-0.195096392892193,1.11968418060905,1.66380174493318,-0.494774417457561,0.0653545795125897
99.3,1.26250433151818,-0.195095350548651,1.11969103684916,1.66381511414737,-0.494781946432142,0.0653573183446769
99.4,1.26250996415863,-0.195094310269984,1.11969787951615,1.66382845690109,-0.494789460591863,0.0653600517479536
99.5,1.26251558562008,-0.195093272050061,1.11970470865028,1.66384177327284,-0.494796959980408,0.0653627797385454
99.6,1.26252119593577,-0.195092235882778,1.11971152429166,1.66385506334077,-0.494804444641289,0.0653655023325134
99.7,1.26252679513883,-0.195091201762053,1.11971832648025,1.66386832718275,-0.494811914617846,0.0653682195458555
99.8,1.26253238326224,-0.195090169681829,1.11972511525582,1.66388156487633,-0.494819369953252,0.0653709313945066
99.9,1.26253796033885,-0.195089139636073,1.11973189065802,1.66389477649877,-0.494826810690509,0.0653736378943387
100,1.26254352640139,-0.195088111618774,1.11973865272632,1.663907962127,-0.494834236872449,0.0653763390611608
100.1,1.26254908148244,-0.195087085623948,1.11974540150004,1.66392112183767,-0.494841648541741,0.0653790349107203
100.2,1.26255462561449,-0.195086061645631,1.11975213701836,1.66393425570712,-0.494849045740883,0.0653817254587024
100.3,1.26256015882986,-0.195085039677884,1.11975885932028,1.66394736381139,-0.49485642851221,0.0653844107207303
100.4,1.26256568116077,-0.195084019714791,1.11976556844467,1.66396044622623,-0.494863796897891,0.0653870907123666
100.5,1.2625711926393,-0.19508300175046,1.11977226443024,1.66397350302708,-0.494871150939931,0.0653897654491122
100.6,1.26257669329741,-0.195081985779022,1.11977894731555,1.66398653428909,-0.494878490680171,0.0653924349464077
100.7,1.26258218316694,-0.19508097179463,1.119785617139,1.66399954008713,-0.494885816160291,0.065395099219633
100.8,1.26258766227959,-0.19507995979146,1.11979227393885,1.66401252049575,-0.494893127421808,0.0653977582841081
100.9,1.26259313066695,-0.19507894976371,1.11979891775321,1.66402547558923,-0.494900424506078,0.0654004121550929
101,1.26259858836049,-0.195077941705604,1.11980554862004,1.66403840544157,-0.494907707454298,0.0654030608477881
101.1,1.26260403539153,-0.195076935611384,1.11981216657715,1.66405131012644,-0.494914976307502,0.0654057043773346
101.2,1.26260947179129,-0.195075931475319,1.1198187716622,1.66406418971728,-0.494922231106571,0.0654083427588151
101.3,1.26261489759087,-0.195074929291695,1.11982536391271,1.6640770442872,-0.494929471892223,0.0654109760072528
101.4,1.26262031282125,-0.195073929054825,1.11983194336606,1.66408987390904,-0.494936698705021,0.0654136041376129
101.5,1.26262571751327,-0.195072930759042,1.11983851005947,1.66410267865536,-0.494943911585372,0.0654162271648026
101.6,1.26263111169766,-0.1950719343987,1.11984506403002,1.66411545859845,-0.494951110573527,0.065418845103671
101.7,1.26263649540505,-0.195070939968177,1.11985160531466,1.6641282138103,-0.494958295709581,0.0654214579690098
101.8,1.26264186866591,-0.195069947461871,1.11985813395018,1.66414094436262,-0.494965467033476,0.0654240657755534
101.9,1.26264723151064,-0.195068956874203,1.11986464997324,1.66415365032688,-0.494972624585,0.065426668537979
102,1.26265258396949,-0.195067968199615,1.11987115342035,1.66416633177422,-0.49497976840379,0.0654292662709075
102.1,1.26265792607259,-0.19506698143257,1.11987764432788,1.66417898877554,-0.494986898529328,0.0654318589889031
102.2,1.26266325784998,-0.195065996567553,1.11988412273206,1.66419162140147,-0.494994015000948,0.0654344467064736
102.3,1.26266857933157,-0.19506501359907,1.11989058866899,1.66420422972234,-0.49500111785783,0.0654370294380712
102.4,1.26267389054714,-0.195064032521647,1.11989704217463,1.66421681380825,-0.495008207139009,0.0654396071980925
102.5,1.26267919152637,-0.195063053329834,1.11990348328478,1.66422937372899,-0.495015282883366,0.0654421800008787
102.6,1.26268448229884,-0.195062076018199,1.11990991203512,1.66424190955412,-0.495022345129636,0.0654447478607154
102.7,1.26268976289399,-0.195061100581332,1.1199163284612,1.66425442135289,-0.495029393916407,0.0654473107918342
102.8,1.26269503334115,-0.195060127013843,1.11992273259842,1.66426690919433,-0.495036429282119,0.0654498688084114
102.9,1.26270029366956,-0.195059155310365,1.11992912448206,1.66427937314717,-0.495043451265066,0.0654524219245694
103,1.26270554390832,-0.195058185465548,1.11993550414724,1.6642918132799,-0.495050459903396,0.0654549701543763
103.1,1.26271078408644,-0.195057217474066,1.11994187162898,1.66430422966073,-0.495057455235113,0.0654575135118467
103.2,1.2627160142328,-0.195056251330611,1.11994822696212,1.66431662235764,-0.495064437298076,0.0654600520109413
103.3,1.26272123437619,-0.195055287029895,1.11995457018142,1.66432899143831,-0.495071406130002,0.0654625856655677
103.4,1.26272644454528,-0.195054324566652,1.11996090132147,1.6643413369702,-0.495078361768463,0.0654651144895805
103.5,1.26273164476862,-0.195053363935634,1.11996722041675,1.66435365902048,-0.49508530425089,0.0654676384967816
103.6,1.26273683507467,-0.195052405131615,1.11997352750159,1.6643659576561,-0.495092233614574,0.06547015770092
103.7,1.26274201549176,-0.195051448149388,1.11997982261019,1.66437823294373,-0.495099149896662,0.0654726721156928
103.8,1.26274718604815,-0.195050492983765,1.11998610577665,1.66439048494978,-0.495106053134164,0.0654751817547451
103.9,1.26275234677194,-0.195049539629579,1.11999237703492,1.66440271374045,-0.495112943363949,0.0654776866316698
104,1.26275749769117,-0.195048588081681,1.1199986364188,1.66441491938164,-0.495119820622747,0.0654801867600084
104.1,1.26276263883374,-0.195047638334943,1.120004883962,1.66442710193903,-0.495126684947149,0.0654826821532516
104.2,1.26276777022747,-0.195046690384256,1.12001111969808,1.66443926147805,-0.495133536373612,0.0654851728248385
104.3,1.26277289190005,-0.19504574422453,1.12001734366049,1.66445139806387,-0.495140374938453,0.0654876587881575
104.4,1.26277800387909,-0.195044799850693,1.12002355588253,1.66446351176142,-0.495147200677853,0.0654901400565466
104.5,1.26278310619208,-0.195043857257696,1.12002975639739,1.66447560263539,-0.495154013627858,0.0654926166432932
104.6,1.26278819886641,-0.195042916440504,1.12003594523814,1.66448767075023,-0.49516081382438,0.0654950885616349
104.7,1.26279328192937,-0.195041977394105,1.12004212243772,1.66449971617014,-0.495167601303195,0.0654975558247592
104.8,1.26279835540814,-0.195041040113503,1.12004828802893,1.66451173895907,-0.495174376099947,0.0655000184458043
104.9,1.2628034193298,-0.195040104593724,1.12005444204447,1.66452373918075,-0.495181138250145,0.0655024764378586
105,1.26280847372132,-0.195039170829808,1.12006058451691,1.66453571689865,-0.495187887789167,0.0655049298139615
105.1,1.2628135186096,-0.195038238816819,1.1200667154787,1.66454767217602,-0.495194624752258,0.0655073785871037
105.2,1.2628185540214,-0.195037308549835,1.12007283496216,1.66455960507587,-0.495201349174534,0.0655098227702267
105.3,1.2628235799834,-0.195036380023955,1.1200789429995,1.66457151566096,-0.495208061090978,0.0655122623762241
105.4,1.26282859652218,-0.195035453234296,1.12008503962279,1.66458340399384,-0.495214760536445,0.065514697417941
105.5,1.26283360366421,-0.195034528175992,1.12009112486401,1.6645952701368,-0.495221447545657,0.0655171279081741
105.6,1.26283860143588,-0.195033604844195,1.120097198755,1.66460711415191,-0.495228122153212,0.0655195538596732
105.7,1.26284358986345,-0.195032683234079,1.12010326132748,1.66461893610102,-0.495234784393577,0.0655219752851395
105.8,1.26284856897312,-0.19503176334083,1.12010931261306,1.66463073604573,-0.495241434301092,0.0655243921972277
105.9,1.26285353879096,-0.195030845159657,1.12011535264324,1.66464251404742,-0.495248071909969,0.0655268046085449
106,1.26285849934296,-0.195029928685784,1.12012138144939,1.66465427016724,-0.495254697254296,0.0655292125316513
106.1,1.26286345065502,-0.195029013914453,1.12012739906275,1.66466600446612,-0.495261310368032,0.0655316159790608
106.2,1.26286839275291,-0.195028100840925,1.12013340551448,1.66467771700476,-0.495267911285013,0.0655340149632403
106.3,1.26287332566234,-0.195027189460477,1.12013940083561,1.66468940784363,-0.495274500038951,0.0655364094966108
106.4,1.26287824940892,-0.195026279768405,1.12014538505703,1.66470107704297,-0.49528107666343,0.065538799591547
106.5,1.26288316401814,-0.195025371760021,1.12015135820955,1.66471272466282,-0.495287641191915,0.065541185260378
106.6,1.26288806951542,-0.195024465430656,1.12015732032385,1.66472435076298,-0.495294193657746,0.0655435665153872
106.7,1.26289296592607,-0.195023560775656,1.1201632714305,1.66473595540304,-0.49530073409414,0.0655459433688126
106.8,1.26289785327532,-0.195022657790386,1.12016921155995,1.66474753864235,-0.495307262534192,0.0655483158328468
106.9,1.26290273158831,-0.195021756470228,1.12017514074256,1.66475910054007,-0.495313779010878,0.0655506839196378
107,1.26290760089006,-0.195020856810579,1.12018105900855,1.66477064115512,-0.495320283557051,0.0655530476412884
107.1,1.26291246120553,-0.195019958806856,1.12018696638804,1.66478216054622,-0.495326776205445,0.0655554070098572
107.2,1.26291731255956,-0.195019062454491,1.12019286291104,1.66479365877185,-0.495333256988673,0.065557762037358
107.3,1.26292215497692,-0.195018167748933,1.12019874860746,1.6648051358903,-0.49533972593923,0.065560112735761
107.4,1.26292698848228,-0.195017274685648,1.12020462350708,1.66481659195965,-0.495346183089494,0.0655624591169918
107.5,1.26293181310022,-0.195016383260118,1.12021048763959,1.66482802703773,-0.495352628471721,0.0655648011929326
107.6,1.26293662885523,-0.195015493467843,1.12021634103456,1.66483944118219,-0.495359062118053,0.065567138975422
107.7,1.2629414357717,-0.195014605304337,1.12022218372146,1.66485083445047,-0.495365484060514,0.0655694724762555
107.8,1.26294623387396,-0.195013718765133,1.12022801572963,1.66486220689979,-0.495371894331011,0.0655718017071848
107.9,1.26295102318621,-0.195012833845778,1.12023383708834,1.66487355858715,-0.495378292961336,0.0655741266799191
108,1.2629558037326,-0.195011950541839,1.12023964782671,1.66488488956937,-0.495384679983165,0.0655764474061246
108.1,1.26296057553716,-0.195011068848894,1.1202454479738,1.66489619990303,-0.495391055428059,0.0655787638974251
108.2,1.26296533862386,-0.195010188762541,1.12025123755853,1.66490748964454,-0.495397419327466,0.065581076165402
108.3,1.26297009301656,-0.195009310278392,1.12025701660972,1.66491875885008,-0.495403771712718,0.0655833842215945
108.4,1.26297483873904,-0.195008433392077,1.12026278515611,1.66493000757563,-0.495410112615037,0.0655856880774996
108.5,1.262979575815,-0.195007558099239,1.12026854322629,1.66494123587696,-0.495416442065529,0.0655879877445726
108.6,1.26298430426805,-0.19500668439554,1.12027429084879,1.66495244380966,-0.495422760095189,0.0655902832342273
108.7,1.26298902412171,-0.195005812276656,1.12028002805202,1.66496363142911,-0.4954290667349,0.0655925745578363
108.8,1.26299373539941,-0.195004941738278,1.12028575486428,1.66497479879046,-0.495435362015435,0.0655948617267301
108.9,1.26299843812452,-0.195004072776114,1.12029147131378,1.66498594594871,-0.495441645967454,0.0655971447521991
109,1.2630031323203,-0.195003205385887,1.12029717742861,1.66499707295862,-0.49544791862151,0.0655994236454924
109.1,1.26300781800993,-0.195002339563336,1.12030287323678,1.66500817987477,-0.495454180008042,0.0656016984178183
109.2,1.26301249521651,-0.195001475304213,1.12030855876619,1.66501926675155,-0.495460430157384,0.0656039690803447
109.3,1.26301716396306,-0.195000612604289,1.12031423404464,1.66503033364314,-0.495466669099758,0.0656062356441994
109.4,1.26302182427251,-0.194999751459348,1.12031989909982,1.66504138060353,-0.495472896865279,0.06560849812047
109.5,1.26302647616771,-0.194998891865189,1.12032555395934,1.66505240768651,-0.495479113483954,0.0656107565202037
109.6,1.26303111967143,-0.194998033817627,1.12033119865069,1.66506341494569,-0.495485318985684,0.0656130108544085
109.7,1.26303575480635,-0.194997177312493,1.12033683320128,1.66507440243448,-0.495491513400261,0.0656152611340525
109.8,1.26304038159507,-0.19499632234563,1.1203424576384,1.6650853702061,-0.495497696757372,0.0656175073700645
109.9,1.26304500006013,-0.194995468912898,1.12034807198927,1.66509631831356,-0.495503869086597,0.0656197495733339
110,1.26304961022396,-0.194994617010172,1.12035367628098,1.66510724680972,-0.495510030417413,0.0656219877547113
110.1,1.26305421210892,-0.194993766633341,1.12035927054055,1.66511815574721,-0.495516180779189,0.0656242219250081
110.2,1.26305880573729,-0.194992917778309,1.1203648547949,1.66512904517851,-0.495522320201191,0.0656264520949973
110.3,1.26306339113127,-0.194992070440995,1.12037042907083,1.66513991515587,-0.495528448712581,0.065628678275413
110.4,1.263067968313,-0.194991224617332,1.12037599339508,1.66515076573138,-0.495534566342418,0.0656309004769513
110.5,1.26307253730449,-0.194990380303267,1.12038154779427,1.66516159695695,-0.495540673119656,0.0656331187102697
110.6,1.26307709812773,-0.194989537494763,1.12038709229492,1.6651724088843,-0.495546769073149,0.0656353329859881
110.7,1.26308165080459,-0.194988696187797,1.12039262692348,1.66518320156494,-0.495552854231646,0.0656375433146884
110.8,1.26308619535688,-0.194987856378359,1.12039815170629,1.66519397505023,-0.495558928623797,0.0656397497069144
110.9,1.26309073180633,-0.194987018062455,1.12040366666959,1.66520472939134,-0.495564992278148,0.065641952173173
111,1.26309526017459,-0.194986181236103,1.12040917183955,1.66521546463924,-0.495571045223147,0.0656441507239333
111.1,1.26309978048324,-0.194985345895338,1.12041466724222,1.66522618084475,-0.495577087487139,0.0656463453696276
111.2,1.26310429275378,-0.194984512036207,1.12042015290359,1.66523687805847,-0.49558311909837,0.0656485361206507
111.3,1.26310879700761,-0.194983679654771,1.12042562884951,1.66524755633086,-0.495589140084989,0.0656507229873609
111.4,1.2631132932661,-0.194982848747106,1.12043109510579,1.66525821571218,-0.495595150475041,0.0656529059800797
111.5,1.26311778155051,-0.194982019309301,1.12043655169812,1.66526885625252,-0.495601150296477,0.0656550851090919
111.6,1.26312226188203,-0.19498119133746,1.12044199865211,1.66527947800179,-0.495607139577146,0.0656572603846461
111.7,1.26312673428179,-0.1949803648277,1.12044743599326,1.66529008100971,-0.495613118344802,0.0656594318169549
111.8,1.26313119877082,-0.194979539776151,1.120452863747,1.66530066532586,-0.495619086627101,0.0656615994161945
111.9,1.2631356553701,-0.194978716178957,1.12045828193868,1.66531123099961,-0.495625044451601,0.0656637631925051
112,1.26314010410052,-0.194977894032277,1.12046369059352,1.66532177808017,-0.495630991845765,0.0656659231559915
112.1,1.26314454498291,-0.194977073332282,1.12046908973671,1.66533230661658,-0.495636928836958,0.0656680793167228
112.2,1.26314897803802,-0.194976254075157,1.12047447939329,1.66534281665771,-0.495642855452452,0.0656702316847327
112.3,1.26315340328651,-0.1949754362571,1.12047985958825,1.66535330825225,-0.495648771719422,0.0656723802700197
112.4,1.263157820749,-0.194974619874323,1.12048523034649,1.66536378144872,-0.495654677664948,0.0656745250825469
112.5,1.26316223044601,-0.19497380492305,1.1204905916928,1.66537423629548,-0.495660573316017,0.0656766661322425
112.6,1.263166632398,-0.19497299139952,1.12049594365192,1.6653846728407,-0.49566645869952,0.0656788034290003
112.7,1.26317102662537,-0.194972179299985,1.12050128624847,1.6653950911324,-0.495672333842256,0.0656809369826791
112.8,1.26317541314842,-0.194971368620708,1.120506619507,1.66540549121843,-0.495678198770931,0.0656830668031032
112.9,1.26317979198739,-0.194970559357966,1.12051194345197,1.66541587314647,-0.495684053512156,0.0656851929000627
113,1.26318416316247,-0.194969751508052,1.12051725810775,1.66542623696404,-0.495689898092453,0.0656873152833135
113.1,1.26318852669375,-0.194968945067267,1.12052256349864,1.66543658271847,-0.495695732538249,0.065689433962577
113.2,1.26319288260127,-0.194968140031929,1.12052785964883,1.66544691045696,-0.495701556875881,0.0656915489475414
113.3,1.26319723090499,-0.194967336398367,1.12053314658246,1.66545722022652,-0.495707371131595,0.0656936602478606
113.4,1.2632015716248,-0.194966534162921,1.12053842432357,1.665467512074,-0.495713175331546,0.0656957678731554
113.5,1.26320590478052,-0.194965733321948,1.12054369289609,1.6654777860461,-0.495718969501796,0.0656978718330125
113.6,1.26321023039192,-0.194964933871814,1.12054895232391,1.66548804218935,-0.495724753668322,0.0656999721369857
113.7,1.26321454847866,-0.194964135808899,1.12055420263081,1.66549828055013,-0.495730527857008,0.0657020687945956
113.8,1.26321885906039,-0.194963339129595,1.12055944384051,1.66550850117462,-0.495736292093649,0.0657041618153297
113.9,1.26322316215663,-0.194962543830308,1.12056467597661,1.6655187041089,-0.495742046403951,0.0657062512086426
114,1.26322745778688,-0.194961749907455,1.12056989906267,1.66552888939884,-0.495747790813534,0.0657083369839563
114.1,1.26323174597054,-0.194960957357466,1.12057511312214,1.66553905709017,-0.495753525347927,0.06571041915066
114.2,1.26323602672696,-0.194960166176783,1.12058031817841,1.66554920722847,-0.495759250032572,0.0657124977181103
114.3,1.26324030007543,-0.19495937636186,1.12058551425478,1.66555933985916,-0.495764964892826,0.0657145726956321
114.4,1.26324456603516,-0.194958587909164,1.12059070137445,1.66556945502748,-0.495770669953955,0.0657166440925176
114.5,1.26324882462528,-0.194957800815173,1.12059587956058,1.66557955277855,-0.495776365241141,0.0657187119180268
114.6,1.26325307586489,-0.19495701507638,1.12060104883621,1.66558963315732,-0.49578205077948,0.0657207761813884
114.7,1.263257319773,-0.194956230689285,1.12060620922434,1.66559969620857,-0.495787726593982,0.0657228368917988
114.8,1.26326155636855,-0.194955447650406,1.12061136074785,1.66560974197695,-0.495793392709569,0.0657248940584232
114.9,1.26326578567043,-0.194954665956268,1.12061650342958,1.66561977050694,-0.495799049151082,0.0657269476903948
115,1.26327000769746,-0.19495388560341,1.12062163729226,1.66562978184287,-0.495804695943275,0.065728997796816
115.1,1.2632742224684,-0.194953106588385,1.12062676235856,1.66563977602893,-0.495810333110817,0.0657310443867575
115.2,1.26327843000192,-0.194952328907753,1.12063187865108,1.66564975310915,-0.495815960678294,0.0657330874692592
115.3,1.26328263031667,-0.194951552558089,1.12063698619231,1.66565971312741,-0.495821578670208,0.0657351270533298
115.4,1.26328682343119,-0.19495077753598,1.1206420850047,1.66566965612744,-0.495827187110978,0.0657371631479475
115.5,1.26329100936399,-0.194950003838023,1.12064717511061,1.66567958215282,-0.49583278602494,0.0657391957620596
115.6,1.26329518813351,-0.194949231460827,1.1206522565323,1.66568949124697,-0.495838375436347,0.0657412249045826
115.7,1.26329935975811,-0.194948460401014,1.120657329292,1.6656993834532,-0.495843955369371,0.0657432505844032
115.8,1.26330352425611,-0.194947690655216,1.12066239341182,1.66570925881462,-0.4958495258481,0.0657452728103774
115.9,1.26330768164574,-0.194946922220077,1.12066744891383,1.66571911737423,-0.495855086896541,0.0657472915913308
116,1.2633118319452,-0.194946155092252,1.12067249582,1.66572895917488,-0.495860638538622,0.0657493069360594
116.1,1.26331597517261,-0.194945389268408,1.12067753415223,1.66573878425927,-0.495866180798187,0.0657513188533289
116.2,1.26332011134602,-0.194944624745222,1.12068256393236,1.66574859266993,-0.495871713699002,0.0657533273518756
116.3,1.26332424048345,-0.194943861519385,1.12068758518215,1.6657583844493,-0.495877237264751,0.0657553324404058
116.4,1.26332836260282,-0.194943099587596,1.12069259792326,1.66576815963962,-0.495882751519039,0.0657573341275966
116.5,1.26333247772201,-0.194942338946568,1.12069760217733,1.66577791828303,-0.495888256485392,0.0657593324220953
116.6,1.26333658585883,-0.194941579593024,1.12070259796587,1.66578766042149,-0.495893752187256,0.0657613273325199
116.7,1.26334068703106,-0.194940821523696,1.12070758531036,1.66579738609686,-0.495899238647997,0.0657633188674599
116.8,1.26334478125637,-0.194940064735331,1.12071256423218,1.66580709535082,-0.495904715890905,0.0657653070354749
116.9,1.26334886855241,-0.194939309224684,1.12071753475265,1.66581678822494,-0.495910183939191,0.0657672918450963
117,1.26335294893675,-0.194938554988521,1.12072249689302,1.66582646476062,-0.495915642815987,0.0657692733048261
117.1,1.26335702242692,-0.194937802023622,1.12072745067447,1.66583612499914,-0.495921092544349,0.0657712514231379
117.2,1.26336108904035,-0.194937050326774,1.12073239611809,1.66584576898164,-0.495926533147254,0.0657732262084769
117.3,1.26336514879447,-0.194936299894777,1.12073733324492,1.66585539674913,-0.495931964647604,0.0657751976692595
117.4,1.2633692017066,-0.194935550724441,1.12074226207592,1.66586500834245,-0.495937387068223,0.0657771658138744
117.5,1.26337324779403,-0.194934802812587,1.12074718263199,1.66587460380234,-0.49594280043186,0.0657791306506813
117.6,1.26337728707399,-0.194934056156046,1.12075209493394,1.66588418316938,-0.495948204761186,0.0657810921880123
117.7,1.26338131956363,-0.194933310751662,1.12075699900253,1.66589374648402,-0.4959536000788,0.0657830504341716
117.8,1.26338534528007,-0.194932566596286,1.12076189485844,1.66590329378658,-0.495958986407221,0.0657850053974352
117.9,1.26338936424035,-0.194931823686783,1.12076678252228,1.66591282511724,-0.495964363768898,0.0657869570860517
118,1.26339337646147,-0.194931082020025,1.12077166201459,1.66592234051604,-0.495969732186201,0.0657889055082421
118.1,1.26339738196037,-0.194930341592897,1.12077653335586,1.66593184002291,-0.495975091681429,0.0657908506721997
118.2,1.26340138075393,-0.194929602402295,1.12078139656649,1.66594132367761,-0.495980442276804,0.0657927925860903
118.3,1.26340537285897,-0.194928864445122,1.12078625166681,1.6659507915198,-0.495985783994476,0.0657947312580529
118.4,1.26340935829225,-0.194928127718295,1.1207910986771,1.66596024358898,-0.495991116856521,0.0657966666961992
118.5,1.26341333707049,-0.194927392218739,1.12079593761757,1.66596967992455,-0.495996440884944,0.0657985989086133
118.6,1.26341730921035,-0.19492665794339,1.12080076850834,1.66597910056576,-0.496001756101673,0.0658005279033532
118.7,1.26342127472842,-0.194925924889193,1.12080559136949,1.66598850555173,-0.496007062528567,0.0658024536884496
118.8,1.26342523364125,-0.194925193053106,1.12081040622103,1.66599789492144,-0.496012360187411,0.0658043762719066
118.9,1.26342918596532,-0.194924462432095,1.12081521308288,1.66600726871377,-0.496017649099919,0.0658062956617016
119,1.26343313171708,-0.194923733023136,1.12082001197492,1.66601662696744,-0.496022929287732,0.0658082118657858
119.1,1.2634370709129,-0.194923004823215,1.12082480291695,1.66602596972106,-0.496028200772422,0.0658101248920839
119.2,1.26344100356911,-0.194922277829329,1.12082958592872,1.66603529701311,-0.496033463575488,0.0658120347484942
119.3,1.26344492970198,-0.194921552038484,1.12083436102989,1.66604460888194,-0.496038717718358,0.0658139414428888
119.4,1.26344884932772,-0.194920827447696,1.12083912824008,1.66605390536578,-0.496043963222392,0.0658158449831143
119.5,1.26345276246251,-0.194920104053993,1.12084388757882,1.66606318650271,-0.496049200108877,0.0658177453769906
119.6,1.26345666912244,-0.194919381854408,1.1208486390656,1.66607245233072,-0.496054428399031,0.0658196426323122
119.7,1.26346056932359,-0.19491866084599,1.12085338271984,1.66608170288764,-0.496059648114003,0.0658215367568478
119.8,1.26346446308195,-0.194917941025791,1.12085811856088,1.6660909382112,-0.496064859274873,0.0658234277583407
119.9,1.26346835041347,-0.194917222390879,1.12086284660802,1.666100158339,-0.496070061902651,0.0658253156445084
120,1.26347223133405,-0.194916504938327,1.12086756688047,1.66610936330852,-0.496075256018278,0.0658272004230428
120.1,1.26347610585954,-0.19491578866522,1.12087227939739,1.6661185531571,-0.496080441642628,0.065829082101611
120.2,1.26347997400574,-0.194915073568652,1.12087698417789,1.66612772792196,-0.496085618796505,0.0658309606878546
120.3,1.26348383578838,-0.194914359645727,1.12088168124101,1.66613688764023,-0.496090787500647,0.0658328361893903
120.4,1.26348769122315,-0.194913646893558,1.1208863706057,1.66614603234888,-0.496095947775722,0.0658347086138096
120.5,1.2634915403257,-0.194912935309266,1.1208910522909,1.66615516208478,-0.496101099642334,0.0658365779686791
120.6,1.2634953831116,-0.194912224889985,1.12089572631543,1.66616427688466,-0.496106243121016,0.0658384442615408
120.7,1.26349921959641,-0.194911515632855,1.1209003926981,1.66617337678516,-0.496111378232237,0.0658403074999118
120.8,1.26350304979559,-0.194910807535027,1.12090505145762,1.66618246182277,-0.496116504996399,0.0658421676912848
120.9,1.2635068737246,-0.194910100593661,1.12090970261267,1.66619153203388,-0.496121623433837,0.0658440248431279
121,1.26351069139881,-0.194909394805927,1.12091434618184,1.66620058745475,-0.49612673356482,0.0658458789628851
121.1,1.26351450283355,-0.194908690169001,1.12091898218368,1.66620962812154,-0.496131835409551,0.0658477300579755
121.2,1.26351830804411,-0.194907986680074,1.12092361063668,1.66621865407027,-0.496136928988169,0.0658495781357945
121.3,1.26352210704572,-0.19490728433634,1.12092823155924,1.66622766533685,-0.496142014320748,0.0658514232037134
121.4,1.26352589985357,-0.194906583135006,1.12093284496975,1.66623666195708,-0.496147091427294,0.0658532652690793
121.5,1.2635296864828,-0.194905883073287,1.1209374508865,1.66624564396664,-0.49615216032775,0.0658551043392157
121.6,1.26353346694848,-0.194905184148408,1.12094204932773,1.66625461140109,-0.496157221041997,0.0658569404214218
121.7,1.26353724126566,-0.1949044863576,1.12094664031163,1.66626356429588,-0.496162273589849,0.0658587735229735
121.8,1.26354100944932,-0.194903789698107,1.12095122385633,1.66627250268634,-0.496167317991056,0.0658606036511232
121.9,1.2635447715144,-0.194903094167179,1.12095579997989,1.6662814266077,-0.496172354265305,0.0658624308130994
122,1.26354852747579,-0.194902399762076,1.12096036870032,1.66629033609505,-0.496177382432222,0.0658642550161075
122.1,1.26355227734833,-0.194901706480067,1.12096493003557,1.66629923118339,-0.496182402511365,0.0658660762673295
122.2,1.26355602114682,-0.194901014318429,1.12096948400354,1.6663081119076,-0.496187414522233,0.0658678945739239
122.3,1.26355975888601,-0.194900323274448,1.12097403062206,1.66631697830244,-0.496192418484261,0.0658697099430266
122.4,1.26356349058059,-0.19489963334542,1.1209785699089,1.66632583040257,-0.496197414416823,0.0658715223817499
122.5,1.26356721624521,-0.194898944528649,1.12098310188178,1.66633466824253,-0.496202402339228,0.0658733318971838
122.6,1.26357093589448,-0.194898256821448,1.12098762655837,1.66634349185675,-0.496207382270725,0.0658751384963947
122.7,1.26357464954295,-0.194897570221136,1.12099214395628,1.66635230127955,-0.496212354230502,0.065876942186427
122.8,1.26357835720513,-0.194896884725044,1.12099665409305,1.66636109654514,-0.496217318237685,0.0658787429743017
122.9,1.2635820588955,-0.194896200330511,1.12100115698618,1.66636987768762,-0.496222274311338,0.0658805408670177
123,1.26358575462845,-0.194895517034884,1.1210056526531,1.66637864474098,-0.496227222470464,0.0658823358715515
123.1,1.26358944441837,-0.194894834835516,1.12101014111119,1.6663873977391,-0.496232162734008,0.0658841279948567
123.2,1.26359312827957,-0.194894153729774,1.12101462237778,1.66639613671576,-0.496237095120852,0.065885917243865
123.3,1.26359680622634,-0.194893473715029,1.12101909647015,1.66640486170461,-0.496242019649818,0.0658877036254859
123.4,1.2636004782729,-0.194892794788661,1.12102356340549,1.66641357273923,-0.496246936339669,0.0658894871466064
123.5,1.26360414443345,-0.19489211694806,1.12102802320098,1.66642226985305,-0.496251845209109,0.065891267814092
123.6,1.26360780472212,-0.194891440190624,1.12103247587371,1.66643095307943,-0.49625674627678,0.0658930456347857
123.7,1.26361145915301,-0.194890764513758,1.12103692144075,1.66643962245159,-0.496261639561266,0.0658948206155089
123.8,1.26361510774017,-0.194890089914876,1.12104135991907,1.66644827800267,-0.496266525081094,0.0658965927630615
123.9,1.2636187504976,-0.194889416391401,1.12104579132563,1.6664569197657,-0.49627140285473,0.0658983620842211
124,1.26362238743928,-0.194888743940763,1.12105021567732,1.66646554777358,-0.496276272900582,0.0659001285857442
124.1,1.2636260185791,-0.1948880725604,1.12105463299096,1.66647416205915,-0.496281135236999,0.0659018922743656
124.2,1.26362964393095,-0.194887402247761,1.12105904328333,1.66648276265511,-0.496285989882274,0.0659036531567986
124.3,1.26363326350865,-0.194886733000298,1.12106344657117,1.66649134959406,-0.49629083685464,0.0659054112397353
124.4,1.26363687732599,-0.194886064815477,1.12106784287115,1.66649992290852,-0.496295676172274,0.0659071665298464
124.5,1.26364048539671,-0.194885397690767,1.12107223219988,1.66650848263088,-0.496300507853295,0.0659089190337816
124.6,1.2636440877345,-0.194884731623649,1.12107661457394,1.66651702879344,-0.496305331915764,0.0659106687581692
124.7,1.26364768435301,-0.194884066611608,1.12108099000984,1.66652556142839,-0.496310148377686,0.0659124157096169
124.8,1.26365127526587,-0.19488340265214,1.12108535852405,1.66653408056783,-0.49631495725701,0.0659141598947112
124.9,1.26365486048662,-0.194882739742748,1.12108972013298,1.66654258624376,-0.496319758571628,0.0659159013200178
125,1.2636584400288,-0.194882077880943,1.12109407485299,1.66655107848806,-0.496324552339374,0.0659176399920815
125.1,1.26366201390588,-0.194881417064244,1.12109842270038,1.66655955733252,-0.496329338578029,0.0659193759174268
125.2,1.26366558213131,-0.194880757290178,1.12110276369141,1.66656802280884,-0.496334117305316,0.0659211091025573
125.3,1.26366914471848,-0.194880098556277,1.1211070978423,1.6665764749486,-0.496338888538903,0.0659228395539562
125.4,1.26367270168074,-0.194879440860085,1.12111142516918,1.6665849137833,-0.496343652296404,0.0659245672780863
125.5,1.26367625303141,-0.194878784199152,1.12111574568817,1.66659333934433,-0.496348408595374,0.0659262922813897
125.6,1.26367979878375,-0.194878128571035,1.12112005941532,1.66660175166299,-0.496353157453318,0.0659280145702888
125.7,1.26368333895099,-0.194877473973299,1.12112436636663,1.66661015077045,-0.496357898887683,0.0659297341511853
125.8,1.26368687354632,-0.194876820403518,1.12112866655806,1.66661853669784,-0.496362632915863,0.0659314510304611
125.9,1.26369040258287,-0.194876167859271,1.1211329600055,1.66662690947614,-0.496367359555196,0.0659331652144779
126,1.26369392607376,-0.194875516338148,1.12113724672481,1.66663526913625,-0.496372078822968,0.0659348767095775
126.1,1.26369744403205,-0.194874865837743,1.12114152673179,1.66664361570899,-0.49637679073641,0.0659365855220819
126.2,1.26370095647075,-0.19487421635566,1.1211458000422,1.66665194922506,-0.496381495312699,0.0659382916582929
126.3,1.26370446340284,-0.194873567889509,1.12115006667174,1.66666026971508,-0.496386192568959,0.0659399951244932
126.4,1.26370796484127,-0.194872920436908,1.12115432663605,1.66666857720956,-0.496390882522262,0.0659416959269455
126.5,1.26371146079894,-0.194872273995484,1.12115857995076,1.66667687173893,-0.496395565189625,0.0659433940718929
126.6,1.2637149512887,-0.194871628562869,1.12116282663142,1.66668515333351,-0.496400240588014,0.0659450895655592
126.7,1.26371843632337,-0.194870984136704,1.12116706669353,1.66669342202354,-0.496404908734339,0.0659467824141483
126.8,1.26372191591572,-0.194870340714636,1.12117130015257,1.66670167783915,-0.496409569645461,0.0659484726238455
126.9,1.26372539007851,-0.19486969829432,1.12117552702393,1.6667099208104,-0.496414223338189,0.0659501602008162
127,1.26372885882442,-0.19486905687342,1.12117974732298,1.66671815096723,-0.496418869829277,0.065951845151207
127.1,1.26373232216611,-0.194868416449603,1.12118396106505,1.6667263683395,-0.496423509135429,0.0659535274811451
127.2,1.26373578011621,-0.194867777020548,1.12118816826539,1.66673457295698,-0.496428141273298,0.0659552071967388
127.3,1.26373923268729,-0.194867138583938,1.12119236893924,1.66674276484934,-0.496432766259485,0.0659568843040776
127.4,1.2637426798919,-0.194866501137465,1.12119656310177,1.66675094404617,-0.496437384110538,0.0659585588092315
127.5,1.26374612174254,-0.194865864678827,1.1212007507681,1.66675911057695,-0.496441994842957,0.0659602307182527
127.6,1.26374955825166,-0.194865229205729,1.12120493195332,1.66676726447108,-0.496446598473189,0.0659619000371735
127.7,1.26375298943171,-0.194864594715885,1.12120910667246,1.66677540575787,-0.496451195017631,0.0659635667720085
127.8,1.26375641529506,-0.194863961207013,1.1212132749405,1.66678353446654,-0.496455784492631,0.0659652309287529
127.9,1.26375983585406,-0.194863328676841,1.1212174367724,1.66679165062622,-0.496460366914483,0.065966892513384
128,1.26376325112102,-0.194862697123103,1.12122159218304,1.66679975426594,-0.496464942299436,0.0659685515318601
128.1,1.26376666110821,-0.194862066543539,1.12122574118727,1.66680784541465,-0.496469510663685,0.0659702079901217
128.2,1.26377006582786,-0.194861436935897,1.1212298837999,1.66681592410121,-0.496474072023377,0.0659718618940903
128.3,1.26377346529218,-0.194860808297932,1.12123402003569,1.66682399035438,-0.496478626394609,0.0659735132496699
128.4,1.26377685951332,-0.194860180627404,1.12123814990935,1.66683204420286,-0.49648317379343,0.0659751620627457
128.5,1.2637802485034,-0.194859553922084,1.12124227343555,1.66684008567523,-0.496487714235839,0.065976808339185
128.6,1.26378363227451,-0.194858928179746,1.1212463906289,1.6668481148,-0.496492247737786,0.0659784520848373
128.7,1.26378701083869,-0.194858303398171,1.12125050150399,1.66685613160558,-0.496496774315171,0.0659800933055335
128.8,1.26379038420794,-0.19485767957515,1.12125460607535,1.66686413612032,-0.496501293983848,0.0659817320070874
128.9,1.26379375239425,-0.194857056708479,1.12125870435747,1.66687212837244,-0.496505806759622,0.0659833681952944
129,1.26379711540955,-0.194856434795958,1.12126279636479,1.66688010839012,-0.496510312658248,0.0659850018759323
129.1,1.26380047326574,-0.194855813835398,1.12126688211171,1.66688807620141,-0.496514811695434,0.0659866330547613
129.2,1.26380382597468,-0.194855193824615,1.1212709616126,1.66689603183431,-0.496519303886843,0.0659882617375238
129.3,1.2638071735482,-0.19485457476143,1.12127503488175,1.66690397531671,-0.496523789248085,0.065989887929945
129.4,1.26381051599808,-0.194853956643675,1.12127910193343,1.66691190667643,-0.496528267794727,0.065991511637732
129.5,1.26381385333608,-0.194853339469183,1.12128316278188,1.66691982594121,-0.496532739542287,0.0659931328665749
129.6,1.26381718557392,-0.194852723235799,1.12128721744128,1.66692773313868,-0.496537204506236,0.0659947516221465
129.7,1.26382051272328,-0.19485210794137,1.12129126592575,1.66693562829641,-0.496541662701998,0.0659963679101018
129.8,1.26382383479581,-0.194851493583753,1.12129530824941,1.66694351144187,-0.496546114144951,0.0659979817360792
129.9,1.26382715180312,-0.194850880160809,1.12129934442629,1.66695138260246,-0.496550558850425,0.0659995931056997
130,1.26383046375678,-0.194850267670408,1.12130337447041,1.66695924180549,-0.496554996833705,0.066001202024567
130.1,1.26383377066834,-0.194849656110424,1.12130739839574,1.66696708907819,-0.49655942811003,0.066002808498268
130.2,1.2638370725493,-0.194849045478739,1.1213114162162,1.6669749244477,-0.496563852694592,0.0660044125323725
130.3,1.26384036941113,-0.194848435773241,1.12131542794567,1.66698274794109,-0.496568270602536,0.0660060141324336
130.4,1.26384366126527,-0.194847826991824,1.12131943359799,1.66699055958533,-0.496572681848965,0.0660076133039873
130.5,1.26384694812311,-0.194847219132389,1.12132343318697,1.66699835940733,-0.496577086448933,0.0660092100525529
130.6,1.26385022999602,-0.194846612192843,1.12132742672635,1.6670061474339,-0.496581484417451,0.0660108043836331
130.7,1.26385350689535,-0.194846006171099,1.12133141422986,1.66701392369178,-0.496585875769482,0.066012396302714
130.8,1.26385677883237,-0.194845401065078,1.12133539571117,1.66702168820762,-0.496590260519948,0.0660139858152647
130.9,1.26386004581836,-0.194844796872706,1.1213393711839,1.66702944100801,-0.496594638683722,0.0660155729267383
131,1.26386330786455,-0.194844193591914,1.12134334066166,1.66703718211944,-0.496599010275636,0.066017157642571
131.1,1.26386656498212,-0.194843591220641,1.12134730415799,1.66704491156831,-0.496603375310475,0.066018739968183
131.2,1.26386981718225,-0.194842989756832,1.1213512616864,1.66705262938098,-0.49660773380298,0.0660203199089779
131.3,1.26387306447606,-0.194842389198438,1.12135521326035,1.66706033558369,-0.49661208576785,0.0660218974703431
131.4,1.26387630687464,-0.194841789543416,1.12135915889329,1.66706803020263,-0.496616431219736,0.0660234726576498
131.5,1.26387954438905,-0.194841190789729,1.12136309859859,1.66707571326389,-0.49662077017325,0.066025045476253
131.6,1.26388277703033,-0.194840592935346,1.12136703238961,1.66708338479349,-0.496625102642957,0.0660266159314916
131.7,1.26388600480947,-0.194839995978244,1.12137096027965,1.66709104481738,-0.496629428643378,0.0660281840286887
131.8,1.26388922773742,-0.194839399916403,1.12137488228198,1.66709869336142,-0.496633748188995,0.0660297497731508
131.9,1.26389244582512,-0.194838804747811,1.12137879840982,1.6671063304514,-0.496638061294241,0.0660313131701692
132,1.26389565908347,-0.194838210470461,1.12138270867638,1.66711395611303,-0.49664236797351,0.0660328742250189
132.1,1.26389886752331,-0.194837617082354,1.12138661309479,1.66712157037195,-0.496646668241152,0.0660344329429597
132.2,1.26390207115549,-0.194837024581495,1.12139051167816,1.6671291732537,-0.496650962111474,0.0660359893292346
132.3,1.26390526999081,-0.194836432965895,1.12139440443957,1.66713676478378,-0.496655249598742,0.066037543389072
132.4,1.26390846404003,-0.194835842233572,1.12139829139205,1.66714434498758,-0.496659530717177,0.0660390951276841
132.5,1.26391165331387,-0.194835252382549,1.12140217254859,1.66715191389044,-0.49666380548096,0.0660406445502677
132.6,1.26391483782305,-0.194834663410855,1.12140604792214,1.66715947151761,-0.496668073904229,0.066042191662004
132.7,1.26391801757824,-0.194834075316526,1.12140991752563,1.66716701789426,-0.496672336001079,0.066043736468059
132.8,1.26392119259006,-0.194833488097603,1.12141378137192,1.6671745530455,-0.496676591785566,0.0660452789735829
132.9,1.26392436286914,-0.194832901752132,1.12141763947385,1.66718207699636,-0.496680841271703,0.066046819183711
133,1.26392752842603,-0.194832316278167,1.12142149184424,1.6671895897718,-0.49668508447346,0.066048357103563
133.1,1.26393068927128,-0.194831731673765,1.12142533849583,1.66719709139669,-0.496689321404768,0.0660498927382437
133.2,1.26393384541541,-0.194831147936991,1.12142917944135,1.66720458189583,-0.496693552079515,0.0660514260928424
133.3,1.2639369968689,-0.194830565065914,1.1214330146935,1.66721206129397,-0.496697776511551,0.0660529571724338
133.4,1.26394014364219,-0.194829983058611,1.12143684426492,1.66721952961576,-0.496701994714682,0.0660544859820769
133.5,1.2639432857457,-0.194829401913162,1.12144066816822,1.6672269868858,-0.496706206702674,0.066056012526816
133.6,1.26394642318983,-0.194828821627655,1.12144448641598,1.66723443312858,-0.496710412489253,0.0660575368116807
133.7,1.26394955598492,-0.194828242200183,1.12144829902073,1.66724186836856,-0.496714612088105,0.0660590588416855
133.8,1.2639526841413,-0.194827663628843,1.12145210599498,1.6672492926301,-0.496718805512876,0.0660605786218299
133.9,1.26395580766926,-0.19482708591174,1.12145590735118,1.6672567059375,-0.496722992777169,0.066062096157099
134,1.26395892657908,-0.194826509046983,1.12145970310177,1.66726410831499,-0.496727173894552,0.0660636114524631
134.1,1.26396204088098,-0.194825933032687,1.12146349325914,1.66727149978672,-0.496731348878548,0.0660651245128775
134.2,1.26396515058518,-0.194825357866973,1.12146727783564,1.66727888037678,-0.496735517742645,0.0660666353432832
134.3,1.26396825570183,-0.194824783547968,1.12147105684358,1.66728625010917,-0.496739680500288,0.0660681439486066
134.4,1.2639713562411,-0.194824210073802,1.12147483029525,1.66729360900785,-0.496743837164884,0.0660696503337598
134.5,1.26397445221309,-0.194823637442613,1.1214785982029,1.66730095709667,-0.496747987749801,0.0660711545036399
134.6,1.26397754362788,-0.194823065652544,1.12148236057873,1.66730829439945,-0.496752132268367,0.0660726564631302
134.7,1.26398063049554,-0.194822494701743,1.12148611743491,1.6673156209399,-0.496756270733873,0.0660741562170993
134.8,1.26398371282608,-0.194821924588363,1.12148986878359,1.66732293674171,-0.49676040315957,0.0660756537704015
134.9,1.2639867906295,-0.194821355310564,1.12149361463686,1.66733024182845,-0.496764529558668,0.0660771491278772
135,1.26398986391577,-0.194820786866509,1.12149735500679,1.66733753622365,-0.496768649944343,0.0660786422943522
135.1,1.26399293269483,-0.194820219254369,1.12150108990542,1.66734481995077,-0.49677276432973,0.0660801332746386
135.2,1.26399599697658,-0.194819652472318,1.12150481934473,1.6673520930332,-0.496776872727925,0.066081622073534
135.3,1.26399905677091,-0.194819086518537,1.1215085433367,1.66735935549424,-0.496780975151989,0.0660831086958221
135.4,1.26400211208766,-0.194818521391212,1.12151226189324,1.66736660735716,-0.496785071614942,0.0660845931462729
135.5,1.26400516293665,-0.194817957088534,1.12151597502625,1.66737384864513,-0.496789162129767,0.0660860754296421
135.6,1.26400820932767,-0.194817393608698,1.12151968274759,1.66738107938126,-0.49679324670941,0.0660875555506716
135.7,1.2640112512705,-0.194816830949907,1.12152338506907,1.66738829958861,-0.496797325366779,0.0660890335140898
135.8,1.26401428877487,-0.194816269110368,1.12152708200248,1.66739550929016,-0.496801398114746,0.0660905093246108
135.9,1.26401732185047,-0.194815708088291,1.12153077355959,1.66740270850881,-0.496805464966143,0.0660919829869355
136,1.264020350507,-0.194815147881896,1.1215344597521,1.66740989726742,-0.496809525933766,0.0660934545057506
136.1,1.2640233747541,-0.194814588489403,1.12153814059171,1.66741707558876,-0.496813581030376,0.0660949238857298
136.2,1.2640263946014,-0.194814029909041,1.12154181609006,1.66742424349556,-0.496817630268693,0.0660963911315326
136.3,1.26402941005848,-0.194813472139043,1.12154548625877,1.66743140101045,-0.496821673661405,0.0660978562478053
136.4,1.26403242113493,-0.194812915177645,1.12154915110942,1.66743854815602,-0.49682571122116,0.0660993192391808
136.5,1.26403542784026,-0.194812359023092,1.12155281065358,1.66744568495479,-0.496829742960572,0.0661007801102783
136.6,1.26403843018401,-0.19481180367363,1.12155646490274,1.66745281142921,-0.496833768892215,0.0661022388657039
136.7,1.26404142817564,-0.194811249127513,1.1215601138684,1.66745992760167,-0.49683778902863,0.0661036955100502
136.8,1.26404442182462,-0.194810695383,1.12156375756201,1.66746703349449,-0.496841803382322,0.0661051500478963
136.9,1.26404741114038,-0.194810142438353,1.12156739599499,1.66747412912992,-0.496845811965758,0.0661066024838086
137,1.26405039613231,-0.194809590291841,1.12157102917871,1.66748121453018,-0.496849814791371,0.06610805282234
137.1,1.26405337680979,-0.194809038941736,1.12157465712453,1.66748828971737,-0.496853811871557,0.0661095010680303
137.2,1.26405635318217,-0.194808488386318,1.12157827984378,1.66749535471357,-0.496857803218677,0.066110947225406
137.3,1.26405932525877,-0.194807938623868,1.12158189734772,1.66750240954079,-0.496861788845057,0.066112391298981
137.4,1.26406229304888,-0.194807389652676,1.12158550964763,1.66750945422095,-0.496865768762987,0.0661138332932558
137.5,1.26406525656177,-0.194806841471033,1.12158911675472,1.66751648877595,-0.496869742984722,0.0661152732127181
137.6,1.26406821580668,-0.194806294077239,1.12159271868018,1.66752351322758,-0.496873711522483,0.0661167110618427
137.7,1.26407117079282,-0.194805747469595,1.12159631543517,1.66753052759761,-0.496877674388453,0.0661181468450917
137.8,1.26407412152938,-0.19480520164641,1.12159990703081,1.66753753190772,-0.496881631594785,0.0661195805669141
137.9,1.26407706802552,-0.194804656605995,1.1216034934782,1.66754452617953,-0.496885583153592,0.0661210122317462
138,1.26408001029037,-0.194804112346669,1.12160707478839,1.66755151043462,-0.496889529076957,0.0661224418440117
138.1,1.26408294833304,-0.194803568866753,1.12161065097243,1.66755848469448,-0.496893469376926,0.0661238694081217
138.2,1.26408588216262,-0.194803026164575,1.12161422204129,1.66756544898055,-0.496897404065511,0.0661252949284741
138.3,1.26408881178816,-0.194802484238465,1.12161778800596,1.66757240331422,-0.49690133315469,0.0661267184094551
138.4,1.26409173721868,-0.194801943086761,1.12162134887737,1.66757934771681,-0.496905256656408,0.0661281398554377
138.5,1.26409465846319,-0.194801402707804,1.12162490466642,1.66758628220957,-0.496909174582574,0.0661295592707828
138.6,1.26409757553068,-0.19480086309994,1.12162845538399,1.6675932068137,-0.496913086945066,0.0661309766598384
138.7,1.26410048843009,-0.19480032426152,1.12163200104091,1.66760012155033,-0.496916993755725,0.0661323920269406
138.8,1.26410339717035,-0.194799786190898,1.121635541648,1.66760702644055,-0.49692089502636,0.0661338053764127
138.9,1.26410630176036,-0.194799248886436,1.12163907721604,1.66761392150537,-0.496924790768747,0.066135216712566
139,1.264109202209,-0.194798712346497,1.12164260775578,1.66762080676574,-0.496928680994628,0.0661366260396993
139.1,1.26411209852512,-0.194798176569452,1.12164613327794,1.66762768224258,-0.496932565715713,0.0661380333620994
139.2,1.26411499071755,-0.194797641553674,1.1216496537932,1.6676345479567,-0.496936444943677,0.0661394386840406
139.3,1.26411787879507,-0.194797107297542,1.12165316931223,1.66764140392889,-0.496940318690162,0.0661408420097855
139.4,1.26412076276648,-0.194796573799439,1.12165667984566,1.66764825017988,-0.496944186966779,0.0661422433435841
139.5,1.26412364264052,-0.194796041057754,1.12166018540408,1.66765508673032,-0.496948049785105,0.0661436426896748
139.6,1.26412651842592,-0.194795509070878,1.12166368599805,1.66766191360082,-0.496951907156685,0.0661450400522836
139.7,1.26412939013138,-0.194794977837208,1.12166718163813,1.66766873081191,-0.496955759093031,0.0661464354356248
139.8,1.26413225776557,-0.194794447355147,1.12167067233481,1.6676755383841,-0.496959605605621,0.0661478288439007
139.9,1.26413512133714,-0.194793917623099,1.12167415809858,1.6676823363378,-0.496963446705905,0.0661492202813016
140,1.26413798085473,-0.194793388639476,1.12167763893988,1.66768912469338,-0.496967282405296,0.0661506097520059
140.1,1.26414083632694,-0.194792860402693,1.12168111486914,1.66769590347117,-0.496971112715177,0.0661519972601806
140.2,1.26414368776234,-0.194792332911169,1.12168458589674,1.66770267269141,-0.4969749376469,0.0661533828099806
140.3,1.26414653516948,-0.194791806163327,1.12168805203305,1.66770943237431,-0.496978757211784,0.066154766405549
140.4,1.26414937855691,-0.194791280157597,1.12169151328839,1.66771618254,-0.496982571421117,0.0661561480510174
140.5,1.26415221793312,-0.194790754892412,1.12169496967308,1.66772292320858,-0.496986380286154,0.066157527750506
140.6,1.2641550533066,-0.194790230366208,1.12169842119737,1.66772965440006,-0.496990183818119,0.0661589055081229
140.7,1.26415788468581,-0.194789706577427,1.12170186787153,1.66773637613443,-0.496993982028206,0.0661602813279649
140.8,1.26416071207917,-0.194789183524514,1.12170530970576,1.66774308843161,-0.496997774927576,0.0661616552141173
140.9,1.2641635354951,-0.194788661205922,1.12170874671026,1.66774979131144,-0.497001562527359,0.0661630271706538
141,1.26416635494199,-0.194788139620104,1.12171217889517,1.66775648479374,-0.497005344838655,0.0661643972016368
141.1,1.26416917042821,-0.194787618765518,1.12171560627064,1.66776316889825,-0.497009121872533,0.0661657653111174
141.2,1.26417198196208,-0.19478709864063,1.12171902884676,1.66776984364468,-0.497012893640029,0.066167131503135
141.3,1.26417478955192,-0.194786579243905,1.1217224466336,1.66777650905265,-0.497016660152151,0.066168495781718
141.4,1.26417759320604,-0.194786060573817,1.12172585964122,1.66778316514176,-0.497020421419874,0.0661698581508833
141.5,1.2641803929327,-0.194785542628841,1.12172926787963,1.66778981193153,-0.497024177454144,0.0661712186146369
141.6,1.26418318874015,-0.194785025407458,1.12173267135882,1.66779644944144,-0.497027928265877,0.0661725771769731
141.7,1.2641859806366,-0.194784508908152,1.12173607008875,1.66780307769091,-0.497031673865957,0.0661739338418756
141.8,1.26418876863027,-0.194783993129413,1.12173946407935,1.6678096966993,-0.497035414265238,0.0661752886133163
141.9,1.26419155272933,-0.194783478069734,1.12174285334054,1.66781630648593,-0.497039149474545,0.0661766414952569
142,1.26419433294193,-0.194782963727612,1.12174623788218,1.66782290707006,-0.497042879504672,0.0661779924916472
142.1,1.2641971092762,-0.194782450101548,1.12174961771414,1.66782949847088,-0.497046604366385,0.0661793416064265
142.2,1.26419988174027,-0.194781937190049,1.12175299284623,1.66783608070756,-0.497050324070417,0.0661806888435231
142.3,1.26420265034221,-0.194781424991623,1.12175636328825,1.6678426537992,-0.497054038627473,0.0661820342068541
142.4,1.26420541509008,-0.194780913504787,1.12175972904997,1.66784921776482,-0.49705774804823,0.066183377700326
142.5,1.26420817599193,-0.194780402728056,1.12176309014113,1.66785577262344,-0.497061452343332,0.0661847193278344
142.6,1.26421093305579,-0.194779892659954,1.12176644657145,1.66786231839399,-0.497065151523397,0.066186059093264
142.7,1.26421368628964,-0.194779383299007,1.12176979835061,1.66786885509535,-0.497068845599011,0.0661873970004887
142.8,1.26421643570146,-0.194778874643745,1.12177314548829,1.66787538274637,-0.497072534580733,0.0661887330533716
142.9,1.2642191812992,-0.194778366692703,1.1217764879941,1.66788190136582,-0.497076218479091,0.0661900672557656
143,1.26422192309081,-0.19477785944442,1.12177982587766,1.66788841097244,-0.497079897304585,0.0661913996115121
143.1,1.26422466108417,-0.194777352897437,1.12178315914855,1.6678949115849,-0.497083571067687,0.0661927301244426
143.2,1.26422739528719,-0.194776847050302,1.12178648781633,1.66790140322184,-0.497087239778838,0.0661940587983776
143.3,1.26423012570773,-0.194776341901566,1.12178981189051,1.66790788590183,-0.497090903448451,0.0661953856371273
143.4,1.26423285235363,-0.194775837449782,1.12179313138062,1.66791435964339,-0.497094562086913,0.0661967106444911
143.5,1.26423557523271,-0.19477533369351,1.12179644629612,1.667920824465,-0.497098215704579,0.0661980338242581
143.6,1.26423829435277,-0.194774830631312,1.12179975664646,1.66792728038508,-0.497101864311777,0.0661993551802071
143.7,1.2642410097216,-0.194774328261755,1.12180306244106,1.66793372742201,-0.497105507918807,0.0662006747161062
143.8,1.26424372134694,-0.194773826583408,1.12180636368933,1.6679401655941,-0.49710914653594,0.0662019924357133
143.9,1.26424642923654,-0.194773325594848,1.12180966040063,1.66794659491963,-0.49711278017342,0.0662033083427758
144,1.26424913339811,-0.194772825294651,1.12181295258432,1.66795301541682,-0.497116408841462,0.0662046224410309
144.1,1.26425183383935,-0.1947723256814,1.12181624024971,1.66795942710385,-0.497120032550253,0.0662059347342057
144.2,1.26425453056792,-0.194771826753682,1.1218195234061,1.66796582999882,-0.497123651309954,0.0662072452260168
144.3,1.26425722359148,-0.194771328510085,1.12182280206275,1.66797222411982,-0.497127265130695,0.0662085539201708
144.4,1.26425991291765,-0.194770830949206,1.12182607622892,1.66797860948487,-0.497130874022582,0.0662098608203638
144.5,1.26426259855405,-0.19477033406964,1.12182934591382,1.66798498611193,-0.49713447799569,0.0662111659302823
144.6,1.26426528050827,-0.194769837869989,1.12183261112664,1.66799135401895,-0.497138077060069,0.0662124692536024
144.7,1.26426795878786,-0.19476934234886,1.12183587187656,1.66799771322378,-0.497141671225741,0.0662137707939901
144.8,1.26427063340039,-0.19476884750486,1.12183912817272,1.66800406374425,-0.497145260502701,0.0662150705551015
144.9,1.26427330435337,-0.194768353336604,1.12184238002423,1.66801040559815,-0.497148844900916,0.0662163685405825
145,1.26427597165432,-0.194767859842707,1.12184562744019,1.6680167388032,-0.497152424430326,0.0662176647540693
145.1,1.2642786353107,-0.194767367021791,1.12184887042967,1.66802306337708,-0.497155999100844,0.0662189591991882
145.2,1.26428129533001,-0.194766874872479,1.12185210900171,1.66802937933743,-0.497159568922358,0.0662202518795554
145.3,1.26428395171966,-0.194766383393401,1.12185534316534,1.66803568670182,-0.497163133904727,0.0662215427987774
145.4,1.2642866044871,-0.194765892583187,1.12185857292954,1.66804198548781,-0.497166694057783,0.0662228319604506
145.5,1.26428925363971,-0.194765402440473,1.12186179830329,1.66804827571286,-0.497170249391334,0.066224119368162
145.6,1.2642918991849,-0.194764912963898,1.12186501929554,1.66805455739444,-0.497173799915158,0.0662254050254889
145.7,1.26429454113001,-0.194764424152106,1.12186823591521,1.66806083054992,-0.49717734563901,0.0662266889359983
145.8,1.2642971794824,-0.194763936003743,1.12187144817119,1.66806709519667,-0.497180886572616,0.0662279711032481
145.9,1.26429981424939,-0.194763448517459,1.12187465607235,1.66807335135197,-0.497184422725678,0.0662292515307862
146,1.26430244543827,-0.194762961691908,1.12187785962756,1.66807959903308,-0.497187954107869,0.0662305302221511
146.1,1.26430507305634,-0.194762475525748,1.12188105884563,1.66808583825721,-0.497191480728838,0.0662318071808715
146.2,1.26430769711086,-0.194761990017639,1.12188425373536,1.66809206904151,-0.497195002598208,0.0662330824104665
146.3,1.26431031760908,-0.194761505166248,1.12188744430554,1.66809829140311,-0.497198519725575,0.0662343559144463
146.4,1.26431293455821,-0.194761020970241,1.12189063056492,1.66810450535906,-0.49720203212051,0.0662356276963109
146.5,1.26431554796546,-0.194760537428292,1.12189381252222,1.66811071092639,-0.497205539792559,0.0662368977595509
146.6,1.26431815783802,-0.194760054539076,1.12189699018617,1.66811690812208,-0.497209042751239,0.0662381661076478
146.7,1.26432076418306,-0.194759572301272,1.12190016356542,1.66812309696305,-0.497212541006046,0.0662394327440736
146.8,1.26432336700772,-0.194759090713563,1.12190333266866,1.66812927746618,-0.497216034566447,0.0662406976722909
146.9,1.26432596631912,-0.194758609774635,1.12190649750452,1.66813544964832,-0.497219523441886,0.0662419608957527
147,1.26432856212439,-0.194758129483178,1.1219096580816,1.66814161352626,-0.497223007641779,0.0662432224179032
147.1,1.2643311544306,-0.194757649837885,1.12191281440851,1.66814776911675,-0.49722648717552,0.0662444822421771
147.2,1.26433374324484,-0.194757170837454,1.1219159664938,1.66815391643649,-0.497229962052476,0.0662457403719997
147.3,1.26433632857413,-0.194756692480585,1.12191911434603,1.66816005550213,-0.497233432281989,0.0662469968107873
147.4,1.26433891042553,-0.194756214765981,1.12192225797371,1.66816618633029,-0.497236897873376,0.066248251561947
147.5,1.26434148880605,-0.19475573769235,1.12192539738534,1.66817230893754,-0.497240358835929,0.0662495046288766
147.6,1.26434406372267,-0.194755261258403,1.1219285325894,1.66817842334041,-0.497243815178916,0.0662507560149649
147.7,1.26434663518237,-0.194754785462854,1.12193166359434,1.66818452955537,-0.49724726691158,0.0662520057235918
147.8,1.26434920319212,-0.194754310304421,1.12193479040859,1.66819062759885,-0.497250714043139,0.0662532537581278
147.9,1.26435176775885,-0.194753835781825,1.12193791304056,1.66819671748726,-0.497254156582786,0.0662545001219345
148,1.26435432888947,-0.19475336189379,1.12194103149863,1.66820279923694,-0.497257594539691,0.0662557448183645
148.1,1.26435688659089,-0.194752888639045,1.12194414579117,1.6682088728642,-0.497261027922999,0.0662569878507617
148.2,1.26435944087,-0.194752416016321,1.12194725592653,1.66821493838529,-0.497264456741829,0.0662582292224607
148.3,1.26436199173365,-0.194751944024353,1.121950361913,1.66822099581643,-0.497267881005279,0.0662594689367872
148.4,1.26436453918869,-0.194751472661878,1.1219534637589,1.6682270451738,-0.497271300722419,0.0662607069970584
148.5,1.26436708324195,-0.194751001927639,1.1219565614725,1.66823308647353,-0.497274715902298,0.0662619434065822
148.6,1.26436962390025,-0.19475053182038,1.12195965506205,1.6682391197317,-0.497278126553941,0.0662631781686581
148.7,1.26437216117036,-0.19475006233885,1.12196274453578,1.66824514496437,-0.497281532686346,0.0662644112865765
148.8,1.26437469505907,-0.194749593481799,1.12196582990189,1.66825116218753,-0.497284934308491,0.0662656427636191
148.9,1.26437722557312,-0.194749125247983,1.12196891116858,1.66825717141715,-0.497288331429327,0.066266872603059
149,1.26437975271926,-0.194748657636161,1.12197198834401,1.66826317266915,-0.497291724057784,0.0662681008081605
149.1,1.26438227650421,-0.194748190645092,1.12197506143632,1.66826916595939,-0.497295112202767,0.0662693273821792
149.2,1.26438479693466,-0.194747724273543,1.12197813045364,1.66827515130371,-0.497298495873156,0.0662705523283623
149.3,1.26438731401731,-0.194747258520281,1.12198119540405,1.66828112871791,-0.497301875077812,0.066271775649948
149.4,1.2643898277588,-0.194746793384078,1.12198425629566,1.66828709821774,-0.497305249825568,0.0662729973501662
149.5,1.2643923381658,-0.194746328863707,1.12198731313649,1.6682930598189,-0.497308620125235,0.0662742174322381
149.6,1.26439484524494,-0.194745864957948,1.12199036593461,1.66829901353706,-0.497311985985604,0.0662754358993765
149.7,1.26439734900282,-0.19474540166558,1.12199341469801,1.66830495938784,-0.497315347415437,0.0662766527547858
149.8,1.26439984944605,-0.194744938985388,1.1219964594347,1.66831089738683,-0.497318704423479,0.0662778680016615
149.9,1.26440234658119,-0.19474447691616,1.12199950015264,1.66831682754958,-0.497322057018447,0.066279081643191
150,1.26440484041482,-0.194744015456686,1.12200253685979,1.66832274989157,-0.497325405209039,0.0662802936825531
150.1,1.26440733095347,-0.194743554605759,1.12200556956408,1.66832866442829,-0.497328749003927,0.0662815041229187
150.2,1.26440981820367,-0.194743094362179,1.12200859827341,1.66833457117513,-0.497332088411762,0.0662827129674494
150.3,1.26441230217193,-0.194742634724742,1.12201162299567,1.6683404701475,-0.497335423441173,0.0662839202192994
150.4,1.26441478286474,-0.194742175692255,1.12201464373874,1.66834636136071,-0.497338754100764,0.0662851258816143
150.5,1.26441726028857,-0.194741717263523,1.12201766051046,1.66835224483008,-0.497342080399118,0.066286329957531
150.6,1.26441973444988,-0.194741259437355,1.12202067331866,1.66835812057086,-0.497345402344797,0.0662875324501787
150.7,1.26442220535512,-0.194740802212564,1.12202368217114,1.66836398859828,-0.497348719946337,0.0662887333626782
150.8,1.2644246730107,-0.194740345587967,1.12202668707568,1.66836984892749,-0.497352033212255,0.066289932698142
150.9,1.26442713742304,-0.194739889562382,1.12202968804006,1.66837570157366,-0.497355342151044,0.0662911304596744
151,1.26442959859852,-0.194739434134632,1.12203268507201,1.66838154655188,-0.497358646771175,0.0662923266503718
151.1,1.26443205654351,-0.19473897930354,1.12203567817927,1.6683873838772,-0.497361947081097,0.0662935212733225
151.2,1.26443451126437,-0.194738525067937,1.12203866736954,1.66839321356465,-0.497365243089238,0.0662947143316062
151.3,1.26443696276745,-0.194738071426653,1.12204165265049,1.66839903562921,-0.497368534804002,0.066295905828295
151.4,1.26443941105906,-0.194737618378522,1.1220446340298,1.66840485008581,-0.497371822233774,0.0662970957664531
151.5,1.2644418561455,-0.194737165922381,1.1220476115151,1.66841065694937,-0.497375105386914,0.0662982841491361
151.6,1.26444429803308,-0.194736714057072,1.12205058511403,1.66841645623475,-0.497378384271762,0.0662994709793921
151.7,1.26444673672806,-0.194736262781438,1.12205355483419,1.66842224795677,-0.497381658896637,0.0663006562602613
151.8,1.26444917223671,-0.194735812094325,1.12205652068315,1.66842803213021,-0.497384929269834,0.0663018399947756
151.9,1.26445160456525,-0.194735361994582,1.12205948266849,1.66843380876984,-0.497388195399629,0.066303022185959
152,1.26445403371992,-0.194734912481063,1.12206244079775,1.66843957789035,-0.497391457294275,0.066304202836828
152.1,1.26445645970692,-0.194734463552622,1.12206539507845,1.66844533950641,-0.497394714962005,0.066305381950391
152.2,1.26445888253245,-0.194734015208118,1.12206834551811,1.66845109363267,-0.497397968411029,0.0663065595296485
152.3,1.26446130220268,-0.194733567446413,1.1220712921242,1.66845684028371,-0.497401217649536,0.0663077355775933
152.4,1.26446371872377,-0.194733120266371,1.1220742349042,1.6684625794741,-0.497404462685695,0.0663089100972106
152.5,1.26446613210187,-0.194732673666859,1.12207717386555,1.66846831121835,-0.497407703527654,0.0663100830914775
152.6,1.2644685423431,-0.194732227646747,1.12208010901567,1.66847403553094,-0.497410940183538,0.0663112545633636
152.7,1.26447094945357,-0.194731782204909,1.12208304036198,1.66847975242632,-0.497414172661453,0.0663124245158307
152.8,1.26447335343939,-0.194731337340221,1.12208596791187,1.6684854619189,-0.497417400969482,0.066313592951833
152.9,1.26447575430663,-0.194730893051561,1.12208889167271,1.66849116402304,-0.49742062511569,0.0663147598743168
153,1.26447815206135,-0.194730449337813,1.12209181165185,1.66849685875308,-0.497423845108119,0.0663159252862213
153.1,1.26448054670961,-0.194730006197859,1.12209472785662,1.66850254612331,-0.497427060954791,0.0663170891904774
153.2,1.26448293825743,-0.19472956363059,1.12209764029433,1.668508226148,-0.497430272663708,0.0663182515900092
153.3,1.26448532671084,-0.194729121634893,1.12210054897228,1.66851389884135,-0.497433480242849,0.0663194124877325
153.4,1.26448771207584,-0.194728680209665,1.12210345389775,1.66851956421757,-0.497436683700176,0.066320571886556
153.5,1.26449009435841,-0.1947282393538,1.12210635507798,1.66852522229079,-0.497439883043627,0.0663217297893809
153.6,1.26449247356453,-0.194727799066197,1.12210925252023,1.66853087307513,-0.497443078281124,0.0663228861991007
153.7,1.26449484970014,-0.194727359345759,1.12211214623171,1.66853651658467,-0.497446269420563,0.0663240411186016
153.8,1.2644972227712,-0.194726920191391,1.12211503621962,1.66854215283344,-0.497449456469826,0.0663251945507625
153.9,1.26449959278361,-0.194726481601999,1.12211792249114,1.66854778183544,-0.497452639436769,0.0663263464984542
154,1.26450195974331,-0.194726043576496,1.12212080505344,1.66855340360465,-0.497455818329232,0.0663274969645412
154.1,1.26450432365617,-0.194725606113793,1.12212368391366,1.668559018155,-0.497458993155033,0.0663286459518797
154.2,1.26450668452808,-0.194725169212807,1.12212655907893,1.66856462550037,-0.497462163921971,0.0663297934633192
154.3,1.2645090423649,-0.194724732872456,1.12212943055636,1.66857022565464,-0.497465330637824,0.0663309395017012
154.4,1.26451139717248,-0.194724297091662,1.12213229835304,1.66857581863163,-0.497468493310351,0.0663320840698609
154.5,1.26451374895666,-0.19472386186935,1.12213516247604,1.66858140444512,-0.49747165194729,0.0663332271706253
154.6,1.26451609772325,-0.194723427204447,1.12213802293242,1.66858698310886,-0.497474806556362,0.0663343688068144
154.7,1.26451844347806,-0.194722993095882,1.12214087972922,1.66859255463659,-0.497477957145265,0.0663355089812413
154.8,1.26452078622688,-0.194722559542587,1.12214373287344,1.66859811904198,-0.49748110372168,0.0663366476967117
154.9,1.26452312597548,-0.1947221265435,1.1221465823721,1.66860367633867,-0.497484246293266,0.066337784956024
155,1.26452546272962,-0.194721694097556,1.12214942823218,1.66860922654029,-0.497487384867665,0.0663389207619695
155.1,1.26452779649504,-0.194721262203698,1.12215227046063,1.66861476966042,-0.497490519452498,0.0663400551173325
155.2,1.26453012727749,-0.194720830860868,1.12215510906441,1.66862030571258,-0.497493650055367,0.0663411880248903
155.3,1.26453245508266,-0.194720400068013,1.12215794405045,1.66862583471031,-0.497496776683854,0.0663423194874127
155.4,1.26453477991627,-0.194719969824081,1.12216077542565,1.66863135666707,-0.497499899345524,0.0663434495076626
155.5,1.26453710178399,-0.194719540128024,1.12216360319692,1.6686368715963,-0.497503018047921,0.0663445780883963
155.6,1.26453942069151,-0.194719110978796,1.12216642737112,1.66864237951141,-0.497506132798569,0.0663457052323626
155.7,1.26454173664448,-0.194718682375355,1.12216924795513,1.66864788042577,-0.497509243604976,0.0663468309423031
155.8,1.26454404964853,-0.194718254316658,1.12217206495577,1.66865337435273,-0.497512350474627,0.0663479552209531
155.9,1.26454635970931,-0.194717826801669,1.12217487837988,1.66865886130558,-0.497515453414993,0.0663490780710405
156,1.26454866683242,-0.194717399829353,1.12217768823426,1.6686643412976,-0.49751855243352,0.0663501994952862
156.1,1.26455097102347,-0.194716973398676,1.12218049452569,1.66866981434203,-0.497521647537642,0.0663513194964046
156.2,1.26455327228804,-0.194716547508609,1.12218329726097,1.66867528045206,-0.497524738734768,0.066352438077103
156.3,1.2645555706317,-0.194716122158124,1.12218609644683,1.66868073964088,-0.497527826032293,0.0663535552400817
156.4,1.26455786606001,-0.194715697346197,1.12218889209001,1.66868619192161,-0.49753090943759,0.0663546709880342
156.5,1.26456015857852,-0.194715273071805,1.12219168419725,1.66869163730737,-0.497533988958015,0.0663557853236474
156.6,1.26456244819275,-0.194714849333928,1.12219447277523,1.66869707581122,-0.497537064600906,0.0663568982496014
156.7,1.26456473490821,-0.194714426131551,1.12219725783066,1.66870250744619,-0.497540136373582,0.066358009768569
156.8,1.26456701873042,-0.194714003463657,1.12220003937019,1.66870793222531,-0.497543204283343,0.0663591198832168
156.9,1.26456929966485,-0.194713581329236,1.12220281740049,1.66871335016153,-0.497546268337471,0.0663602285962048
157,1.26457157771699,-0.194713159727278,1.12220559192819,1.6687187612678,-0.49754932854323,0.0663613359101856
157.1,1.26457385289228,-0.194712738656776,1.12220836295991,1.66872416555703,-0.497552384907866,0.0663624418278054
157.2,1.26457612519618,-0.194712318116726,1.12221113050225,1.66872956304208,-0.497555437438606,0.0663635463517044
157.3,1.26457839463413,-0.194711898106127,1.12221389456181,1.6687349537358,-0.497558486142658,0.066364649484515
157.4,1.26458066121153,-0.194711478623978,1.12221665514514,1.66874033765101,-0.497561531027216,0.0663657512288639
157.5,1.26458292493379,-0.194711059669283,1.12221941225881,1.66874571480047,-0.49756457209945,0.0663668515873705
157.6,1.26458518580631,-0.194710641241048,1.12222216590935,1.66875108519694,-0.497567609366518,0.0663679505626484
157.7,1.26458744383446,-0.194710223338282,1.12222491610328,1.66875644885312,-0.497570642835556,0.0663690481573038
157.8,1.26458969902361,-0.194709805959995,1.1222276628471,1.6687618057817,-0.497573672513684,0.066370144373937
157.9,1.2645919513791,-0.1947093891052,1.12223040614732,1.66876715599533,-0.497576698408003,0.0663712392151413
158,1.26459420090628,-0.194708972772913,1.12223314601039,1.66877249950662,-0.497579720525598,0.0663723326835039
158.1,1.26459644761047,-0.194708556962153,1.12223588244277,1.66877783632817,-0.497582738873535,0.0663734247816051
158.2,1.26459869149697,-0.19470814167194,1.1222386154509,1.66878316647252,-0.497585753458862,0.0663745155120193
158.3,1.2646009325711,-0.194707726901296,1.12224134504121,1.66878848995221,-0.497588764288611,0.0663756048773139
158.4,1.26460317083812,-0.194707312649249,1.1222440712201,1.66879380677972,-0.497591771369795,0.0663766928800502
158.5,1.26460540630332,-0.194706898914825,1.12224679399396,1.66879911696751,-0.497594774709411,0.0663777795227828
158.6,1.26460763897195,-0.194706485697055,1.12224951336918,1.66880442052802,-0.497597774314438,0.0663788648080604
158.7,1.26460986884925,-0.194706072994972,1.1222522293521,1.66880971747364,-0.497600770191836,0.0663799487384249
158.8,1.26461209594045,-0.194705660807612,1.12225494194907,1.66881500781674,-0.49760376234855,0.066381031316412
158.9,1.26461432025078,-0.194705249134011,1.12225765116643,1.66882029156966,-0.497606750791507,0.0663821125445511
159,1.26461654178544,-0.19470483797321,1.12226035701048,1.6688255687447,-0.497609735527617,0.0663831924253653
159.1,1.26461876054962,-0.194704427324251,1.12226305948751,1.66883083935415,-0.497612716563772,0.0663842709613713
159.2,1.2646209765485,-0.19470401718618,1.12226575860382,1.66883610341024,-0.497615693906848,0.0663853481550798
159.3,1.26462318978724,-0.194703607558043,1.12226845436566,1.66884136092519,-0.497618667563704,0.066386424008995
159.4,1.26462540027101,-0.19470319843889,1.12227114677928,1.66884661191119,-0.49762163754118,0.0663874985256149
159.5,1.26462760800494,-0.194702789827773,1.12227383585092,1.66885185638039,-0.497624603846101,0.0663885717074315
159.6,1.26462981299416,-0.194702381723746,1.1222765215868,1.66885709434491,-0.497627566485276,0.0663896435569305
159.7,1.26463201524378,-0.194701974125865,1.12227920399312,1.66886232581685,-0.497630525465495,0.0663907140765911
159.8,1.26463421475891,-0.194701567033191,1.12228188307606,1.66886755080828,-0.497633480793532,0.0663917832688869
159.9,1.26463641154464,-0.194701160444784,1.12228455884181,1.66887276933122,-0.497636432476145,0.066392851136285
160,1.26463860560604,-0.194700754359707,1.12228723129651,1.66887798139768,-0.497639380520075,0.0663939176812468
160.1,1.26464079694818,-0.194700348777027,1.12228990044631,1.66888318701963,-0.497642324932045,0.0663949829062269
160.2,1.26464298557611,-0.194699943695812,1.12229256629734,1.66888838620903,-0.497645265718764,0.0663960468136745
160.3,1.26464517149487,-0.194699539115132,1.1222952288557,1.66889357897779,-0.497648202886923,0.0663971094060324
160.4,1.26464735470949,-0.19469913503406,1.1222978881275,1.66889876533779,-0.497651136443195,0.0663981706857374
160.5,1.26464953522498,-0.194698731451672,1.12230054411881,1.66890394530089,-0.49765406639424,0.0663992306552206
160.6,1.26465171304635,-0.194698328367045,1.1223031968357,1.66890911887891,-0.497656992746699,0.0664002893169066
160.7,1.26465388817859,-0.194697925779259,1.12230584628423,1.66891428608367,-0.497659915507199,0.0664013466732144
160.8,1.26465606062666,-0.194697523687395,1.12230849247043,1.66891944692692,-0.497662834682347,0.0664024027265567
160.9,1.26465823039555,-0.194697122090537,1.12231113540032,1.6689246014204,-0.497665750278738,0.0664034574793406
161,1.26466039749019,-0.194696720987773,1.1223137750799,1.66892974957584,-0.497668662302949,0.0664045109339673
161.1,1.26466256191554,-0.194696320378191,1.12231641151518,1.66893489140491,-0.49767157076154,0.0664055630928317
161.2,1.26466472367652,-0.194695920260881,1.12231904471213,1.66894002691926,-0.497674475661055,0.0664066139583228
161.3,1.26466688277804,-0.194695520634938,1.12232167467671,1.66894515613052,-0.497677377008025,0.0664076635328245
161.4,1.26466903922502,-0.194695121499456,1.12232430141486,1.6689502790503,-0.497680274808962,0.066408711818714
161.5,1.26467119302234,-0.194694722853534,1.12232692493253,1.66895539569015,-0.497683169070362,0.0664097588183631
161.6,1.26467334417489,-0.19469432469627,1.12232954523563,1.66896050606162,-0.497686059798708,0.0664108045341376
161.7,1.26467549268754,-0.194693927026767,1.12233216233007,1.66896561017621,-0.497688947000463,0.0664118489683975
161.8,1.26467763856513,-0.19469352984413,1.12233477622173,1.66897070804542,-0.497691830682078,0.0664128921234972
161.9,1.26467978181252,-0.194693133147464,1.1223373869165,1.66897579968071,-0.497694710849986,0.0664139340017851
162,1.26468192243453,-0.194692736935879,1.12233999442023,1.66898088509348,-0.497697587510606,0.0664149746056041
162.1,1.264684060436,-0.194692341208485,1.12234259873877,1.66898596429516,-0.49770046067034,0.0664160139372912
162.2,1.26468619582172,-0.194691945964395,1.12234519987795,1.6689910372971,-0.497703330335575,0.0664170519991776
162.3,1.2646883285965,-0.194691551202725,1.1223477978436,1.66899610411066,-0.497706196512682,0.0664180887935893
162.4,1.26469045876512,-0.194691156922591,1.12235039264151,1.66900116474715,-0.497709059208018,0.0664191243228459
162.5,1.26469258633235,-0.194690763123113,1.12235298427747,1.66900621921786,-0.497711918427922,0.0664201585892618
162.6,1.26469471130296,-0.194690369803413,1.12235557275727,1.66901126753405,-0.49771477417872,0.0664211915951458
162.7,1.2646968336817,-0.194689976962614,1.12235815808666,1.66901630970695,-0.497717626466721,0.066422223342801
162.8,1.26469895347331,-0.194689584599843,1.1223607402714,1.66902134574778,-0.497720475298221,0.0664232538345245
162.9,1.26470107068251,-0.194689192714227,1.12236331931721,1.6690263756677,-0.497723320679498,0.0664242830726083
163,1.26470318531403,-0.194688801304896,1.12236589522982,1.66903139947789,-0.497726162616817,0.066425311059339
163.1,1.26470529737256,-0.194688410370983,1.12236846801493,1.66903641718945,-0.497729001116425,0.0664263377969967
163.2,1.26470740686279,-0.194688019911622,1.12237103767824,1.66904142881349,-0.497731836184558,0.0664273632878571
163.3,1.26470951378942,-0.19468762992595,1.12237360422541,1.66904643436108,-0.497734667827433,0.0664283875341896
163.4,1.26471161815711,-0.194687240413104,1.12237616766213,1.66905143384326,-0.497737496051254,0.0664294105382584
163.5,1.26471371997052,-0.194686851372226,1.12237872799404,1.66905642727105,-0.497740320862211,0.0664304323023223
163.6,1.2647158192343,-0.194686462802459,1.12238128522677,1.66906141465545,-0.497743142266476,0.0664314528286342
163.7,1.26471791595308,-0.194686074702946,1.12238383936595,1.66906639600742,-0.497745960270209,0.0664324721194423
163.8,1.26472001013149,-0.194685687072835,1.1223863904172,1.66907137133789,-0.497748774879554,0.0664334901769883
163.9,1.26472210177415,-0.194685299911276,1.1223889383861,1.66907634065778,-0.497751586100639,0.0664345070035094
164,1.26472419088565,-0.194684913217418,1.12239148327824,1.66908130397797,-0.497754393939581,0.0664355226012372
164.1,1.26472627747059,-0.194684526990415,1.12239402509918,1.66908626130933,-0.497757198402477,0.0664365369723976
164.2,1.26472836153355,-0.194684141229422,1.1223965638545,1.66909121266268,-0.497759999495415,0.0664375501192112
164.3,1.2647304430791,-0.194683755933596,1.12239909954972,1.66909615804883,-0.497762797224463,0.0664385620438935
164.4,1.26473252211179,-0.194683371102096,1.12240163219038,1.66910109747856,-0.497765591595678,0.0664395727486545
164.5,1.26473459863618,-0.194682986734083,1.122404161782,1.66910603096263,-0.497768382615102,0.0664405822356988
164.6,1.2647366726568,-0.19468260282872,1.12240668833007,1.66911095851177,-0.497771170288762,0.0664415905072257
164.7,1.26473874417818,-0.194682219385174,1.12240921184009,1.66911588013668,-0.497773954622669,0.0664425975654297
164.8,1.26474081320483,-0.19468183640261,1.12241173231753,1.66912079584803,-0.497776735622822,0.0664436034124991
164.9,1.26474287974125,-0.194681453880198,1.12241424976786,1.66912570565649,-0.497779513295205,0.0664446080506175
165,1.26474494379195,-0.19468107181711,1.12241676419652,1.66913060957267,-0.497782287645788,0.0664456114819635
165.1,1.26474700536139,-0.194680690212518,1.12241927560896,1.66913550760717,-0.497785058680525,0.0664466137087098
165.2,1.26474906445406,-0.194680309065597,1.12242178401059,1.66914039977057,-0.497787826405358,0.0664476147330245
165.3,1.2647511210744,-0.194679928375526,1.12242428940683,1.66914528607343,-0.497790590826212,0.0664486145570702
165.4,1.26475317522689,-0.194679548141482,1.12242679180308,1.66915016652626,-0.497793351949002,0.0664496131830044
165.5,1.26475522691594,-0.194679168362647,1.12242929120472,1.66915504113956,-0.497796109779625,0.0664506106129791
165.6,1.264757276146,-0.194678789038204,1.12243178761712,1.66915990992382,-0.497798864323966,0.0664516068491419
165.7,1.26475932292147,-0.194678410167338,1.12243428104565,1.66916477288947,-0.497801615587895,0.0664526018936345
165.8,1.26476136724677,-0.194678031749235,1.12243677149564,1.66916963004695,-0.497804363577269,0.0664535957485939
165.9,1.2647634091263,-0.194677653783086,1.12243925897244,1.66917448140665,-0.49780710829793,0.0664545884161518
166,1.26476544856443,-0.19467727626808,1.12244174348136,1.66917932697894,-0.497809849755708,0.0664555798984349
166.1,1.26476748556555,-0.194676899203411,1.12244422502772,1.66918416677419,-0.497812587956416,0.0664565701975649
166.2,1.26476952013402,-0.194676522588272,1.1224467036168,1.6691890008027,-0.497815322905856,0.0664575593156582
166.3,1.2647715522742,-0.194676146421861,1.12244917925389,1.66919382907479,-0.497818054609815,0.0664585472548266
166.4,1.26477358199044,-0.194675770703377,1.12245165194427,1.66919865160073,-0.497820783074067,0.0664595340171763
166.5,1.26477560928705,-0.194675395432018,1.12245412169319,1.66920346839077,-0.497823508304371,0.0664605196048088
166.6,1.26477763416838,-0.194675020606989,1.12245658850589,1.66920827945514,-0.497826230306474,0.0664615040198207
166.7,1.26477965663873,-0.194674646227493,1.12245905238762,1.66921308480404,-0.497828949086108,0.0664624872643035
166.8,1.26478167670241,-0.194674272292736,1.12246151334358,1.66921788444765,-0.497831664648993,0.0664634693403434
166.9,1.26478369436371,-0.194673898801926,1.12246397137899,1.66922267839613,-0.497834377000832,0.0664644502500222
167,1.26478570962691,-0.194673525754273,1.12246642649904,1.6692274666596,-0.49783708614732,0.0664654299954165
167.1,1.26478772249629,-0.194673153148989,1.12246887870892,1.66923224924817,-0.497839792094134,0.0664664085785979
167.2,1.2647897329761,-0.194672780985287,1.1224713280138,1.66923702617193,-0.497842494846939,0.0664673860016332
167.3,1.26479174107061,-0.194672409262383,1.12247377441884,1.66924179744094,-0.497845194411388,0.0664683622665842
167.4,1.26479374678406,-0.194672037979494,1.12247621792918,1.66924656306522,-0.497847890793117,0.066469337375508
167.5,1.26479575012066,-0.194671667135839,1.12247865854996,1.66925132305479,-0.497850583997754,0.0664703113304568
167.6,1.26479775108466,-0.19467129673064,1.1224810962863,1.66925607741964,-0.49785327403091,0.0664712841334776
167.7,1.26479974968026,-0.19467092676312,1.12248353114332,1.66926082616973,-0.497855960898183,0.0664722557866133
167.8,1.26480174591167,-0.194670557232502,1.1224859631261,1.669265569315,-0.497858644605158,0.0664732262919008
167.9,1.26480373978307,-0.194670188138013,1.12248839223974,1.66927030686537,-0.49786132515741,0.0664741956513735
168,1.26480573129864,-0.194669819478883,1.12249081848932,1.66927503883074,-0.497864002560496,0.066475163867059
168.1,1.26480772046258,-0.19466945125434,1.12249324187988,1.66927976522097,-0.497866676819963,0.0664761309409807
168.2,1.26480970727902,-0.194669083463618,1.12249566241649,1.6692844860459,-0.497869347941344,0.066477096875157
168.3,1.26481169175214,-0.194668716105949,1.12249808010418,1.66928920131538,-0.497872015930159,0.0664780616716016
168.4,1.26481367388606,-0.19466834918057,1.12250049494798,1.66929391103918,-0.497874680791917,0.0664790253323235
168.5,1.26481565368493,-0.194667982686718,1.12250290695291,1.6692986152271,-0.49787734253211,0.0664799878593268
168.6,1.26481763115287,-0.194667616623631,1.12250531612396,1.66930331388889,-0.497880001156222,0.0664809492546111
168.7,1.26481960629399,-0.194667250990552,1.12250772246613,1.66930800703427,-0.497882656669719,0.0664819095201711
168.8,1.26482157911239,-0.194666885786722,1.1225101259844,1.66931269467297,-0.49788530907806,0.0664828686579971
168.9,1.26482354961218,-0.194666521011387,1.12251252668374,1.66931737681466,-0.497887958386686,0.0664838266700743
169,1.26482551779744,-0.194666156663793,1.12251492456909,1.669322053469,-0.497890604601028,0.0664847835583837
169.1,1.26482748367224,-0.194665792743187,1.12251731964542,1.66932672464565,-0.497893247726504,0.0664857393249014
169.2,1.26482944724064,-0.194665429248819,1.12251971191764,1.66933139035421,-0.497895887768519,0.0664866939715988
169.3,1.26483140850671,-0.194665066179942,1.12252210139069,1.66933605060429,-0.497898524732466,0.0664876475004429
169.4,1.2648333674745,-0.194664703535808,1.12252448806947,1.66934070540545,-0.497901158623725,0.0664885999133959
169.5,1.26483532414803,-0.194664341315673,1.12252687195888,1.66934535476725,-0.497903789447662,0.0664895512124157
169.6,1.26483727853134,-0.194663979518793,1.12252925306381,1.66934999869922,-0.497906417209634,0.0664905013994552
169.7,1.26483923062844,-0.194663618144428,1.12253163138913,1.66935463721086,-0.497909041914982,0.0664914504764632
169.8,1.26484118044335,-0.194663257191837,1.1225340069397,1.66935927031165,-0.497911663569037,0.0664923984453835
169.9,1.26484312798007,-0.194662896660281,1.12253637972039,1.66936389801107,-0.497914282177116,0.0664933453081556
170,1.26484507324258,-0.194662536549026,1.12253874973603,1.66936852031854,-0.497916897744525,0.0664942910667146
170.1,1.26484701623486,-0.194662176857337,1.12254111699146,1.6693731372435,-0.497919510276557,0.0664952357229909
170.2,1.2648489569609,-0.19466181758448,1.12254348149148,1.66937774879532,-0.497922119778492,0.0664961792789103
170.3,1.26485089542465,-0.194661458729725,1.12254584324092,1.6693823549834,-0.4979247262556,0.0664971217363944
170.4,1.26485283163006,-0.194661100292342,1.12254820224456,1.66938695581707,-0.497927329713135,0.0664980630973602
170.5,1.26485476558108,-0.194660742271603,1.1225505585072,1.66939155130568,-0.497929930156344,0.0664990033637201
170.6,1.26485669728164,-0.194660384666783,1.1225529120336,1.66939614145853,-0.497932527590456,0.0664999425373823
170.7,1.26485862673567,-0.194660027477157,1.12255526282854,1.66940072628491,-0.497935122020693,0.0665008806202505
170.8,1.26486055394709,-0.194659670702002,1.12255761089675,1.66940530579408,-0.497937713452262,0.0665018176142238
170.9,1.26486247891981,-0.194659314340598,1.12255995624299,1.66940987999529,-0.49794030189036,0.0665027535211972
171,1.26486440165771,-0.194658958392225,1.12256229887199,1.66941444889776,-0.497942887340169,0.0665036883430609
171.1,1.2648663221647,-0.194658602856165,1.12256463878846,1.6694190125107,-0.497945469806861,0.0665046220817011
171.2,1.26486824044465,-0.194658247731703,1.12256697599711,1.66942357084328,-0.497948049295598,0.0665055547389995
171.3,1.26487015650143,-0.194657893018124,1.12256931050264,1.66942812390466,-0.497950625811526,0.0665064863168335
171.4,1.26487207033891,-0.194657538714715,1.12257164230974,1.66943267170399,-0.497953199359782,0.0665074168170757
171.5,1.26487398196094,-0.194657184820765,1.12257397142308,1.66943721425038,-0.497955769945489,0.0665083462415953
171.6,1.26487589137137,-0.194656831335566,1.12257629784734,1.66944175155291,-0.497958337573762,0.0665092745922563
171.7,1.26487779857402,-0.194656478258409,1.12257862158715,1.66944628362068,-0.4979609022497,0.0665102018709188
171.8,1.26487970357274,-0.194656125588588,1.12258094264717,1.66945081046274,-0.497963463978392,0.0665111280794386
171.9,1.26488160637132,-0.194655773325399,1.12258326103203,1.66945533208811,-0.497966022764917,0.0665120532196672
172,1.2648835069736,-0.194655421468138,1.12258557674635,1.6694598485058,-0.497968578614339,0.0665129772934515
172.1,1.26488540538336,-0.194655070016105,1.12258788979474,1.66946435972482,-0.497971131531713,0.0665139003026347
172.2,1.26488730160439,-0.1946547189686,1.1225902001818,1.66946886575413,-0.497973681522081,0.0665148222490555
172.3,1.26488919564049,-0.194654368324925,1.12259250791213,1.66947336660269,-0.497976228590474,0.0665157431345483
172.4,1.26489108749542,-0.194654018084383,1.12259481299031,1.66947786227941,-0.497978772741912,0.0665166629609432
172.5,1.26489297717295,-0.194653668246279,1.1225971154209,1.66948235279321,-0.497981313981402,0.0665175817300664
172.6,1.26489486467683,-0.194653318809921,1.12259941520846,1.66948683815299,-0.497983852313942,0.0665184994437397
172.7,1.26489675001082,-0.194652969774617,1.12260171235754,1.6694913183676,-0.497986387744515,0.0665194161037808
172.8,1.26489863317866,-0.194652621139677,1.12260400687268,1.6694957934459,-0.497988920278097,0.066520331712003
172.9,1.26490051418407,-0.194652272904412,1.12260629875841,1.66950026339671,-0.497991449919648,0.066521246270216
173,1.26490239303078,-0.194651925068135,1.12260858801924,1.66950472822884,-0.497993976674121,0.0665221597802244
173.1,1.2649042697225,-0.194651577630161,1.12261087465968,1.66950918795108,-0.497996500546454,0.0665230722438297
173.2,1.26490614426294,-0.194651230589807,1.12261315868423,1.66951364257219,-0.497999021541577,0.0665239836628286
173.3,1.26490801665579,-0.194650883946389,1.12261544009737,1.66951809210093,-0.498001539664406,0.0665248940390141
173.4,1.26490988690474,-0.194650537699228,1.12261771890358,1.66952253654602,-0.498004054919847,0.0665258033741747
173.5,1.26491175501348,-0.194650191847645,1.12261999510733,1.66952697591616,-0.498006567312796,0.0665267116700951
173.6,1.26491362098568,-0.194649846390961,1.12262226871307,1.66953141022005,-0.498009076848135,0.066527618928556
173.7,1.26491548482499,-0.194649501328502,1.12262453972524,1.66953583946636,-0.498011583530738,0.0665285251513335
173.8,1.26491734653507,-0.194649156659592,1.12262680814828,1.66954026366372,-0.498014087365466,0.0665294303402003
173.9,1.26491920611958,-0.194648812383558,1.12262907398662,1.66954468282077,-0.49801658835717,0.0665303344969247
174,1.26492106358214,-0.19464846849973,1.12263133724468,1.66954909694612,-0.498019086510688,0.066531237623271
174.1,1.26492291892639,-0.194648125007437,1.12263359792685,1.66955350604835,-0.49802158183085,0.0665321397209996
174.2,1.26492477215594,-0.194647781906012,1.12263585603753,1.66955791013604,-0.498024074322473,0.0665330407918668
174.3,1.26492662327442,-0.194647439194786,1.1226381115811,1.66956230921773,-0.498026563990364,0.0665339408376249
174.4,1.26492847228543,-0.194647096873096,1.12264036456196,1.66956670330196,-0.498029050839318,0.0665348398600222
174.5,1.26493031919256,-0.194646754940277,1.12264261498444,1.66957109239723,-0.49803153487412,0.0665357378608032
174.6,1.26493216399941,-0.194646413395667,1.12264486285292,1.66957547651204,-0.498034016099545,0.0665366348417083
174.7,1.26493400670954,-0.194646072238606,1.12264710817174,1.66957985565487,-0.498036494520355,0.0665375308044738
174.8,1.26493584732655,-0.194645731468434,1.12264935094523,1.66958422983415,-0.498038970141304,0.0665384257508323
174.9,1.26493768585399,-0.194645391084492,1.12265159117772,1.66958859905834,-0.498041442967132,0.0665393196825123
175,1.26493952229541,-0.194645051086127,1.12265382887352,1.66959296333584,-0.498043913002572,0.0665402126012386
175.1,1.26494135665437,-0.194644711472681,1.12265606403695,1.66959732267504,-0.498046380252343,0.0665411045087318
175.2,1.2649431889344,-0.194644372243502,1.12265829667229,1.66960167708434,-0.498048844721155,0.0665419954067089
175.3,1.26494501913904,-0.194644033397938,1.12266052678383,1.66960602657207,-0.498051306413708,0.066542885296883
175.4,1.26494684727181,-0.194643694935339,1.12266275437586,1.66961037114659,-0.498053765334689,0.0665437741809629
175.5,1.26494867333623,-0.194643356855057,1.12266497945263,1.66961471081622,-0.498056221488778,0.0665446620606541
175.6,1.26495049733581,-0.194643019156443,1.12266720201842,1.66961904558925,-0.498058674880641,0.0665455489376578
175.7,1.26495231927404,-0.194642681838851,1.12266942207745,1.66962337547397,-0.498061125514936,0.0665464348136718
175.8,1.26495413915442,-0.194642344901637,1.12267163963398,1.66962770047864,-0.498063573396308,0.0665473196903895
175.9,1.26495595698044,-0.194642008344159,1.12267385469222,1.6696320206115,-0.498066018529395,0.066548203569501
176,1.26495777275556,-0.194641672165774,1.12267606725641,1.6696363358808,-0.498068460918822,0.0665490864526924
176.1,1.26495958648326,-0.194641336365842,1.12267827733075,1.66964064629472,-0.498070900569204,0.0665499683416459
176.2,1.26496139816701,-0.194641000943725,1.12268048491944,1.66964495186147,-0.498073337485146,0.06655084923804
176.3,1.26496320781024,-0.194640665898785,1.12268269002668,1.66964925258921,-0.498075771671244,0.0665517291435497
176.4,1.26496501541642,-0.194640331230387,1.12268489265663,1.66965354848611,-0.49807820313208,0.0665526080598456
176.5,1.26496682098896,-0.194639996937896,1.12268709281349,1.66965783956028,-0.49808063187223,0.0665534859885952
176.6,1.26496862453132,-0.194639663020678,1.1226892905014,1.66966212581986,-0.498083057896257,0.0665543629314618
176.7,1.2649704260469,-0.194639329478104,1.12269148572452,1.66966640727293,-0.498085481208716,0.0665552388901052
176.8,1.26497222553913,-0.194638996309542,1.12269367848701,1.66967068392759,-0.498087901814148,0.0665561138661815
176.9,1.2649740230114,-0.194638663514363,1.12269586879298,1.66967495579188,-0.498090319717089,0.0665569878613429
177,1.26497581846713,-0.194638331091941,1.12269805664657,1.66967922287386,-0.498092734922061,0.066557860877238
177.1,1.26497761190969,-0.194637999041649,1.12270024205189,1.66968348518155,-0.498095147433577,0.0665587329155116
177.2,1.26497940334248,-0.194637667362864,1.12270242501306,1.66968774272296,-0.498097557256141,0.0665596039778051
177.3,1.26498119276887,-0.19463733605496,1.12270460553416,1.66969199550608,-0.498099964394245,0.0665604740657559
177.4,1.26498298019222,-0.194637005117318,1.12270678361929,1.66969624353888,-0.498102368852373,0.0665613431809981
177.5,1.26498476561591,-0.194636674549317,1.12270895927253,1.66970048682932,-0.498104770634997,0.0665622113251618
177.6,1.26498654904329,-0.194636344350338,1.12271113249794,1.66970472538534,-0.498107169746582,0.0665630784998735
177.7,1.26498833047769,-0.194636014519762,1.1227133032996,1.66970895921484,-0.498109566191579,0.0665639447067564
177.8,1.26499010992246,-0.194635685056974,1.12271547168155,1.66971318832574,-0.498111959974433,0.0665648099474296
177.9,1.26499188738094,-0.19463535596136,1.12271763764783,1.66971741272592,-0.498114351099577,0.0665656742235091
178,1.26499366285644,-0.194635027232305,1.12271980120249,1.66972163242325,-0.498116739571434,0.0665665375366068
178.1,1.26499543635228,-0.194634698869198,1.12272196234954,1.66972584742557,-0.498119125394419,0.0665673998883314
178.2,1.26499720787177,-0.194634370871428,1.122724121093,1.66973005774072,-0.498121508572935,0.0665682612802878
178.3,1.26499897741822,-0.194634043238385,1.12272627743688,1.6697342633765,-0.498123889111376,0.0665691217140773
178.4,1.26500074499491,-0.194633715969462,1.12272843138518,1.66973846434072,-0.498126267014128,0.066569981191298
178.5,1.26500251060514,-0.194633389064051,1.12273058294189,1.66974266064116,-0.498128642285565,0.0665708397135438
178.6,1.26500427425218,-0.194633062521548,1.12273273211099,1.66974685228558,-0.498131014930052,0.0665716972824056
178.7,1.2650060359393,-0.194632736341348,1.12273487889644,1.66975103928171,-0.498133384951944,0.0665725538994709
178.8,1.26500779566978,-0.19463241052285,1.12273702330223,1.6697552216373,-0.498135752355589,0.066573409566323
178.9,1.26500955344687,-0.19463208506545,1.12273916533229,1.66975939936005,-0.498138117145321,0.0665742642845424
179,1.26501130927381,-0.194631759968551,1.12274130499058,1.66976357245766,-0.498140479325468,0.0665751180557054
179.1,1.26501306315386,-0.194631435231552,1.12274344228103,1.66976774093779,-0.498142838900346,0.0665759708813856
179.2,1.26501481509026,-0.194631110853857,1.12274557720757,1.66977190480812,-0.498145195874264,0.0665768227631522
179.3,1.26501656508621,-0.19463078683487,1.12274770977412,1.66977606407628,-0.498147550251519,0.0665776737025719
179.4,1.26501831314497,-0.194630463173995,1.1227498399846,1.6697802187499,-0.498149902036401,0.0665785237012073
179.5,1.26502005926972,-0.194630139870641,1.12275196784289,1.66978436883659,-0.498152251233189,0.0665793727606176
179.6,1.2650218034637,-0.194629816924213,1.1227540933529,1.66978851434393,-0.498154597846152,0.0665802208823588
179.7,1.26502354573008,-0.194629494334123,1.12275621651852,1.66979265527952,-0.49815694187955,0.0665810680679832
179.8,1.26502528607208,-0.19462917209978,1.12275833734362,1.66979679165089,-0.498159283337636,0.06658191431904
179.9,1.26502702449286,-0.194628850220596,1.12276045583206,1.66980092346561,-0.498161622224651,0.0665827596370747
180,1.26502876099563,-0.194628528695984,1.12276257198771,1.66980505073118,-0.498163958544826,0.0665836040236294
180.1,1.26503049558354,-0.19462820752536,1.12276468581441,1.66980917345512,-0.498166292302386,0.066584447480243
180.2,1.26503222825976,-0.194627886708137,1.12276679731602,1.66981329164493,-0.498168623501545,0.066585290008451
180.3,1.26503395902746,-0.194627566243735,1.12276890649636,1.66981740530808,-0.498170952146506,0.0665861316097851
180.4,1.26503568788977,-0.19462724613157,1.12277101335926,1.66982151445202,-0.498173278241466,0.0665869722857743
180.5,1.26503741484986,-0.194626926371063,1.12277311790854,1.6698256190842,-0.498175601790611,0.0665878120379436
180.6,1.26503913991084,-0.194626606961634,1.12277522014801,1.66982971921205,-0.498177922798117,0.066588650867815
180.7,1.26504086307587,-0.194626287902705,1.12277732008146,1.66983381484298,-0.498180241268154,0.0665894887769073
180.8,1.26504258434805,-0.1946259691937,1.12277941771269,1.66983790598438,-0.498182557204879,0.0665903257667357
180.9,1.26504430373052,-0.194625650834044,1.12278151304549,1.66984199264364,-0.498184870612443,0.0665911618388121
181,1.26504602122636,-0.194625332823162,1.12278360608362,1.6698460748281,-0.498187181494986,0.066591996994645
181.1,1.2650477368387,-0.194625015160481,1.12278569683086,1.66985015254512,-0.49818948985664,0.0665928312357401
181.2,1.26504945057063,-0.194624697845431,1.12278778529096,1.66985422580203,-0.498191795701527,0.066593664563599
181.3,1.26505116242524,-0.19462438087744,1.12278987146768,1.66985829460614,-0.498194099033763,0.0665944969797206
181.4,1.2650528724056,-0.19462406425594,1.12279195536476,1.66986235896474,-0.49819639985745,0.0665953284856005
181.5,1.2650545805148,-0.194623747980362,1.12279403698593,1.66986641888513,-0.498198698176685,0.066596159082731
181.6,1.26505628675591,-0.194623432050141,1.12279611633493,1.66987047437456,-0.498200993995556,0.0665969887726007
181.7,1.26505799113199,-0.19462311646471,1.12279819341546,1.66987452544029,-0.498203287318139,0.0665978175566953
181.8,1.26505969364609,-0.194622801223506,1.12280026823123,1.66987857208955,-0.498205578148505,0.0665986454364975
181.9,1.26506139430127,-0.194622486325966,1.12280234078596,1.66988261432955,-0.498207866490712,0.0665994724134865
182,1.26506309310056,-0.194622171771528,1.12280441108333,1.66988665216751,-0.498210152348814,0.0666002984891381
182.1,1.26506479004701,-0.194621857559632,1.12280647912704,1.66989068561061,-0.498212435726853,0.0666011236649252
182.2,1.26506648514365,-0.194621543689718,1.12280854492075,1.66989471466601,-0.498214716628862,0.0666019479423172
182.3,1.26506817839349,-0.194621230161228,1.12281060846814,1.66989873934088,-0.498216995058866,0.0666027713227807
182.4,1.26506986979955,-0.194620916973606,1.12281266977286,1.66990275964235,-0.498219271020883,0.0666035938077788
182.5,1.26507155936485,-0.194620604126296,1.12281472883859,1.66990677557755,-0.49822154451892,0.0666044153987715
182.6,1.26507324709239,-0.194620291618744,1.12281678566895,1.6699107871536,-0.498223815556977,0.0666052360972156
182.7,1.26507493298515,-0.194619979450396,1.12281884026759,1.66991479437757,-0.498226084139042,0.0666060559045648
182.8,1.26507661704614,-0.194619667620701,1.12282089263814,1.66991879725656,-0.4982283502691,0.0666068748222694
182.9,1.26507829927834,-0.194619356129108,1.12282294278422,1.66992279579762,-0.498230613951122,0.0666076928517772
183,1.26507997968473,-0.194619044975067,1.12282499070944,1.6699267900078,-0.498232875189073,0.0666085099945319
183.1,1.26508165826827,-0.194618734158029,1.12282703641742,1.66993077989413,-0.49823513398691,0.0666093262519749
183.2,1.26508333503193,-0.194618423677448,1.12282907991175,1.66993476546364,-0.49823739034858,0.0666101416255443
183.3,1.26508500997866,-0.194618113532778,1.12283112119602,1.66993874672332,-0.498239644278022,0.0666109561166746
183.4,1.26508668311143,-0.194617803723473,1.12283316027381,1.66994272368016,-0.498241895779166,0.0666117697267978
183.5,1.26508835443317,-0.194617494248991,1.12283519714871,1.66994669634113,-0.498244144855935,0.0666125824573426
183.6,1.26509002394683,-0.194617185108787,1.12283723182427,1.66995066471319,-0.498246391512243,0.0666133943097344
183.7,1.26509169165533,-0.194616876302323,1.12283926430406,1.66995462880329,-0.498248635751994,0.0666142052853957
183.8,1.26509335756161,-0.194616567829056,1.12284129459164,1.66995858861834,-0.498250877579086,0.066615015385746
183.9,1.26509502166857,-0.194616259688448,1.12284332269054,1.66996254416526,-0.498253116997407,0.0666158246122018
184,1.26509668397915,-0.194615951879962,1.12284534860431,1.66996649545094,-0.498255354010836,0.0666166329661762
184.1,1.26509834449623,-0.19461564440306,1.12284737233647,1.66997044248228,-0.498257588623247,0.0666174404490794
184.2,1.26510000322273,-0.194615337257208,1.12284939389054,1.66997438526613,-0.498259820838502,0.066618247062319
184.3,1.26510166016154,-0.19461503044187,1.12285141327004,1.66997832380935,-0.498262050660456,0.0666190528072987
184.4,1.26510331531554,-0.194614723956514,1.12285343047848,1.66998225811878,-0.498264278092957,0.0666198576854199
184.5,1.26510496868763,-0.194614417800607,1.12285544551936,1.66998618820124,-0.498266503139843,0.066620661698081
184.6,1.26510662028067,-0.194614111973619,1.12285745839616,1.66999011406353,-0.498268725804945,0.0666214648466767
184.7,1.26510827009753,-0.19461380647502,1.12285946911238,1.66999403571246,-0.498270946092084,0.0666222671325994
184.8,1.26510991814109,-0.194613501304281,1.12286147767148,1.66999795315479,-0.498273164005076,0.0666230685572384
184.9,1.26511156441419,-0.194613196460874,1.12286348407695,1.67000186639731,-0.498275379547726,0.0666238691219797
185,1.26511320891969,-0.194612891944274,1.12286548833223,1.67000577544675,-0.498277592723831,0.0666246688282066
185.1,1.26511485166043,-0.194612587753955,1.12286749044079,1.67000968030985,-0.498279803537182,0.0666254676772991
185.2,1.26511649263925,-0.194612283889392,1.12286949040607,1.67001358099334,-0.49828201199156,0.0666262656706348
185.3,1.26511813185899,-0.194611980350064,1.12287148823151,1.67001747750391,-0.498284218090739,0.066627062809588
185.4,1.26511976932247,-0.194611677135448,1.12287348392054,1.67002136984827,-0.498286421838484,0.0666278590955299
185.5,1.26512140503252,-0.194611374245023,1.1228754774766,1.67002525803309,-0.498288623238552,0.0666286545298292
185.6,1.26512303899194,-0.19461107167827,1.12287746890309,1.67002914206504,-0.498290822294694,0.0666294491138512
185.7,1.26512467120355,-0.194610769434669,1.12287945820343,1.67003302195076,-0.498293019010651,0.0666302428489588
185.8,1.26512630167016,-0.194610467513705,1.12288144538102,1.67003689769689,-0.498295213390155,0.0666310357365116
185.9,1.26512793039454,-0.19461016591486,1.12288343043925,1.67004076931006,-0.498297405436934,0.0666318277778663
186,1.26512955737951,-0.194609864637619,1.12288541338152,1.67004463679686,-0.498299595154705,0.066632618974377
186.1,1.26513118262784,-0.194609563681468,1.12288739421121,1.6700485001639,-0.498301782547176,0.0666334093273946
186.2,1.26513280614231,-0.194609263045893,1.12288937293169,1.67005235941775,-0.498303967618051,0.0666341988382673
186.3,1.2651344279257,-0.194608962730384,1.12289134954632,1.67005621456498,-0.498306150371024,0.0666349875083403
186.4,1.26513604798077,-0.194608662734429,1.12289332405848,1.67006006561213,-0.49830833080978,0.0666357753389561
186.5,1.26513766631028,-0.194608363057519,1.1228952964715,1.67006391256576,-0.498310508937998,0.0666365623314543
186.6,1.26513928291699,-0.194608063699144,1.12289726678874,1.67006775543237,-0.498312684759349,0.0666373484871716
186.7,1.26514089780365,-0.194607764658797,1.12289923501354,1.67007159421848,-0.498314858277495,0.0666381338074417
186.8,1.265142510973,-0.194607465935971,1.12290120114922,1.67007542893059,-0.498317029496092,0.0666389182935958
186.9,1.26514412242778,-0.194607167530162,1.12290316519911,1.67007925957518,-0.498319198418787,0.0666397019469622
187,1.26514573217073,-0.194606869440865,1.12290512716653,1.67008308615871,-0.498321365049221,0.066640484768866
187.1,1.26514734020456,-0.194606571667576,1.12290708705478,1.67008690868764,-0.498323529391023,0.0666412667606301
187.2,1.265148946532,-0.194606274209793,1.12290904486718,1.67009072716842,-0.49832569144782,0.0666420479235741
187.3,1.26515055115577,-0.194605977067016,1.12291100060702,1.67009454160746,-0.498327851223227,0.0666428282590149
187.4,1.26515215407857,-0.194605680238743,1.12291295427758,1.67009835201118,-0.498330008720855,0.0666436077682668
187.5,1.2651537553031,-0.194605383724476,1.12291490588216,1.67010215838599,-0.498332163944303,0.0666443864526413
187.6,1.26515535483207,-0.194605087523717,1.12291685542401,1.67010596073827,-0.498334316897167,0.0666451643134468
187.7,1.26515695266816,-0.194604791635968,1.12291880290642,1.67010975907439,-0.498336467583032,0.0666459413519895
187.8,1.26515854881407,-0.194604496060735,1.12292074833265,1.67011355340071,-0.498338616005476,0.0666467175695722
187.9,1.26516014327246,-0.194604200797522,1.12292269170595,1.67011734372357,-0.498340762168072,0.0666474929674954
188,1.26516173604603,-0.194603905845836,1.12292463302956,1.67012113004932,-0.498342906074384,0.0666482675470568
188.1,1.26516332713742,-0.194603611205182,1.12292657230673,1.67012491238427,-0.498345047727966,0.0666490413095511
188.2,1.26516491654932,-0.194603316875071,1.12292850954069,1.67012869073473,-0.498347187132368,0.0666498142562705
188.3,1.26516650428437,-0.194603022855011,1.12293044473468,1.67013246510698,-0.498349324291131,0.0666505863885046
188.4,1.26516809034524,-0.194602729144512,1.1229323778919,1.67013623550732,-0.498351459207789,0.0666513577075398
188.5,1.26516967473455,-0.194602435743086,1.12293430901558,1.670140001942,-0.498353591885869,0.0666521282146602
188.6,1.26517125745497,-0.194602142650246,1.12293623810892,1.67014376441727,-0.498355722328889,0.0666528979111472
188.7,1.26517283850911,-0.194601849865504,1.12293816517513,1.67014752293939,-0.498357850540362,0.0666536667982794
188.8,1.26517441789962,-0.194601557388375,1.12294009021738,1.67015127751457,-0.498359976523791,0.0666544348773326
188.9,1.26517599562912,-0.194601265218375,1.12294201323888,1.67015502814904,-0.498362100282673,0.0666552021495802
189,1.26517757170022,-0.19460097335502,1.12294393424281,1.67015877484898,-0.498364221820499,0.0666559686162926
189.1,1.26517914611554,-0.194600681797827,1.12294585323232,1.67016251762059,-0.49836634114075,0.0666567342787378
189.2,1.26518071887769,-0.194600390546316,1.1229477702106,1.67016625647005,-0.498368458246902,0.0666574991381809
189.3,1.26518228998926,-0.194600099600005,1.12294968518081,1.67016999140351,-0.498370573142422,0.0666582631958846
189.4,1.26518385945286,-0.194599808958415,1.12295159814609,1.67017372242713,-0.498372685830772,0.0666590264531089
189.5,1.26518542727108,-0.194599518621068,1.12295350910959,1.67017744954703,-0.498374796315404,0.0666597889111109
189.6,1.26518699344651,-0.194599228587486,1.12295541807446,1.67018117276935,-0.498376904599765,0.0666605505711453
189.7,1.26518855798172,-0.194598938857193,1.12295732504382,1.6701848921002,-0.498379010687293,0.0666613114344644
189.8,1.26519012087928,-0.194598649429713,1.12295923002081,1.67018860754567,-0.498381114581421,0.0666620715023173
189.9,1.26519168214178,-0.194598360304572,1.12296113300855,1.67019231911185,-0.498383216285573,0.0666628307759509
190,1.26519324177177,-0.194598071481296,1.12296303401015,1.67019602680481,-0.498385315803168,0.0666635892566096
190.1,1.26519479977182,-0.194597782959413,1.12296493302871,1.6701997306306,-0.498387413137614,0.0666643469455347
190.2,1.26519635614447,-0.194597494738451,1.12296683006734,1.67020343059529,-0.498389508292316,0.0666651038439655
190.3,1.26519791089228,-0.19459720681794,1.12296872512914,1.67020712670489,-0.49839160127067,0.0666658599531385
190.4,1.26519946401778,-0.19459691919741,1.12297061821719,1.67021081896544,-0.498393692076066,0.0666666152742871
190.5,1.26520101552353,-0.194596631876393,1.12297250933458,1.67021450738295,-0.498395780711885,0.0666673698086429
190.6,1.26520256541204,-0.19459634485442,1.12297439848437,1.6702181919634,-0.498397867181502,0.0666681235574346
190.7,1.26520411368585,-0.194596058131026,1.12297628566964,1.67022187271279,-0.498399951488287,0.0666688765218885
190.8,1.26520566034748,-0.194595771705744,1.12297817089346,1.67022554963708,-0.498402033635599,0.0666696287032279
190.9,1.26520720539944,-0.194595485578111,1.12298005415887,1.67022922274224,-0.498404113626794,0.0666703801026742
191,1.26520874884425,-0.194595199747662,1.12298193546893,1.67023289203421,-0.498406191465219,0.0666711307214458
191.1,1.26521029068441,-0.194594914213934,1.12298381482669,1.67023655751893,-0.498408267154214,0.0666718805607585
191.2,1.26521183092243,-0.194594628976466,1.12298569223517,1.67024021920233,-0.498410340697112,0.0666726296218261
191.3,1.2652133695608,-0.194594344034797,1.12298756769741,1.6702438770903,-0.498412412097241,0.0666733779058593
191.4,1.26521490660201,-0.194594059388467,1.12298944121644,1.67024753118875,-0.498414481357919,0.0666741254140668
191.5,1.26521644204855,-0.194593775037017,1.12299131279527,1.67025118150356,-0.498416548482461,0.0666748721476543
191.6,1.26521797590289,-0.194593490979989,1.12299318243692,1.67025482804062,-0.498418613474171,0.0666756181078255
191.7,1.26521950816751,-0.194593207216926,1.12299505014439,1.67025847080577,-0.498420676336349,0.0666763632957813
191.8,1.26522103884489,-0.194592923747373,1.12299691592068,1.67026210980487,-0.498422737072288,0.06667710771272
191.9,1.26522256793749,-0.194592640570873,1.12299877976879,1.67026574504376,-0.498424795685273,0.0666778513598376
192,1.26522409544776,-0.194592357686972,1.1230006416917,1.67026937652826,-0.498426852178583,0.0666785942383279
192.1,1.26522562137816,-0.194592075095218,1.1230025016924,1.67027300426418,-0.498428906555491,0.0666793363493818
192.2,1.26522714573115,-0.194591792795157,1.12300435977385,1.67027662825734,-0.49843095881926,0.0666800776941876
192.3,1.26522866850916,-0.19459151078634,1.12300621593904,1.6702802485135,-0.498433008973151,0.066680818273932
192.4,1.26523018971464,-0.194591229068314,1.12300807019091,1.67028386503846,-0.498435057020416,0.0666815580897983
192.5,1.26523170935002,-0.194590947640631,1.12300992253244,1.67028747783798,-0.498437102964298,0.0666822971429678
192.6,1.26523322741773,-0.194590666502842,1.12301177296656,1.6702910869178,-0.498439146808038,0.0666830354346195
192.7,1.2652347439202,-0.194590385654499,1.12301362149623,1.67029469228368,-0.498441188554867,0.0666837729659296
192.8,1.26523625885984,-0.194590105095156,1.12301546812438,1.67029829394135,-0.498443228208011,0.0666845097380722
192.9,1.26523777223907,-0.194589824824366,1.12301731285394,1.67030189189651,-0.498445265770687,0.0666852457522188
193,1.2652392840603,-0.194589544841685,1.12301915568785,1.67030548615488,-0.49844730124611,0.0666859810095385
193.1,1.26524079432593,-0.194589265146669,1.12302099662902,1.67030907672216,-0.498449334637483,0.0666867155111982
193.2,1.26524230303837,-0.194588985738874,1.12302283568036,1.67031266360402,-0.498451365948006,0.066687449258362
193.3,1.2652438102,-0.194588706617859,1.12302467284479,1.67031624680613,-0.498453395180872,0.066688182252192
193.4,1.26524531581322,-0.194588427783182,1.1230265081252,1.67031982633416,-0.498455422339266,0.0666889144938478
193.5,1.26524681988042,-0.194588149234402,1.1230283415245,1.67032340219376,-0.498457447426368,0.0666896459844866
193.6,1.26524832240397,-0.194587870971081,1.12303017304558,1.67032697439055,-0.498459470445351,0.066690376725263
193.7,1.26524982338624,-0.194587592992779,1.12303200269131,1.67033054293017,-0.498461491399381,0.0666911067173298
193.8,1.26525132282962,-0.194587315299059,1.12303383046458,1.67033410781823,-0.498463510291618,0.0666918359618369
193.9,1.26525282073646,-0.194587037889484,1.12303565636827,1.67033766906033,-0.498465527125217,0.066692564459932
194,1.26525431710912,-0.194586760763619,1.12303748040523,1.67034122666206,-0.498467541903323,0.0666932922127605
194.1,1.26525581194996,-0.194586483921028,1.12303930257833,1.670344780629,-0.498469554629078,0.0666940192214656
194.2,1.26525730526134,-0.194586207361277,1.12304112289042,1.67034833096672,-0.498471565305616,0.0666947454871878
194.3,1.26525879704559,-0.194585931083933,1.12304294134436,1.67035187768077,-0.498473573936065,0.0666954710110657
194.4,1.26526028730506,-0.194585655088564,1.12304475794299,1.6703554207767,-0.498475580523547,0.0666961957942352
194.5,1.26526177604209,-0.194585379374737,1.12304657268915,1.67035896026004,-0.498477585071177,0.06669691983783
194.6,1.265263263259,-0.194585103942023,1.12304838558566,1.67036249613632,-0.498479587582063,0.0666976431429816
194.7,1.26526474895813,-0.194584828789992,1.12305019663535,1.67036602841105,-0.498481588059308,0.0666983657108191
194.8,1.2652662331418,-0.194584553918215,1.12305200584106,1.67036955708972,-0.49848358650601,0.0666990875424693
194.9,1.26526771581232,-0.194584279326264,1.12305381320558,1.67037308217782,-0.498485582925257,0.066699808639057
195,1.265269196972,-0.194584005013712,1.12305561873173,1.67037660368084,-0.498487577320133,0.0667005290017039
195.1,1.26527067662316,-0.194583730980133,1.12305742242231,1.67038012160424,-0.498489569693716,0.0667012486315306
195.2,1.2652721547681,-0.1945834572251,1.12305922428013,1.67038363595347,-0.498491560049078,0.0667019675296541
195.3,1.26527363140912,-0.194583183748191,1.12306102430796,1.67038714673398,-0.498493548389282,0.0667026856971902
195.4,1.2652751065485,-0.194582910548981,1.12306282250861,1.6703906539512,-0.498495534717389,0.0667034031352519
195.5,1.26527658018855,-0.194582637627048,1.12306461888484,1.67039415761055,-0.49849751903645,0.0667041198449503
195.6,1.26527805233155,-0.194582364981969,1.12306641343944,1.67039765771745,-0.498499501349513,0.0667048358273935
195.7,1.26527952297976,-0.194582092613324,1.12306820617518,1.67040115427729,-0.498501481659617,0.0667055510836885
195.8,1.26528099213548,-0.194581820520692,1.12306999709481,1.67040464729547,-0.498503459969796,0.0667062656149391
195.9,1.26528245980098,-0.194581548703654,1.1230717862011,1.67040813677736,-0.49850543628308,0.0667069794222472
196,1.26528392597851,-0.194581277161791,1.12307357349679,1.67041162272833,-0.498507410602489,0.0667076925067124
196.1,1.26528539067034,-0.194581005894687,1.12307535898464,1.67041510515373,-0.498509382931039,0.0667084048694325
196.2,1.26528685387872,-0.194580734901923,1.1230771426674,1.67041858405892,-0.498511353271741,0.0667091165115022
196.3,1.26528831560592,-0.194580464183085,1.12307892454778,1.67042205944923,-0.498513321627598,0.0667098274340149
196.4,1.26528977585417,-0.194580193737756,1.12308070462853,1.67042553132997,-0.498515288001608,0.0667105376380611
196.5,1.26529123462572,-0.194579923565523,1.12308248291236,1.67042899970647,-0.498517252396762,0.0667112471247295
196.6,1.26529269192282,-0.194579653665972,1.12308425940201,1.67043246458403,-0.498519214816046,0.0667119558951065
196.7,1.26529414774768,-0.194579384038691,1.12308603410018,1.67043592596794,-0.498521175262439,0.0667126639502764
196.8,1.26529560210255,-0.194579114683268,1.12308780700958,1.67043938386348,-0.498523133738916,0.0667133712913211
196.9,1.26529705498965,-0.194578845599291,1.12308957813291,1.67044283827592,-0.498525090248443,0.0667140779193204
197,1.2652985064112,-0.194578576786351,1.12309134747287,1.67044628921052,-0.498527044793983,0.0667147838353519
197.1,1.26529995636942,-0.194578308244039,1.12309311503216,1.67044973667254,-0.498528997378491,0.0667154890404912
197.2,1.26530140486651,-0.194578039971945,1.12309488081346,1.6704531806672,-0.498530948004917,0.0667161935358117
197.3,1.26530285190469,-0.194577771969663,1.12309664481945,1.67045662119974,-0.498532896676205,0.0667168973223843
197.4,1.26530429748616,-0.194577504236786,1.12309840705281,1.67046005827538,-0.498534843395293,0.0667176004012781
197.5,1.26530574161312,-0.194577236772906,1.12310016751621,1.67046349189932,-0.498536788165113,0.0667183027735602
197.6,1.26530718428776,-0.194576969577621,1.12310192621231,1.67046692207677,-0.498538730988591,0.0667190044402949
197.7,1.26530862551226,-0.194576702650523,1.12310368314378,1.6704703488129,-0.498540671868649,0.066719705402545
197.8,1.26531006528883,-0.194576435991212,1.12310543831326,1.67047377211289,-0.498542610808199,0.066720405661371
197.9,1.26531150361963,-0.194576169599282,1.12310719172342,1.67047719198191,-0.498544547810152,0.066721105217831
198,1.26531294050685,-0.194575903474334,1.12310894337688,1.67048060842512,-0.498546482877409,0.0667218040729813
198.1,1.26531437595265,-0.194575637615964,1.12311069327629,1.67048402144766,-0.498548416012868,0.066722502227876
198.2,1.2653158099592,-0.194575372023774,1.12311244142429,1.67048743105466,-0.498550347219421,0.0667231996835671
198.3,1.26531724252868,-0.194575106697364,1.1231141878235,1.67049083725126,-0.498552276499953,0.0667238964411044
198.4,1.26531867366323,-0.194574841636333,1.12311593247654,1.67049424004255,-0.498554203857344,0.0667245925015356
198.5,1.26532010336501,-0.194574576840286,1.12311767538604,1.67049763943366,-0.498556129294468,0.0667252878659065
198.6,1.26532153163617,-0.194574312308825,1.1231194165546,1.67050103542966,-0.498558052814193,0.0667259825352605
198.7,1.26532295847886,-0.194574048041552,1.12312115598483,1.67050442803565,-0.498559974419382,0.0667266765106391
198.8,1.26532438389523,-0.194573784038074,1.12312289367933,1.6705078172567,-0.498561894112891,0.0667273697930818
198.9,1.2653258078874,-0.194573520297994,1.12312462964071,1.67051120309787,-0.498563811897573,0.0667280623836261
199,1.26532723045751,-0.19457325682092,1.12312636387155,1.67051458556422,-0.498565727776273,0.0667287542833068
199.1,1.26532865160769,-0.194572993606457,1.12312809637443,1.67051796466078,-0.498567641751831,0.0667294454931575
199.2,1.26533007134007,-0.194572730654213,1.12312982715195,1.6705213403926,-0.49856955382708,0.0667301360142091
199.3,1.26533148965676,-0.194572467963797,1.12313155620667,1.67052471276469,-0.49857146400485,0.0667308258474908
199.4,1.26533290655988,-0.194572205534817,1.12313328354116,1.67052808178207,-0.498573372287964,0.0667315149940296
199.5,1.26533432205155,-0.194571943366885,1.123135009158,1.67053144744974,-0.49857527867924,0.0667322034548505
199.6,1.26533573613387,-0.194571681459609,1.12313673305974,1.6705348097727,-0.498577183181488,0.0667328912309764
199.7,1.26533714880895,-0.194571419812603,1.12313845524895,1.67053816875593,-0.498579085797517,0.0667335783234284
199.8,1.26533856007889,-0.194571158425478,1.12314017572816,1.67054152440439,-0.498580986530125,0.0667342647332251
199.9,1.26533996994577,-0.194570897297846,1.12314189449992,1.67054487672307,-0.498582885382109,0.0667349504613836
200,1.2653413784117,-0.194570636429323,1.12314361156678,1.6705482257169,-0.498584782356258,0.0667356355089185
200.1,1.26534278547876,-0.194570375819522,1.12314532693128,1.67055157139083,-0.498586677455357,0.066736319876843
200.2,1.26534419114903,-0.194570115468058,1.12314704059593,1.67055491374981,-0.498588570682184,0.0667370035661676
200.3,1.26534559542459,-0.194569855374549,1.12314875256327,1.67055825279874,-0.498590462039512,0.0667376865779014
200.4,1.26534699830752,-0.194569595538609,1.12315046283582,1.67056158854255,-0.498592351530109,0.0667383689130508
200.5,1.26534839979988,-0.194569335959858,1.12315217141609,1.67056492098614,-0.498594239156737,0.066739050572621
200.6,1.26534979990375,-0.194569076637914,1.1231538783066,1.67056825013441,-0.498596124922154,0.0667397315576148
200.7,1.26535119862119,-0.194568817572395,1.12315558350984,1.67057157599224,-0.49859800882911,0.0667404118690329
200.8,1.26535259595424,-0.194568558762921,1.12315728702832,1.67057489856451,-0.498599890880352,0.0667410915078742
200.9,1.26535399190498,-0.194568300209114,1.12315898886454,1.67057821785608,-0.498601771078619,0.0667417704751359
201,1.26535538647545,-0.194568041910594,1.12316068902099,1.67058153387181,-0.498603649426648,0.0667424487718125
201.1,1.26535677966769,-0.194567783866983,1.12316238750014,1.67058484661655,-0.498605525927168,0.0667431263988972
201.2,1.26535817148374,-0.194567526077904,1.12316408430449,1.67058815609514,-0.498607400582903,0.066743803357381
201.3,1.26535956192565,-0.194567268542982,1.1231657794365,1.6705914623124,-0.498609273396572,0.0667444796482529
201.4,1.26536095099546,-0.194567011261839,1.12316747289866,1.67059476527315,-0.49861114437089,0.0667451552725
201.5,1.26536233869518,-0.194566754234102,1.12316916469342,1.6705980649822,-0.498613013508564,0.0667458302311075
201.6,1.26536372502684,-0.194566497459396,1.12317085482324,1.67060136144435,-0.498614880812298,0.0667465045250587
201.7,1.26536510999247,-0.194566240937348,1.1231725432906,1.67060465466439,-0.498616746284789,0.0667471781553347
201.8,1.26536649359409,-0.194565984667584,1.12317423009792,1.6706079446471,-0.49861860992873,0.066747851122915
201.9,1.2653678758337,-0.194565728649733,1.12317591524767,1.67061123139726,-0.498620471746808,0.0667485234287769
202,1.26536925671333,-0.194565472883424,1.12317759874228,1.67061451491962,-0.498622331741706,0.0667491950738961
202.1,1.26537063623497,-0.194565217368286,1.1231792805842,1.67061779521893,-0.498624189916099,0.066749866059246
202.2,1.26537201440063,-0.194564962103949,1.12318096077584,1.67062107229995,-0.498626046272659,0.0667505363857983
202.3,1.2653733912123,-0.194564707090045,1.12318263931965,1.6706243461674,-0.498627900814053,0.066751206054523
202.4,1.26537476667199,-0.194564452326204,1.12318431621805,1.670627616826,-0.498629753542941,0.0667518750663876
202.5,1.26537614078167,-0.19456419781206,1.12318599147344,1.67063088428048,-0.498631604461979,0.0667525434223583
202.6,1.26537751354334,-0.194563943547245,1.12318766508826,1.67063414853555,-0.498633453573819,0.0667532111233992
202.7,1.26537888495899,-0.194563689531393,1.1231893370649,1.67063740959588,-0.498635300881104,0.0667538781704724
202.8,1.26538025503058,-0.194563435764138,1.12319100740576,1.67064066746618,-0.498637146386477,0.0667545445645382
202.9,1.26538162376009,-0.194563182245117,1.12319267611326,1.67064392215113,-0.498638990092571,0.0667552103065551
203,1.2653829911495,-0.194562928973964,1.12319434318978,1.67064717365539,-0.498640832002017,0.0667558753974796
203.1,1.26538435720077,-0.194562675950317,1.12319600863771,1.67065042198362,-0.49864267211744,0.0667565398382665
203.2,1.26538572191587,-0.194562423173812,1.12319767245945,1.67065366714047,-0.49864451044146,0.0667572036298683
203.3,1.26538708529675,-0.194562170644089,1.12319933465736,1.67065690913059,-0.49864634697669,0.0667578667732363
203.4,1.26538844734537,-0.194561918360785,1.12320099523382,1.67066014795861,-0.498648181725742,0.0667585292693193
203.5,1.26538980806368,-0.19456166632354,1.12320265419121,1.67066338362915,-0.498650014691219,0.0667591911190649
203.6,1.26539116745363,-0.194561414531995,1.1232043115319,1.67066661614683,-0.498651845875721,0.0667598523234182
203.7,1.26539252551717,-0.19456116298579,1.12320596725824,1.67066984551626,-0.498653675281842,0.0667605128833228
203.8,1.26539388225623,-0.194560911684567,1.1232076213726,1.67067307174202,-0.498655502912172,0.0667611727997206
203.9,1.26539523767275,-0.194560660627968,1.12320927387732,1.67067629482872,-0.498657328769294,0.0667618320735512
204,1.26539659176867,-0.194560409815636,1.12321092477475,1.67067951478092,-0.49865915285579,0.066762490705753
204.1,1.26539794454591,-0.194560159247215,1.12321257406724,1.67068273160321,-0.498660975174231,0.066763148697262
204.2,1.2653992960064,-0.194559908922349,1.12321422175713,1.67068594530013,-0.498662795727189,0.0667638060490127
204.3,1.26540064615206,-0.194559658840684,1.12321586784676,1.67068915587625,-0.498664614517228,0.0667644627619375
204.4,1.26540199498481,-0.194559409001864,1.12321751233844,1.6706923633361,-0.498666431546906,0.0667651188369674
204.5,1.26540334250655,-0.194559159405537,1.12321915523451,1.67069556768422,-0.498668246818778,0.0667657742750312
204.6,1.26540468871922,-0.19455891005135,1.12322079653729,1.67069876892515,-0.498670060335395,0.0667664290770562
204.7,1.2654060336247,-0.19455866093895,1.1232224362491,1.67070196706338,-0.4986718720993,0.0667670832439678
204.8,1.2654073772249,-0.194558412067986,1.12322407437225,1.67070516210344,-0.498673682113032,0.0667677367766895
204.9,1.26540871952172,-0.194558163438107,1.12322571090904,1.67070835404983,-0.498675490379128,0.0667683896761431
205,1.26541006051706,-0.194557915048963,1.12322734586178,1.67071154290702,-0.498677296900117,0.0667690419432486
205.1,1.26541140021281,-0.194557666900205,1.12322897923277,1.67071472867952,-0.498679101678523,0.0667696935789243
205.2,1.26541273861086,-0.194557418991483,1.1232306110243,1.67071791137179,-0.498680904716868,0.0667703445840865
205.3,1.26541407571309,-0.19455717132245,1.12323224123866,1.67072109098829,-0.498682706017665,0.0667709949596499
205.4,1.26541541152138,-0.194556923892758,1.12323386987814,1.67072426753348,-0.498684505583426,0.0667716447065276
205.5,1.26541674603762,-0.19455667670206,1.12323549694501,1.67072744101182,-0.498686303416657,0.0667722938256305
205.6,1.26541807926367,-0.19455642975001,1.12323712244157,1.67073061142773,-0.498688099519857,0.0667729423178681
205.7,1.2654194112014,-0.194556183036263,1.12323874637007,1.67073377878565,-0.498689893895524,0.066773590184148
205.8,1.26542074185268,-0.194555936560475,1.12324036873278,1.67073694309001,-0.498691686546147,0.0667742374253759
205.9,1.26542207121937,-0.1945556903223,1.12324198953197,1.67074010434521,-0.498693477474214,0.0667748840424562
206,1.26542339930334,-0.194555444321396,1.1232436087699,1.67074326255567,-0.498695266682206,0.0667755300362911
206.1,1.26542472610644,-0.194555198557419,1.12324522644883,1.67074641772577,-0.4986970541726,0.0667761754077814
206.2,1.26542605163052,-0.194554953030028,1.12324684257099,1.67074956985991,-0.498698839947868,0.066776820157826
206.3,1.26542737587742,-0.194554707738882,1.12324845713865,1.67075271896246,-0.498700624010478,0.0667774642873219
206.4,1.265428698849,-0.194554462683638,1.12325007015404,1.6707558650378,-0.498702406362891,0.0667781077971646
206.5,1.2654300205471,-0.194554217863958,1.12325168161939,1.6707590080903,-0.498704187007567,0.0667787506882479
206.6,1.26543134097355,-0.194553973279501,1.12325329153695,1.67076214812429,-0.498705965946957,0.0667793929614639
206.7,1.26543266013018,-0.194553728929929,1.12325489990893,1.67076528514414,-0.498707743183512,0.0667800346177027
206.8,1.26543397801884,-0.194553484814905,1.12325650673757,1.67076841915418,-0.498709518719673,0.066780675657853
206.9,1.26543529464134,-0.194553240934088,1.12325811202509,1.67077155015874,-0.498711292557881,0.0667813160828017
207,1.26543660999951,-0.194552997287145,1.1232597157737,1.67077467816213,-0.49871306470057,0.0667819558934339
207.1,1.26543792409517,-0.194552753873737,1.12326131798561,1.67077780316868,-0.49871483515017,0.0667825950906332
207.2,1.26543923693014,-0.19455251069353,1.12326291866303,1.67078092518269,-0.498716603909106,0.0667832336752813
207.3,1.26544054850623,-0.194552267746188,1.12326451780817,1.67078404420846,-0.498718370979798,0.0667838716482582
207.4,1.26544185882525,-0.194552025031377,1.12326611542322,1.67078716025026,-0.498720136364663,0.0667845090104427
207.5,1.265443167889,-0.194551782548764,1.12326771151038,1.67079027331239,-0.498721900066111,0.0667851457627111
207.6,1.26544447569929,-0.194551540298014,1.12326930607184,1.67079338339911,-0.49872366208655,0.0667857819059388
207.7,1.26544578225793,-0.194551298278797,1.12327089910978,1.67079649051469,-0.498725422428382,0.0667864174409989
207.8,1.26544708756669,-0.19455105649078,1.12327249062639,1.67079959466338,-0.498727181094004,0.0667870523687632
207.9,1.26544839162739,-0.194550814933632,1.12327408062385,1.67080269584944,-0.498728938085809,0.0667876866901018
208,1.2654496944418,-0.194550573607023,1.12327566910433,1.6708057940771,-0.498730693406185,0.0667883204058831
208.1,1.26545099601171,-0.194550332510622,1.12327725607,1.67080888935059,-0.498732447057517,0.066788953516974
208.2,1.26545229633891,-0.194550091644101,1.12327884152303,1.67081198167413,-0.498734199042184,0.0667895860242392
208.3,1.26545359542517,-0.19454985100713,1.12328042546557,1.67081507105194,-0.498735949362561,0.0667902179285424
208.4,1.26545489327227,-0.194549610599383,1.12328200789979,1.67081815748823,-0.498737698021018,0.0667908492307453
208.5,1.26545618988198,-0.19454937042053,1.12328358882784,1.6708212409872,-0.498739445019921,0.066791479931708
208.6,1.26545748525607,-0.194549130470247,1.12328516825187,1.67082432155304,-0.498741190361631,0.0667921100322892
208.7,1.26545877939631,-0.194548890748205,1.12328674617402,1.67082739918993,-0.498742934048506,0.0667927395333454
208.8,1.26546007230446,-0.194548651254081,1.12328832259643,1.67083047390204,-0.498744676082897,0.0667933684357324
208.9,1.26546136398227,-0.19454841198755,1.12328989752125,1.67083354569355,-0.498746416467153,0.0667939967403032
209,1.2654626544315,-0.194548172948286,1.1232914709506,1.6708366145686,-0.498748155203616,0.0667946244479102
209.1,1.2654639436539,-0.194547934135966,1.12329304288662,1.67083968053137,-0.498749892294627,0.0667952515594037
209.2,1.26546523165123,-0.194547695550267,1.12329461333142,1.67084274358598,-0.49875162774252,0.0667958780756323
209.3,1.26546651842523,-0.194547457190868,1.12329618228714,1.67084580373657,-0.498753361549624,0.0667965039974434
209.4,1.26546780397763,-0.194547219057445,1.12329774975588,1.67084886098728,-0.498755093718267,0.0667971293256823
209.5,1.26546908831018,-0.194546981149678,1.12329931573976,1.67085191534222,-0.498756824250769,0.0667977540611932
209.6,1.26547037142462,-0.194546743467246,1.12330088024089,1.6708549668055,-0.498758553149447,0.0667983782048182
209.7,1.26547165332267,-0.194546506009829,1.12330244326137,1.67085801538123,-0.498760280416614,0.0667990017573982
209.8,1.26547293400607,-0.194546268777109,1.12330400480331,1.67086106107351,-0.498762006054578,0.0667996247197723
209.9,1.26547421347654,-0.194546031768765,1.1233055648688,1.67086410388642,-0.498763730065644,0.0668002470927781
210,1.2654754917358,-0.19454579498448,1.12330712345994,1.67086714382405,-0.498765452452111,0.0668008688772515
210.1,1.26547676878557,-0.194545558423936,1.1233086805788,1.67087018089046,-0.498767173216274,0.066801490074027
210.2,1.26547804462757,-0.194545322086816,1.12331023622749,1.67087321508973,-0.498768892360424,0.0668021106839374
210.3,1.26547931926351,-0.194545085972805,1.12331179040808,1.67087624642591,-0.498770609886848,0.0668027307078139
210.4,1.2654805926951,-0.194544850081585,1.12331334312264,1.67087927490306,-0.498772325797828,0.0668033501464862
210.5,1.26548186492405,-0.194544614412843,1.12331489437325,1.67088230052521,-0.498774040095642,0.0668039690007825
210.6,1.26548313595205,-0.194544378966263,1.12331644416198,1.67088532329641,-0.498775752782564,0.0668045872715292
210.7,1.26548440578081,-0.194544143741531,1.1233179924909,1.67088834322067,-0.498777463860864,0.0668052049595515
210.8,1.26548567441203,-0.194543908738334,1.12331953936207,1.67089136030203,-0.498779173332807,0.0668058220656728
210.9,1.26548694184739,-0.19454367395636,1.12332108477754,1.67089437454448,-0.498780881200654,0.0668064385907148
211,1.26548820808859,-0.194543439395295,1.12332262873937,1.67089738595205,-0.498782587466661,0.066807054535498
211.1,1.26548947313732,-0.194543205054829,1.1233241712496,1.67090039452872,-0.498784292133081,0.0668076699008414
211.2,1.26549073699526,-0.194542970934649,1.12332571231029,1.67090340027848,-0.498785995202162,0.0668082846875618
211.3,1.26549199966408,-0.194542737034447,1.12332725192348,1.67090640320532,-0.498787696676149,0.0668088988964753
211.4,1.26549326114547,-0.194542503353911,1.12332879009121,1.67090940331321,-0.498789396557282,0.066809512528396
211.5,1.26549452144111,-0.194542269892733,1.1233303268155,1.67091240060612,-0.498791094847795,0.0668101255841365
211.6,1.26549578055265,-0.194542036650604,1.12333186209839,1.67091539508801,-0.498792791549921,0.066810738064508
211.7,1.26549703848177,-0.194541803627216,1.12333339594192,1.67091838676283,-0.498794486665887,0.06681134997032
211.8,1.26549829523014,-0.19454157082226,1.12333492834809,1.67092137563453,-0.498796180197916,0.0668119613023808
211.9,1.26549955079941,-0.194541338235431,1.12333645931893,1.67092436170705,-0.498797872148227,0.0668125720614968
212,1.26550080519125,-0.194541105866422,1.12333798885647,1.67092734498431,-0.498799562519035,0.0668131822484732
212.1,1.26550205840731,-0.194540873714926,1.12333951696269,1.67093032547024,-0.498801251312551,0.0668137918641137
212.2,1.26550331044925,-0.194540641780639,1.12334104363963,1.67093330316876,-0.498802938530982,0.0668144009092201
212.3,1.2655045613187,-0.194540410063256,1.12334256888928,1.67093627808377,-0.498804624176529,0.066815009384593
212.4,1.26550581101732,-0.194540178562473,1.12334409271363,1.67093925021917,-0.498806308251392,0.0668156172910315
212.5,1.26550705954676,-0.194539947277986,1.1233456151147,1.67094221957886,-0.498807990757764,0.0668162246293332
212.6,1.26550830690864,-0.194539716209492,1.12334713609447,1.67094518616672,-0.498809671697836,0.0668168314002942
212.7,1.26550955310461,-0.194539485356689,1.12334865565492,1.67094814998664,-0.498811351073794,0.066817437604709
212.8,1.26551079813631,-0.194539254719275,1.12335017379806,1.67095111104249,-0.498813028887821,0.066818043243371
212.9,1.26551204200536,-0.194539024296948,1.12335169052585,1.67095406933813,-0.498814705142093,0.0668186483170714
213,1.26551328471339,-0.194538794089409,1.12335320584028,1.67095702487741,-0.498816379838786,0.0668192528266006
213.1,1.26551452626202,-0.194538564096356,1.12335471974332,1.6709599776642,-0.498818052980069,0.0668198567727472
213.2,1.26551576665288,-0.19453833431749,1.12335623223694,1.67096292770232,-0.498819724568107,0.0668204601562986
213.3,1.26551700588759,-0.194538104752512,1.12335774332312,1.67096587499563,-0.498821394605064,0.0668210629780403
213.4,1.26551824396776,-0.194537875401124,1.1233592530038,1.67096881954794,-0.498823063093096,0.0668216652387568
213.5,1.26551948089501,-0.194537646263028,1.12336076128096,1.67097176136309,-0.498824730034359,0.0668222669392308
213.6,1.26552071667093,-0.194537417337925,1.12336226815655,1.67097470044488,-0.498826395431,0.0668228680802437
213.7,1.26552195129715,-0.19453718862552,1.12336377363253,1.67097763679712,-0.498828059285167,0.0668234686625753
213.8,1.26552318477527,-0.194536960125516,1.12336527771083,1.67098057042361,-0.498829721599002,0.0668240686870042
213.9,1.26552441710688,-0.194536731837618,1.12336678039341,1.67098350132815,-0.498831382374642,0.0668246681543075
214,1.26552564829358,-0.194536503761529,1.12336828168221,1.67098642951453,-0.498833041614221,0.0668252670652607
214.1,1.26552687833697,-0.194536275896956,1.12336978157917,1.67098935498652,-0.49883469931987,0.0668258654206378
214.2,1.26552810723864,-0.194536048243604,1.12337128008622,1.67099227774789,-0.498836355493715,0.0668264632212118
214.3,1.26552933500018,-0.19453582080118,1.12337277720529,1.67099519780241,-0.498838010137877,0.0668270604677537
214.4,1.26553056162317,-0.194535593569391,1.12337427293831,1.67099811515385,-0.498839663254475,0.0668276571610334
214.5,1.2655317871092,-0.194535366547944,1.12337576728721,1.67100102980594,-0.498841314845624,0.0668282533018195
214.6,1.26553301145985,-0.194535139736548,1.1233772602539,1.67100394176244,-0.498842964913434,0.0668288488908789
214.7,1.26553423467669,-0.194534913134911,1.1233787518403,1.67100685102708,-0.498844613460012,0.066829443928977
214.8,1.2655354567613,-0.194534686742742,1.12338024204833,1.6710097576036,-0.49884626048746,0.0668300384168782
214.9,1.26553667771525,-0.194534460559751,1.12338173087989,1.67101266149572,-0.498847905997877,0.0668306323553452
215,1.26553789754011,-0.194534234585647,1.12338321833689,1.67101556270715,-0.498849549993358,0.0668312257451392
215.1,1.26553911623744,-0.194534008820143,1.12338470442124,1.67101846124161,-0.498851192475994,0.0668318185870202
215.2,1.26554033380881,-0.194533783262949,1.12338618913483,1.6710213571028,-0.498852833447873,0.0668324108817468
215.3,1.26554155025578,-0.194533557913777,1.12338767247956,1.67102425029442,-0.498854472911077,0.0668330026300761
215.4,1.2655427655799,-0.194533332772339,1.12338915445731,1.67102714082015,-0.498856110867687,0.066833593832764
215.5,1.26554397978273,-0.194533107838348,1.12339063506999,1.67103002868368,-0.498857747319779,0.0668341844905645
215.6,1.26554519286581,-0.194532883111518,1.12339211431947,1.67103291388868,-0.498859382269423,0.0668347746042309
215.7,1.2655464048307,-0.194532658591563,1.12339359220764,1.67103579643883,-0.498861015718689,0.0668353641745145
215.8,1.26554761567895,-0.194532434278196,1.12339506873637,1.67103867633778,-0.498862647669641,0.0668359532021656
215.9,1.26554882541208,-0.194532210171134,1.12339654390755,1.6710415535892,-0.498864278124339,0.0668365416879329
216,1.26555003403165,-0.194531986270091,1.12339801772303,1.67104442819673,-0.498865907084841,0.066837129632564
216.1,1.2655512415392,-0.194531762574784,1.12339949018469,1.67104730016402,-0.498867534553199,0.0668377170368048
216.2,1.26555244793624,-0.194531539084929,1.1234009612944,1.67105016949469,-0.498869160531462,0.0668383039014002
216.3,1.26555365322433,-0.194531315800243,1.12340243105401,1.67105303619239,-0.498870785021676,0.0668388902270933
216.4,1.26555485740497,-0.194531092720444,1.12340389946538,1.67105590026072,-0.498872408025883,0.066839476014626
216.5,1.26555606047971,-0.19453086984525,1.12340536653037,1.67105876170332,-0.498874029546121,0.066840061264739
216.6,1.26555726245006,-0.19453064717438,1.12340683225083,1.67106162052378,-0.498875649584424,0.0668406459781717
216.7,1.26555846331755,-0.194530424707553,1.1234082966286,1.67106447672571,-0.498877268142823,0.0668412301556616
216.8,1.26555966308368,-0.194530202444488,1.12340975966553,1.67106733031271,-0.498878885223345,0.0668418137979456
216.9,1.26556086174998,-0.194529980384905,1.12341122136346,1.67107018128836,-0.498880500828012,0.0668423969057586
217,1.26556205931795,-0.194529758528526,1.12341268172422,1.67107302965625,-0.498882114958845,0.0668429794798345
217.1,1.26556325578911,-0.194529536875072,1.12341414074966,1.67107587541996,-0.49888372761786,0.0668435615209058
217.2,1.26556445116496,-0.194529315424263,1.1234155984416,1.67107871858305,-0.498885338807068,0.0668441430297036
217.3,1.26556564544701,-0.194529094175823,1.12341705480187,1.67108155914909,-0.498886948528477,0.0668447240069579
217.4,1.26556683863675,-0.194528873129475,1.1234185098323,1.67108439712163,-0.498888556784094,0.066845304453397
217.5,1.26556803073568,-0.194528652284941,1.12341996353469,1.67108723250423,-0.498890163575918,0.0668458843697481
217.6,1.2655692217453,-0.194528431641944,1.12342141591088,1.67109006530042,-0.498891768905948,0.066846463756737
217.7,1.2655704116671,-0.194528211200211,1.12342286696267,1.67109289551375,-0.498893372776178,0.0668470426150881
217.8,1.26557160050257,-0.194527990959464,1.12342431669188,1.67109572314775,-0.498894975188597,0.0668476209455247
217.9,1.2655727882532,-0.19452777091943,1.12342576510031,1.67109854820594,-0.498896576145192,0.0668481987487685
218,1.26557397492047,-0.194527551079835,1.12342721218977,1.67110137069183,-0.498898175647947,0.0668487760255404
218.1,1.26557516050587,-0.194527331440403,1.12342865796206,1.67110419060895,-0.49889977369884,0.0668493527765592
218.2,1.26557634501086,-0.194527112000863,1.12343010241897,1.67110700796079,-0.498901370299849,0.066849929002543
218.3,1.26557752843693,-0.194526892760941,1.12343154556231,1.67110982275086,-0.498902965452944,0.0668505047042085
218.4,1.26557871078556,-0.194526673720366,1.12343298739385,1.67111263498265,-0.498904559160095,0.0668510798822708
218.5,1.2655798920582,-0.194526454878864,1.12343442791539,1.67111544465964,-0.498906151423267,0.0668516545374439
218.6,1.26558107225634,-0.194526236236166,1.12343586712872,1.67111825178531,-0.498907742244422,0.0668522286704408
218.7,1.26558225138143,-0.194526017792001,1.12343730503561,1.67112105636314,-0.498909331625517,0.0668528022819727
218.8,1.26558342943494,-0.194525799546097,1.12343874163785,1.67112385839659,-0.498910919568506,0.0668533753727497
218.9,1.26558460641833,-0.194525581498186,1.1234401769372,1.67112665788913,-0.498912506075342,0.0668539479434806
219,1.26558578233306,-0.194525363647997,1.12344161093544,1.6711294548442,-0.498914091147971,0.0668545199948731
219.1,1.26558695718058,-0.194525145995263,1.12344304363434,1.67113224926527,-0.498915674788338,0.0668550915276333
219.2,1.26558813096233,-0.194524928539715,1.12344447503566,1.67113504115576,-0.498917256998382,0.0668556625424664
219.3,1.26558930367979,-0.194524711281084,1.12344590514117,1.67113783051912,-0.498918837780041,0.0668562330400758
219.4,1.26559047533438,-0.194524494219104,1.12344733395262,1.67114061735878,-0.498920417135247,0.0668568030211643
219.5,1.26559164592755,-0.194524277353508,1.12344876147177,1.67114340167815,-0.498921995065932,0.0668573724864328
219.6,1.26559281546075,-0.19452406068403,1.12345018770037,1.67114618348067,-0.49892357157402,0.0668579414365812
219.7,1.26559398393542,-0.194523844210402,1.12345161264017,1.67114896276973,-0.498925146661436,0.0668585098723082
219.8,1.26559515135298,-0.194523627932361,1.12345303629292,1.67115173954874,-0.498926720330098,0.0668590777943112
219.9,1.26559631771488,-0.194523411849641,1.12345445866036,1.6711545138211,-0.498928292581924,0.0668596452032861
220,1.26559748302255,-0.194523195961978,1.12345587974422,1.67115728559021,-0.498929863418825,0.0668602120999281
220.1,1.26559864727741,-0.194522980269107,1.12345729954626,1.67116005485944,-0.49893143284271,0.0668607784849305
220.2,1.26559981048089,-0.194522764770765,1.1234587180682,1.67116282163219,-0.498933000855485,0.0668613443589857
220.3,1.26560097263442,-0.194522549466689,1.12346013531176,1.67116558591182,-0.498934567459053,0.0668619097227848
220.4,1.26560213373941,-0.194522334356617,1.12346155127869,1.67116834770171,-0.498936132655312,0.0668624745770176
220.5,1.26560329379728,-0.194522119440286,1.12346296597069,1.67117110700521,-0.498937696446158,0.0668630389223728
220.6,1.26560445280946,-0.194521904717435,1.1234643793895,1.67117386382569,-0.498939258833483,0.0668636027595378
220.7,1.26560561077734,-0.194521690187802,1.12346579153683,1.67117661816648,-0.498940819819175,0.0668641660891987
220.8,1.26560676770236,-0.194521475851127,1.1234672024144,1.67117937003095,-0.49894237940512,0.0668647289120402
220.9,1.2656079235859,-0.19452126170715,1.12346861202391,1.67118211942241,-0.4989439375932,0.0668652912287462
221,1.26560907842938,-0.194521047755611,1.12347002036709,1.67118486634422,-0.498945494385293,0.0668658530399989
221.1,1.2656102322342,-0.19452083399625,1.12347142744562,1.67118761079968,-0.498947049783275,0.0668664143464797
221.2,1.26561138500176,-0.19452062042881,1.12347283326122,1.67119035279213,-0.498948603789016,0.0668669751488686
221.3,1.26561253673346,-0.19452040705303,1.12347423781558,1.67119309232488,-0.498950156404387,0.0668675354478441
221.4,1.2656136874307,-0.194520193868655,1.12347564111041,1.67119582940122,-0.49895170763125,0.0668680952440842
221.5,1.26561483709486,-0.194519980875426,1.12347704314739,1.67119856402448,-0.49895325747147,0.0668686545382647
221.6,1.26561598572734,-0.194519768073086,1.12347844392821,1.67120129619794,-0.498954805926904,0.066869213331061
221.7,1.26561713332953,-0.194519555461378,1.12347984345457,1.6712040259249,-0.498956352999406,0.066869771623147
221.8,1.26561827990282,-0.194519343040047,1.12348124172814,1.67120675320863,-0.49895789869083,0.0668703294151954
221.9,1.26561942544857,-0.194519130808838,1.12348263875062,1.67120947805242,-0.498959443003023,0.0668708867078776
222,1.26562056996818,-0.194518918767494,1.12348403452367,1.67121220045955,-0.49896098593783,0.066871443501864
222.1,1.26562171346303,-0.194518706915761,1.12348542904897,1.67121492043327,-0.498962527497094,0.0668719997978235
222.2,1.26562285593449,-0.194518495253386,1.12348682232819,1.67121763797684,-0.498964067682654,0.0668725555964242
222.3,1.26562399738393,-0.194518283780114,1.12348821436301,1.67122035309353,-0.498965606496344,0.0668731108983327
222.4,1.26562513781272,-0.194518072495692,1.12348960515509,1.67122306578659,-0.498967143939996,0.0668736657042147
222.5,1.26562627722224,-0.194517861399867,1.1234909947061,1.67122577605925,-0.49896868001544,0.0668742200147342
222.6,1.26562741561384,-0.194517650492387,1.12349238301768,1.67122848391476,-0.498970214724502,0.0668747738305545
222.7,1.2656285529889,-0.194517439772999,1.12349377009151,1.67123118935634,-0.498971748069003,0.0668753271523375
222.8,1.26562968934877,-0.194517229241453,1.12349515592924,1.67123389238723,-0.498973280050762,0.0668758799807442
222.9,1.2656308246948,-0.194517018897497,1.12349654053251,1.67123659301065,-0.498974810671595,0.0668764323164338
223,1.26563195902837,-0.194516808740881,1.12349792390298,1.6712392912298,-0.498976339933316,0.066876984160065
223.1,1.26563309235082,-0.194516598771354,1.1234993060423,1.6712419870479,-0.498977867837733,0.066877535512295
223.2,1.2656342246635,-0.194516388988667,1.12350068695209,1.67124468046815,-0.498979394386653,0.0668780863737798
223.3,1.26563535596776,-0.19451617939257,1.12350206663402,1.67124737149376,-0.498980919581879,0.0668786367451744
223.4,1.26563648626495,-0.194515969982815,1.1235034450897,1.6712500601279,-0.49898244342521,0.0668791866271325
223.5,1.26563761555641,-0.194515760759153,1.12350482232078,1.67125274637377,-0.498983965918443,0.0668797360203068
223.6,1.26563874384348,-0.194515551721336,1.12350619832889,1.67125543023455,-0.498985487063372,0.0668802849253486
223.7,1.26563987112751,-0.194515342869117,1.12350757311565,1.67125811171342,-0.498987006861786,0.066880833342908
223.8,1.26564099740983,-0.194515134202249,1.1235089466827,1.67126079081354,-0.498988525315474,0.0668813812736344
223.9,1.26564212269177,-0.194514925720484,1.12351031903164,1.67126346753808,-0.498990042426219,0.0668819287181756
224,1.26564324697467,-0.194514717423578,1.12351169016411,1.6712661418902,-0.498991558195801,0.0668824756771785
224.1,1.26564437025985,-0.194514509311284,1.12351306008172,1.67126881387304,-0.498993072625998,0.0668830221512888
224.2,1.26564549254865,-0.194514301383356,1.12351442878609,1.67127148348976,-0.498994585718586,0.0668835681411508
224.3,1.26564661384239,-0.194514093639551,1.12351579627882,1.67127415074349,-0.498996097475334,0.0668841136474081
224.4,1.26564773414239,-0.194513886079622,1.12351716256152,1.67127681563738,-0.498997607898012,0.0668846586707027
224.5,1.26564885344998,-0.194513678703328,1.12351852763579,1.67127947817456,-0.498999116988385,0.066885203211676
224.6,1.26564997176646,-0.194513471510423,1.12351989150325,1.67128213835814,-0.499000624748214,0.0668857472709678
224.7,1.26565108909316,-0.194513264500665,1.12352125416549,1.67128479619125,-0.499002131179258,0.066886290849217
224.8,1.26565220543139,-0.19451305767381,1.12352261562411,1.671287451677,-0.499003636283274,0.0668868339470612
224.9,1.26565332078246,-0.194512851029618,1.1235239758807,1.6712901048185,-0.499005140062013,0.066887376565137
225,1.26565443514768,-0.194512644567845,1.12352533493685,1.67129275561886,-0.499006642517227,0.0668879187040799
225.1,1.26565554852836,-0.19451243828825,1.12352669279415,1.67129540408116,-0.49900814365066,0.0668884603645243
225.2,1.2656566609258,-0.194512232190593,1.12352804945419,1.67129805020851,-0.499009643464057,0.0668890015471031
225.3,1.2656577723413,-0.194512026274632,1.12352940491854,1.67130069400399,-0.499011141959158,0.0668895422524488
225.4,1.26565888277616,-0.194511820540128,1.1235307591888,1.67130333547068,-0.499012639137701,0.0668900824811923
225.5,1.26565999223168,-0.194511614986841,1.12353211226653,1.67130597461165,-0.499014135001419,0.0668906222339634
225.6,1.26566110070916,-0.194511409614531,1.12353346415331,1.67130861142998,-0.499015629552043,0.0668911615113908
225.7,1.26566220820988,-0.19451120442296,1.12353481485072,1.67131124592873,-0.499017122791304,0.0668917003141022
225.8,1.26566331473514,-0.194510999411889,1.12353616436031,1.67131387811096,-0.499018614720924,0.0668922386427242
225.9,1.26566442028623,-0.19451079458108,1.12353751268367,1.67131650797973,-0.499020105342627,0.0668927764978821
226,1.26566552486443,-0.194510589930295,1.12353885982234,1.67131913553807,-0.499021594658132,0.0668933138802005
226.1,1.26566662847102,-0.194510385459297,1.1235402057779,1.67132176078905,-0.499023082669154,0.0668938507903024
226.2,1.26566773110729,-0.19451018116785,1.12354155055189,1.67132438373568,-0.499024569377407,0.06689438722881
226.3,1.26566883277452,-0.194509977055717,1.12354289414588,1.67132700438102,-0.499026054784601,0.0668949231963445
226.4,1.26566993347398,-0.194509773122661,1.12354423656142,1.67132962272808,-0.499027538892444,0.0668954586935258
226.5,1.26567103320694,-0.194509569368448,1.12354557780005,1.67133223877988,-0.499029021702638,0.0668959937209727
226.6,1.26567213197469,-0.194509365792843,1.12354691786333,1.67133485253945,-0.499030503216886,0.0668965282793031
226.7,1.26567322977848,-0.194509162395609,1.1235482567528,1.67133746400979,-0.499031983436886,0.0668970623691339
226.8,1.2656743266196,-0.194508959176514,1.12354959447,1.67134007319391,-0.499033462364333,0.0668975959910804
226.9,1.2656754224993,-0.194508756135323,1.12355093101646,1.67134268009482,-0.499034940000919,0.0668981291457572
227,1.26567651741884,-0.194508553271803,1.12355226639373,1.6713452847155,-0.499036416348333,0.0668986618337781
227.1,1.26567761137949,-0.19450835058572,1.12355360060334,1.67134788705895,-0.499037891408262,0.066899194055755
227.2,1.26567870438251,-0.194508148076842,1.12355493364682,1.67135048712815,-0.49903936518239,0.0668997258122997
227.3,1.26567979642916,-0.194507945744937,1.12355626552569,1.67135308492608,-0.499040837672396,0.0669002571040223
227.4,1.26568088752068,-0.194507743589773,1.12355759624149,1.67135568045573,-0.499042308879959,0.066900787931532
227.5,1.26568197765834,-0.194507541611117,1.12355892579573,1.67135827372004,-0.499043778806753,0.0669013182954369
227.6,1.26568306684338,-0.19450733980874,1.12356025418994,1.671360864722,-0.49904524745445,0.0669018481963441
227.7,1.26568415507704,-0.194507138182411,1.12356158142564,1.67136345346457,-0.499046714824718,0.0669023776348597
227.8,1.26568524236059,-0.194506936731899,1.12356290750433,1.67136603995068,-0.499048180919224,0.0669029066115886
227.9,1.26568632869525,-0.194506735456974,1.12356423242753,1.6713686241833,-0.49904964573963,0.0669034351271346
228,1.26568741408228,-0.194506534357407,1.12356555619675,1.67137120616537,-0.499051109287597,0.0669039631821007
228.1,1.2656884985229,-0.194506333432969,1.1235668788135,1.67137378589982,-0.499052571564782,0.0669044907770888
228.2,1.26568958201836,-0.194506132683431,1.12356820027928,1.67137636338959,-0.49905403257284,0.0669050179126995
228.3,1.2656906645699,-0.194505932108565,1.1235695205956,1.67137893863761,-0.499055492313421,0.0669055445895324
228.4,1.26569174617874,-0.194505731708144,1.12357083976395,1.67138151164681,-0.499056950788175,0.0669060708081862
228.5,1.26569282684613,-0.194505531481938,1.12357215778582,1.67138408242009,-0.499058407998747,0.0669065965692587
228.6,1.26569390657327,-0.194505331429722,1.12357347466272,1.67138665096038,-0.49905986394678,0.0669071218733464
228.7,1.26569498536141,-0.194505131551269,1.12357479039613,1.67138921727057,-0.499061318633915,0.066907646721045
228.8,1.26569606321176,-0.194504931846352,1.12357610498755,1.67139178135358,-0.499062772061789,0.0669081711129487
228.9,1.26569714012556,-0.194504732314746,1.12357741843845,1.67139434321231,-0.499064224232035,0.0669086950496511
229,1.26569821610401,-0.194504532956225,1.12357873075033,1.67139690284963,-0.499065675146286,0.0669092185317448
229.1,1.26569929114834,-0.194504333770565,1.12358004192466,1.67139946026846,-0.499067124806171,0.0669097415598211
229.2,1.26570036525976,-0.194504134757539,1.12358135196293,1.67140201547166,-0.499068573213315,0.0669102641344704
229.3,1.26570143843949,-0.194503935916924,1.1235826608666,1.67140456846211,-0.499070020369341,0.0669107862562821
229.4,1.26570251068874,-0.194503737248496,1.12358396863715,1.67140711924269,-0.49907146627587,0.0669113079258446
229.5,1.26570358200872,-0.194503538752032,1.12358527527606,1.67140966781626,-0.49907291093452,0.0669118291437452
229.6,1.26570465240063,-0.194503340427307,1.12358658078479,1.6714122141857,-0.499074354346905,0.0669123499105702
229.7,1.26570572186568,-0.194503142274101,1.1235878851648,1.67141475835385,-0.499075796514637,0.0669128702269049
229.8,1.26570679040508,-0.194502944292189,1.12358918841756,1.67141730032357,-0.499077237439325,0.0669133900933336
229.9,1.26570785802002,-0.19450274648135,1.12359049054453,1.67141984009771,-0.499078677122576,0.0669139095104396
230,1.26570892471171,-0.194502548841362,1.12359179154717,1.67142237767911,-0.499080115565994,0.0669144284788053
230.1,1.26570999048134,-0.194502351372005,1.12359309142693,1.67142491307061,-0.499081552771179,0.0669149469990117
230.2,1.26571105533011,-0.194502154073057,1.12359439018527,1.67142744627505,-0.499082988739729,0.0669154650716392
230.3,1.26571211925921,-0.194501956944297,1.12359568782364,1.67142997729525,-0.49908442347324,0.0669159826972671
230.4,1.26571318226982,-0.194501759985507,1.12359698434348,1.67143250613403,-0.499085856973305,0.0669164998764737
230.5,1.26571424436315,-0.194501563196465,1.12359827974624,1.67143503279422,-0.499087289241513,0.066917016609836
230.6,1.26571530554038,-0.194501366576953,1.12359957403337,1.67143755727863,-0.499088720279451,0.0669175328979306
230.7,1.26571636580268,-0.194501170126751,1.1236008672063,1.67144007959007,-0.499090150088705,0.0669180487413329
230.8,1.26571742515125,-0.194500973845641,1.12360215926647,1.67144259973134,-0.499091578670855,0.0669185641406167
230.9,1.26571848358727,-0.194500777733405,1.12360345021533,1.67144511770524,-0.499093006027482,0.0669190790963555
231,1.26571954111191,-0.194500581789825,1.12360474005429,1.67144763351457,-0.49909443216016,0.0669195936091218
231.1,1.26572059772634,-0.194500386014684,1.1236060287848,1.67145014716211,-0.499095857070464,0.0669201076794868
231.2,1.26572165343176,-0.194500190407763,1.12360731640827,1.67145265865066,-0.499097280759965,0.0669206213080208
231.3,1.26572270822932,-0.194499994968848,1.12360860292615,1.671455167983,-0.49909870323023,0.0669211344952933
231.4,1.26572376212019,-0.19449979969772,1.12360988833984,1.67145767516189,-0.499100124482826,0.0669216472418726
231.5,1.26572481510556,-0.194499604594165,1.12361117265077,1.67146018019011,-0.499101544519315,0.066922159548326
231.6,1.26572586718658,-0.194499409657967,1.12361245586036,1.67146268307042,-0.499102963341258,0.0669226714152203
231.7,1.26572691836441,-0.19449921488891,1.12361373797003,1.67146518380559,-0.499104380950212,0.0669231828431206
231.8,1.26572796864022,-0.19449902028678,1.12361501898119,1.67146768239838,-0.499105797347731,0.0669236938325915
231.9,1.26572901801518,-0.194498825851361,1.12361629889524,1.67147017885153,-0.499107212535368,0.0669242043841968
232,1.26573006649043,-0.194498631582441,1.12361757771361,1.67147267316779,-0.499108626514673,0.0669247144984987
232.1,1.26573111406714,-0.194498437479804,1.12361885543769,1.67147516534991,-0.499110039287193,0.066925224176059
232.2,1.26573216074646,-0.194498243543239,1.12362013206889,1.67147765540062,-0.499111450854471,0.0669257334174382
232.3,1.26573320652954,-0.194498049772531,1.1236214076086,1.67148014332266,-0.49911286121805,0.0669262422231962
232.4,1.26573425141754,-0.194497856167468,1.12362268205824,1.67148262911875,-0.499114270379467,0.0669267505938915
232.5,1.26573529541159,-0.194497662727838,1.1236239554192,1.67148511279162,-0.499115678340261,0.0669272585300819
232.6,1.26573633851286,-0.194497469453429,1.12362522769287,1.67148759434398,-0.499117085101964,0.0669277660323245
232.7,1.26573738072248,-0.194497276344028,1.12362649888064,1.67149007377856,-0.499118490666108,0.066928273101175
232.8,1.2657384220416,-0.194497083399426,1.1236277689839,1.67149255109806,-0.499119895034221,0.0669287797371882
232.9,1.26573946247135,-0.194496890619411,1.12362903800404,1.67149502630519,-0.499121298207829,0.0669292859409182
233,1.26574050201288,-0.194496698003773,1.12363030594245,1.67149749940264,-0.499122700188456,0.0669297917129179
233.1,1.26574154066732,-0.1944965055523,1.1236315728005,1.67149997039312,-0.499124100977622,0.0669302970537395
233.2,1.26574257843581,-0.194496313264785,1.12363283857959,1.67150243927931,-0.499125500576845,0.0669308019639341
233.3,1.26574361531948,-0.194496121141017,1.12363410328107,1.67150490606391,-0.499126898987642,0.0669313064440521
233.4,1.26574465131946,-0.194495929180787,1.12363536690634,1.67150737074959,-0.499128296211524,0.0669318104946424
233.5,1.26574568643689,-0.194495737383886,1.12363662945676,1.67150983333903,-0.499129692250003,0.0669323141162535
233.6,1.26574672067288,-0.194495545750106,1.12363789093371,1.67151229383491,-0.499131087104587,0.0669328173094329
233.7,1.26574775402857,-0.19449535427924,1.12363915133855,1.67151475223989,-0.49913248077678,0.0669333200747272
233.8,1.26574878650507,-0.194495162971078,1.12364041067265,1.67151720855663,-0.499133873268086,0.0669338224126815
233.9,1.26574981810352,-0.194494971825415,1.12364166893738,1.67151966278781,-0.499135264580004,0.0669343243238407
234,1.26575084882502,-0.194494780842043,1.12364292613408,1.67152211493607,-0.499136654714033,0.0669348258087485
234.1,1.2657518786707,-0.194494590020756,1.12364418226414,1.67152456500406,-0.499138043671668,0.0669353268679474
234.2,1.26575290764167,-0.194494399361347,1.12364543732889,1.67152701299443,-0.499139431454401,0.0669358275019796
234.3,1.26575393573904,-0.19449420886361,1.1236466913297,1.67152945890982,-0.499140818063723,0.0669363277113858
234.4,1.26575496296394,-0.19449401852734,1.12364794426792,1.67153190275287,-0.499142203501121,0.0669368274967061
234.5,1.26575598931746,-0.194493828352332,1.12364919614489,1.67153434452621,-0.49914358776808,0.0669373268584796
234.6,1.26575701480072,-0.19449363833838,1.12365044696198,1.67153678423246,-0.499144970866082,0.0669378257972444
234.7,1.26575803941482,-0.194493448485281,1.12365169672051,1.67153922187426,-0.499146352796609,0.0669383243135379
234.8,1.26575906316087,-0.19449325879283,1.12365294542183,1.67154165745423,-0.499147733561136,0.0669388224078964
234.9,1.26576008603997,-0.194493069260823,1.1236541930673,1.67154409097496,-0.49914911316114,0.0669393200808552
235,1.26576110805323,-0.194492879889057,1.12365543965823,1.67154652243909,-0.499150491598094,0.066939817332949
235.1,1.26576212920173,-0.194492690677328,1.12365668519598,1.67154895184921,-0.499151868873466,0.0669403141647114
235.2,1.26576314948658,-0.194492501625435,1.12365792968187,1.67155137920792,-0.499153244988725,0.0669408105766752
235.3,1.26576416890887,-0.194492312733173,1.12365917311724,1.67155380451782,-0.499154619945336,0.0669413065693722
235.4,1.26576518746969,-0.194492124000343,1.12366041550341,1.67155622778151,-0.499155993744762,0.0669418021433333
235.5,1.26576620517015,-0.19449193542674,1.12366165684172,1.67155864900157,-0.499157366388462,0.0669422972990885
235.6,1.26576722201132,-0.194491747012166,1.12366289713348,1.67156106818059,-0.499158737877896,0.0669427920371672
235.7,1.26576823799429,-0.194491558756417,1.12366413638003,1.67156348532115,-0.499160108214517,0.0669432863580973
235.8,1.26576925312016,-0.194491370659293,1.12366537458268,1.67156590042582,-0.499161477399779,0.0669437802624064
235.9,1.26577026739,-0.194491182720595,1.12366661174274,1.67156831349717,-0.499162845435133,0.066944273750621
236,1.26577128080489,-0.194490994940121,1.12366784786155,1.67157072453777,-0.499164212322026,0.0669447668232667
236.1,1.26577229336593,-0.194490807317672,1.12366908294041,1.67157313355019,-0.499165578061904,0.0669452594808681
236.2,1.26577330507418,-0.194490619853049,1.12367031698063,1.67157554053697,-0.49916694265621,0.066945751723949
236.3,1.26577431593072,-0.194490432546053,1.12367154998352,1.67157794550068,-0.499168306106385,0.0669462435530324
236.4,1.26577532593663,-0.194490245396485,1.12367278195039,1.67158034844387,-0.499169668413867,0.0669467349686403
236.5,1.26577633509299,-0.194490058404147,1.12367401288254,1.67158274936907,-0.499171029580092,0.0669472259712941
236.6,1.26577734340085,-0.19448987156884,1.12367524278129,1.67158514827884,-0.499172389606494,0.0669477165615138
236.7,1.2657783508613,-0.194489684890366,1.12367647164792,1.6715875451757,-0.499173748494503,0.0669482067398191
236.8,1.2657793574754,-0.19448949836853,1.12367769948374,1.67158994006219,-0.499175106245549,0.0669486965067286
236.9,1.26578036324421,-0.194489312003132,1.12367892629004,1.67159233294084,-0.499176462861057,0.0669491858627597
237,1.26578136816881,-0.194489125793977,1.12368015206813,1.67159472381417,-0.499177818342453,0.0669496748084295
237.1,1.26578237225025,-0.194488939740869,1.12368137681928,1.6715971126847,-0.499179172691156,0.0669501633442538
237.2,1.26578337548959,-0.19448875384361,1.12368260054479,1.67159949955495,-0.499180525908587,0.0669506514707477
237.3,1.2657843778879,-0.194488568102006,1.12368382324595,1.67160188442743,-0.499181877996162,0.0669511391884257
237.4,1.26578537944623,-0.194488382515861,1.12368504492405,1.67160426730464,-0.499183228955295,0.0669516264978008
237.5,1.26578638016563,-0.19448819708498,1.12368626558036,1.67160664818909,-0.4991845787874,0.0669521133993857
237.6,1.26578738004716,-0.194488011809168,1.12368748521617,1.67160902708328,-0.499185927493885,0.066952599893692
237.7,1.26578837909187,-0.194487826688231,1.12368870383275,1.6716114039897,-0.499187275076158,0.0669530859812306
237.8,1.26578937730081,-0.194487641721974,1.1236899214314,1.67161377891084,-0.499188621535623,0.0669535716625113
237.9,1.26579037467503,-0.194487456910204,1.12369113801337,1.67161615184919,-0.499189966873685,0.0669540569380434
238,1.26579137121558,-0.194487272252728,1.12369235357994,1.67161852280723,-0.499191311091742,0.066954541808335
238.1,1.26579236692349,-0.194487087749351,1.12369356813239,1.67162089178744,-0.499192654191193,0.0669550262738935
238.2,1.26579336179983,-0.194486903399882,1.12369478167198,1.67162325879229,-0.499193996173434,0.0669555103352254
238.3,1.26579435584561,-0.194486719204128,1.12369599419998,1.67162562382425,-0.499195337039859,0.0669559939928365
238.4,1.26579534906189,-0.194486535161897,1.12369720571765,1.67162798688579,-0.499196676791857,0.0669564772472317
238.5,1.26579634144971,-0.194486351272996,1.12369841622626,1.67163034797937,-0.499198015430818,0.066956960098915
238.6,1.26579733301009,-0.194486167537235,1.12369962572706,1.67163270710745,-0.499199352958129,0.0669574425483893
238.7,1.26579832374407,-0.194485983954422,1.12370083422131,1.67163506427247,-0.499200689375173,0.0669579245961573
238.8,1.26579931365269,-0.194485800524366,1.12370204171028,1.67163741947689,-0.499202024683332,0.0669584062427205
238.9,1.26580030273698,-0.194485617246877,1.1237032481952,1.67163977272316,-0.499203358883987,0.0669588874885793
239,1.26580129099796,-0.194485434121764,1.12370445367734,1.67164212401371,-0.499204691978513,0.0669593683342337
239.1,1.26580227843667,-0.194485251148837,1.12370565815795,1.67164447335098,-0.499206023968287,0.0669598487801828
239.2,1.26580326505413,-0.194485068327908,1.12370686163827,1.67164682073741,-0.499207354854681,0.0669603288269246
239.3,1.26580425085135,-0.194484885658785,1.12370806411954,1.67164916617542,-0.499208684639065,0.0669608084749566
239.4,1.26580523582938,-0.194484703141282,1.12370926560302,1.67165150966745,-0.499210013322807,0.0669612877247752
239.5,1.26580621998922,-0.194484520775207,1.12371046608994,1.6716538512159,-0.499211340907274,0.0669617665768762
239.6,1.2658072033319,-0.194484338560374,1.12371166558154,1.67165619082319,-0.499212667393829,0.0669622450317545
239.7,1.26580818585843,-0.194484156496595,1.12371286407906,1.67165852849175,-0.499213992783834,0.0669627230899039
239.8,1.26580916756983,-0.194483974583681,1.12371406158373,1.67166086422397,-0.499215317078647,0.066963200751818
239.9,1.26581014846711,-0.194483792821446,1.12371525809679,1.67166319802227,-0.499216640279626,0.066963678017989
240,1.26581112855129,-0.194483611209701,1.12371645361947,1.67166552988904,-0.499217962388125,0.0669641548889085
240.1,1.26581210782337,-0.19448342974826,1.123717648153,1.67166785982668,-0.499219283405496,0.0669646313650675
240.2,1.26581308628436,-0.194483248436937,1.1237188416986,1.67167018783758,-0.49922060333309,0.0669651074469557
240.3,1.26581406393528,-0.194483067275546,1.12372003425751,1.67167251392414,-0.499221922172255,0.0669655831350625
240.4,1.26581504077713,-0.1944828862639,1.12372122583093,1.67167483808873,-0.499223239924337,0.066966058429876
240.5,1.2658160168109,-0.194482705401814,1.1237224164201,1.67167716033375,-0.499224556590678,0.0669665333318842
240.6,1.26581699203761,-0.194482524689103,1.12372360602624,1.67167948066155,-0.499225872172621,0.0669670078415733
240.7,1.26581796645825,-0.194482344125581,1.12372479465055,1.67168179907453,-0.499227186671504,0.0669674819594296
240.8,1.26581894007383,-0.194482163711065,1.12372598229426,1.67168411557505,-0.499228500088664,0.0669679556859382
240.9,1.26581991288534,-0.194481983445369,1.12372716895858,1.67168643016547,-0.499229812425437,0.0669684290215835
241,1.26582088489377,-0.194481803328309,1.12372835464472,1.67168874284815,-0.499231123683154,0.0669689019668487
241.1,1.26582185610012,-0.194481623359703,1.12372953935388,1.67169105362546,-0.499232433863145,0.0669693745222168
241.2,1.26582282650539,-0.194481443539366,1.12373072308728,1.67169336249975,-0.49923374296674,0.0669698466881698
241.3,1.26582379611056,-0.194481263867115,1.12373190584612,1.67169566947336,-0.499235050995264,0.0669703184651888
241.4,1.26582476491662,-0.194481084342767,1.1237330876316,1.67169797454864,-0.49923635795004,0.0669707898537542
241.5,1.26582573292456,-0.194480904966141,1.12373426844493,1.67170027772794,-0.49923766383239,0.0669712608543454
241.6,1.26582670013536,-0.194480725737052,1.1237354482873,1.6717025790136,-0.499238968643635,0.0669717314674414
241.7,1.26582766655002,-0.194480546655321,1.12373662715991,1.67170487840794,-0.49924027238509,0.0669722016935201
241.8,1.2658286321695,-0.194480367720765,1.12373780506396,1.67170717591329,-0.499241575058071,0.0669726715330586
241.9,1.26582959699481,-0.194480188933202,1.12373898200063,1.671709471532,-0.499242876663891,0.0669731409865337
242,1.2658305610269,-0.194480010292451,1.12374015797113,1.67171176526637,-0.499244177203861,0.0669736100544205
242.1,1.26583152426676,-0.194479831798332,1.12374133297663,1.67171405711872,-0.49924547667929,0.0669740787371942
242.2,1.26583248671537,-0.194479653450665,1.12374250701833,1.67171634709138,-0.499246775091483,0.0669745470353289
242.3,1.26583344837371,-0.194479475249269,1.12374368009742,1.67171863518666,-0.499248072441746,0.0669750149492978
242.4,1.26583440924273,-0.194479297193964,1.12374485221506,1.67172092140685,-0.499249368731381,0.0669754824795734
242.5,1.26583536932342,-0.194479119284571,1.12374602337246,1.67172320575427,-0.499250663961687,0.0669759496266276
242.6,1.26583632861675,-0.194478941520911,1.12374719357078,1.67172548823122,-0.499251958133963,0.0669764163909311
242.7,1.26583728712368,-0.194478763902803,1.1237483628112,1.67172776883999,-0.499253251249504,0.0669768827729545
242.8,1.26583824484518,-0.194478586430071,1.12374953109491,1.67173004758287,-0.499254543309605,0.066977348773167
242.9,1.26583920178222,-0.194478409102535,1.12375069842306,1.67173232446216,-0.499255834315557,0.0669778143920375
243,1.26584015793576,-0.194478231920017,1.12375186479685,1.67173459948014,-0.499257124268649,0.0669782796300334
243.1,1.26584111330675,-0.19447805488234,1.12375303021743,1.67173687263909,-0.499258413170169,0.0669787444876223
243.2,1.26584206789617,-0.194477877989325,1.12375419468597,1.67173914394128,-0.499259701021402,0.0669792089652705
243.3,1.26584302170496,-0.194477701240796,1.12375535820364,1.671741413389,-0.499260987823633,0.0669796730634434
243.4,1.26584397473409,-0.194477524636576,1.1237565207716,1.67174368098451,-0.49926227357814,0.0669801367826061
243.5,1.26584492698452,-0.194477348176487,1.12375768239102,1.67174594673008,-0.499263558286205,0.0669806001232225
243.6,1.26584587845719,-0.194477171860355,1.12375884306306,1.67174821062798,-0.499264841949103,0.0669810630857561
243.7,1.26584682915306,-0.194476995688002,1.12376000278887,1.67175047268045,-0.49926612456811,0.0669815256706694
243.8,1.26584777907307,-0.194476819659252,1.12376116156961,1.67175273288976,-0.499267406144498,0.0669819878784241
243.9,1.26584872821819,-0.194476643773931,1.12376231940643,1.67175499125816,-0.499268686679539,0.0669824497094817
244,1.26584967658936,-0.194476468031863,1.1237634763005,1.6717572477879,-0.499269966174501,0.066982911164302
244.1,1.26585062418751,-0.194476292432873,1.12376463225296,1.67175950248121,-0.49927124463065,0.066983372243345
244.2,1.26585157101361,-0.194476116976787,1.12376578726495,1.67176175534035,-0.499272522049251,0.0669838329470692
244.3,1.26585251706858,-0.19447594166343,1.12376694133763,1.67176400636755,-0.499273798431568,0.0669842932759328
244.4,1.26585346235338,-0.194475766492627,1.12376809447215,1.67176625556504,-0.499275073778859,0.0669847532303931
244.5,1.26585440686894,-0.194475591464206,1.12376924666963,1.67176850293506,-0.499276348092384,0.0669852128109069
244.6,1.2658553506162,-0.194475416577992,1.12377039793124,1.67177074847983,-0.499277621373399,0.0669856720179298
244.7,1.2658562935961,-0.194475241833813,1.1237715482581,1.67177299220156,-0.499278893623159,0.0669861308519169
244.8,1.26585723580958,-0.194475067231495,1.12377269765136,1.67177523410249,-0.499280164842915,0.0669865893133228
244.9,1.26585817725756,-0.194474892770866,1.12377384611214,1.67177747418483,-0.499281435033919,0.0669870474026009
245,1.26585911794098,-0.194474718451753,1.1237749936416,1.67177971245078,-0.499282704197418,0.0669875051202042
245.1,1.26586005786077,-0.194474544273985,1.12377614024085,1.67178194890256,-0.499283972334659,0.0669879624665848
245.2,1.26586099701787,-0.194474370237389,1.12377728591102,1.67178418354237,-0.499285239446885,0.0669884194421942
245.3,1.26586193541319,-0.194474196341793,1.12377843065326,1.67178641637242,-0.49928650553534,0.0669888760474831
245.4,1.26586287304767,-0.194474022587028,1.12377957446867,1.6717886473949,-0.499287770601263,0.0669893322829013
245.5,1.26586380992223,-0.19447384897292,1.1237807173584,1.671790876612,-0.499289034645893,0.0669897881488982
245.6,1.26586474603779,-0.194473675499301,1.12378185932356,1.67179310402592,-0.499290297670466,0.0669902436459224
245.7,1.26586568139527,-0.194473502165999,1.12378300036527,1.67179532963884,-0.499291559676216,0.0669906987744214
245.8,1.26586661599561,-0.194473328972844,1.12378414048466,1.67179755345294,-0.499292820664375,0.0669911535348424
245.9,1.2658675498397,-0.194473155919667,1.12378527968283,1.67179977547041,-0.499294080636174,0.0669916079276318
246,1.26586848292849,-0.194472983006297,1.12378641796091,1.67180199569342,-0.499295339592841,0.0669920619532352
246.1,1.26586941526286,-0.194472810232565,1.12378755532002,1.67180421412415,-0.499296597535602,0.0669925156120974
246.2,1.26587034684376,-0.194472637598303,1.12378869176126,1.67180643076476,-0.499297854465682,0.0669929689046626
246.3,1.26587127767207,-0.194472465103341,1.12378982728574,1.67180864561742,-0.499299110384302,0.0669934218313743
246.4,1.26587220774873,-0.194472292747511,1.12379096189458,1.6718108586843,-0.499300365292684,0.0669938743926752
246.5,1.26587313707463,-0.194472120530644,1.12379209558887,1.67181306996754,-0.499301619192046,0.0669943265890074
246.6,1.26587406565069,-0.194471948452573,1.12379322836973,1.67181527946931,-0.499302872083604,0.0669947784208122
246.7,1.26587499347782,-0.194471776513131,1.12379436023827,1.67181748719177,-0.499304123968573,0.0669952298885301
246.8,1.26587592055691,-0.194471604712148,1.12379549119557,1.67181969313704,-0.499305374848166,0.0669956809926011
246.9,1.26587684688888,-0.194471433049459,1.12379662124274,1.6718218973073,-0.499306624723592,0.0669961317334644
247,1.26587777247462,-0.194471261524896,1.12379775038088,1.67182409970466,-0.499307873596061,0.0669965821115584
247.1,1.26587869731504,-0.194471090138292,1.12379887861109,1.67182630033128,-0.499309121466779,0.0669970321273209
247.2,1.26587962141104,-0.194470918889482,1.12380000593446,1.67182849918928,-0.499310368336952,0.066997481781189
247.3,1.26588054476351,-0.194470747778299,1.12380113235208,1.6718306962808,-0.499311614207781,0.0669979310735992
247.4,1.26588146737336,-0.194470576804578,1.12380225786504,1.67183289160797,-0.499312859080469,0.0669983800049868
247.5,1.26588238924148,-0.194470405968152,1.12380338247444,1.67183508517291,-0.499314102956213,0.0669988285757872
247.6,1.26588331036875,-0.194470235268857,1.12380450618136,1.67183727697773,-0.499315345836212,0.0669992767864343
247.7,1.26588423075609,-0.194470064706528,1.12380562898689,1.67183946702457,-0.499316587721661,0.0669997246373619
247.8,1.26588515040437,-0.194469894280999,1.1238067508921,1.67184165531553,-0.499317828613751,0.0670001721290027
247.9,1.26588606931448,-0.194469723992106,1.1238078718981,1.67184384185273,-0.499319068513676,0.0670006192617891
248,1.26588698748732,-0.194469553839684,1.12380899200594,1.67184602663826,-0.499320307422624,0.0670010660361524
248.1,1.26588790492378,-0.194469383823571,1.12381011121672,1.67184820967424,-0.499321545341784,0.0670015124525235
248.2,1.26588882162473,-0.194469213943602,1.12381122953151,1.67185039096277,-0.499322782272339,0.0670019585113324
248.3,1.26588973759106,-0.194469044199614,1.12381234695139,1.67185257050594,-0.499324018215476,0.0670024042130087
248.4,1.26589065282366,-0.194468874591443,1.12381346347742,1.67185474830585,-0.499325253172375,0.067002849557981
248.5,1.2658915673234,-0.194468705118927,1.12381457911069,1.67185692436458,-0.499326487144216,0.0670032945466774
248.6,1.26589248109116,-0.194468535781902,1.12381569385226,1.67185909868424,-0.499327720132177,0.0670037391795252
248.7,1.26589339412783,-0.194468366580207,1.1238168077032,1.67186127126689,-0.499328952137435,0.067004183456951
248.8,1.26589430643428,-0.194468197513679,1.12381792066458,1.67186344211462,-0.499330183161165,0.0670046273793811
248.9,1.26589521801139,-0.194468028582157,1.12381903273746,1.67186561122951,-0.499331413204537,0.0670050709472404
249,1.26589612886003,-0.194467859785479,1.12382014392291,1.67186777861363,-0.499332642268725,0.067005514160954
249.1,1.26589703898107,-0.194467691123482,1.12382125422198,1.67186994426905,-0.499333870354895,0.0670059570209454
249.2,1.26589794837539,-0.194467522596007,1.12382236363575,1.67187210819784,-0.499335097464214,0.0670063995276382
249.3,1.26589885704385,-0.194467354202893,1.12382347216526,1.67187427040206,-0.499336323597849,0.0670068416814549
249.4,1.26589976498732,-0.194467185943978,1.12382457981158,1.67187643088378,-0.499337548756962,0.0670072834828173
249.5,1.26590067220668,-0.194467017819102,1.12382568657575,1.67187858964505,-0.499338772942714,0.0670077249321469
249.6,1.26590157870278,-0.194466849828106,1.12382679245884,1.67188074668793,-0.499339996156265,0.0670081660298642
249.7,1.2659024844765,-0.194466681970829,1.12382789746189,1.67188290201446,-0.499341218398773,0.0670086067763891
249.8,1.26590338952869,-0.194466514247112,1.12382900158595,1.6718850556267,-0.499342439671394,0.0670090471721408
249.9,1.26590429386022,-0.194466346656795,1.12383010483208,1.67188720752669,-0.49934365997528,0.067009487217538
250,1.26590519747194,-0.19446617919972,1.12383120720131,1.67188935771646,-0.499344879311586,0.0670099269129984
250.1,1.26590610036472,-0.194466011875727,1.1238323086947,1.67189150619807,-0.49934609768146,0.0670103662589395
250.2,1.26590700253941,-0.194465844684658,1.12383340931329,1.67189365297354,-0.499347315086052,0.0670108052557778
250.3,1.26590790399687,-0.194465677626355,1.12383450905812,1.6718957980449,-0.499348531526507,0.0670112439039291
250.4,1.26590880473796,-0.19446551070066,1.12383560793023,1.67189794141419,-0.499349747003972,0.0670116822038089
250.5,1.26590970476353,-0.194465343907414,1.12383670593065,1.67190008308342,-0.499350961519589,0.0670121201558318
250.6,1.26591060407443,-0.19446517724646,1.12383780306043,1.67190222305463,-0.4993521750745,0.0670125577604114
250.7,1.26591150267151,-0.194465010717641,1.1238388993206,1.67190436132982,-0.499353387669843,0.0670129950179614
250.8,1.26591240055562,-0.1944648443208,1.12383999471219,1.67190649791102,-0.499354599306757,0.0670134319288944
250.9,1.26591329772761,-0.19446467805578,1.12384108923623,1.67190863280023,-0.499355809986376,0.0670138684936221
251,1.26591419418832,-0.194464511922424,1.12384218289377,1.67191076599947,-0.499357019709837,0.067014304712556
251.1,1.26591508993861,-0.194464345920576,1.12384327568581,1.67191289751073,-0.49935822847827,0.0670147405861069
251.2,1.26591598497931,-0.19446418005008,1.1238443676134,1.67191502733604,-0.499359436292806,0.0670151761146847
251.3,1.26591687931128,-0.19446401431078,1.12384545867755,1.67191715547737,-0.499360643154574,0.0670156112986987
251.4,1.26591777293534,-0.194463848702521,1.1238465488793,1.67191928193674,-0.499361849064701,0.0670160461385578
251.5,1.26591866585234,-0.194463683225147,1.12384763821965,1.67192140671612,-0.499363054024311,0.0670164806346699
251.6,1.26591955806313,-0.194463517878503,1.12384872669964,1.67192352981752,-0.499364258034529,0.0670169147874428
251.7,1.26592044956852,-0.194463352662433,1.12384981432028,1.67192565124293,-0.499365461096476,0.0670173485972828
251.8,1.26592134036938,-0.194463187576785,1.12385090108258,1.67192777099431,-0.499366663211271,0.0670177820645966
251.9,1.26592223046652,-0.194463022621402,1.12385198698758,1.67192988907366,-0.499367864380033,0.0670182151897892
252,1.26592311986078,-0.194462857796132,1.12385307203627,1.67193200548295,-0.499369064603879,0.0670186479732658
252.1,1.26592400855299,-0.19446269310082,1.12385415622967,1.67193412022416,-0.499370263883922,0.0670190804154307
252.2,1.26592489654399,-0.194462528535312,1.12385523956879,1.67193623329925,-0.499371462221275,0.0670195125166872
252.3,1.26592578383461,-0.194462364099456,1.12385632205465,1.6719383447102,-0.49937265961705,0.0670199442774384
252.4,1.26592667042566,-0.194462199793097,1.12385740368824,1.67194045445897,-0.499373856072356,0.0670203756980867
252.5,1.26592755631799,-0.194462035616084,1.12385848447058,1.67194256254753,-0.4993750515883,0.0670208067790339
252.6,1.26592844151241,-0.194461871568263,1.12385956440266,1.67194466897782,-0.499376246165988,0.0670212375206807
252.7,1.26592932600975,-0.194461707649482,1.1238606434855,1.67194677375182,-0.499377439806525,0.0670216679234277
252.8,1.26593020981083,-0.194461543859589,1.1238617217201,1.67194887687146,-0.499378632511012,0.0670220979876749
252.9,1.26593109291648,-0.194461380198431,1.12386279910744,1.67195097833871,-0.499379824280551,0.0670225277138213
253,1.26593197532751,-0.194461216665858,1.12386387564854,1.6719530781555,-0.49938101511624,0.0670229571022655
253.1,1.26593285704475,-0.194461053261717,1.12386495134439,1.67195517632378,-0.499382205019176,0.0670233861534053
253.2,1.26593373806901,-0.194460889985857,1.12386602619598,1.6719572728455,-0.499383393990456,0.0670238148676382
253.3,1.2659346184011,-0.194460726838128,1.12386710020431,1.67195936772258,-0.499384582031171,0.0670242432453607
253.4,1.26593549804186,-0.194460563818379,1.12386817337036,1.67196146095696,-0.499385769142416,0.0670246712869689
253.5,1.26593637699207,-0.194460400926458,1.12386924569514,1.67196355255058,-0.49938695532528,0.0670250989928582
253.6,1.26593725525257,-0.194460238162217,1.12387031717962,1.67196564250537,-0.499388140580851,0.0670255263634235
253.7,1.26593813282417,-0.194460075525504,1.1238713878248,1.67196773082324,-0.499389324910217,0.0670259533990589
253.8,1.26593900970766,-0.19445991301617,1.12387245763166,1.67196981750612,-0.499390508314462,0.067026380100158
253.9,1.26593988590387,-0.194459750634066,1.12387352660119,1.67197190255593,-0.499391690794671,0.0670268064671139
254,1.26594076141359,-0.194459588379041,1.12387459473436,1.67197398597459,-0.499392872351926,0.0670272325003186
254.1,1.26594163623765,-0.194459426250947,1.12387566203217,1.67197606776401,-0.499394052987305,0.0670276582001642
254.2,1.26594251037683,-0.194459264249635,1.12387672849558,1.67197814792609,-0.499395232701889,0.0670280835670416
254.3,1.26594338383195,-0.194459102374957,1.12387779412558,1.67198022646276,-0.499396411496753,0.0670285086013413
254.4,1.2659442566038,-0.194458940626763,1.12387885892314,1.6719823033759,-0.499397589372973,0.0670289333034533
254.5,1.2659451286932,-0.194458779004906,1.12387992288925,1.67198437866743,-0.499398766331622,0.0670293576737668
254.6,1.26594600010093,-0.194458617509238,1.12388098602486,1.67198645233925,-0.499399942373772,0.0670297817126704
254.7,1.2659468708278,-0.19445845613961,1.12388204833096,1.67198852439324,-0.499401117500493,0.0670302054205523
254.8,1.26594774087461,-0.194458294895876,1.12388310980851,1.67199059483129,-0.499402291712854,0.0670306287978
254.9,1.26594861024215,-0.194458133777889,1.12388417045849,1.67199266365531,-0.499403465011921,0.0670310518448002
255,1.26594947893122,-0.194457972785501,1.12388523028186,1.67199473086718,-0.499404637398759,0.0670314745619393
255.1,1.2659503469426,-0.194457811918565,1.12388628927958,1.67199679646877,-0.499405808874432,0.0670318969496029
255.2,1.26595121427711,-0.194457651176935,1.12388734745263,1.67199886046197,-0.499406979440002,0.067032319008176
255.3,1.26595208093551,-0.194457490560464,1.12388840480196,1.67200092284867,-0.499408149096529,0.0670327407380431
255.4,1.26595294691862,-0.194457330069007,1.12388946132853,1.67200298363072,-0.499409317845071,0.067033162139588
255.5,1.2659538122272,-0.194457169702417,1.12389051703331,1.67200504281001,-0.499410485686685,0.0670335832131941
255.6,1.26595467686206,-0.194457009460549,1.12389157191726,1.67200710038841,-0.499411652622426,0.0670340039592439
255.7,1.26595554082398,-0.194456849343257,1.12389262598133,1.67200915636778,-0.499412818653349,0.0670344243781195
255.8,1.26595640411375,-0.194456689350396,1.12389367922647,1.67201121074998,-0.499413983780504,0.0670348444702025
255.9,1.26595726673214,-0.194456529481822,1.12389473165365,1.67201326353687,-0.499415148004943,0.0670352642358736
256,1.26595812867994,-0.194456369737388,1.1238957832638,1.67201531473031,-0.499416311327714,0.0670356836755131
256.1,1.26595898995794,-0.194456210116952,1.12389683405789,1.67201736433217,-0.499417473749863,0.0670361027895008
256.2,1.2659598505669,-0.194456050620368,1.12389788403687,1.67201941234428,-0.499418635272438,0.0670365215782158
256.3,1.26596071050763,-0.194455891247492,1.12389893320168,1.67202145876849,-0.49941979589648,0.0670369400420365
256.4,1.26596156978088,-0.194455731998181,1.12389998155326,1.67202350360666,-0.499420955623034,0.0670373581813409
256.5,1.26596242838744,-0.194455572872291,1.12390102909257,1.67202554686063,-0.499422114453138,0.0670377759965065
256.6,1.26596328632808,-0.194455413869678,1.12390207582054,1.67202758853223,-0.499423272387832,0.0670381934879098
256.7,1.26596414360358,-0.1944552549902,1.12390312173813,1.67202962862331,-0.499424429428155,0.067038610655927
256.8,1.26596500021471,-0.194455096233713,1.12390416684627,1.67203166713569,-0.49942558557514,0.0670390275009338
256.9,1.26596585616224,-0.194454937600074,1.12390521114589,1.67203370407122,-0.499426740829823,0.0670394440233053
257,1.26596671144695,-0.194454779089142,1.12390625463794,1.67203573943171,-0.499427895193237,0.0670398602234158
257.1,1.2659675660696,-0.194454620700773,1.12390729732336,1.672037773219,-0.499429048666411,0.0670402761016391
257.2,1.26596842003096,-0.194454462434825,1.12390833920307,1.67203980543491,-0.499430201250377,0.0670406916583487
257.3,1.2659692733318,-0.194454304291158,1.12390938027802,1.67204183608125,-0.49943135294616,0.067041106893917
257.4,1.26597012597288,-0.194454146269628,1.12391042054913,1.67204386515986,-0.499432503754789,0.0670415218087163
257.5,1.26597097795498,-0.194453988370095,1.12391146001733,1.67204589267253,-0.499433653677287,0.0670419364031181
257.6,1.26597182927884,-0.194453830592417,1.12391249868356,1.67204791862109,-0.499434802714677,0.0670423506774935
257.7,1.26597267994525,-0.194453672936453,1.12391353654874,1.67204994300734,-0.499435950867981,0.0670427646322127
257.8,1.26597352995495,-0.194453515402064,1.1239145736138,1.67205196583309,-0.49943709813822,0.0670431782676457
257.9,1.2659743793087,-0.194453357989107,1.12391560987967,1.67205398710015,-0.49943824452641,0.0670435915841616
258,1.26597522800728,-0.194453200697443,1.12391664534725,1.6720560068103,-0.49943939003357,0.0670440045821291
258.1,1.26597607605143,-0.194453043526931,1.12391768001749,1.67205802496536,-0.499440534660714,0.0670444172619165
258.2,1.2659769234419,-0.194452886477432,1.1239187138913,1.67206004156712,-0.499441678408856,0.0670448296238912
258.3,1.26597777017947,-0.194452729548806,1.12391974696959,1.67206205661736,-0.499442821279009,0.0670452416684203
258.4,1.26597861626487,-0.194452572740913,1.12392077925329,1.67206407011789,-0.499443963272182,0.06704565339587
258.5,1.26597946169887,-0.194452416053614,1.12392181074332,1.67206608207048,-0.499445104389385,0.0670460648066065
258.6,1.26598030648222,-0.19445225948677,1.12392284144058,1.67206809247693,-0.499446244631625,0.0670464759009949
258.7,1.26598115061566,-0.194452103040243,1.12392387134599,1.672070101339,-0.499447383999909,0.0670468866793999
258.8,1.26598199409995,-0.194451946713893,1.12392490046047,1.67207210865849,-0.499448522495241,0.0670472971421858
258.9,1.26598283693583,-0.194451790507583,1.12392592878492,1.67207411443717,-0.499449660118623,0.0670477072897161
259,1.26598367912405,-0.194451634421173,1.12392695632025,1.67207611867681,-0.499450796871056,0.067048117122354
259.1,1.26598452066537,-0.194451478454526,1.12392798306738,1.67207812137918,-0.499451932753542,0.0670485266404617
259.2,1.26598536156051,-0.194451322607504,1.1239290090272,1.67208012254605,-0.499453067767077,0.0670489358444015
259.3,1.26598620181023,-0.19445116687997,1.12393003420063,1.67208212217918,-0.499454201912659,0.0670493447345346
259.4,1.26598704141528,-0.194451011271786,1.12393105858856,1.67208412028034,-0.499455335191283,0.0670497533112218
259.5,1.26598788037638,-0.194450855782816,1.1239320821919,1.67208611685129,-0.499456467603942,0.0670501615748236
259.6,1.26598871869429,-0.194450700412921,1.12393310501155,1.67208811189379,-0.49945759915163,0.0670505695256995
259.7,1.26598955636974,-0.194450545161966,1.12393412704842,1.67209010540958,-0.499458729835335,0.0670509771642089
259.8,1.26599039340347,-0.194450390029813,1.12393514830339,1.67209209740042,-0.499459859656048,0.0670513844907102
259.9,1.26599122979622,-0.194450235016328,1.12393616877737,1.67209408786807,-0.499460988614756,0.0670517915055616
260,1.26599206554872,-0.194450080121372,1.12393718847125,1.67209607681426,-0.499462116712446,0.0670521982091206
260.1,1.2659929006617,-0.194449925344811,1.12393820738592,1.67209806424074,-0.499463243950102,0.0670526046017442
260.2,1.26599373513591,-0.194449770686509,1.12393922552228,1.67210005014925,-0.499464370328706,0.0670530106837888
260.3,1.26599456897208,-0.194449616146331,1.12394024288122,1.67210203454153,-0.499465495849241,0.0670534164556104
260.4,1.26599540217093,-0.19444946172414,1.12394125946363,1.67210401741932,-0.499466620512687,0.0670538219175642
260.5,1.26599623473319,-0.194449307419803,1.1239422752704,1.67210599878435,-0.499467744320023,0.0670542270700053
260.6,1.2659970666596,-0.194449153233183,1.12394329030241,1.67210797863835,-0.499468867272225,0.0670546319132876
260.7,1.26599789795089,-0.194448999164148,1.12394430456056,1.67210995698304,-0.499469989370269,0.0670550364477651
260.8,1.26599872860777,-0.194448845212561,1.12394531804572,1.67211193382015,-0.49947111061513,0.0670554406737908
260.9,1.26599955863098,-0.194448691378289,1.12394633075878,1.67211390915142,-0.49947223100778,0.0670558445917175
261,1.26600038802125,-0.194448537661197,1.12394734270063,1.67211588297854,-0.49947335054919,0.0670562482018972
261.1,1.26600121677929,-0.194448384061153,1.12394835387213,1.67211785530325,-0.499474469240331,0.0670566515046816
261.2,1.26600204490582,-0.194448230578022,1.12394936427418,1.67211982612725,-0.49947558708217,0.0670570545004216
261.3,1.26600287240158,-0.194448077211671,1.12395037390764,1.67212179545227,-0.499476704075674,0.0670574571894678
261.4,1.26600369926727,-0.194447923961966,1.12395138277341,1.67212376328,-0.499477820221809,0.0670578595721702
261.5,1.26600452550363,-0.194447770828775,1.12395239087234,1.67212572961216,-0.499478935521538,0.0670582616488781
261.6,1.26600535111136,-0.194447617811965,1.12395339820532,1.67212769445044,-0.499480049975824,0.0670586634199405
261.7,1.26600617609119,-0.194447464911403,1.12395440477322,1.67212965779656,-0.499481163585627,0.067059064885706
261.8,1.26600700044382,-0.194447312126957,1.1239554105769,1.67213161965222,-0.499482276351909,0.067059466046522
261.9,1.26600782416999,-0.194447159458494,1.12395641561725,1.67213358001909,-0.499483388275625,0.0670598669027362
262,1.26600864727039,-0.194447006905882,1.12395741989512,1.67213553889889,-0.499484499357733,0.0670602674546951
262.1,1.26600946974574,-0.194446854468991,1.12395842341139,1.67213749629331,-0.499485609599188,0.0670606677027453
262.2,1.26601029159676,-0.194446702147687,1.12395942616692,1.67213945220402,-0.499486719000945,0.0670610676472321
262.3,1.26601111282415,-0.19444654994184,1.12396042816257,1.67214140663272,-0.499487827563954,0.0670614672885013
262.4,1.26601193342863,-0.194446397851318,1.12396142939922,1.6721433595811,-0.499488935289167,0.0670618666268971
262.5,1.26601275341089,-0.194446245875991,1.12396242987771,1.67214531105082,-0.499490042177533,0.0670622656627639
262.6,1.26601357277166,-0.194446094015727,1.12396342959892,1.67214726104358,-0.499491148230001,0.0670626643964453
262.7,1.26601439151164,-0.194445942270397,1.1239644285637,1.67214920956105,-0.499492253447516,0.0670630628282844
262.8,1.26601520963152,-0.194445790639868,1.12396542677291,1.6721511566049,-0.499493357831024,0.0670634609586239
262.9,1.26601602713202,-0.194445639124012,1.12396642422741,1.6721531021768,-0.499494461381469,0.0670638587878058
263,1.26601684401384,-0.194445487722698,1.12396742092805,1.67215504627842,-0.499495564099792,0.0670642563161718
263.1,1.26601766027768,-0.194445336435797,1.12396841687568,1.67215698891143,-0.499496665986934,0.0670646535440629
263.2,1.26601847592424,-0.194445185263178,1.12396941207117,1.67215893007749,-0.499497767043836,0.0670650504718196
263.3,1.26601929095423,-0.194445034204713,1.12397040651536,1.67216086977826,-0.499498867271435,0.067065447099782
263.4,1.26602010536833,-0.194444883260272,1.1239714002091,1.67216280801541,-0.499499966670667,0.0670658434282896
263.5,1.26602091916726,-0.194444732429725,1.12397239315324,1.67216474479058,-0.499501065242468,0.0670662394576812
263.6,1.2660217323517,-0.194444581712945,1.12397338534863,1.67216668010542,-0.499502162987771,0.0670666351882956
263.7,1.26602254492235,-0.194444431109803,1.12397437679611,1.6721686139616,-0.49950325990751,0.0670670306204707
263.8,1.2660233568799,-0.194444280620169,1.12397536749654,1.67217054636076,-0.499504356002613,0.0670674257545439
263.9,1.26602416822505,-0.194444130243916,1.12397635745075,1.67217247730454,-0.499505451274013,0.0670678205908523
264,1.2660249789585,-0.194443979980916,1.12397734665958,1.67217440679459,-0.499506545722635,0.0670682151297321
264.1,1.26602578908093,-0.19444382983104,1.12397833512389,1.67217633483255,-0.499507639349408,0.0670686093715195
264.2,1.26602659859303,-0.194443679794162,1.12397932284451,1.67217826142006,-0.499508732155257,0.0670690033165499
264.3,1.2660274074955,-0.194443529870153,1.12398030982227,1.67218018655876,-0.499509824141105,0.0670693969651581
264.4,1.26602821578902,-0.194443380058886,1.12398129605802,1.67218211025027,-0.499510915307875,0.0670697903176787
264.5,1.26602902347427,-0.194443230360235,1.1239822815526,1.67218403249623,-0.499512005656489,0.0670701833744456
264.6,1.26602983055195,-0.194443080774071,1.12398326630683,1.67218595329827,-0.499513095187866,0.0670705761357921
264.7,1.26603063702275,-0.194442931300269,1.12398425032155,1.67218787265801,-0.499514183902924,0.0670709686020513
264.8,1.26603144288733,-0.194442781938702,1.1239852335976,1.67218979057709,-0.499515271802582,0.0670713607735555
264.9,1.2660322481464,-0.194442632689243,1.1239862161358,1.67219170705711,-0.499516358887753,0.0670717526506367
265,1.26603305280063,-0.194442483551767,1.12398719793699,1.6721936220997,-0.499517445159354,0.0670721442336264
265.1,1.26603385685069,-0.194442334526147,1.123988179002,1.67219553570647,-0.499518530618297,0.0670725355228555
265.2,1.26603466029728,-0.194442185612258,1.12398915933165,1.67219744787905,-0.499519615265492,0.0670729265186543
265.3,1.26603546314107,-0.194442036809973,1.12399013892676,1.67219935861904,-0.499520699101852,0.0670733172213528
265.4,1.26603626538274,-0.194441888119168,1.12399111778817,1.67220126792805,-0.499521782128284,0.0670737076312806
265.5,1.26603706702297,-0.194441739539718,1.1239920959167,1.67220317580768,-0.499522864345696,0.0670740977487664
265.6,1.26603786806243,-0.194441591071496,1.12399307331318,1.67220508225955,-0.499523945754994,0.067074487574139
265.7,1.26603866850179,-0.19444144271438,1.12399404997841,1.67220698728525,-0.499525026357083,0.067074877107726
265.8,1.26603946834174,-0.194441294468242,1.12399502591323,1.67220889088639,-0.499526106152867,0.0670752663498553
265.9,1.26604026758294,-0.19444114633296,1.12399600111844,1.67221079306455,-0.499527185143247,0.0670756553008536
266,1.26604106622607,-0.194440998308409,1.12399697559488,1.67221269382135,-0.499528263329124,0.0670760439610472
266.1,1.2660418642718,-0.194440850394465,1.12399794934336,1.67221459315836,-0.499529340711398,0.0670764323307626
266.2,1.26604266172079,-0.194440702591004,1.12399892236469,1.67221649107718,-0.499530417290968,0.0670768204103251
266.3,1.26604345857372,-0.194440554897902,1.12399989465968,1.6722183875794,-0.499531493068728,0.0670772082000596
266.4,1.26604425483125,-0.194440407315036,1.12400086622915,1.6722202826666,-0.499532568045576,0.0670775957002908
266.5,1.26604505049406,-0.194440259842281,1.12400183707392,1.67222217634036,-0.499533642222405,0.0670779829113429
266.6,1.26604584556281,-0.194440112479516,1.12400280719478,1.67222406860227,-0.499534715600108,0.0670783698335394
266.7,1.26604664003815,-0.194439965226617,1.12400377659256,1.67222595945391,-0.499535788179576,0.0670787564672033
266.8,1.26604743392077,-0.194439818083461,1.12400474526805,1.67222784889685,-0.499536859961699,0.0670791428126571
266.9,1.26604822721131,-0.194439671049926,1.12400571322208,1.67222973693265,-0.499537930947367,0.0670795288702233
267,1.26604901991045,-0.194439524125889,1.12400668045543,1.67223162356291,-0.499539001137466,0.0670799146402234
267.1,1.26604981201884,-0.194439377311228,1.12400764696892,1.67223350878918,-0.499540070532883,0.0670803001229785
267.2,1.26605060353714,-0.194439230605821,1.12400861276335,1.67223539261303,-0.499541139134502,0.0670806853188094
267.3,1.26605139446602,-0.194439084009545,1.12400957783952,1.67223727503602,-0.499542206943208,0.0670810702280363
267.4,1.26605218480613,-0.19443893752228,1.12401054219823,1.67223915605973,-0.499543273959881,0.0670814548509789
267.5,1.26605297455812,-0.194438791143903,1.12401150584029,1.6722410356857,-0.499544340185404,0.0670818391879565
267.6,1.26605376372266,-0.194438644874294,1.12401246876648,1.67224291391549,-0.499545405620656,0.067082223239288
267.7,1.2660545523004,-0.19443849871333,1.12401343097762,1.67224479075066,-0.499546470266514,0.0670826070052917
267.8,1.26605534029199,-0.194438352660892,1.12401439247449,1.67224666619277,-0.499547534123857,0.0670829904862854
267.9,1.26605612769809,-0.194438206716858,1.12401535325788,1.67224854024336,-0.499548597193559,0.0670833736825864
268,1.26605691451935,-0.194438060881108,1.12401631332861,1.67225041290397,-0.499549659476495,0.0670837565945118
268.1,1.26605770075642,-0.19443791515352,1.12401727268745,1.67225228417617,-0.499550720973539,0.067084139222378
268.2,1.26605848640995,-0.194437769533976,1.12401823133519,1.67225415406148,-0.499551781685561,0.0670845215665008
268.3,1.26605927148059,-0.194437624022354,1.12401918927264,1.67225602256146,-0.499552841613433,0.0670849036271958
268.4,1.26606005596899,-0.194437478618535,1.12402014650057,1.67225788967763,-0.499553900758024,0.0670852854047781
268.5,1.26606083987579,-0.194437333322399,1.12402110301977,1.67225975541154,-0.499554959120201,0.0670856668995624
268.6,1.26606162320165,-0.194437188133826,1.12402205883104,1.67226161976473,-0.499556016700831,0.0670860481118624
268.7,1.26606240594721,-0.194437043052698,1.12402301393516,1.67226348273871,-0.49955707350078,0.0670864290419922
268.8,1.26606318811311,-0.194436898078894,1.1240239683329,1.67226534433503,-0.499558129520912,0.0670868096902645
268.9,1.26606396969999,-0.194436753212296,1.12402492202507,1.67226720455522,-0.49955918476209,0.0670871900569924
269,1.26606475070851,-0.194436608452785,1.12402587501243,1.67226906340078,-0.499560239225174,0.067087570142488
269.1,1.26606553113929,-0.194436463800242,1.12402682729577,1.67227092087326,-0.499561292911026,0.0670879499470631
269.2,1.26606631099299,-0.194436319254549,1.12402777887586,1.67227277697416,-0.499562345820505,0.0670883294710291
269.3,1.26606709027024,-0.194436174815588,1.1240287297535,1.67227463170502,-0.499563397954467,0.0670887087146966
269.4,1.26606786897168,-0.194436030483239,1.12402967992945,1.67227648506734,-0.49956444931377,0.0670890876783764
269.5,1.26606864709795,-0.194435886257386,1.12403062940449,1.67227833706264,-0.499565499899269,0.0670894663623781
269.6,1.26606942464968,-0.19443574213791,1.12403157817939,1.67228018769243,-0.499566549711818,0.0670898447670114
269.7,1.26607020162752,-0.194435598124693,1.12403252625494,1.67228203695822,-0.49956759875227,0.0670902228925853
269.8,1.26607097803209,-0.194435454217619,1.1240334736319,1.67228388486152,-0.499568647021475,0.0670906007394083
269.9,1.26607175386404,-0.19443531041657,1.12403442031104,1.67228573140383,-0.499569694520285,0.0670909783077886
270,1.26607252912398,-0.194435166721429,1.12403536629315,1.67228757658666,-0.499570741249548,0.067091355598034
270.1,1.26607330381257,-0.194435023132078,1.12403631157897,1.67228942041151,-0.499571787210112,0.0670917326104515
270.2,1.26607407793042,-0.194434879648402,1.12403725616929,1.67229126287987,-0.499572832402823,0.0670921093453478
270.3,1.26607485147817,-0.194434736270283,1.12403820006487,1.67229310399324,-0.499573876828527,0.0670924858030294
270.4,1.26607562445645,-0.194434592997605,1.12403914326648,1.67229494375312,-0.499574920488067,0.067092861983802
270.5,1.26607639686589,-0.194434449830252,1.12404008577488,1.672296782161,-0.499575963382287,0.0670932378879714
270.6,1.26607716870711,-0.194434306768107,1.12404102759084,1.67229861921837,-0.499577005512028,0.0670936135158422
270.7,1.26607793998074,-0.194434163811056,1.12404196871512,1.67230045492671,-0.499578046878129,0.067093988867719
270.8,1.26607871068741,-0.194434020958981,1.12404290914848,1.67230228928752,-0.499579087481431,0.0670943639439059
270.9,1.26607948082774,-0.194433878211767,1.12404384889168,1.67230412230227,-0.499580127322771,0.0670947387447065
271,1.26608025040235,-0.1944337355693,1.12404478794548,1.67230595397244,-0.499581166402985,0.0670951132704239
271.1,1.26608101941188,-0.194433593031463,1.12404572631064,1.67230778429952,-0.499582204722909,0.067095487521361
271.2,1.26608178785693,-0.194433450598141,1.12404666398792,1.67230961328498,-0.499583242283377,0.06709586149782
271.3,1.26608255573814,-0.194433308269221,1.12404760097806,1.6723114409303,-0.499584279085223,0.0670962352001027
271.4,1.26608332305613,-0.194433166044586,1.12404853728184,1.67231326723694,-0.499585315129277,0.0670966086285107
271.5,1.2660840898115,-0.194433023924123,1.1240494729,1.67231509220638,-0.49958635041637,0.0670969817833446
271.6,1.26608485600488,-0.194432881907717,1.12405040783329,1.67231691584009,-0.499587384947331,0.0670973546649053
271.7,1.2660856216369,-0.194432739995254,1.12405134208247,1.67231873813953,-0.49958841872299,0.0670977272734927
271.8,1.26608638670816,-0.194432598186619,1.12405227564829,1.67232055910617,-0.499589451744171,0.0670980996094064
271.9,1.26608715121928,-0.194432456481699,1.12405320853149,1.67232237874146,-0.499590484011702,0.0670984716729457
272,1.26608791517087,-0.19443231488038,1.12405414073282,1.67232419704687,-0.499591515526406,0.0670988434644092
272.1,1.26608867856356,-0.194432173382548,1.12405507225304,1.67232601402386,-0.499592546289106,0.0670992149840956
272.2,1.26608944139795,-0.19443203198809,1.12405600309289,1.67232782967388,-0.499593576300626,0.0670995862323024
272.3,1.26609020367465,-0.194431890696894,1.12405693325311,1.67232964399838,-0.499594605561785,0.0670999572093272
272.4,1.26609096539428,-0.194431749508845,1.12405786273444,1.67233145699881,-0.499595634073404,0.067100327915467
272.5,1.26609172655745,-0.19443160842383,1.12405879153764,1.67233326867663,-0.4995966618363,0.0671006983510185
272.6,1.26609248716476,-0.194431467441739,1.12405971966344,1.67233507903328,-0.499597688851291,0.0671010685162777
272.7,1.26609324721683,-0.194431326562456,1.12406064711258,1.6723368880702,-0.499598715119194,0.0671014384115405
272.8,1.26609400671426,-0.19443118578587,1.12406157388581,1.67233869578884,-0.499599740640822,0.0671018080371019
272.9,1.26609476565767,-0.194431045111869,1.12406249998385,1.67234050219063,-0.49960076541699,0.0671021773932572
273,1.26609552404765,-0.194430904540342,1.12406342540746,1.67234230727703,-0.49960178944851,0.0671025464803004
273.1,1.26609628188481,-0.194430764071174,1.12406435015736,1.67234411104945,-0.499602812736194,0.0671029152985258
273.2,1.26609703916975,-0.194430623704256,1.12406527423429,1.67234591350934,-0.499603835280852,0.0671032838482268
273.3,1.26609779590308,-0.194430483439475,1.12406619763898,1.67234771465813,-0.499604857083292,0.0671036521296966
273.4,1.26609855208541,-0.19443034327672,1.12406712037218,1.67234951449725,-0.499605878144322,0.0671040201432281
273.5,1.26609930771733,-0.19443020321588,1.1240680424346,1.67235131302812,-0.49960689846475,0.0671043878891132
273.6,1.26610006279944,-0.194430063256844,1.12406896382699,1.67235311025218,-0.499607918045381,0.0671047553676442
273.7,1.26610081733234,-0.1944299233995,1.12406988455006,1.67235490617084,-0.499608936887019,0.0671051225791122
273.8,1.26610157131664,-0.194429783643738,1.12407080460456,1.67235670078553,-0.499609954990466,0.0671054895238086
273.9,1.26610232475293,-0.194429643989447,1.12407172399121,1.67235849409767,-0.499610972356526,0.0671058562020235
274,1.2661030776418,-0.194429504436517,1.12407264271073,1.67236028610867,-0.499611988985999,0.0671062226140475
274.1,1.26610382998386,-0.194429364984838,1.12407356076386,1.67236207681996,-0.499613004879684,0.0671065887601703
274.2,1.2661045817797,-0.194429225634299,1.12407447815131,1.67236386623293,-0.49961402003838,0.0671069546406811
274.3,1.26610533302991,-0.194429086384789,1.12407539487381,1.67236565434902,-0.499615034462885,0.0671073202558688
274.4,1.26610608373509,-0.194428947236201,1.12407631093208,1.67236744116961,-0.499616048153994,0.0671076856060219
274.5,1.26610683389583,-0.194428808188423,1.12407722632685,1.67236922669613,-0.499617061112503,0.0671080506914287
274.6,1.26610758351273,-0.194428669241347,1.12407814105883,1.67237101092998,-0.499618073339205,0.0671084155123767
274.7,1.26610833258637,-0.194428530394862,1.12407905512875,1.67237279387256,-0.499619084834894,0.067108780069153
274.8,1.26610908111734,-0.19442839164886,1.12407996853732,1.67237457552527,-0.49962009560036,0.0671091443620448
274.9,1.26610982910624,-0.194428253003232,1.12408088128526,1.67237635588952,-0.499621105636395,0.0671095083913382
275,1.26611057655365,-0.194428114457869,1.12408179337329,1.67237813496669,-0.499622114943788,0.0671098721573194
275.1,1.26611132346016,-0.194427976012662,1.12408270480212,1.67237991275818,-0.499623123523326,0.0671102356602738
275.2,1.26611206982635,-0.194427837667502,1.12408361557247,1.67238168926539,-0.499624131375798,0.0671105989004867
275.3,1.26611281565283,-0.194427699422281,1.12408452568505,1.67238346448971,-0.499625138501988,0.0671109618782429
275.4,1.26611356094015,-0.194427561276892,1.12408543514057,1.67238523843253,-0.499626144902681,0.0671113245938267
275.5,1.26611430568893,-0.194427423231225,1.12408634393974,1.67238701109523,-0.499627150578662,0.0671116870475219
275.6,1.26611504989973,-0.194427285285172,1.12408725208328,1.6723887824792,-0.499628155530713,0.0671120492396123
275.7,1.26611579357313,-0.194427147438627,1.12408815957189,1.67239055258583,-0.499629159759614,0.0671124111703808
275.8,1.26611653670973,-0.194427009691481,1.12408906640629,1.67239232141649,-0.499630163266147,0.0671127728401102
275.9,1.2661172793101,-0.194426872043627,1.12408997258717,1.67239408897256,-0.499631166051091,0.0671131342490829
276,1.26611802137483,-0.194426734494958,1.12409087811525,1.67239585525542,-0.499632168115223,0.0671134953975806
276.1,1.26611876290448,-0.194426597045366,1.12409178299122,1.67239762026644,-0.499633169459321,0.0671138562858849
276.2,1.26611950389965,-0.194426459694745,1.1240926872158,1.67239938400701,-0.49963417008416,0.067114216914277
276.3,1.2661202443609,-0.194426322442987,1.12409359078969,1.67240114647848,-0.499635169990515,0.0671145772830374
276.4,1.26612098428882,-0.194426185289986,1.12409449371359,1.67240290768224,-0.499636169179159,0.0671149373924464
276.5,1.26612172368398,-0.194426048235635,1.1240953959882,1.67240466761964,-0.499637167650865,0.067115297242784
276.6,1.26612246254695,-0.194425911279829,1.12409629761422,1.67240642629205,-0.499638165406405,0.0671156568343294
276.7,1.26612320087832,-0.19442577442246,1.12409719859235,1.67240818370084,-0.499639162446548,0.0671160161673621
276.8,1.26612393867865,-0.194425637663422,1.12409809892328,1.67240993984736,-0.499640158772064,0.0671163752421604
276.9,1.26612467594851,-0.19442550100261,1.12409899860772,1.67241169473298,-0.499641154383721,0.0671167340590029
277,1.26612541268849,-0.194425364439918,1.12409989764637,1.67241344835905,-0.499642149282285,0.067117092618167
277.1,1.26612614889914,-0.19442522797524,1.12410079603991,1.67241520072693,-0.499643143468523,0.0671174509199307
277.2,1.26612688458104,-0.194425091608472,1.12410169378903,1.67241695183798,-0.499644136943199,0.0671178089645706
277.3,1.26612761973476,-0.194424955339506,1.12410259089445,1.67241870169353,-0.499645129707077,0.0671181667523637
277.4,1.26612835436087,-0.194424819168239,1.12410348735683,1.67242045029496,-0.49964612176092,0.0671185242835862
277.5,1.26612908845994,-0.194424683094564,1.12410438317689,1.67242219764359,-0.499647113105488,0.0671188815585139
277.6,1.26612982203252,-0.194424547118379,1.1241052783553,1.67242394374078,-0.499648103741542,0.0671192385774224
277.7,1.2661305550792,-0.194424411239577,1.12410617289276,1.67242568858787,-0.499649093669843,0.0671195953405867
277.8,1.26613128760053,-0.194424275458053,1.12410706678995,1.67242743218621,-0.499650082891147,0.0671199518482815
277.9,1.26613201959708,-0.194424139773705,1.12410796004756,1.67242917453713,-0.499651071406211,0.0671203081007812
278,1.26613275106941,-0.194424004186426,1.12410885266628,1.67243091564197,-0.499652059215793,0.0671206640983595
278.1,1.26613348201809,-0.194423868696114,1.12410974464679,1.67243265550207,-0.499653046320647,0.0671210198412903
278.2,1.26613421244367,-0.194423733302664,1.12411063598977,1.67243439411877,-0.499654032721526,0.0671213753298464
278.3,1.26613494234672,-0.194423598005973,1.12411152669592,1.67243613149338,-0.499655018419185,0.0671217305643007
278.4,1.2661356717278,-0.194423462805936,1.12411241676591,1.67243786762726,-0.499656003414373,0.0671220855449253
278.5,1.26613640058747,-0.19442332770245,1.12411330620042,1.67243960252171,-0.499656987707842,0.0671224402719925
278.6,1.26613712892629,-0.194423192695412,1.12411419500014,1.67244133617808,-0.499657971300343,0.0671227947457736
278.7,1.26613785674481,-0.194423057784719,1.12411508316574,1.67244306859769,-0.499658954192622,0.0671231489665401
278.8,1.2661385840436,-0.194422922970267,1.1241159706979,1.67244479978185,-0.499659936385427,0.0671235029345624
278.9,1.2661393108232,-0.194422788251953,1.1241168575973,1.67244652973189,-0.499660917879506,0.0671238566501113
279,1.26614003708419,-0.194422653629675,1.12411774386462,1.67244825844913,-0.499661898675603,0.0671242101134565
279.1,1.2661407628271,-0.19442251910333,1.12411862950053,1.67244998593489,-0.499662878774463,0.0671245633248679
279.2,1.26614148805249,-0.194422384672816,1.1241195145057,1.67245171219048,-0.499663858176829,0.0671249162846145
279.3,1.26614221276093,-0.194422250338029,1.12412039888081,1.67245343721721,-0.499664836883442,0.0671252689929654
279.4,1.26614293695295,-0.194422116098869,1.12412128262653,1.6724551610164,-0.499665814895045,0.067125621450189
279.5,1.26614366062912,-0.194421981955233,1.12412216574354,1.67245688358936,-0.499666792212377,0.0671259736565534
279.6,1.26614438378998,-0.194421847907018,1.12412304823249,1.67245860493739,-0.499667768836177,0.0671263256123263
279.7,1.26614510643608,-0.194421713954124,1.12412393009408,1.67246032506181,-0.499668744767183,0.067126677317775
279.8,1.26614582856798,-0.194421580096448,1.12412481132895,1.6724620439639,-0.499669720006132,0.0671270287731666
279.9,1.26614655018622,-0.194421446333889,1.12412569193779,1.67246376164499,-0.499670694553761,0.0671273799787677
280,1.26614727129134,-0.194421312666346,1.12412657192125,1.67246547810636,-0.499671668410803,0.0671277309348443
280.1,1.26614799188391,-0.194421179093717,1.12412745128,1.67246719334932,-0.499672641577992,0.0671280816416625
280.2,1.26614871196445,-0.194421045615902,1.12412833001472,1.67246890737517,-0.499673614056062,0.0671284320994875
280.3,1.26614943153353,-0.194420912232799,1.12412920812605,1.67247062018519,-0.499674585845744,0.0671287823085847
280.4,1.26615015059167,-0.194420778944308,1.12413008561467,1.67247233178069,-0.499675556947768,0.0671291322692184
280.5,1.26615086913944,-0.194420645750328,1.12413096248124,1.67247404216294,-0.499676527362865,0.0671294819816531
280.6,1.26615158717736,-0.194420512650759,1.12413183872642,1.67247575133326,-0.499677497091763,0.0671298314461527
280.7,1.26615230470599,-0.1944203796455,1.12413271435086,1.67247745929291,-0.499678466135189,0.0671301806629809
280.8,1.26615302172586,-0.194420246734451,1.12413358935524,1.67247916604318,-0.49967943449387,0.0671305296324008
280.9,1.26615373823752,-0.194420113917512,1.1241344637402,1.67248087158537,-0.499680402168532,0.0671308783546753
281,1.2661544542415,-0.194419981194583,1.1241353375064,1.67248257592075,-0.499681369159899,0.0671312268300668
281.1,1.26615516973834,-0.194419848565564,1.1241362106545,1.6724842790506,-0.499682335468694,0.0671315750588375
281.2,1.26615588472859,-0.194419716030356,1.12413708318516,1.67248598097621,-0.499683301095641,0.0671319230412488
281.3,1.26615659921278,-0.19441958358886,1.12413795509904,1.67248768169884,-0.49968426604146,0.0671322707775623
281.4,1.26615731319145,-0.194419451240975,1.12413882639677,1.67248938121978,-0.499685230306872,0.0671326182680391
281.5,1.26615802666513,-0.194419318986602,1.12413969707903,1.67249107954029,-0.499686193892596,0.0671329655129395
281.6,1.26615873963437,-0.194419186825644,1.12414056714645,1.67249277666165,-0.49968715679935,0.0671333125125239
281.7,1.26615945209969,-0.194419054757999,1.12414143659969,1.67249447258513,-0.499688119027853,0.0671336592670521
281.8,1.26616016406162,-0.194418922783571,1.12414230543941,1.67249616731199,-0.49968908057882,0.0671340057767837
281.9,1.26616087552071,-0.19441879090226,1.12414317366624,1.67249786084351,-0.499690041452967,0.0671343520419777
282,1.26616158647749,-0.194418659113967,1.12414404128085,1.67249955318094,-0.499691001651008,0.0671346980628929
282.1,1.26616229693248,-0.194418527418595,1.12414490828386,1.67250124432555,-0.499691961173656,0.0671350438397878
282.2,1.26616300688621,-0.194418395816045,1.12414577467594,1.6725029342786,-0.499692920021625,0.0671353893729204
282.3,1.26616371633923,-0.194418264306218,1.12414664045773,1.67250462304134,-0.499693878195624,0.0671357346625484
282.4,1.26616442529205,-0.194418132889018,1.12414750562987,1.67250631061504,-0.499694835696365,0.067136079708929
282.5,1.26616513374521,-0.194418001564345,1.12414837019301,1.67250799700095,-0.499695792524557,0.0671364245123193
282.6,1.26616584169924,-0.194417870332104,1.12414923414778,1.67250968220033,-0.499696748680907,0.0671367690729757
282.7,1.26616654915465,-0.194417739192195,1.12415009749483,1.67251136621441,-0.499697704166125,0.0671371133911546
282.8,1.26616725611198,-0.194417608144521,1.12415096023481,1.67251304904447,-0.499698658980915,0.0671374574671119
282.9,1.26616796257176,-0.194417477188986,1.12415182236834,1.67251473069174,-0.499699613125983,0.067137801301103
283,1.26616866853451,-0.194417346325492,1.12415268389608,1.67251641115747,-0.499700566602034,0.067138144893383
283.1,1.26616937400075,-0.194417215553942,1.12415354481866,1.6725180904429,-0.499701519409772,0.0671384882442068
283.2,1.266170078971,-0.194417084874239,1.12415440513671,1.67251976854929,-0.499702471549897,0.0671388313538287
283.3,1.2661707834458,-0.194416954286286,1.12415526485088,1.67252144547786,-0.499703423023113,0.067139174222503
283.4,1.26617148742566,-0.194416823789988,1.12415612396179,1.67252312122986,-0.499704373830118,0.0671395168504832
283.5,1.2661721909111,-0.194416693385247,1.12415698247009,1.67252479580653,-0.499705323971614,0.0671398592380228
283.6,1.26617289390265,-0.194416563071967,1.1241578403764,1.6725264692091,-0.499706273448298,0.0671402013853747
283.7,1.26617359640082,-0.194416432850051,1.12415869768137,1.67252814143881,-0.499707222260867,0.0671405432927918
283.8,1.26617429840613,-0.194416302719405,1.12415955438561,1.67252981249689,-0.499708170410019,0.067140884960526
283.9,1.26617499991911,-0.194416172679932,1.12416041048977,1.67253148238457,-0.499709117896449,0.0671412263888295
284,1.26617570094026,-0.194416042731536,1.12416126599448,1.67253315110308,-0.499710064720851,0.0671415675779538
284.1,1.26617640147011,-0.194415912874121,1.12416212090035,1.67253481865365,-0.499711010883919,0.0671419085281503
284.2,1.26617710150918,-0.194415783107593,1.12416297520803,1.6725364850375,-0.499711956386346,0.0671422492396697
284.3,1.26617780105797,-0.194415653431854,1.12416382891814,1.67253815025586,-0.499712901228823,0.0671425897127626
284.4,1.266178500117,-0.194415523846812,1.1241646820313,1.67253981430995,-0.499713845412041,0.0671429299476792
284.5,1.2661791986868,-0.194415394352369,1.12416553454814,1.67254147720099,-0.49971478893669,0.0671432699446693
284.6,1.26617989676786,-0.194415264948432,1.12416638646929,1.6725431389302,-0.499715731803459,0.0671436097039823
284.7,1.26618059436071,-0.194415135634906,1.12416723779537,1.6725447994988,-0.499716674013035,0.0671439492258677
284.8,1.26618129146585,-0.194415006411694,1.12416808852701,1.672546458908,-0.499717615566106,0.0671442885105737
284.9,1.2661819880838,-0.194414877278705,1.12416893866482,1.67254811715901,-0.499718556463356,0.0671446275583493
285,1.26618268421507,-0.194414748235842,1.12416978820943,1.67254977425305,-0.499719496705472,0.0671449663694423
285.1,1.26618337986016,-0.194414619283011,1.12417063716146,1.67255143019133,-0.499720436293137,0.0671453049441007
285.2,1.26618407501959,-0.194414490420118,1.12417148552153,1.67255308497506,-0.499721375227035,0.0671456432825716
285.3,1.26618476969387,-0.194414361647069,1.12417233329025,1.67255473860544,-0.499722313507846,0.0671459813851021
285.4,1.2661854638835,-0.194414232963771,1.12417318046825,1.67255639108368,-0.499723251136253,0.067146319251939
285.5,1.26618615758898,-0.194414104370129,1.12417402705614,1.67255804241098,-0.499724188112936,0.0671466568833288
285.6,1.26618685081084,-0.194413975866049,1.12417487305455,1.67255969258855,-0.499725124438574,0.0671469942795171
285.7,1.26618754354956,-0.194413847451439,1.12417571846407,1.67256134161759,-0.499726060113845,0.0671473314407502
285.8,1.26618823580566,-0.194413719126204,1.12417656328534,1.67256298949928,-0.499726995139427,0.067147668367273
285.9,1.26618892757964,-0.194413590890252,1.12417740751896,1.67256463623484,-0.499727929515995,0.0671480050593306
286,1.26618961887201,-0.19441346274349,1.12417825116554,1.67256628182546,-0.499728863244227,0.0671483415171677
286.1,1.26619030968326,-0.194413334685824,1.12417909422571,1.67256792627233,-0.499729796324795,0.0671486777410286
286.2,1.2661910000139,-0.194413206717161,1.12417993670006,1.67256956957663,-0.499730728758374,0.0671490137311571
286.3,1.26619168986443,-0.194413078837409,1.12418077858921,1.67257121173958,-0.499731660545637,0.0671493494877973
286.4,1.26619237923535,-0.194412951046474,1.12418161989377,1.67257285276234,-0.499732591687255,0.0671496850111921
286.5,1.26619306812716,-0.194412823344266,1.12418246061435,1.67257449264611,-0.499733522183899,0.0671500203015845
286.6,1.26619375654036,-0.19441269573069,1.12418330075155,1.67257613139207,-0.499734452036239,0.0671503553592172
286.7,1.26619444447545,-0.194412568205656,1.12418414030599,1.67257776900142,-0.499735381244944,0.0671506901843326
286.8,1.26619513193293,-0.19441244076907,1.12418497927826,1.67257940547532,-0.499736309810682,0.0671510247771724
286.9,1.26619581891329,-0.194412313420842,1.12418581766898,1.67258104081496,-0.499737237734119,0.0671513591379784
287,1.26619650541703,-0.194412186160878,1.12418665547875,1.67258267502152,-0.499738165015923,0.067151693266992
287.1,1.26619719144465,-0.194412058989087,1.12418749270817,1.67258430809618,-0.499739091656759,0.067152027164454
287.2,1.26619787699664,-0.194411931905379,1.12418832935785,1.67258594004011,-0.499740017657291,0.0671523608306048
287.3,1.2661985620735,-0.19441180490966,1.12418916542838,1.67258757085448,-0.499740943018182,0.0671526942656851
287.4,1.26619924667571,-0.19441167800184,1.12419000092037,1.67258920054047,-0.499741867740094,0.0671530274699346
287.5,1.26619993080378,-0.194411551181827,1.12419083583442,1.67259082909925,-0.49974279182369,0.0671533604435929
287.6,1.26620061445819,-0.194411424449532,1.12419167017112,1.67259245653199,-0.499743715269631,0.0671536931868993
287.7,1.26620129763944,-0.194411297804861,1.12419250393109,1.67259408283986,-0.499744638078575,0.0671540257000929
287.8,1.26620198034802,-0.194411171247726,1.1241933371149,1.67259570802401,-0.499745560251183,0.0671543579834123
287.9,1.26620266258441,-0.194411044778034,1.12419416972317,1.67259733208562,-0.499746481788111,0.0671546900370955
288,1.26620334434912,-0.194410918395695,1.12419500175649,1.67259895502585,-0.499747402690016,0.0671550218613808
288.1,1.26620402564262,-0.19441079210062,1.12419583321545,1.67260057684586,-0.499748322957556,0.0671553534565057
288.2,1.2662047064654,-0.194410665892717,1.12419666410064,1.67260219754681,-0.499749242591386,0.0671556848227075
288.3,1.26620538681796,-0.194410539771896,1.12419749441267,1.67260381712985,-0.499750161592158,0.0671560159602233
288.4,1.26620606670078,-0.194410413738068,1.12419832415212,1.67260543559615,-0.499751079960528,0.0671563468692895
288.5,1.26620674611434,-0.194410287791141,1.12419915331959,1.67260705294685,-0.499751997697147,0.0671566775501428
288.6,1.26620742505914,-0.194410161931028,1.12419998191566,1.67260866918311,-0.499752914802668,0.0671570080030188
288.7,1.26620810353565,-0.194410036157636,1.12420080994093,1.67261028430609,-0.499753831277741,0.0671573382281535
288.8,1.26620878154437,-0.194409910470878,1.12420163739599,1.67261189831692,-0.499754747123015,0.0671576682257819
288.9,1.26620945908577,-0.194409784870664,1.12420246428143,1.67261351121677,-0.499755662339141,0.0671579979961395
289,1.26621013616033,-0.194409659356903,1.12420329059782,1.67261512300677,-0.499756576926765,0.0671583275394605
289.1,1.26621081276855,-0.194409533929508,1.12420411634577,1.67261673368808,-0.499757490886536,0.0671586568559798
289.2,1.2662114889109,-0.194409408588388,1.12420494152586,1.67261834326183,-0.499758404219098,0.067158985945931
289.3,1.26621216458786,-0.194409283333456,1.12420576613867,1.67261995172917,-0.499759316925099,0.067159314809548
289.4,1.26621283979992,-0.194409158164621,1.12420659018479,1.67262155909123,-0.499760229005182,0.0671596434470643
289.5,1.26621351454755,-0.194409033081796,1.1242074136648,1.67262316534917,-0.499761140459991,0.0671599718587129
289.6,1.26621418883123,-0.194408908084891,1.12420823657929,1.6726247705041,-0.499762051290169,0.0671603000447267
289.7,1.26621486265144,-0.194408783173818,1.12420905892883,1.67262637455718,-0.499762961496357,0.0671606280053379
289.8,1.26621553600865,-0.19440865834849,1.12420988071401,1.67262797750953,-0.499763871079197,0.067160955740779
289.9,1.26621620890336,-0.194408533608817,1.12421070193542,1.67262957936228,-0.499764780039329,0.0671612832512813
290,1.26621688133602,-0.194408408954711,1.12421152259362,1.67263118011658,-0.499765688377392,0.0671616105370769
290.1,1.26621755330712,-0.194408284386084,1.1242123426892,1.67263277977354,-0.499766596094024,0.0671619375983964
290.2,1.26621822481713,-0.194408159902849,1.12421316222274,1.6726343783343,-0.499767503189863,0.0671622644354711
290.3,1.26621889586653,-0.194408035504918,1.12421398119481,1.67263597579997,-0.499768409665545,0.0671625910485314
290.4,1.26621956645579,-0.194407911192203,1.12421479960599,1.6726375721717,-0.499769315521707,0.0671629174378075
290.5,1.26622023658538,-0.194407786964616,1.12421561745686,1.67263916745059,-0.499770220758983,0.0671632436035294
290.6,1.26622090625578,-0.194407662822071,1.124216434748,1.67264076163778,-0.499771125378007,0.0671635695459265
290.7,1.26622157546746,-0.194407538764479,1.12421725147997,1.67264235473437,-0.499772029379412,0.0671638952652283
290.8,1.26622224422088,-0.194407414791754,1.12421806765335,1.6726439467415,-0.499772932763831,0.0671642207616636
290.9,1.26622291251653,-0.194407290903808,1.12421888326872,1.67264553766028,-0.499773835531895,0.0671645460354613
291,1.26622358035486,-0.194407167100556,1.12421969832664,1.67264712749181,-0.499774737684235,0.0671648710868495
291.1,1.26622424773635,-0.194407043381909,1.12422051282769,1.67264871623723,-0.49977563922148,0.0671651959160564
291.2,1.26622491466147,-0.194406919747781,1.12422132677244,1.67265030389764,-0.499776540144259,0.0671655205233096
291.3,1.26622558113068,-0.194406796198086,1.12422214016146,1.67265189047414,-0.4997774404532,0.0671658449088366
291.4,1.26622624714446,-0.194406672732736,1.12422295299531,1.67265347596786,-0.49977834014893,0.0671661690728645
291.5,1.26622691270326,-0.194406549351647,1.12422376527456,1.6726550603799,-0.499779239232077,0.0671664930156201
291.6,1.26622757780756,-0.194406426054731,1.12422457699979,1.67265664371136,-0.499780137703264,0.0671668167373297
291.7,1.26622824245782,-0.194406302841902,1.12422538817156,1.67265822596335,-0.499781035563116,0.0671671402382197
291.8,1.26622890665451,-0.194406179713075,1.12422619879043,1.67265980713698,-0.499781932812259,0.0671674635185159
291.9,1.26622957039808,-0.194406056668164,1.12422700885697,1.67266138723334,-0.499782829451313,0.0671677865784438
292,1.26623023368901,-0.194405933707082,1.12422781837175,1.67266296625354,-0.499783725480901,0.0671681094182287
292.1,1.26623089652775,-0.194405810829745,1.12422862733532,1.67266454419868,-0.499784620901645,0.0671684320380955
292.2,1.26623155891477,-0.194405688036065,1.12422943574825,1.67266612106985,-0.499785515714165,0.0671687544382688
292.3,1.26623222085053,-0.19440556532596,1.1242302436111,1.67266769686814,-0.49978640991908,0.0671690766189732
292.4,1.2662328823355,-0.194405442699342,1.12423105092444,1.67266927159466,-0.499787303517009,0.0671693985804323
292.5,1.26623354337012,-0.194405320156127,1.12423185768882,1.6726708452505,-0.499788196508569,0.0671697203228701
292.6,1.26623420395486,-0.194405197696229,1.12423266390481,1.67267241783675,-0.499789088894379,0.0671700418465099
292.7,1.26623486409018,-0.194405075319565,1.12423346957296,1.6726739893545,-0.499789980675053,0.067170363151575
292.8,1.26623552377654,-0.194404953026048,1.12423427469383,1.67267555980483,-0.499790871851207,0.0671706842382879
292.9,1.2662361830144,-0.194404830815595,1.12423507926797,1.67267712918884,-0.499791762423456,0.0671710051068714
293,1.26623684180421,-0.19440470868812,1.12423588329596,1.67267869750761,-0.499792652392414,0.0671713257575475
293.1,1.26623750014643,-0.194404586643539,1.12423668677833,1.67268026476222,-0.499793541758692,0.0671716461905382
293.2,1.26623815804152,-0.194404464681768,1.12423748971565,1.67268183095376,-0.499794430522904,0.067171966406065
293.3,1.26623881548992,-0.194404342802723,1.12423829210847,1.6726833960833,-0.49979531868566,0.0671722864043495
293.4,1.26623947249211,-0.194404221006319,1.12423909395734,1.67268496015194,-0.499796206247571,0.0671726061856124
293.5,1.26624012904852,-0.194404099292472,1.12423989526283,1.67268652316074,-0.499797093209245,0.0671729257500743
293.6,1.26624078515962,-0.194403977661099,1.12424069602547,1.67268808511079,-0.499797979571293,0.067173245097956
293.7,1.26624144082585,-0.194403856112115,1.12424149624582,1.67268964600315,-0.499798865334321,0.0671735642294772
293.8,1.26624209604767,-0.194403734645438,1.12424229592443,1.67269120583891,-0.499799750498937,0.067173883144858
293.9,1.26624275082554,-0.194403613260983,1.12424309506186,1.67269276461913,-0.499800635065746,0.0671742018443178
294,1.26624340515989,-0.194403491958666,1.12424389365864,1.67269432234489,-0.499801519035355,0.0671745203280757
294.1,1.26624405905119,-0.194403370738406,1.12424469171534,1.67269587901725,-0.499802402408368,0.0671748385963508
294.2,1.26624471249988,-0.194403249600117,1.12424548923249,1.67269743463729,-0.499803285185389,0.0671751566493616
294.3,1.26624536550641,-0.194403128543718,1.12424628621064,1.67269898920607,-0.49980416736702,0.0671754744873265
294.4,1.26624601807123,-0.194403007569125,1.12424708265034,1.67270054272466,-0.499805048953863,0.0671757921104633
294.5,1.26624667019479,-0.194402886676255,1.12424787855214,1.67270209519411,-0.499805929946521,0.0671761095189901
294.6,1.26624732187753,-0.194402765865026,1.12424867391658,1.6727036466155,-0.499806810345594,0.0671764267131241
294.7,1.2662479731199,-0.194402645135355,1.12424946874421,1.67270519698988,-0.49980769015168,0.0671767436930825
294.8,1.26624862392236,-0.194402524487159,1.12425026303556,1.67270674631831,-0.49980856936538,0.0671770604590821
294.9,1.26624927428533,-0.194402403920356,1.12425105679118,1.67270829460186,-0.499809447987291,0.0671773770113393
295,1.26624992420928,-0.194402283434864,1.12425185001162,1.67270984184157,-0.499810326018011,0.0671776933500708
295.1,1.26625057369464,-0.1944021630306,1.1242526426974,1.6727113880385,-0.499811203458136,0.0671780094754924
295.2,1.26625122274186,-0.194402042707482,1.12425343484908,1.67271293319371,-0.499812080308261,0.0671783253878194
295.3,1.26625187135137,-0.194401922465428,1.1242542264672,1.67271447730825,-0.499812956568982,0.0671786410872679
295.4,1.26625251952363,-0.194401802304356,1.12425501755228,1.67271602038317,-0.499813832240893,0.0671789565740524
295.5,1.26625316725908,-0.194401682224185,1.12425580810488,1.67271756241952,-0.499814707324587,0.0671792718483879
295.6,1.26625381455815,-0.194401562224833,1.12425659812552,1.67271910341835,-0.499815581820656,0.067179586910489
295.7,1.26625446142129,-0.194401442306218,1.12425738761475,1.6727206433807,-0.499816455729692,0.0671799017605698
295.8,1.26625510784893,-0.194401322468259,1.12425817657309,1.67272218230763,-0.499817329052286,0.0671802163988444
295.9,1.26625575384153,-0.194401202710875,1.1242589650011,1.67272372020016,-0.499818201789029,0.0671805308255262
296,1.26625639939951,-0.194401083033983,1.12425975289929,1.67272525705935,-0.499819073940508,0.0671808450408291
296.1,1.26625704452331,-0.194400963437504,1.12426054026821,1.67272679288624,-0.499819945507314,0.0671811590449655
296.2,1.26625768921338,-0.194400843921356,1.12426132710838,1.67272832768187,-0.499820816490034,0.0671814728381488
296.3,1.26625833347014,-0.194400724485458,1.12426211342034,1.67272986144727,-0.499821686889254,0.0671817864205912
296.4,1.26625897729404,-0.194400605129729,1.12426289920463,1.67273139418349,-0.499822556705561,0.0671820997925048
296.5,1.26625962068552,-0.194400485854089,1.12426368446177,1.67273292589155,-0.49982342593954,0.0671824129541017
296.6,1.266260263645,-0.194400366658457,1.12426446919228,1.6727344565725,-0.499824294591776,0.0671827259055937
296.7,1.26626090617293,-0.194400247542753,1.12426525339672,1.67273598622736,-0.499825162662853,0.0671830386471921
296.8,1.26626154826973,-0.194400128506896,1.12426603707559,1.67273751485717,-0.499826030153353,0.0671833511791079
296.9,1.26626218993584,-0.194400009550806,1.12426682022943,1.67273904246295,-0.499826897063859,0.0671836635015517
297,1.2662628311717,-0.194399890674403,1.12426760285877,1.67274056904574,-0.499827763394952,0.0671839756147345
297.1,1.26626347197774,-0.194399771877607,1.12426838496413,1.67274209460656,-0.499828629147214,0.0671842875188663
297.2,1.26626411235438,-0.194399653160337,1.12426916654604,1.67274361914644,-0.499829494321223,0.0671845992141569
297.3,1.26626475230207,-0.194399534522515,1.12426994760503,1.6727451426664,-0.49983035891756,0.0671849107008163
297.4,1.26626539182122,-0.19439941596406,1.12427072814161,1.67274666516747,-0.499831222936802,0.0671852219790538
297.5,1.26626603091228,-0.194399297484892,1.12427150815632,1.67274818665066,-0.499832086379527,0.0671855330490783
297.6,1.26626666957567,-0.194399179084933,1.12427228764968,1.67274970711701,-0.499832949246311,0.067185843911099
297.7,1.26626730781181,-0.194399060764103,1.1242730666222,1.67275122656752,-0.499833811537732,0.0671861545653241
297.8,1.26626794562115,-0.194398942522322,1.12427384507441,1.67275274500322,-0.499834673254364,0.0671864650119621
297.9,1.26626858300411,-0.194398824359511,1.12427462300684,1.67275426242511,-0.499835534396782,0.0671867752512208
298,1.2662692199611,-0.194398706275592,1.12427540042,1.67275577883423,-0.49983639496556,0.0671870852833083
298.1,1.26626985649257,-0.194398588270484,1.12427617731441,1.67275729423157,-0.49983725496127,0.0671873951084318
298.2,1.26627049259894,-0.194398470344111,1.12427695369059,1.67275880861816,-0.499838114384484,0.0671877047267984
298.3,1.26627112828063,-0.194398352496391,1.12427772954906,1.67276032199499,-0.499838973235775,0.0671880141386152
298.4,1.26627176353807,-0.194398234727248,1.12427850489034,1.6727618343631,-0.499839831515713,0.0671883233440886
298.5,1.26627239837168,-0.194398117036602,1.12427927971494,1.67276334572347,-0.499840689224868,0.067188632343425
298.6,1.26627303278189,-0.194397999424375,1.12428005402339,1.67276485607712,-0.499841546363808,0.0671889411368306
298.7,1.26627366676912,-0.194397881890488,1.12428082781619,1.67276636542505,-0.499842402933103,0.0671892497245113
298.8,1.26627430033379,-0.194397764434864,1.12428160109386,1.67276787376827,-0.499843258933321,0.0671895581066721
298.9,1.26627493347633,-0.194397647057424,1.12428237385691,1.67276938110778,-0.499844114365028,0.0671898662835187
299,1.26627556619715,-0.19439752975809,1.12428314610587,1.67277088744458,-0.499844969228789,0.067190174255256
299.1,1.26627619849668,-0.194397412536784,1.12428391784123,1.67277239277968,-0.499845823525172,0.0671904820220886
299.2,1.26627683037535,-0.194397295393429,1.12428468906352,1.67277389711406,-0.49984667725474,0.0671907895842209
299.3,1.26627746183356,-0.194397178327946,1.12428545977325,1.67277540044873,-0.499847530418057,0.0671910969418573
299.4,1.26627809287174,-0.194397061340258,1.12428622997092,1.67277690278469,-0.499848383015687,0.0671914040952015
299.5,1.2662787234903,-0.194396944430288,1.12428699965704,1.67277840412293,-0.499849235048191,0.0671917110444571
299.6,1.26627935368968,-0.194396827597957,1.12428776883214,1.67277990446444,-0.499850086516133,0.0671920177898274
299.7,1.26627998347028,-0.19439671084319,1.1242885374967,1.67278140381022,-0.499850937420071,0.0671923243315156
299.8,1.26628061283251,-0.194396594165908,1.12428930565125,1.67278290216125,-0.499851787760568,0.0671926306697245
299.9,1.26628124177681,-0.194396477566034,1.12429007329629,1.67278439951853,-0.499852637538182,0.0671929368046565
300,1.26628187030358,-0.194396361043492,1.12429084043233,1.67278589588304,-0.499853486753471,0.067193242736514
