"pair_id","environment_1","environment_2","gamma_CV","sensitivity_OLS","sensitivity_CV","specificity_OLS","specificity_CV","precision_OLS","precision_CV","F1_OLS","F1_CV","balanced_accuracy_OLS","balanced_accuracy_CV","MCC_OLS","MCC_CV","OLS_equals_CR","status"
627,"uniform_l_21_mid.csv","uniform_t_vis_2_strong.csv",0.4,1,1,0.75,0.916666666666667,0.625,0.833333333333333,0.769230769230769,0.909090909090909,0.875,0.958333333333333,0.684653196881458,0.874007373475126,FALSE,"ok"
310,"uniform_diode_vis_1_mid.csv","uniform_osr_angle_1_weak.csv",0.74,1,1,0.666666666666667,0.833333333333333,0.555555555555556,0.714285714285714,0.714285714285714,0.833333333333333,0.833333333333333,0.916666666666667,0.608580619450185,0.77151674981046,FALSE,"ok"
349,"uniform_diode_vis_2_mid.csv","uniform_l_21_mid.csv",0.61,1,1,0.833333333333333,0.916666666666667,0.714285714285714,0.833333333333333,0.833333333333333,0.909090909090909,0.916666666666667,0.958333333333333,0.77151674981046,0.874007373475126,FALSE,"ok"
674,"uniform_l_22_mid.csv","uniform_v_c_mid.csv",0.06,1,1,0.583333333333333,0.666666666666667,0.5,0.555555555555556,0.666666666666667,0.714285714285714,0.791666666666667,0.833333333333333,0.540061724867322,0.608580619450185,FALSE,"ok"
606,"uniform_l_21_mid.csv","uniform_osr_angle_2_strong.csv",0.2,1,1,0.5,0.583333333333333,0.454545454545455,0.5,0.625,0.666666666666667,0.75,0.791666666666667,0.476731294622796,0.540061724867322,FALSE,"ok"
814,"uniform_osr_angle_1_strong.csv","uniform_v_angle_2_mid.csv",0.33,0.6,0.6,0.416666666666667,0.833333333333333,0.3,0.6,0.4,0.6,0.508333333333333,0.716666666666667,0.0154303349962092,0.433333333333333,FALSE,"ok"
343,"uniform_diode_vis_1_mid.csv","uniform_v_c_strong.csv",0.75,0.6,0.6,0.583333333333333,0.916666666666667,0.375,0.75,0.461538461538462,0.666666666666667,0.591666666666667,0.758333333333333,0.167359670348801,0.554989027380561,FALSE,"ok"
274,"uniform_diode_ir_3_strong.csv","uniform_pol_2_strong.csv",0.19,0.6,0.6,0.5,0.833333333333333,0.333333333333333,0.6,0.428571428571429,0.6,0.55,0.716666666666667,0.0912870929175277,0.433333333333333,FALSE,"ok"
551,"uniform_l_11_mid.csv","uniform_t_vis_3_strong.csv",0.98,0.6,0.6,0.5,0.833333333333333,0.333333333333333,0.6,0.428571428571429,0.6,0.55,0.716666666666667,0.0912870929175277,0.433333333333333,FALSE,"ok"
1082,"uniform_pol_2_mid.csv","uniform_t_ir_1_mid.csv",0.52,0.6,0.6,0.5,0.833333333333333,0.333333333333333,0.6,0.428571428571429,0.6,0.55,0.716666666666667,0.0912870929175277,0.433333333333333,FALSE,"ok"
1309,"uniform_t_vis_1_weak.csv","uniform_v_angle_2_mid.csv",0.72,0.6,0.6,0.5,0.833333333333333,0.333333333333333,0.6,0.428571428571429,0.6,0.55,0.716666666666667,0.0912870929175277,0.433333333333333,FALSE,"ok"
1133,"uniform_red_mid.csv","uniform_t_vis_1_mid.csv",0.28,0.4,0.4,0.583333333333333,0.916666666666667,0.285714285714286,0.666666666666667,0.333333333333333,0.5,0.491666666666667,0.658333333333333,-0.0154303349962092,0.378489059622558,FALSE,"ok"
832,"uniform_osr_angle_1_weak.csv","uniform_t_ir_1_weak.csv",0.42,0.8,0.8,0.666666666666667,0.916666666666667,0.5,0.8,0.615384615384615,0.8,0.733333333333333,0.858333333333333,0.426006433615129,0.716666666666667,FALSE,"ok"
1324,"uniform_t_vis_2_strong.csv","uniform_t_vis_2_weak.csv",0.36,0.8,0.8,0.666666666666667,0.916666666666667,0.5,0.8,0.615384615384615,0.8,0.733333333333333,0.858333333333333,0.426006433615129,0.716666666666667,FALSE,"ok"
1221,"uniform_t_ir_1_weak.csv","uniform_v_angle_1_strong.csv",0.32,0.8,0.8,0.583333333333333,0.833333333333333,0.444444444444444,0.666666666666667,0.571428571428571,0.727272727272727,0.691666666666667,0.816666666666667,0.349933856183856,0.603859639855542,FALSE,"ok"
145,"uniform_diode_ir_1_mid.csv","uniform_t_vis_3_mid.csv",0.14,0.8,0.8,0.5,0.75,0.4,0.571428571428571,0.533333333333333,0.666666666666667,0.65,0.775,0.277746029931765,0.509201054874903,FALSE,"ok"
634,"uniform_l_21_mid.csv","uniform_v_angle_2_mid.csv",0.82,0.8,0.8,0.5,0.75,0.4,0.571428571428571,0.533333333333333,0.666666666666667,0.65,0.775,0.277746029931765,0.509201054874903,FALSE,"ok"
182,"uniform_diode_ir_1_strong.csv","uniform_t_ir_1_mid.csv",0.58,0.6,0.6,0.666666666666667,0.916666666666667,0.428571428571429,0.75,0.5,0.666666666666667,0.633333333333333,0.758333333333333,0.246885359939347,0.554989027380561,FALSE,"ok"
377,"uniform_diode_vis_2_mid.csv","uniform_t_vis_2_mid.csv",0.21,0.6,0.6,0.666666666666667,0.916666666666667,0.428571428571429,0.75,0.5,0.666666666666667,0.633333333333333,0.758333333333333,0.246885359939347,0.554989027380561,FALSE,"ok"
250,"uniform_diode_ir_3_mid.csv","uniform_v_c_strong.csv",0.46,0.6,0.6,0.583333333333333,0.833333333333333,0.375,0.6,0.461538461538462,0.6,0.591666666666667,0.716666666666667,0.167359670348801,0.433333333333333,FALSE,"ok"
256,"uniform_diode_ir_3_strong.csv","uniform_l_11_mid.csv",0.54,0.6,0.6,0.583333333333333,0.833333333333333,0.375,0.6,0.461538461538462,0.6,0.591666666666667,0.716666666666667,0.167359670348801,0.433333333333333,FALSE,"ok"
653,"uniform_l_22_mid.csv","uniform_red_mid.csv",0.51,0.6,0.6,0.583333333333333,0.833333333333333,0.375,0.6,0.461538461538462,0.6,0.591666666666667,0.716666666666667,0.167359670348801,0.433333333333333,FALSE,"ok"
949,"uniform_osr_c_mid.csv","uniform_pol_2_strong.csv",0.28,0.6,0.6,0.583333333333333,0.833333333333333,0.375,0.6,0.461538461538462,0.6,0.591666666666667,0.716666666666667,0.167359670348801,0.433333333333333,FALSE,"ok"
1141,"uniform_red_mid.csv","uniform_t_vis_3_weak.csv",0.65,0.6,0.6,0.583333333333333,0.833333333333333,0.375,0.6,0.461538461538462,0.6,0.591666666666667,0.716666666666667,0.167359670348801,0.433333333333333,FALSE,"ok"
105,"uniform_diode_ir_1_mid.csv","uniform_diode_ir_3_mid.csv",0.22,0.6,0.6,0.5,0.75,0.333333333333333,0.5,0.428571428571429,0.545454545454545,0.55,0.675,0.0912870929175277,0.333711906235957,FALSE,"ok"
247,"uniform_diode_ir_3_mid.csv","uniform_v_angle_2_mid.csv",0.36,0.6,0.6,0.5,0.75,0.333333333333333,0.5,0.428571428571429,0.545454545454545,0.55,0.675,0.0912870929175277,0.333711906235957,FALSE,"ok"
889,"uniform_osr_angle_2_strong.csv","uniform_pol_2_mid.csv",0.16,0.6,0.6,0.5,0.75,0.333333333333333,0.5,0.428571428571429,0.545454545454545,0.55,0.675,0.0912870929175277,0.333711906235957,FALSE,"ok"
1262,"uniform_t_ir_3_weak.csv","uniform_t_vis_2_mid.csv",0.69,0.6,0.6,0.5,0.75,0.333333333333333,0.5,0.428571428571429,0.545454545454545,0.55,0.675,0.0912870929175277,0.333711906235957,FALSE,"ok"
265,"uniform_diode_ir_3_strong.csv","uniform_osr_angle_2_mid.csv",0.33,0.6,0.6,0.416666666666667,0.666666666666667,0.3,0.428571428571429,0.4,0.5,0.508333333333333,0.633333333333333,0.0154303349962092,0.246885359939347,FALSE,"ok"
798,"uniform_osr_angle_1_strong.csv","uniform_t_ir_1_strong.csv",0.44,0.6,0.6,0.416666666666667,0.666666666666667,0.3,0.428571428571429,0.4,0.5,0.508333333333333,0.633333333333333,0.0154303349962092,0.246885359939347,FALSE,"ok"
1373,"uniform_v_angle_2_mid.csv","uniform_v_angle_2_strong.csv",0.51,0.6,0.6,0.416666666666667,0.666666666666667,0.3,0.428571428571429,0.4,0.5,0.508333333333333,0.633333333333333,0.0154303349962092,0.246885359939347,FALSE,"ok"
690,"uniform_l_31_mid.csv","uniform_red_mid.csv",0.59,0.4,0.4,0.666666666666667,0.916666666666667,0.333333333333333,0.666666666666667,0.363636363636364,0.5,0.533333333333333,0.658333333333333,0.0635641726163728,0.378489059622558,FALSE,"ok"
1080,"uniform_pol_2_mid.csv","uniform_red_mid.csv",0.32,0.4,0.4,0.666666666666667,0.916666666666667,0.333333333333333,0.666666666666667,0.363636363636364,0.5,0.533333333333333,0.658333333333333,0.0635641726163728,0.378489059622558,FALSE,"ok"
1147,"uniform_red_mid.csv","uniform_v_c_strong.csv",0.24,0.4,0.4,0.583333333333333,0.833333333333333,0.285714285714286,0.5,0.333333333333333,0.444444444444444,0.491666666666667,0.616666666666667,-0.0154303349962092,0.250640205913802,FALSE,"ok"
240,"uniform_diode_ir_3_mid.csv","uniform_t_vis_2_strong.csv",0.66,0.8,0.8,0.666666666666667,0.833333333333333,0.5,0.666666666666667,0.615384615384615,0.727272727272727,0.733333333333333,0.816666666666667,0.426006433615129,0.603859639855542,FALSE,"ok"
436,"uniform_green_mid.csv","uniform_l_21_mid.csv",0.85,0.8,0.8,0.583333333333333,0.75,0.444444444444444,0.571428571428571,0.571428571428571,0.666666666666667,0.691666666666667,0.775,0.349933856183856,0.509201054874903,FALSE,"ok"
1152,"uniform_red_strong.csv","uniform_t_ir_3_strong.csv",0.22,0.8,0.8,0.583333333333333,0.75,0.444444444444444,0.571428571428571,0.571428571428571,0.666666666666667,0.691666666666667,0.775,0.349933856183856,0.509201054874903,FALSE,"ok"
259,"uniform_diode_ir_3_strong.csv","uniform_l_22_mid.csv",0.27,0.8,0.8,0.5,0.666666666666667,0.4,0.5,0.533333333333333,0.615384615384615,0.65,0.733333333333333,0.277746029931765,0.426006433615129,FALSE,"ok"
291,"uniform_diode_ir_3_strong.csv","uniform_t_vis_3_weak.csv",0.22,0.8,0.8,0.5,0.666666666666667,0.4,0.5,0.533333333333333,0.615384615384615,0.65,0.733333333333333,0.277746029931765,0.426006433615129,FALSE,"ok"
806,"uniform_osr_angle_1_strong.csv","uniform_t_vis_2_mid.csv",0.29,0.6,0.6,0.75,0.916666666666667,0.5,0.75,0.545454545454545,0.666666666666667,0.675,0.758333333333333,0.333711906235957,0.554989027380561,FALSE,"ok"
955,"uniform_osr_c_mid.csv","uniform_t_ir_3_mid.csv",0.21,0.6,0.6,0.75,0.916666666666667,0.5,0.75,0.545454545454545,0.666666666666667,0.675,0.758333333333333,0.333711906235957,0.554989027380561,FALSE,"ok"
1010,"uniform_osr_c_weak.csv","uniform_t_ir_3_mid.csv",0.61,0.6,0.6,0.75,0.916666666666667,0.5,0.75,0.545454545454545,0.666666666666667,0.675,0.758333333333333,0.333711906235957,0.554989027380561,FALSE,"ok"
1054,"uniform_pol_1_strong.csv","uniform_pol_2_mid.csv",0.55,0.6,0.6,0.75,0.916666666666667,0.5,0.75,0.545454545454545,0.666666666666667,0.675,0.758333333333333,0.333711906235957,0.554989027380561,FALSE,"ok"
1161,"uniform_red_strong.csv","uniform_t_vis_3_strong.csv",0.47,0.6,0.6,0.75,0.916666666666667,0.5,0.75,0.545454545454545,0.666666666666667,0.675,0.758333333333333,0.333711906235957,0.554989027380561,FALSE,"ok"
1318,"uniform_t_vis_2_mid.csv","uniform_v_angle_1_mid.csv",0.22,0.6,0.6,0.75,0.916666666666667,0.5,0.75,0.545454545454545,0.666666666666667,0.675,0.758333333333333,0.333711906235957,0.554989027380561,FALSE,"ok"
1328,"uniform_t_vis_2_strong.csv","uniform_v_angle_1_mid.csv",0.46,0.6,0.6,0.75,0.916666666666667,0.5,0.75,0.545454545454545,0.666666666666667,0.675,0.758333333333333,0.333711906235957,0.554989027380561,FALSE,"ok"
175,"uniform_diode_ir_1_strong.csv","uniform_osr_c_weak.csv",0.15,0.6,0.6,0.666666666666667,0.833333333333333,0.428571428571429,0.6,0.5,0.6,0.633333333333333,0.716666666666667,0.246885359939347,0.433333333333333,FALSE,"ok"
224,"uniform_diode_ir_3_mid.csv","uniform_pol_1_mid.csv",0.83,0.6,0.6,0.666666666666667,0.833333333333333,0.428571428571429,0.6,0.5,0.6,0.633333333333333,0.716666666666667,0.246885359939347,0.433333333333333,FALSE,"ok"
235,"uniform_diode_ir_3_mid.csv","uniform_t_ir_3_weak.csv",0.7,0.6,0.6,0.666666666666667,0.833333333333333,0.428571428571429,0.6,0.5,0.6,0.633333333333333,0.716666666666667,0.246885359939347,0.433333333333333,FALSE,"ok"
359,"uniform_diode_vis_2_mid.csv","uniform_osr_c_mid.csv",0.47,0.6,0.6,0.666666666666667,0.833333333333333,0.428571428571429,0.6,0.5,0.6,0.633333333333333,0.716666666666667,0.246885359939347,0.433333333333333,FALSE,"ok"
588,"uniform_l_12_mid.csv","uniform_t_vis_2_strong.csv",0.4,0.6,0.6,0.666666666666667,0.833333333333333,0.428571428571429,0.6,0.5,0.6,0.633333333333333,0.716666666666667,0.246885359939347,0.433333333333333,FALSE,"ok"
772,"uniform_osr_angle_1_mid.csv","uniform_t_vis_2_mid.csv",0.3,0.6,0.6,0.666666666666667,0.833333333333333,0.428571428571429,0.6,0.5,0.6,0.633333333333333,0.716666666666667,0.246885359939347,0.433333333333333,FALSE,"ok"
865,"uniform_osr_angle_2_mid.csv","uniform_t_ir_3_mid.csv",0.8,0.6,0.6,0.666666666666667,0.833333333333333,0.428571428571429,0.6,0.5,0.6,0.633333333333333,0.716666666666667,0.246885359939347,0.433333333333333,FALSE,"ok"
1015,"uniform_osr_c_weak.csv","uniform_t_vis_1_weak.csv",0.55,0.6,0.6,0.666666666666667,0.833333333333333,0.428571428571429,0.6,0.5,0.6,0.633333333333333,0.716666666666667,0.246885359939347,0.433333333333333,FALSE,"ok"
1088,"uniform_pol_2_mid.csv","uniform_t_vis_1_mid.csv",0.45,0.6,0.6,0.666666666666667,0.833333333333333,0.428571428571429,0.6,0.5,0.6,0.633333333333333,0.716666666666667,0.246885359939347,0.433333333333333,FALSE,"ok"
1125,"uniform_pol_2_strong.csv","uniform_v_c_strong.csv",0.36,0.6,0.6,0.666666666666667,0.833333333333333,0.428571428571429,0.6,0.5,0.6,0.633333333333333,0.716666666666667,0.246885359939347,0.433333333333333,FALSE,"ok"
1215,"uniform_t_ir_1_weak.csv","uniform_t_vis_2_strong.csv",0.42,0.6,0.6,0.666666666666667,0.833333333333333,0.428571428571429,0.6,0.5,0.6,0.633333333333333,0.716666666666667,0.246885359939347,0.433333333333333,FALSE,"ok"
1338,"uniform_t_vis_2_weak.csv","uniform_v_angle_1_strong.csv",0.41,0.6,0.6,0.666666666666667,0.833333333333333,0.428571428571429,0.6,0.5,0.6,0.633333333333333,0.716666666666667,0.246885359939347,0.433333333333333,FALSE,"ok"
191,"uniform_diode_ir_1_strong.csv","uniform_t_vis_2_mid.csv",1.02,0.6,0.6,0.583333333333333,0.75,0.375,0.5,0.461538461538462,0.545454545454545,0.591666666666667,0.675,0.167359670348801,0.333711906235957,FALSE,"ok"
352,"uniform_diode_vis_2_mid.csv","uniform_l_32_mid.csv",0.36,0.6,0.6,0.583333333333333,0.75,0.375,0.5,0.461538461538462,0.545454545454545,0.591666666666667,0.675,0.167359670348801,0.333711906235957,FALSE,"ok"
492,"uniform_green_strong.csv","uniform_pol_1_strong.csv",0.75,0.6,0.6,0.583333333333333,0.75,0.375,0.5,0.461538461538462,0.545454545454545,0.591666666666667,0.675,0.167359670348801,0.333711906235957,FALSE,"ok"
581,"uniform_l_12_mid.csv","uniform_t_ir_3_mid.csv",0.17,0.6,0.6,0.583333333333333,0.75,0.375,0.5,0.461538461538462,0.545454545454545,0.591666666666667,0.675,0.167359670348801,0.333711906235957,FALSE,"ok"
701,"uniform_l_31_mid.csv","uniform_t_vis_2_mid.csv",0.69,0.6,0.6,0.583333333333333,0.75,0.375,0.5,0.461538461538462,0.545454545454545,0.591666666666667,0.675,0.167359670348801,0.333711906235957,FALSE,"ok"
702,"uniform_l_31_mid.csv","uniform_t_vis_2_strong.csv",0.29,0.6,0.6,0.583333333333333,0.75,0.375,0.5,0.461538461538462,0.545454545454545,0.591666666666667,0.675,0.167359670348801,0.333711906235957,FALSE,"ok"
768,"uniform_osr_angle_1_mid.csv","uniform_t_ir_3_weak.csv",0.29,0.6,0.6,0.583333333333333,0.75,0.375,0.5,0.461538461538462,0.545454545454545,0.591666666666667,0.675,0.167359670348801,0.333711906235957,FALSE,"ok"
821,"uniform_osr_angle_1_weak.csv","uniform_osr_c_mid.csv",0.28,0.6,0.6,0.583333333333333,0.75,0.375,0.5,0.461538461538462,0.545454545454545,0.591666666666667,0.675,0.167359670348801,0.333711906235957,FALSE,"ok"
971,"uniform_osr_c_mid.csv","uniform_v_c_mid.csv",0.39,0.6,0.6,0.583333333333333,0.75,0.375,0.5,0.461538461538462,0.545454545454545,0.591666666666667,0.675,0.167359670348801,0.333711906235957,FALSE,"ok"
1104,"uniform_pol_2_strong.csv","uniform_red_strong.csv",0.53,0.6,0.6,0.583333333333333,0.75,0.375,0.5,0.461538461538462,0.545454545454545,0.591666666666667,0.675,0.167359670348801,0.333711906235957,FALSE,"ok"
1109,"uniform_pol_2_strong.csv","uniform_t_ir_3_strong.csv",1.09,0.6,0.6,0.583333333333333,0.75,0.375,0.5,0.461538461538462,0.545454545454545,0.591666666666667,0.675,0.167359670348801,0.333711906235957,FALSE,"ok"
1175,"uniform_t_ir_1_mid.csv","uniform_t_vis_1_strong.csv",0.36,0.6,0.6,0.583333333333333,0.75,0.375,0.5,0.461538461538462,0.545454545454545,0.591666666666667,0.675,0.167359670348801,0.333711906235957,FALSE,"ok"
1208,"uniform_t_ir_1_weak.csv","uniform_t_ir_3_mid.csv",0.54,0.6,0.6,0.583333333333333,0.75,0.375,0.5,0.461538461538462,0.545454545454545,0.591666666666667,0.675,0.167359670348801,0.333711906235957,FALSE,"ok"
1214,"uniform_t_ir_1_weak.csv","uniform_t_vis_2_mid.csv",0.29,0.6,0.6,0.583333333333333,0.75,0.375,0.5,0.461538461538462,0.545454545454545,0.591666666666667,0.675,0.167359670348801,0.333711906235957,FALSE,"ok"
1271,"uniform_t_ir_3_weak.csv","uniform_v_angle_2_strong.csv",0.46,0.6,0.6,0.583333333333333,0.75,0.375,0.5,0.461538461538462,0.545454545454545,0.591666666666667,0.675,0.167359670348801,0.333711906235957,FALSE,"ok"
1273,"uniform_t_ir_3_weak.csv","uniform_v_c_strong.csv",1.13,0.6,0.6,0.583333333333333,0.75,0.375,0.5,0.461538461538462,0.545454545454545,0.591666666666667,0.675,0.167359670348801,0.333711906235957,FALSE,"ok"
1353,"uniform_t_vis_3_strong.csv","uniform_v_angle_1_strong.csv",0.8,0.6,0.6,0.583333333333333,0.75,0.375,0.5,0.461538461538462,0.545454545454545,0.591666666666667,0.675,0.167359670348801,0.333711906235957,FALSE,"ok"
1377,"uniform_v_angle_2_strong.csv","uniform_v_c_strong.csv",0.35,0.6,0.6,0.583333333333333,0.75,0.375,0.5,0.461538461538462,0.545454545454545,0.591666666666667,0.675,0.167359670348801,0.333711906235957,FALSE,"ok"
273,"uniform_diode_ir_3_strong.csv","uniform_pol_2_mid.csv",0.16,0.6,0.6,0.5,0.666666666666667,0.333333333333333,0.428571428571429,0.428571428571429,0.5,0.55,0.633333333333333,0.0912870929175277,0.246885359939347,FALSE,"ok"
296,"uniform_diode_ir_3_strong.csv","uniform_v_c_mid.csv",0.12,0.6,0.6,0.5,0.666666666666667,0.333333333333333,0.428571428571429,0.428571428571429,0.5,0.55,0.633333333333333,0.0912870929175277,0.246885359939347,FALSE,"ok"
577,"uniform_l_12_mid.csv","uniform_red_strong.csv",0.2,0.6,0.6,0.5,0.666666666666667,0.333333333333333,0.428571428571429,0.428571428571429,0.5,0.55,0.633333333333333,0.0912870929175277,0.246885359939347,FALSE,"ok"
683,"uniform_l_31_mid.csv","uniform_osr_c_mid.csv",0.25,0.6,0.6,0.5,0.666666666666667,0.333333333333333,0.428571428571429,0.428571428571429,0.5,0.55,0.633333333333333,0.0912870929175277,0.246885359939347,FALSE,"ok"
892,"uniform_osr_angle_2_strong.csv","uniform_red_strong.csv",0.3,0.6,0.6,0.5,0.666666666666667,0.333333333333333,0.428571428571429,0.428571428571429,0.5,0.55,0.633333333333333,0.0912870929175277,0.246885359939347,FALSE,"ok"
1154,"uniform_red_strong.csv","uniform_t_vis_1_mid.csv",0.66,0.6,0.6,0.5,0.666666666666667,0.333333333333333,0.428571428571429,0.428571428571429,0.5,0.55,0.633333333333333,0.0912870929175277,0.246885359939347,FALSE,"ok"
1230,"uniform_t_ir_3_mid.csv","uniform_t_vis_1_weak.csv",0.19,0.6,0.6,0.5,0.666666666666667,0.333333333333333,0.428571428571429,0.428571428571429,0.5,0.55,0.633333333333333,0.0912870929175277,0.246885359939347,FALSE,"ok"
1365,"uniform_v_angle_1_mid.csv","uniform_v_angle_2_mid.csv",0.15,0.6,0.6,0.5,0.666666666666667,0.333333333333333,0.428571428571429,0.428571428571429,0.5,0.55,0.633333333333333,0.0912870929175277,0.246885359939347,FALSE,"ok"
374,"uniform_diode_vis_2_mid.csv","uniform_t_vis_1_mid.csv",0.3,0.6,0.6,0.416666666666667,0.583333333333333,0.3,0.375,0.4,0.461538461538462,0.508333333333333,0.591666666666667,0.0154303349962092,0.167359670348801,FALSE,"ok"
815,"uniform_osr_angle_1_strong.csv","uniform_v_angle_2_strong.csv",0.16,0.6,0.6,0.416666666666667,0.583333333333333,0.3,0.375,0.4,0.461538461538462,0.508333333333333,0.591666666666667,0.0154303349962092,0.167359670348801,FALSE,"ok"
151,"uniform_diode_ir_1_mid.csv","uniform_v_angle_2_strong.csv",0.16,0.6,0.6,0.333333333333333,0.5,0.272727272727273,0.333333333333333,0.375,0.428571428571429,0.466666666666667,0.55,-0.0635641726163728,0.0912870929175277,FALSE,"ok"
252,"uniform_diode_ir_3_strong.csv","uniform_diode_vis_2_mid.csv",0.26,0.6,0.6,0.333333333333333,0.5,0.272727272727273,0.333333333333333,0.375,0.428571428571429,0.466666666666667,0.55,-0.0635641726163728,0.0912870929175277,FALSE,"ok"
536,"uniform_l_11_mid.csv","uniform_red_mid.csv",0.25,0.4,0.4,0.75,0.916666666666667,0.4,0.666666666666667,0.4,0.5,0.575,0.658333333333333,0.15,0.378489059622558,FALSE,"ok"
950,"uniform_osr_c_mid.csv","uniform_red_mid.csv",0.22,0.4,0.4,0.75,0.916666666666667,0.4,0.666666666666667,0.4,0.5,0.575,0.658333333333333,0.15,0.378489059622558,FALSE,"ok"
1127,"uniform_red_mid.csv","uniform_t_ir_1_mid.csv",0.37,0.4,0.4,0.666666666666667,0.833333333333333,0.333333333333333,0.5,0.363636363636364,0.444444444444444,0.533333333333333,0.616666666666667,0.0635641726163728,0.250640205913802,FALSE,"ok"
1140,"uniform_red_mid.csv","uniform_t_vis_3_strong.csv",0.29,0.4,0.4,0.666666666666667,0.833333333333333,0.333333333333333,0.5,0.363636363636364,0.444444444444444,0.533333333333333,0.616666666666667,0.0635641726163728,0.250640205913802,FALSE,"ok"
1143,"uniform_red_mid.csv","uniform_v_angle_1_strong.csv",0.36,0.4,0.4,0.666666666666667,0.833333333333333,0.333333333333333,0.5,0.363636363636364,0.444444444444444,0.533333333333333,0.616666666666667,0.0635641726163728,0.250640205913802,FALSE,"ok"
1005,"uniform_osr_c_weak.csv","uniform_red_mid.csv",0.07,0.4,0.4,0.583333333333333,0.75,0.285714285714286,0.4,0.333333333333333,0.4,0.491666666666667,0.575,-0.0154303349962092,0.15,FALSE,"ok"
1139,"uniform_red_mid.csv","uniform_t_vis_3_mid.csv",0.19,0.4,0.4,0.5,0.666666666666667,0.25,0.333333333333333,0.307692307692308,0.363636363636364,0.45,0.533333333333333,-0.0912870929175277,0.0635641726163728,FALSE,"ok"
990,"uniform_osr_c_strong.csv","uniform_t_vis_2_strong.csv",0.24,0.8,0.8,0.833333333333333,0.916666666666667,0.666666666666667,0.8,0.727272727272727,0.8,0.816666666666667,0.858333333333333,0.603859639855542,0.716666666666667,FALSE,"ok"
350,"uniform_diode_vis_2_mid.csv","uniform_l_22_mid.csv",0.63,0.8,0.8,0.75,0.833333333333333,0.571428571428571,0.666666666666667,0.666666666666667,0.727272727272727,0.775,0.816666666666667,0.509201054874903,0.603859639855542,FALSE,"ok"
839,"uniform_osr_angle_1_weak.csv","uniform_t_vis_2_mid.csv",0.34,0.8,0.8,0.75,0.833333333333333,0.571428571428571,0.666666666666667,0.666666666666667,0.727272727272727,0.775,0.816666666666667,0.509201054874903,0.603859639855542,FALSE,"ok"
128,"uniform_diode_ir_1_mid.csv","uniform_pol_1_strong.csv",0.17,0.8,0.8,0.666666666666667,0.75,0.5,0.571428571428571,0.615384615384615,0.666666666666667,0.733333333333333,0.775,0.426006433615129,0.509201054874903,FALSE,"ok"
554,"uniform_l_11_mid.csv","uniform_v_angle_1_strong.csv",0.25,0.8,0.8,0.666666666666667,0.75,0.5,0.571428571428571,0.615384615384615,0.666666666666667,0.733333333333333,0.775,0.426006433615129,0.509201054874903,FALSE,"ok"
682,"uniform_l_31_mid.csv","uniform_osr_angle_2_weak.csv",0.34,0.8,0.8,0.666666666666667,0.75,0.5,0.571428571428571,0.615384615384615,0.666666666666667,0.733333333333333,0.775,0.426006433615129,0.509201054874903,FALSE,"ok"
808,"uniform_osr_angle_1_strong.csv","uniform_t_vis_2_weak.csv",0.48,0.8,0.8,0.666666666666667,0.75,0.5,0.571428571428571,0.615384615384615,0.666666666666667,0.733333333333333,0.775,0.426006433615129,0.509201054874903,FALSE,"ok"
1207,"uniform_t_ir_1_strong.csv","uniform_v_c_strong.csv",0.25,0.8,0.8,0.666666666666667,0.75,0.5,0.571428571428571,0.615384615384615,0.666666666666667,0.733333333333333,0.775,0.426006433615129,0.509201054874903,FALSE,"ok"
127,"uniform_diode_ir_1_mid.csv","uniform_pol_1_mid.csv",0.39,0.8,0.8,0.583333333333333,0.666666666666667,0.444444444444444,0.5,0.571428571428571,0.615384615384615,0.691666666666667,0.733333333333333,0.349933856183856,0.426006433615129,FALSE,"ok"
135,"uniform_diode_ir_1_mid.csv","uniform_t_ir_1_weak.csv",0.56,0.8,0.8,0.583333333333333,0.666666666666667,0.444444444444444,0.5,0.571428571428571,0.615384615384615,0.691666666666667,0.733333333333333,0.349933856183856,0.426006433615129,FALSE,"ok"
184,"uniform_diode_ir_1_strong.csv","uniform_t_ir_1_weak.csv",0.13,0.8,0.8,0.583333333333333,0.666666666666667,0.444444444444444,0.5,0.571428571428571,0.615384615384615,0.691666666666667,0.733333333333333,0.349933856183856,0.426006433615129,FALSE,"ok"
532,"uniform_l_11_mid.csv","uniform_pol_1_mid.csv",0.07,0.8,0.8,0.583333333333333,0.666666666666667,0.444444444444444,0.5,0.571428571428571,0.615384615384615,0.691666666666667,0.733333333333333,0.349933856183856,0.426006433615129,FALSE,"ok"
630,"uniform_l_21_mid.csv","uniform_t_vis_3_strong.csv",0.51,0.8,0.8,0.583333333333333,0.666666666666667,0.444444444444444,0.5,0.571428571428571,0.615384615384615,0.691666666666667,0.733333333333333,0.349933856183856,0.426006433615129,FALSE,"ok"
632,"uniform_l_21_mid.csv","uniform_v_angle_1_mid.csv",0.28,0.8,0.8,0.583333333333333,0.666666666666667,0.444444444444444,0.5,0.571428571428571,0.615384615384615,0.691666666666667,0.733333333333333,0.349933856183856,0.426006433615129,FALSE,"ok"
655,"uniform_l_22_mid.csv","uniform_t_ir_1_mid.csv",0.16,0.8,0.8,0.583333333333333,0.666666666666667,0.444444444444444,0.5,0.571428571428571,0.615384615384615,0.691666666666667,0.733333333333333,0.349933856183856,0.426006433615129,FALSE,"ok"
661,"uniform_l_22_mid.csv","uniform_t_vis_1_mid.csv",0.07,0.8,0.8,0.583333333333333,0.666666666666667,0.444444444444444,0.5,0.571428571428571,0.615384615384615,0.691666666666667,0.733333333333333,0.349933856183856,0.426006433615129,FALSE,"ok"
717,"uniform_l_32_mid.csv","uniform_osr_angle_2_strong.csv",0.04,0.8,0.8,0.583333333333333,0.666666666666667,0.444444444444444,0.5,0.571428571428571,0.615384615384615,0.691666666666667,0.733333333333333,0.349933856183856,0.426006433615129,FALSE,"ok"
733,"uniform_l_32_mid.csv","uniform_t_ir_3_weak.csv",0.14,0.8,0.8,0.583333333333333,0.666666666666667,0.444444444444444,0.5,0.571428571428571,0.615384615384615,0.691666666666667,0.733333333333333,0.349933856183856,0.426006433615129,FALSE,"ok"
799,"uniform_osr_angle_1_strong.csv","uniform_t_ir_1_weak.csv",0.09,0.8,0.8,0.583333333333333,0.666666666666667,0.444444444444444,0.5,0.571428571428571,0.615384615384615,0.691666666666667,0.733333333333333,0.349933856183856,0.426006433615129,FALSE,"ok"
824,"uniform_osr_angle_1_weak.csv","uniform_pol_1_mid.csv",0.17,0.8,0.8,0.583333333333333,0.666666666666667,0.444444444444444,0.5,0.571428571428571,0.615384615384615,0.691666666666667,0.733333333333333,0.349933856183856,0.426006433615129,FALSE,"ok"
863,"uniform_osr_angle_2_mid.csv","uniform_t_ir_1_strong.csv",0.14,0.8,0.8,0.583333333333333,0.666666666666667,0.444444444444444,0.5,0.571428571428571,0.615384615384615,0.691666666666667,0.733333333333333,0.349933856183856,0.426006433615129,FALSE,"ok"
1189,"uniform_t_ir_1_strong.csv","uniform_t_ir_1_weak.csv",0.17,0.8,0.8,0.583333333333333,0.666666666666667,0.444444444444444,0.5,0.571428571428571,0.615384615384615,0.691666666666667,0.733333333333333,0.349933856183856,0.426006433615129,FALSE,"ok"
380,"uniform_diode_vis_2_mid.csv","uniform_t_vis_3_mid.csv",0.22,0.8,0.8,0.5,0.583333333333333,0.4,0.444444444444444,0.533333333333333,0.571428571428571,0.65,0.691666666666667,0.277746029931765,0.349933856183856,FALSE,"ok"
478,"uniform_green_strong.csv","uniform_l_21_mid.csv",0.19,0.8,0.8,0.5,0.583333333333333,0.4,0.444444444444444,0.533333333333333,0.571428571428571,0.65,0.691666666666667,0.277746029931765,0.349933856183856,FALSE,"ok"
559,"uniform_l_12_mid.csv","uniform_l_21_mid.csv",0.37,0.8,0.8,0.5,0.583333333333333,0.4,0.444444444444444,0.533333333333333,0.571428571428571,0.65,0.691666666666667,0.277746029931765,0.349933856183856,FALSE,"ok"
613,"uniform_l_21_mid.csv","uniform_pol_2_mid.csv",0.03,0.8,0.8,0.5,0.583333333333333,0.4,0.444444444444444,0.533333333333333,0.571428571428571,0.65,0.691666666666667,0.277746029931765,0.349933856183856,FALSE,"ok"
617,"uniform_l_21_mid.csv","uniform_t_ir_1_mid.csv",0.33,0.8,0.8,0.5,0.583333333333333,0.4,0.444444444444444,0.533333333333333,0.571428571428571,0.65,0.691666666666667,0.277746029931765,0.349933856183856,FALSE,"ok"
645,"uniform_l_22_mid.csv","uniform_osr_angle_2_weak.csv",0.18,0.8,0.8,0.5,0.583333333333333,0.4,0.444444444444444,0.533333333333333,0.571428571428571,0.65,0.691666666666667,0.277746029931765,0.349933856183856,FALSE,"ok"
672,"uniform_l_22_mid.csv","uniform_v_angle_2_mid.csv",0.16,0.8,0.8,0.5,0.583333333333333,0.4,0.444444444444444,0.533333333333333,0.571428571428571,0.65,0.691666666666667,0.277746029931765,0.349933856183856,FALSE,"ok"
727,"uniform_l_32_mid.csv","uniform_red_strong.csv",0.18,0.8,0.8,0.5,0.583333333333333,0.4,0.444444444444444,0.533333333333333,0.571428571428571,0.65,0.691666666666667,0.277746029931765,0.349933856183856,FALSE,"ok"
729,"uniform_l_32_mid.csv","uniform_t_ir_1_strong.csv",0.35,0.8,0.8,0.5,0.583333333333333,0.4,0.444444444444444,0.533333333333333,0.571428571428571,0.65,0.691666666666667,0.277746029931765,0.349933856183856,FALSE,"ok"
753,"uniform_osr_angle_1_mid.csv","uniform_osr_angle_2_weak.csv",0.11,0.8,0.8,0.5,0.583333333333333,0.4,0.444444444444444,0.533333333333333,0.571428571428571,0.65,0.691666666666667,0.277746029931765,0.349933856183856,FALSE,"ok"
777,"uniform_osr_angle_1_mid.csv","uniform_t_vis_3_weak.csv",0.33,0.8,0.8,0.5,0.583333333333333,0.4,0.444444444444444,0.533333333333333,0.571428571428571,0.65,0.691666666666667,0.277746029931765,0.349933856183856,FALSE,"ok"
811,"uniform_osr_angle_1_strong.csv","uniform_t_vis_3_weak.csv",0.23,0.8,0.8,0.5,0.583333333333333,0.4,0.444444444444444,0.533333333333333,0.571428571428571,0.65,0.691666666666667,0.277746029931765,0.349933856183856,FALSE,"ok"
848,"uniform_osr_angle_1_weak.csv","uniform_v_angle_2_strong.csv",0.25,0.8,0.8,0.5,0.583333333333333,0.4,0.444444444444444,0.533333333333333,0.571428571428571,0.65,0.691666666666667,0.277746029931765,0.349933856183856,FALSE,"ok"
1006,"uniform_osr_c_weak.csv","uniform_red_strong.csv",0.38,0.8,0.8,0.5,0.583333333333333,0.4,0.444444444444444,0.533333333333333,0.571428571428571,0.65,0.691666666666667,0.277746029931765,0.349933856183856,FALSE,"ok"
373,"uniform_diode_vis_2_mid.csv","uniform_t_ir_3_weak.csv",0.23,0.8,0.8,0.416666666666667,0.5,0.363636363636364,0.4,0.5,0.533333333333333,0.608333333333333,0.65,0.206583561003212,0.277746029931765,FALSE,"ok"
667,"uniform_l_22_mid.csv","uniform_t_vis_3_mid.csv",0.11,0.8,0.8,0.416666666666667,0.5,0.363636363636364,0.4,0.5,0.533333333333333,0.608333333333333,0.65,0.206583561003212,0.277746029931765,FALSE,"ok"
1238,"uniform_t_ir_3_mid.csv","uniform_v_angle_1_strong.csv",0.45,0.6,0.6,0.833333333333333,0.916666666666667,0.6,0.75,0.6,0.666666666666667,0.716666666666667,0.758333333333333,0.433333333333333,0.554989027380561,FALSE,"ok"
1319,"uniform_t_vis_2_mid.csv","uniform_v_angle_1_strong.csv",0.2,0.6,0.6,0.833333333333333,0.916666666666667,0.6,0.75,0.6,0.666666666666667,0.716666666666667,0.758333333333333,0.433333333333333,0.554989027380561,FALSE,"ok"
43,"uniform_blue_mid.csv","uniform_t_vis_2_weak.csv",0.21,0.6,0.6,0.75,0.833333333333333,0.5,0.6,0.545454545454545,0.6,0.675,0.716666666666667,0.333711906235957,0.433333333333333,FALSE,"ok"
447,"uniform_green_mid.csv","uniform_osr_c_strong.csv",0.1,0.6,0.6,0.75,0.833333333333333,0.5,0.6,0.545454545454545,0.6,0.675,0.716666666666667,0.333711906235957,0.433333333333333,FALSE,"ok"
902,"uniform_osr_angle_2_strong.csv","uniform_t_vis_2_mid.csv",0.27,0.6,0.6,0.75,0.833333333333333,0.5,0.6,0.545454545454545,0.6,0.675,0.716666666666667,0.333711906235957,0.433333333333333,FALSE,"ok"
1055,"uniform_pol_1_strong.csv","uniform_pol_2_strong.csv",0.07,0.6,0.6,0.75,0.833333333333333,0.5,0.6,0.545454545454545,0.6,0.675,0.716666666666667,0.333711906235957,0.433333333333333,FALSE,"ok"
1062,"uniform_pol_1_strong.csv","uniform_t_ir_3_strong.csv",0.17,0.6,0.6,0.75,0.833333333333333,0.5,0.6,0.545454545454545,0.6,0.675,0.716666666666667,0.333711906235957,0.433333333333333,FALSE,"ok"
1063,"uniform_pol_1_strong.csv","uniform_t_ir_3_weak.csv",0.44,0.6,0.6,0.75,0.833333333333333,0.5,0.6,0.545454545454545,0.6,0.675,0.716666666666667,0.333711906235957,0.433333333333333,FALSE,"ok"
1073,"uniform_pol_1_strong.csv","uniform_v_angle_1_mid.csv",0.63,0.6,0.6,0.75,0.833333333333333,0.5,0.6,0.545454545454545,0.6,0.675,0.716666666666667,0.333711906235957,0.433333333333333,FALSE,"ok"
1078,"uniform_pol_1_strong.csv","uniform_v_c_strong.csv",0.97,0.6,0.6,0.75,0.833333333333333,0.5,0.6,0.545454545454545,0.6,0.675,0.716666666666667,0.333711906235957,0.433333333333333,FALSE,"ok"
1098,"uniform_pol_2_mid.csv","uniform_v_angle_1_strong.csv",0.14,0.6,0.6,0.75,0.833333333333333,0.5,0.6,0.545454545454545,0.6,0.675,0.716666666666667,0.333711906235957,0.433333333333333,FALSE,"ok"
1190,"uniform_t_ir_1_strong.csv","uniform_t_ir_3_mid.csv",0.13,0.6,0.6,0.75,0.833333333333333,0.5,0.6,0.545454545454545,0.6,0.675,0.716666666666667,0.333711906235957,0.433333333333333,FALSE,"ok"
1197,"uniform_t_ir_1_strong.csv","uniform_t_vis_2_strong.csv",0.84,0.6,0.6,0.75,0.833333333333333,0.5,0.6,0.545454545454545,0.6,0.675,0.716666666666667,0.333711906235957,0.433333333333333,FALSE,"ok"
1228,"uniform_t_ir_3_mid.csv","uniform_t_vis_1_mid.csv",0.18,0.6,0.6,0.75,0.833333333333333,0.5,0.6,0.545454545454545,0.6,0.675,0.716666666666667,0.333711906235957,0.433333333333333,FALSE,"ok"
1246,"uniform_t_ir_3_strong.csv","uniform_t_vis_1_weak.csv",0.12,0.6,0.6,0.75,0.833333333333333,0.5,0.6,0.545454545454545,0.6,0.675,0.716666666666667,0.333711906235957,0.433333333333333,FALSE,"ok"
1321,"uniform_t_vis_2_mid.csv","uniform_v_angle_2_strong.csv",0.17,0.6,0.6,0.75,0.833333333333333,0.5,0.6,0.545454545454545,0.6,0.675,0.716666666666667,0.333711906235957,0.433333333333333,FALSE,"ok"
1337,"uniform_t_vis_2_weak.csv","uniform_v_angle_1_mid.csv",0.35,0.6,0.6,0.75,0.833333333333333,0.5,0.6,0.545454545454545,0.6,0.675,0.716666666666667,0.333711906235957,0.433333333333333,FALSE,"ok"
1371,"uniform_v_angle_1_strong.csv","uniform_v_c_mid.csv",0.16,0.6,0.6,0.75,0.833333333333333,0.5,0.6,0.545454545454545,0.6,0.675,0.716666666666667,0.333711906235957,0.433333333333333,FALSE,"ok"
207,"uniform_diode_ir_3_mid.csv","uniform_green_mid.csv",0.71,0.6,0.6,0.666666666666667,0.75,0.428571428571429,0.5,0.5,0.545454545454545,0.633333333333333,0.675,0.246885359939347,0.333711906235957,FALSE,"ok"
249,"uniform_diode_ir_3_mid.csv","uniform_v_c_mid.csv",0.75,0.6,0.6,0.666666666666667,0.75,0.428571428571429,0.5,0.5,0.545454545454545,0.633333333333333,0.675,0.246885359939347,0.333711906235957,FALSE,"ok"
342,"uniform_diode_vis_1_mid.csv","uniform_v_c_mid.csv",0.18,0.6,0.6,0.666666666666667,0.75,0.428571428571429,0.5,0.5,0.545454545454545,0.633333333333333,0.675,0.246885359939347,0.333711906235957,FALSE,"ok"
351,"uniform_diode_vis_2_mid.csv","uniform_l_31_mid.csv",0.72,0.6,0.6,0.666666666666667,0.75,0.428571428571429,0.5,0.5,0.545454545454545,0.633333333333333,0.675,0.246885359939347,0.333711906235957,FALSE,"ok"
360,"uniform_diode_vis_2_mid.csv","uniform_osr_c_strong.csv",0.22,0.6,0.6,0.666666666666667,0.75,0.428571428571429,0.5,0.5,0.545454545454545,0.633333333333333,0.675,0.246885359939347,0.333711906235957,FALSE,"ok"
418,"uniform_diode_vis_3_mid.csv","uniform_t_vis_1_mid.csv",0.79,0.6,0.6,0.666666666666667,0.75,0.428571428571429,0.5,0.5,0.545454545454545,0.633333333333333,0.675,0.246885359939347,0.333711906235957,FALSE,"ok"
443,"uniform_green_mid.csv","uniform_osr_angle_2_mid.csv",0.32,0.6,0.6,0.666666666666667,0.75,0.428571428571429,0.5,0.5,0.545454545454545,0.633333333333333,0.675,0.246885359939347,0.333711906235957,FALSE,"ok"
463,"uniform_green_mid.csv","uniform_t_vis_1_weak.csv",0.69,0.6,0.6,0.666666666666667,0.75,0.428571428571429,0.5,0.5,0.545454545454545,0.633333333333333,0.675,0.246885359939347,0.333711906235957,FALSE,"ok"
543,"uniform_l_11_mid.csv","uniform_t_ir_3_weak.csv",0.36,0.6,0.6,0.666666666666667,0.75,0.428571428571429,0.5,0.5,0.545454545454545,0.633333333333333,0.675,0.246885359939347,0.333711906235957,FALSE,"ok"
587,"uniform_l_12_mid.csv","uniform_t_vis_2_mid.csv",0.4,0.6,0.6,0.666666666666667,0.75,0.428571428571429,0.5,0.5,0.545454545454545,0.633333333333333,0.675,0.246885359939347,0.333711906235957,FALSE,"ok"
615,"uniform_l_21_mid.csv","uniform_red_mid.csv",0.24,0.6,0.6,0.666666666666667,0.75,0.428571428571429,0.5,0.5,0.545454545454545,0.633333333333333,0.675,0.246885359939347,0.333711906235957,FALSE,"ok"
762,"uniform_osr_angle_1_mid.csv","uniform_red_strong.csv",0.65,0.6,0.6,0.666666666666667,0.75,0.428571428571429,0.5,0.5,0.545454545454545,0.633333333333333,0.675,0.246885359939347,0.333711906235957,FALSE,"ok"
774,"uniform_osr_angle_1_mid.csv","uniform_t_vis_2_weak.csv",0.12,0.6,0.6,0.666666666666667,0.75,0.428571428571429,0.5,0.5,0.545454545454545,0.633333333333333,0.675,0.246885359939347,0.333711906235957,FALSE,"ok"
800,"uniform_osr_angle_1_strong.csv","uniform_t_ir_3_mid.csv",0.27,0.6,0.6,0.666666666666667,0.75,0.428571428571429,0.5,0.5,0.545454545454545,0.633333333333333,0.675,0.246885359939347,0.333711906235957,FALSE,"ok"
836,"uniform_osr_angle_1_weak.csv","uniform_t_vis_1_mid.csv",0.85,0.6,0.6,0.666666666666667,0.75,0.428571428571429,0.5,0.5,0.545454545454545,0.633333333333333,0.675,0.246885359939347,0.333711906235957,FALSE,"ok"
945,"uniform_osr_c_mid.csv","uniform_osr_c_weak.csv",0.13,0.6,0.6,0.666666666666667,0.75,0.428571428571429,0.5,0.5,0.545454545454545,0.633333333333333,0.675,0.246885359939347,0.333711906235957,FALSE,"ok"
957,"uniform_osr_c_mid.csv","uniform_t_ir_3_weak.csv",0.19,0.6,0.6,0.666666666666667,0.75,0.428571428571429,0.5,0.5,0.545454545454545,0.633333333333333,0.675,0.246885359939347,0.333711906235957,FALSE,"ok"
962,"uniform_osr_c_mid.csv","uniform_t_vis_2_strong.csv",0.18,0.6,0.6,0.666666666666667,0.75,0.428571428571429,0.5,0.5,0.545454545454545,0.633333333333333,0.675,0.246885359939347,0.333711906235957,FALSE,"ok"
1053,"uniform_pol_1_mid.csv","uniform_v_c_strong.csv",0.15,0.6,0.6,0.666666666666667,0.75,0.428571428571429,0.5,0.5,0.545454545454545,0.633333333333333,0.675,0.246885359939347,0.333711906235957,FALSE,"ok"
1057,"uniform_pol_1_strong.csv","uniform_red_strong.csv",0.49,0.6,0.6,0.666666666666667,0.75,0.428571428571429,0.5,0.5,0.545454545454545,0.633333333333333,0.675,0.246885359939347,0.333711906235957,FALSE,"ok"
1170,"uniform_t_ir_1_mid.csv","uniform_t_ir_1_weak.csv",0.26,0.6,0.6,0.666666666666667,0.75,0.428571428571429,0.5,0.5,0.545454545454545,0.633333333333333,0.675,0.246885359939347,0.333711906235957,FALSE,"ok"
1227,"uniform_t_ir_3_mid.csv","uniform_t_ir_3_weak.csv",0.15,0.6,0.6,0.666666666666667,0.75,0.428571428571429,0.5,0.5,0.545454545454545,0.633333333333333,0.675,0.246885359939347,0.333711906235957,FALSE,"ok"
1247,"uniform_t_ir_3_strong.csv","uniform_t_vis_2_mid.csv",0.37,0.6,0.6,0.666666666666667,0.75,0.428571428571429,0.5,0.5,0.545454545454545,0.633333333333333,0.675,0.246885359939347,0.333711906235957,FALSE,"ok"
1266,"uniform_t_ir_3_weak.csv","uniform_t_vis_3_strong.csv",0.04,0.6,0.6,0.666666666666667,0.75,0.428571428571429,0.5,0.5,0.545454545454545,0.633333333333333,0.675,0.246885359939347,0.333711906235957,FALSE,"ok"
1286,"uniform_t_vis_1_mid.csv","uniform_v_c_mid.csv",0.1,0.6,0.6,0.666666666666667,0.75,0.428571428571429,0.5,0.5,0.545454545454545,0.633333333333333,0.675,0.246885359939347,0.333711906235957,FALSE,"ok"
1364,"uniform_v_angle_1_mid.csv","uniform_v_angle_1_strong.csv",0.16,0.6,0.6,0.666666666666667,0.75,0.428571428571429,0.5,0.5,0.545454545454545,0.633333333333333,0.675,0.246885359939347,0.333711906235957,FALSE,"ok"
56,"uniform_blue_strong.csv","uniform_diode_ir_3_strong.csv",0.02,0.6,0.6,0.583333333333333,0.666666666666667,0.375,0.428571428571429,0.461538461538462,0.5,0.591666666666667,0.633333333333333,0.167359670348801,0.246885359939347,FALSE,"ok"
67,"uniform_blue_strong.csv","uniform_l_32_mid.csv",0.66,0.6,0.6,0.583333333333333,0.666666666666667,0.375,0.428571428571429,0.461538461538462,0.5,0.591666666666667,0.633333333333333,0.167359670348801,0.246885359939347,FALSE,"ok"
80,"uniform_blue_strong.csv","uniform_pol_2_strong.csv",0.25,0.6,0.6,0.583333333333333,0.666666666666667,0.375,0.428571428571429,0.461538461538462,0.5,0.591666666666667,0.633333333333333,0.167359670348801,0.246885359939347,FALSE,"ok"
94,"uniform_blue_strong.csv","uniform_t_vis_2_weak.csv",0.14,0.6,0.6,0.583333333333333,0.666666666666667,0.375,0.428571428571429,0.461538461538462,0.5,0.591666666666667,0.633333333333333,0.167359670348801,0.246885359939347,FALSE,"ok"
96,"uniform_blue_strong.csv","uniform_t_vis_3_strong.csv",0.31,0.6,0.6,0.583333333333333,0.666666666666667,0.375,0.428571428571429,0.461538461538462,0.5,0.591666666666667,0.633333333333333,0.167359670348801,0.246885359939347,FALSE,"ok"
156,"uniform_diode_ir_1_strong.csv","uniform_diode_vis_1_mid.csv",0.11,0.6,0.6,0.583333333333333,0.666666666666667,0.375,0.428571428571429,0.461538461538462,0.5,0.591666666666667,0.633333333333333,0.167359670348801,0.246885359939347,FALSE,"ok"
262,"uniform_diode_ir_3_strong.csv","uniform_osr_angle_1_mid.csv",0.36,0.6,0.6,0.583333333333333,0.666666666666667,0.375,0.428571428571429,0.461538461538462,0.5,0.591666666666667,0.633333333333333,0.167359670348801,0.246885359939347,FALSE,"ok"
279,"uniform_diode_ir_3_strong.csv","uniform_t_ir_1_weak.csv",0.5,0.6,0.6,0.583333333333333,0.666666666666667,0.375,0.428571428571429,0.461538461538462,0.5,0.591666666666667,0.633333333333333,0.167359670348801,0.246885359939347,FALSE,"ok"
281,"uniform_diode_ir_3_strong.csv","uniform_t_ir_3_strong.csv",0.19,0.6,0.6,0.583333333333333,0.666666666666667,0.375,0.428571428571429,0.461538461538462,0.5,0.591666666666667,0.633333333333333,0.167359670348801,0.246885359939347,FALSE,"ok"
311,"uniform_diode_vis_1_mid.csv","uniform_osr_angle_2_mid.csv",0.34,0.6,0.6,0.583333333333333,0.666666666666667,0.375,0.428571428571429,0.461538461538462,0.5,0.591666666666667,0.633333333333333,0.167359670348801,0.246885359939347,FALSE,"ok"
346,"uniform_diode_vis_2_mid.csv","uniform_green_strong.csv",0.29,0.6,0.6,0.583333333333333,0.666666666666667,0.375,0.428571428571429,0.461538461538462,0.5,0.591666666666667,0.633333333333333,0.167359670348801,0.246885359939347,FALSE,"ok"
388,"uniform_diode_vis_2_mid.csv","uniform_v_c_strong.csv",0.41,0.6,0.6,0.583333333333333,0.666666666666667,0.375,0.428571428571429,0.461538461538462,0.5,0.591666666666667,0.633333333333333,0.167359670348801,0.246885359939347,FALSE,"ok"
390,"uniform_diode_vis_3_mid.csv","uniform_green_strong.csv",0.18,0.6,0.6,0.583333333333333,0.666666666666667,0.375,0.428571428571429,0.461538461538462,0.5,0.591666666666667,0.633333333333333,0.167359670348801,0.246885359939347,FALSE,"ok"
408,"uniform_diode_vis_3_mid.csv","uniform_pol_2_mid.csv",0.18,0.6,0.6,0.583333333333333,0.666666666666667,0.375,0.428571428571429,0.461538461538462,0.5,0.591666666666667,0.633333333333333,0.167359670348801,0.246885359939347,FALSE,"ok"
461,"uniform_green_mid.csv","uniform_t_vis_1_mid.csv",0.13,0.6,0.6,0.583333333333333,0.666666666666667,0.375,0.428571428571429,0.461538461538462,0.5,0.591666666666667,0.633333333333333,0.167359670348801,0.246885359939347,FALSE,"ok"
482,"uniform_green_strong.csv","uniform_osr_angle_1_mid.csv",1.23,0.6,0.6,0.583333333333333,0.666666666666667,0.375,0.428571428571429,0.461538461538462,0.5,0.591666666666667,0.633333333333333,0.167359670348801,0.246885359939347,FALSE,"ok"
499,"uniform_green_strong.csv","uniform_t_ir_1_weak.csv",0.38,0.6,0.6,0.583333333333333,0.666666666666667,0.375,0.428571428571429,0.461538461538462,0.5,0.591666666666667,0.633333333333333,0.167359670348801,0.246885359939347,FALSE,"ok"
501,"uniform_green_strong.csv","uniform_t_ir_3_strong.csv",0.44,0.6,0.6,0.583333333333333,0.666666666666667,0.375,0.428571428571429,0.461538461538462,0.5,0.591666666666667,0.633333333333333,0.167359670348801,0.246885359939347,FALSE,"ok"
512,"uniform_green_strong.csv","uniform_v_angle_1_mid.csv",0.51,0.6,0.6,0.583333333333333,0.666666666666667,0.375,0.428571428571429,0.461538461538462,0.5,0.591666666666667,0.633333333333333,0.167359670348801,0.246885359939347,FALSE,"ok"
517,"uniform_green_strong.csv","uniform_v_c_strong.csv",0.84,0.6,0.6,0.583333333333333,0.666666666666667,0.375,0.428571428571429,0.461538461538462,0.5,0.591666666666667,0.633333333333333,0.167359670348801,0.246885359939347,FALSE,"ok"
534,"uniform_l_11_mid.csv","uniform_pol_2_mid.csv",0.47,0.6,0.6,0.583333333333333,0.666666666666667,0.375,0.428571428571429,0.461538461538462,0.5,0.591666666666667,0.633333333333333,0.167359670348801,0.246885359939347,FALSE,"ok"
567,"uniform_l_12_mid.csv","uniform_osr_angle_2_strong.csv",0.05,0.6,0.6,0.583333333333333,0.666666666666667,0.375,0.428571428571429,0.461538461538462,0.5,0.591666666666667,0.633333333333333,0.167359670348801,0.246885359939347,FALSE,"ok"
694,"uniform_l_31_mid.csv","uniform_t_ir_1_weak.csv",0.11,0.6,0.6,0.583333333333333,0.666666666666667,0.375,0.428571428571429,0.461538461538462,0.5,0.591666666666667,0.633333333333333,0.167359670348801,0.246885359939347,FALSE,"ok"
700,"uniform_l_31_mid.csv","uniform_t_vis_1_weak.csv",0.04,0.6,0.6,0.583333333333333,0.666666666666667,0.375,0.428571428571429,0.461538461538462,0.5,0.591666666666667,0.633333333333333,0.167359670348801,0.246885359939347,FALSE,"ok"
778,"uniform_osr_angle_1_mid.csv","uniform_v_angle_1_mid.csv",0.44,0.6,0.6,0.583333333333333,0.666666666666667,0.375,0.428571428571429,0.461538461538462,0.5,0.591666666666667,0.633333333333333,0.167359670348801,0.246885359939347,FALSE,"ok"
810,"uniform_osr_angle_1_strong.csv","uniform_t_vis_3_strong.csv",0.67,0.6,0.6,0.583333333333333,0.666666666666667,0.375,0.428571428571429,0.461538461538462,0.5,0.591666666666667,0.633333333333333,0.167359670348801,0.246885359939347,FALSE,"ok"
854,"uniform_osr_angle_2_mid.csv","uniform_osr_c_strong.csv",0.16,0.6,0.6,0.583333333333333,0.666666666666667,0.375,0.428571428571429,0.461538461538462,0.5,0.591666666666667,0.633333333333333,0.167359670348801,0.246885359939347,FALSE,"ok"
868,"uniform_osr_angle_2_mid.csv","uniform_t_vis_1_mid.csv",0.13,0.6,0.6,0.583333333333333,0.666666666666667,0.375,0.428571428571429,0.461538461538462,0.5,0.591666666666667,0.633333333333333,0.167359670348801,0.246885359939347,FALSE,"ok"
885,"uniform_osr_angle_2_strong.csv","uniform_osr_c_strong.csv",0.1,0.6,0.6,0.583333333333333,0.666666666666667,0.375,0.428571428571429,0.461538461538462,0.5,0.591666666666667,0.633333333333333,0.167359670348801,0.246885359939347,FALSE,"ok"
906,"uniform_osr_angle_2_strong.csv","uniform_t_vis_3_strong.csv",0.39,0.6,0.6,0.583333333333333,0.666666666666667,0.375,0.428571428571429,0.461538461538462,0.5,0.591666666666667,0.633333333333333,0.167359670348801,0.246885359939347,FALSE,"ok"
1070,"uniform_pol_1_strong.csv","uniform_t_vis_3_mid.csv",0.11,0.6,0.6,0.583333333333333,0.666666666666667,0.375,0.428571428571429,0.461538461538462,0.5,0.591666666666667,0.633333333333333,0.167359670348801,0.246885359939347,FALSE,"ok"
1095,"uniform_pol_2_mid.csv","uniform_t_vis_3_strong.csv",0.42,0.6,0.6,0.583333333333333,0.666666666666667,0.375,0.428571428571429,0.461538461538462,0.5,0.591666666666667,0.633333333333333,0.167359670348801,0.246885359939347,FALSE,"ok"
1119,"uniform_pol_2_strong.csv","uniform_t_vis_3_weak.csv",0.31,0.6,0.6,0.583333333333333,0.666666666666667,0.375,0.428571428571429,0.461538461538462,0.5,0.591666666666667,0.633333333333333,0.167359670348801,0.246885359939347,FALSE,"ok"
1134,"uniform_red_mid.csv","uniform_t_vis_1_strong.csv",0.22,0.6,0.6,0.583333333333333,0.666666666666667,0.375,0.428571428571429,0.461538461538462,0.5,0.591666666666667,0.633333333333333,0.167359670348801,0.246885359939347,FALSE,"ok"
1173,"uniform_t_ir_1_mid.csv","uniform_t_ir_3_weak.csv",0.12,0.6,0.6,0.583333333333333,0.666666666666667,0.375,0.428571428571429,0.461538461538462,0.5,0.591666666666667,0.633333333333333,0.167359670348801,0.246885359939347,FALSE,"ok"
1202,"uniform_t_ir_1_strong.csv","uniform_v_angle_1_mid.csv",0.08,0.6,0.6,0.583333333333333,0.666666666666667,0.375,0.428571428571429,0.461538461538462,0.5,0.591666666666667,0.633333333333333,0.167359670348801,0.246885359939347,FALSE,"ok"
1240,"uniform_t_ir_3_mid.csv","uniform_v_angle_2_strong.csv",0.09,0.6,0.6,0.583333333333333,0.666666666666667,0.375,0.428571428571429,0.461538461538462,0.5,0.591666666666667,0.633333333333333,0.167359670348801,0.246885359939347,FALSE,"ok"
1253,"uniform_t_ir_3_strong.csv","uniform_v_angle_1_mid.csv",0.02,0.6,0.6,0.583333333333333,0.666666666666667,0.375,0.428571428571429,0.461538461538462,0.5,0.591666666666667,0.633333333333333,0.167359670348801,0.246885359939347,FALSE,"ok"
1284,"uniform_t_vis_1_mid.csv","uniform_v_angle_2_mid.csv",0.28,0.6,0.6,0.583333333333333,0.666666666666667,0.375,0.428571428571429,0.461538461538462,0.5,0.591666666666667,0.633333333333333,0.167359670348801,0.246885359939347,FALSE,"ok"
1325,"uniform_t_vis_2_strong.csv","uniform_t_vis_3_mid.csv",0.1,0.6,0.6,0.583333333333333,0.666666666666667,0.375,0.428571428571429,0.461538461538462,0.5,0.591666666666667,0.633333333333333,0.167359670348801,0.246885359939347,FALSE,"ok"
1354,"uniform_t_vis_3_strong.csv","uniform_v_angle_2_mid.csv",0.13,0.6,0.6,0.583333333333333,0.666666666666667,0.375,0.428571428571429,0.461538461538462,0.5,0.591666666666667,0.633333333333333,0.167359670348801,0.246885359939347,FALSE,"ok"
69,"uniform_blue_strong.csv","uniform_osr_angle_1_strong.csv",0.09,0.6,0.6,0.5,0.583333333333333,0.333333333333333,0.375,0.428571428571429,0.461538461538462,0.55,0.591666666666667,0.0912870929175277,0.167359670348801,FALSE,"ok"
144,"uniform_diode_ir_1_mid.csv","uniform_t_vis_2_weak.csv",0.33,0.6,0.6,0.5,0.583333333333333,0.333333333333333,0.375,0.428571428571429,0.461538461538462,0.55,0.591666666666667,0.0912870929175277,0.167359670348801,FALSE,"ok"
193,"uniform_diode_ir_1_strong.csv","uniform_t_vis_2_weak.csv",0.19,0.6,0.6,0.5,0.583333333333333,0.333333333333333,0.375,0.428571428571429,0.461538461538462,0.55,0.591666666666667,0.0912870929175277,0.167359670348801,FALSE,"ok"
215,"uniform_diode_ir_3_mid.csv","uniform_osr_angle_1_mid.csv",0.05,0.6,0.6,0.5,0.583333333333333,0.333333333333333,0.375,0.428571428571429,0.461538461538462,0.55,0.591666666666667,0.0912870929175277,0.167359670348801,FALSE,"ok"
263,"uniform_diode_ir_3_strong.csv","uniform_osr_angle_1_strong.csv",0.05,0.6,0.6,0.5,0.583333333333333,0.333333333333333,0.375,0.428571428571429,0.461538461538462,0.55,0.591666666666667,0.0912870929175277,0.167359670348801,FALSE,"ok"
267,"uniform_diode_ir_3_strong.csv","uniform_osr_angle_2_weak.csv",0.01,0.6,0.6,0.5,0.583333333333333,0.333333333333333,0.375,0.428571428571429,0.461538461538462,0.55,0.591666666666667,0.0912870929175277,0.167359670348801,FALSE,"ok"
332,"uniform_diode_vis_1_mid.csv","uniform_t_vis_2_mid.csv",0.21,0.6,0.6,0.5,0.583333333333333,0.333333333333333,0.375,0.428571428571429,0.461538461538462,0.55,0.591666666666667,0.0912870929175277,0.167359670348801,FALSE,"ok"
387,"uniform_diode_vis_2_mid.csv","uniform_v_c_mid.csv",0.18,0.6,0.6,0.5,0.583333333333333,0.333333333333333,0.375,0.428571428571429,0.461538461538462,0.55,0.591666666666667,0.0912870929175277,0.167359670348801,FALSE,"ok"
429,"uniform_diode_vis_3_mid.csv","uniform_v_angle_2_mid.csv",0.25,0.6,0.6,0.5,0.583333333333333,0.333333333333333,0.375,0.428571428571429,0.461538461538462,0.55,0.591666666666667,0.0912870929175277,0.167359670348801,FALSE,"ok"
555,"uniform_l_11_mid.csv","uniform_v_angle_2_mid.csv",0.09,0.6,0.6,0.5,0.583333333333333,0.333333333333333,0.375,0.428571428571429,0.461538461538462,0.55,0.591666666666667,0.0912870929175277,0.167359670348801,FALSE,"ok"
572,"uniform_l_12_mid.csv","uniform_pol_1_mid.csv",0.02,0.6,0.6,0.5,0.583333333333333,0.333333333333333,0.375,0.428571428571429,0.461538461538462,0.55,0.591666666666667,0.0912870929175277,0.167359670348801,FALSE,"ok"
812,"uniform_osr_angle_1_strong.csv","uniform_v_angle_1_mid.csv",0.61,0.6,0.6,0.5,0.583333333333333,0.333333333333333,0.375,0.428571428571429,0.461538461538462,0.55,0.591666666666667,0.0912870929175277,0.167359670348801,FALSE,"ok"
884,"uniform_osr_angle_2_strong.csv","uniform_osr_c_mid.csv",0.18,0.6,0.6,0.5,0.583333333333333,0.333333333333333,0.375,0.428571428571429,0.461538461538462,0.55,0.591666666666667,0.0912870929175277,0.167359670348801,FALSE,"ok"
967,"uniform_osr_c_mid.csv","uniform_v_angle_1_mid.csv",0.24,0.6,0.6,0.5,0.583333333333333,0.333333333333333,0.375,0.428571428571429,0.461538461538462,0.55,0.591666666666667,0.0912870929175277,0.167359670348801,FALSE,"ok"
1039,"uniform_pol_1_mid.csv","uniform_t_vis_1_mid.csv",0.1,0.6,0.6,0.5,0.583333333333333,0.333333333333333,0.375,0.428571428571429,0.461538461538462,0.55,0.591666666666667,0.0912870929175277,0.167359670348801,FALSE,"ok"
1315,"uniform_t_vis_2_mid.csv","uniform_t_vis_3_mid.csv",0.1,0.6,0.6,0.5,0.583333333333333,0.333333333333333,0.375,0.428571428571429,0.461538461538462,0.55,0.591666666666667,0.0912870929175277,0.167359670348801,FALSE,"ok"
1350,"uniform_t_vis_3_mid.csv","uniform_v_c_strong.csv",0.15,0.6,0.6,0.5,0.583333333333333,0.333333333333333,0.375,0.428571428571429,0.461538461538462,0.55,0.591666666666667,0.0912870929175277,0.167359670348801,FALSE,"ok"
1363,"uniform_t_vis_3_weak.csv","uniform_v_c_strong.csv",0.08,0.6,0.6,0.5,0.583333333333333,0.333333333333333,0.375,0.428571428571429,0.461538461538462,0.55,0.591666666666667,0.0912870929175277,0.167359670348801,FALSE,"ok"
231,"uniform_diode_ir_3_mid.csv","uniform_t_ir_1_strong.csv",0.15,0.6,0.6,0.416666666666667,0.5,0.3,0.333333333333333,0.4,0.428571428571429,0.508333333333333,0.55,0.0154303349962092,0.0912870929175277,FALSE,"ok"
713,"uniform_l_32_mid.csv","uniform_osr_angle_1_mid.csv",0.18,0.6,0.6,0.416666666666667,0.5,0.3,0.333333333333333,0.4,0.428571428571429,0.508333333333333,0.55,0.0154303349962092,0.0912870929175277,FALSE,"ok"
775,"uniform_osr_angle_1_mid.csv","uniform_t_vis_3_mid.csv",0.46,0.6,0.6,0.416666666666667,0.5,0.3,0.333333333333333,0.4,0.428571428571429,0.508333333333333,0.55,0.0154303349962092,0.0912870929175277,FALSE,"ok"
1114,"uniform_pol_2_strong.csv","uniform_t_vis_2_mid.csv",0.21,0.6,0.6,0.416666666666667,0.5,0.3,0.333333333333333,0.4,0.428571428571429,0.508333333333333,0.55,0.0154303349962092,0.0912870929175277,FALSE,"ok"
1176,"uniform_t_ir_1_mid.csv","uniform_t_vis_1_weak.csv",0.12,0.6,0.6,0.416666666666667,0.5,0.3,0.333333333333333,0.4,0.428571428571429,0.508333333333333,0.55,0.0154303349962092,0.0912870929175277,FALSE,"ok"
155,"uniform_diode_ir_1_strong.csv","uniform_diode_ir_3_strong.csv",0.17,0.6,0.6,0.333333333333333,0.416666666666667,0.272727272727273,0.3,0.375,0.4,0.466666666666667,0.508333333333333,-0.0635641726163728,0.0154303349962092,FALSE,"ok"
10,"uniform_blue_mid.csv","uniform_green_strong.csv",0.16,0.4,0.4,0.833333333333333,0.916666666666667,0.5,0.666666666666667,0.444444444444444,0.5,0.616666666666667,0.658333333333333,0.250640205913802,0.378489059622558,FALSE,"ok"
761,"uniform_osr_angle_1_mid.csv","uniform_red_mid.csv",0.26,0.4,0.4,0.75,0.833333333333333,0.4,0.5,0.4,0.444444444444444,0.575,0.616666666666667,0.15,0.250640205913802,FALSE,"ok"
860,"uniform_osr_angle_2_mid.csv","uniform_red_mid.csv",0.4,0.4,0.4,0.75,0.833333333333333,0.4,0.5,0.4,0.444444444444444,0.575,0.616666666666667,0.15,0.250640205913802,FALSE,"ok"
921,"uniform_osr_angle_2_weak.csv","uniform_red_mid.csv",0.36,0.4,0.4,0.75,0.833333333333333,0.4,0.5,0.4,0.444444444444444,0.575,0.616666666666667,0.15,0.250640205913802,FALSE,"ok"
1144,"uniform_red_mid.csv","uniform_v_angle_2_mid.csv",0.19,0.4,0.4,0.75,0.833333333333333,0.4,0.5,0.4,0.444444444444444,0.575,0.616666666666667,0.15,0.250640205913802,FALSE,"ok"
466,"uniform_green_mid.csv","uniform_t_vis_2_weak.csv",0.19,0.4,0.4,0.666666666666667,0.75,0.333333333333333,0.4,0.363636363636364,0.4,0.533333333333333,0.575,0.0635641726163728,0.15,FALSE,"ok"
795,"uniform_osr_angle_1_strong.csv","uniform_red_mid.csv",0.2,0.4,0.4,0.666666666666667,0.75,0.333333333333333,0.4,0.363636363636364,0.4,0.533333333333333,0.575,0.0635641726163728,0.15,FALSE,"ok"
891,"uniform_osr_angle_2_strong.csv","uniform_red_mid.csv",0.31,0.4,0.4,0.666666666666667,0.75,0.333333333333333,0.4,0.363636363636364,0.4,0.533333333333333,0.575,0.0635641726163728,0.15,FALSE,"ok"
1323,"uniform_t_vis_2_mid.csv","uniform_v_c_strong.csv",0.19,0.4,0.4,0.666666666666667,0.75,0.333333333333333,0.4,0.363636363636364,0.4,0.533333333333333,0.575,0.0635641726163728,0.15,FALSE,"ok"
1069,"uniform_pol_1_strong.csv","uniform_t_vis_2_weak.csv",0.14,0.4,0.4,0.583333333333333,0.666666666666667,0.285714285714286,0.333333333333333,0.333333333333333,0.363636363636364,0.491666666666667,0.533333333333333,-0.0154303349962092,0.0635641726163728,FALSE,"ok"
623,"uniform_l_21_mid.csv","uniform_t_vis_1_mid.csv",0,1,1,0.75,0.75,0.625,0.625,0.769230769230769,0.769230769230769,0.875,0.875,0.684653196881458,0.684653196881458,TRUE,"ok"
1308,"uniform_t_vis_1_weak.csv","uniform_v_angle_1_strong.csv",0,1,1,0.75,0.75,0.625,0.625,0.769230769230769,0.769230769230769,0.875,0.875,0.684653196881458,0.684653196881458,TRUE,"ok"
426,"uniform_diode_vis_3_mid.csv","uniform_t_vis_3_weak.csv",0.19,1,1,0.666666666666667,0.666666666666667,0.555555555555556,0.555555555555556,0.714285714285714,0.714285714285714,0.833333333333333,0.833333333333333,0.608580619450185,0.608580619450185,FALSE,"ok"
428,"uniform_diode_vis_3_mid.csv","uniform_v_angle_1_strong.csv",0,1,1,0.666666666666667,0.666666666666667,0.555555555555556,0.555555555555556,0.714285714285714,0.714285714285714,0.833333333333333,0.833333333333333,0.608580619450185,0.608580619450185,TRUE,"ok"
633,"uniform_l_21_mid.csv","uniform_v_angle_1_strong.csv",0,1,1,0.666666666666667,0.666666666666667,0.555555555555556,0.555555555555556,0.714285714285714,0.714285714285714,0.833333333333333,0.833333333333333,0.608580619450185,0.608580619450185,TRUE,"ok"
744,"uniform_l_32_mid.csv","uniform_v_angle_1_strong.csv",0,1,1,0.666666666666667,0.666666666666667,0.555555555555556,0.555555555555556,0.714285714285714,0.714285714285714,0.833333333333333,0.833333333333333,0.608580619450185,0.608580619450185,TRUE,"ok"
829,"uniform_osr_angle_1_weak.csv","uniform_red_strong.csv",0.03,1,1,0.666666666666667,0.666666666666667,0.555555555555556,0.555555555555556,0.714285714285714,0.714285714285714,0.833333333333333,0.833333333333333,0.608580619450185,0.608580619450185,FALSE,"ok"
831,"uniform_osr_angle_1_weak.csv","uniform_t_ir_1_strong.csv",0,1,1,0.666666666666667,0.666666666666667,0.555555555555556,0.555555555555556,0.714285714285714,0.714285714285714,0.833333333333333,0.833333333333333,0.608580619450185,0.608580619450185,TRUE,"ok"
611,"uniform_l_21_mid.csv","uniform_pol_1_mid.csv",0.24,1,1,0.583333333333333,0.583333333333333,0.5,0.5,0.666666666666667,0.666666666666667,0.791666666666667,0.791666666666667,0.540061724867322,0.540061724867322,FALSE,"ok"
622,"uniform_l_21_mid.csv","uniform_t_ir_3_weak.csv",0,1,1,0.583333333333333,0.583333333333333,0.5,0.5,0.666666666666667,0.666666666666667,0.791666666666667,0.791666666666667,0.540061724867322,0.540061724867322,TRUE,"ok"
631,"uniform_l_21_mid.csv","uniform_t_vis_3_weak.csv",0,1,1,0.583333333333333,0.583333333333333,0.5,0.5,0.666666666666667,0.666666666666667,0.791666666666667,0.791666666666667,0.540061724867322,0.540061724867322,TRUE,"ok"
132,"uniform_diode_ir_1_mid.csv","uniform_red_strong.csv",0.18,1,1,0.5,0.5,0.454545454545455,0.454545454545455,0.625,0.625,0.75,0.75,0.476731294622796,0.476731294622796,FALSE,"ok"
147,"uniform_diode_ir_1_mid.csv","uniform_t_vis_3_weak.csv",0,1,1,0.5,0.5,0.454545454545455,0.454545454545455,0.625,0.625,0.75,0.75,0.476731294622796,0.476731294622796,TRUE,"ok"
258,"uniform_diode_ir_3_strong.csv","uniform_l_21_mid.csv",0,1,1,0.5,0.5,0.454545454545455,0.454545454545455,0.625,0.625,0.75,0.75,0.476731294622796,0.476731294622796,TRUE,"ok"
519,"uniform_l_11_mid.csv","uniform_l_21_mid.csv",0,1,1,0.5,0.5,0.454545454545455,0.454545454545455,0.625,0.625,0.75,0.75,0.476731294622796,0.476731294622796,TRUE,"ok"
604,"uniform_l_21_mid.csv","uniform_osr_angle_1_weak.csv",0,1,1,0.5,0.5,0.454545454545455,0.454545454545455,0.625,0.625,0.75,0.75,0.476731294622796,0.476731294622796,TRUE,"ok"
629,"uniform_l_21_mid.csv","uniform_t_vis_3_mid.csv",0.01,1,1,0.5,0.5,0.454545454545455,0.454545454545455,0.625,0.625,0.75,0.75,0.476731294622796,0.476731294622796,FALSE,"ok"
114,"uniform_diode_ir_1_mid.csv","uniform_l_21_mid.csv",0.12,1,1,0.416666666666667,0.416666666666667,0.416666666666667,0.416666666666667,0.588235294117647,0.588235294117647,0.708333333333333,0.708333333333333,0.416666666666667,0.416666666666667,FALSE,"ok"
599,"uniform_l_21_mid.csv","uniform_l_22_mid.csv",0.1,1,1,0.416666666666667,0.416666666666667,0.416666666666667,0.416666666666667,0.588235294117647,0.588235294117647,0.708333333333333,0.708333333333333,0.416666666666667,0.416666666666667,FALSE,"ok"
639,"uniform_l_22_mid.csv","uniform_l_32_mid.csv",0.1,1,1,0.416666666666667,0.416666666666667,0.416666666666667,0.416666666666667,0.588235294117647,0.588235294117647,0.708333333333333,0.708333333333333,0.416666666666667,0.416666666666667,FALSE,"ok"
1092,"uniform_pol_2_mid.csv","uniform_t_vis_2_strong.csv",0.21,1,1,0.666666666666667,0.583333333333333,0.555555555555556,0.5,0.714285714285714,0.666666666666667,0.833333333333333,0.791666666666667,0.608580619450185,0.540061724867322,FALSE,"ok"
1378,"uniform_v_c_mid.csv","uniform_v_c_strong.csv",0.66,0.8,0.6,0.583333333333333,0.916666666666667,0.444444444444444,0.75,0.571428571428571,0.666666666666667,0.691666666666667,0.758333333333333,0.349933856183856,0.554989027380561,FALSE,"ok"
654,"uniform_l_22_mid.csv","uniform_red_strong.csv",1.88,0.8,0.6,0.5,0.833333333333333,0.4,0.6,0.533333333333333,0.6,0.65,0.716666666666667,0.277746029931765,0.433333333333333,FALSE,"ok"
1322,"uniform_t_vis_2_mid.csv","uniform_v_c_mid.csv",0.41,0.4,0.6,0.5,0.833333333333333,0.25,0.6,0.307692307692308,0.6,0.45,0.716666666666667,-0.0912870929175277,0.433333333333333,FALSE,"ok"
626,"uniform_l_21_mid.csv","uniform_t_vis_2_mid.csv",1.12,1,0.8,0.75,1,0.625,1,0.769230769230769,0.888888888888889,0.875,0.9,0.684653196881458,0.85933784884732,FALSE,"ok"
665,"uniform_l_22_mid.csv","uniform_t_vis_2_strong.csv",0.4,1,0.8,0.583333333333333,0.833333333333333,0.5,0.666666666666667,0.666666666666667,0.727272727272727,0.791666666666667,0.816666666666667,0.540061724867322,0.603859639855542,FALSE,"ok"
1150,"uniform_red_strong.csv","uniform_t_ir_1_weak.csv",0.58,0.6,0.8,0.5,0.75,0.333333333333333,0.571428571428571,0.428571428571429,0.666666666666667,0.55,0.775,0.0912870929175277,0.509201054874903,FALSE,"ok"
771,"uniform_osr_angle_1_mid.csv","uniform_t_vis_1_weak.csv",0.96,0.8,0.6,0.583333333333333,0.833333333333333,0.444444444444444,0.6,0.571428571428571,0.6,0.691666666666667,0.716666666666667,0.349933856183856,0.433333333333333,FALSE,"ok"
930,"uniform_osr_angle_2_weak.csv","uniform_t_vis_1_strong.csv",0.55,0.8,0.6,0.583333333333333,0.833333333333333,0.444444444444444,0.6,0.571428571428571,0.6,0.691666666666667,0.716666666666667,0.349933856183856,0.433333333333333,FALSE,"ok"
1332,"uniform_t_vis_2_strong.csv","uniform_v_c_mid.csv",0.4,1,0.6,0.583333333333333,0.833333333333333,0.5,0.6,0.666666666666667,0.6,0.791666666666667,0.716666666666667,0.540061724867322,0.433333333333333,FALSE,"ok"
951,"uniform_osr_c_mid.csv","uniform_red_strong.csv",1.31,0.6,0.4,0.666666666666667,0.916666666666667,0.428571428571429,0.666666666666667,0.5,0.5,0.633333333333333,0.658333333333333,0.246885359939347,0.378489059622558,FALSE,"ok"
850,"uniform_osr_angle_1_weak.csv","uniform_v_c_strong.csv",0.73,0.8,0.4,0.583333333333333,0.833333333333333,0.444444444444444,0.5,0.571428571428571,0.444444444444444,0.691666666666667,0.616666666666667,0.349933856183856,0.250640205913802,FALSE,"ok"
160,"uniform_diode_ir_1_strong.csv","uniform_green_strong.csv",2.06,0.6,0.2,0.583333333333333,0.833333333333333,0.375,0.333333333333333,0.461538461538462,0.25,0.591666666666667,0.516666666666667,0.167359670348801,0.0398409536444798,FALSE,"ok"
411,"uniform_diode_vis_3_mid.csv","uniform_red_strong.csv",0.5,0.6,1,0.5,0.666666666666667,0.333333333333333,0.555555555555556,0.428571428571429,0.714285714285714,0.55,0.833333333333333,0.0912870929175277,0.608580619450185,FALSE,"ok"
1101,"uniform_pol_2_mid.csv","uniform_v_c_mid.csv",0.48,0.6,0.8,0.666666666666667,0.833333333333333,0.428571428571429,0.666666666666667,0.5,0.727272727272727,0.633333333333333,0.816666666666667,0.246885359939347,0.603859639855542,FALSE,"ok"
1168,"uniform_red_strong.csv","uniform_v_c_strong.csv",0.29,0.6,0.8,0.5,0.666666666666667,0.333333333333333,0.5,0.428571428571429,0.615384615384615,0.55,0.733333333333333,0.0912870929175277,0.426006433615129,FALSE,"ok"
1167,"uniform_red_strong.csv","uniform_v_c_mid.csv",0.11,0.6,0.8,0.416666666666667,0.583333333333333,0.3,0.444444444444444,0.4,0.571428571428571,0.508333333333333,0.691666666666667,0.0154303349962092,0.349933856183856,FALSE,"ok"
823,"uniform_osr_angle_1_weak.csv","uniform_osr_c_weak.csv",0.68,1,0.6,0.75,0.916666666666667,0.625,0.75,0.769230769230769,0.666666666666667,0.875,0.758333333333333,0.684653196881458,0.554989027380561,FALSE,"ok"
835,"uniform_osr_angle_1_weak.csv","uniform_t_ir_3_weak.csv",0.75,0.8,0.6,0.666666666666667,0.833333333333333,0.5,0.6,0.615384615384615,0.6,0.733333333333333,0.716666666666667,0.426006433615129,0.433333333333333,FALSE,"ok"
337,"uniform_diode_vis_1_mid.csv","uniform_t_vis_3_weak.csv",0.53,0.8,0.6,0.583333333333333,0.75,0.444444444444444,0.5,0.571428571428571,0.545454545454545,0.691666666666667,0.675,0.349933856183856,0.333711906235957,FALSE,"ok"
845,"uniform_osr_angle_1_weak.csv","uniform_v_angle_1_mid.csv",0.43,0.8,0.6,0.583333333333333,0.75,0.444444444444444,0.5,0.571428571428571,0.545454545454545,0.691666666666667,0.675,0.349933856183856,0.333711906235957,FALSE,"ok"
847,"uniform_osr_angle_1_weak.csv","uniform_v_angle_2_mid.csv",0.24,0.8,0.6,0.583333333333333,0.75,0.444444444444444,0.5,0.571428571428571,0.545454545454545,0.691666666666667,0.675,0.349933856183856,0.333711906235957,FALSE,"ok"
1196,"uniform_t_ir_1_strong.csv","uniform_t_vis_2_mid.csv",0.2,0.4,0.6,0.583333333333333,0.75,0.285714285714286,0.5,0.333333333333333,0.545454545454545,0.491666666666667,0.675,-0.0154303349962092,0.333711906235957,FALSE,"ok"
59,"uniform_blue_strong.csv","uniform_diode_vis_3_mid.csv",0.72,0.8,0.6,0.5,0.666666666666667,0.4,0.428571428571429,0.533333333333333,0.5,0.65,0.633333333333333,0.277746029931765,0.246885359939347,FALSE,"ok"
286,"uniform_diode_ir_3_strong.csv","uniform_t_vis_2_mid.csv",0.43,0.8,0.6,0.5,0.666666666666667,0.4,0.428571428571429,0.533333333333333,0.5,0.65,0.633333333333333,0.277746029931765,0.246885359939347,FALSE,"ok"
333,"uniform_diode_vis_1_mid.csv","uniform_t_vis_2_strong.csv",0.97,0.4,0.6,0.5,0.666666666666667,0.25,0.428571428571429,0.307692307692308,0.5,0.45,0.633333333333333,-0.0912870929175277,0.246885359939347,FALSE,"ok"
422,"uniform_diode_vis_3_mid.csv","uniform_t_vis_2_strong.csv",1.04,0.8,0.6,0.5,0.666666666666667,0.4,0.428571428571429,0.533333333333333,0.5,0.65,0.633333333333333,0.277746029931765,0.246885359939347,FALSE,"ok"
1317,"uniform_t_vis_2_mid.csv","uniform_t_vis_3_weak.csv",0.57,0.4,0.6,0.5,0.666666666666667,0.25,0.428571428571429,0.307692307692308,0.5,0.45,0.633333333333333,-0.0912870929175277,0.246885359939347,FALSE,"ok"
1217,"uniform_t_ir_1_weak.csv","uniform_t_vis_3_mid.csv",0.33,0.8,0.6,0.416666666666667,0.583333333333333,0.363636363636364,0.375,0.5,0.461538461538462,0.608333333333333,0.591666666666667,0.206583561003212,0.167359670348801,FALSE,"ok"
1056,"uniform_pol_1_strong.csv","uniform_red_mid.csv",0.19,0.6,0.4,0.666666666666667,0.833333333333333,0.428571428571429,0.5,0.5,0.444444444444444,0.633333333333333,0.616666666666667,0.246885359939347,0.250640205913802,FALSE,"ok"
454,"uniform_green_mid.csv","uniform_red_strong.csv",0.29,0.6,1,0.75,0.833333333333333,0.5,0.714285714285714,0.545454545454545,0.833333333333333,0.675,0.916666666666667,0.333711906235957,0.77151674981046,FALSE,"ok"
109,"uniform_diode_ir_1_mid.csv","uniform_diode_vis_3_mid.csv",1.11,0.8,1,0.583333333333333,0.666666666666667,0.444444444444444,0.555555555555556,0.571428571428571,0.714285714285714,0.691666666666667,0.833333333333333,0.349933856183856,0.608580619450185,FALSE,"ok"
618,"uniform_l_21_mid.csv","uniform_t_ir_1_strong.csv",0.29,0.8,1,0.416666666666667,0.5,0.363636363636364,0.454545454545455,0.5,0.625,0.608333333333333,0.75,0.206583561003212,0.476731294622796,FALSE,"ok"
1320,"uniform_t_vis_2_mid.csv","uniform_v_angle_2_mid.csv",0.16,0.6,0.8,0.75,0.833333333333333,0.5,0.666666666666667,0.545454545454545,0.727272727272727,0.675,0.816666666666667,0.333711906235957,0.603859639855542,FALSE,"ok"
459,"uniform_green_mid.csv","uniform_t_ir_3_strong.csv",0.29,0.6,0.8,0.666666666666667,0.75,0.428571428571429,0.571428571428571,0.5,0.666666666666667,0.633333333333333,0.775,0.246885359939347,0.509201054874903,FALSE,"ok"
548,"uniform_l_11_mid.csv","uniform_t_vis_2_strong.csv",0.59,0.6,0.8,0.666666666666667,0.75,0.428571428571429,0.571428571428571,0.5,0.666666666666667,0.633333333333333,0.775,0.246885359939347,0.509201054874903,FALSE,"ok"
628,"uniform_l_21_mid.csv","uniform_t_vis_2_weak.csv",0.12,1,0.8,0.666666666666667,0.75,0.555555555555556,0.571428571428571,0.714285714285714,0.666666666666667,0.833333333333333,0.775,0.608580619450185,0.509201054874903,FALSE,"ok"
874,"uniform_osr_angle_2_mid.csv","uniform_t_vis_3_mid.csv",0.31,0.6,0.8,0.666666666666667,0.75,0.428571428571429,0.571428571428571,0.5,0.666666666666667,0.633333333333333,0.775,0.246885359939347,0.509201054874903,FALSE,"ok"
1275,"uniform_t_vis_1_mid.csv","uniform_t_vis_1_weak.csv",0.4,0.6,0.8,0.666666666666667,0.75,0.428571428571429,0.571428571428571,0.5,0.666666666666667,0.633333333333333,0.775,0.246885359939347,0.509201054874903,FALSE,"ok"
1299,"uniform_t_vis_1_strong.csv","uniform_v_c_mid.csv",0.51,0.6,0.8,0.666666666666667,0.75,0.428571428571429,0.571428571428571,0.5,0.666666666666667,0.633333333333333,0.775,0.246885359939347,0.509201054874903,FALSE,"ok"
362,"uniform_diode_vis_2_mid.csv","uniform_pol_1_mid.csv",0.49,0.6,0.8,0.583333333333333,0.666666666666667,0.375,0.5,0.461538461538462,0.615384615384615,0.591666666666667,0.733333333333333,0.167359670348801,0.426006433615129,FALSE,"ok"
656,"uniform_l_22_mid.csv","uniform_t_ir_1_strong.csv",0.34,1,0.8,0.583333333333333,0.666666666666667,0.5,0.5,0.666666666666667,0.615384615384615,0.791666666666667,0.733333333333333,0.540061724867322,0.426006433615129,FALSE,"ok"
697,"uniform_l_31_mid.csv","uniform_t_ir_3_weak.csv",0.04,0.6,0.8,0.583333333333333,0.666666666666667,0.375,0.5,0.461538461538462,0.615384615384615,0.591666666666667,0.733333333333333,0.167359670348801,0.426006433615129,FALSE,"ok"
1264,"uniform_t_ir_3_weak.csv","uniform_t_vis_2_weak.csv",0.86,0.6,0.8,0.583333333333333,0.666666666666667,0.375,0.5,0.461538461538462,0.615384615384615,0.591666666666667,0.733333333333333,0.167359670348801,0.426006433615129,FALSE,"ok"
341,"uniform_diode_vis_1_mid.csv","uniform_v_angle_2_strong.csv",0.2,0.6,0.8,0.5,0.583333333333333,0.333333333333333,0.444444444444444,0.428571428571429,0.571428571428571,0.55,0.691666666666667,0.0912870929175277,0.349933856183856,FALSE,"ok"
545,"uniform_l_11_mid.csv","uniform_t_vis_1_strong.csv",0.12,0.6,0.8,0.5,0.583333333333333,0.333333333333333,0.444444444444444,0.428571428571429,0.571428571428571,0.55,0.691666666666667,0.0912870929175277,0.349933856183856,FALSE,"ok"
750,"uniform_osr_angle_1_mid.csv","uniform_osr_angle_1_weak.csv",0.18,0.6,0.8,0.5,0.583333333333333,0.333333333333333,0.444444444444444,0.428571428571429,0.571428571428571,0.55,0.691666666666667,0.0912870929175277,0.349933856183856,FALSE,"ok"
1263,"uniform_t_ir_3_weak.csv","uniform_t_vis_2_strong.csv",0.1,0.6,0.8,0.5,0.583333333333333,0.333333333333333,0.444444444444444,0.428571428571429,0.571428571428571,0.55,0.691666666666667,0.0912870929175277,0.349933856183856,FALSE,"ok"
1293,"uniform_t_vis_1_strong.csv","uniform_t_vis_3_strong.csv",0.28,0.6,0.8,0.5,0.583333333333333,0.333333333333333,0.444444444444444,0.428571428571429,0.571428571428571,0.55,0.691666666666667,0.0912870929175277,0.349933856183856,FALSE,"ok"
703,"uniform_l_31_mid.csv","uniform_t_vis_2_weak.csv",0.2,0.6,0.8,0.416666666666667,0.5,0.3,0.4,0.4,0.533333333333333,0.508333333333333,0.65,0.0154303349962092,0.277746029931765,FALSE,"ok"
378,"uniform_diode_vis_2_mid.csv","uniform_t_vis_2_strong.csv",0.69,0.8,0.6,0.833333333333333,0.916666666666667,0.666666666666667,0.75,0.727272727272727,0.666666666666667,0.816666666666667,0.758333333333333,0.603859639855542,0.554989027380561,FALSE,"ok"
354,"uniform_diode_vis_2_mid.csv","uniform_osr_angle_1_strong.csv",0.27,0.8,0.6,0.75,0.833333333333333,0.571428571428571,0.6,0.666666666666667,0.6,0.775,0.716666666666667,0.509201054874903,0.433333333333333,FALSE,"ok"
507,"uniform_green_strong.csv","uniform_t_vis_2_strong.csv",1.35,0.8,0.6,0.75,0.833333333333333,0.571428571428571,0.6,0.666666666666667,0.6,0.775,0.716666666666667,0.509201054874903,0.433333333333333,FALSE,"ok"
773,"uniform_osr_angle_1_mid.csv","uniform_t_vis_2_strong.csv",0.27,0.8,0.6,0.75,0.833333333333333,0.571428571428571,0.6,0.666666666666667,0.6,0.775,0.716666666666667,0.509201054874903,0.433333333333333,FALSE,"ok"
999,"uniform_osr_c_strong.csv","uniform_v_c_mid.csv",0.19,0.8,0.6,0.75,0.833333333333333,0.571428571428571,0.6,0.666666666666667,0.6,0.775,0.716666666666667,0.509201054874903,0.433333333333333,FALSE,"ok"
391,"uniform_diode_vis_3_mid.csv","uniform_l_11_mid.csv",0.15,0.8,0.6,0.666666666666667,0.75,0.5,0.5,0.615384615384615,0.545454545454545,0.733333333333333,0.675,0.426006433615129,0.333711906235957,FALSE,"ok"
1027,"uniform_osr_c_weak.csv","uniform_v_c_strong.csv",0.71,0.8,0.6,0.666666666666667,0.75,0.5,0.5,0.615384615384615,0.545454545454545,0.733333333333333,0.675,0.426006433615129,0.333711906235957,FALSE,"ok"
345,"uniform_diode_vis_2_mid.csv","uniform_green_mid.csv",0.39,0.4,0.6,0.583333333333333,0.666666666666667,0.285714285714286,0.428571428571429,0.333333333333333,0.5,0.491666666666667,0.633333333333333,-0.0154303349962092,0.246885359939347,FALSE,"ok"
369,"uniform_diode_vis_2_mid.csv","uniform_t_ir_1_strong.csv",0.3,0.8,0.6,0.583333333333333,0.666666666666667,0.444444444444444,0.428571428571429,0.571428571428571,0.5,0.691666666666667,0.633333333333333,0.349933856183856,0.246885359939347,FALSE,"ok"
846,"uniform_osr_angle_1_weak.csv","uniform_v_angle_1_strong.csv",0.21,0.8,0.6,0.583333333333333,0.666666666666667,0.444444444444444,0.428571428571429,0.571428571428571,0.5,0.691666666666667,0.633333333333333,0.349933856183856,0.246885359939347,FALSE,"ok"
424,"uniform_diode_vis_3_mid.csv","uniform_t_vis_3_mid.csv",0.23,0.8,0.6,0.5,0.583333333333333,0.4,0.375,0.533333333333333,0.461538461538462,0.65,0.591666666666667,0.277746029931765,0.167359670348801,FALSE,"ok"
922,"uniform_osr_angle_2_weak.csv","uniform_red_strong.csv",0.29,0.8,0.6,0.5,0.583333333333333,0.4,0.375,0.533333333333333,0.461538461538462,0.65,0.591666666666667,0.277746029931765,0.167359670348801,FALSE,"ok"
325,"uniform_diode_vis_1_mid.csv","uniform_t_ir_1_weak.csv",0.07,0.8,0.6,0.416666666666667,0.5,0.363636363636364,0.333333333333333,0.5,0.428571428571429,0.608333333333333,0.55,0.206583561003212,0.0912870929175277,FALSE,"ok"
78,"uniform_blue_strong.csv","uniform_pol_1_strong.csv",0.31,0.6,0.4,0.583333333333333,0.666666666666667,0.375,0.333333333333333,0.461538461538462,0.363636363636364,0.591666666666667,0.533333333333333,0.167359670348801,0.0635641726163728,FALSE,"ok"
83,"uniform_blue_strong.csv","uniform_t_ir_1_mid.csv",0.35,0.6,0.4,0.583333333333333,0.666666666666667,0.375,0.333333333333333,0.461538461538462,0.363636363636364,0.591666666666667,0.533333333333333,0.167359670348801,0.0635641726163728,FALSE,"ok"
98,"uniform_blue_strong.csv","uniform_v_angle_1_mid.csv",0.18,0.6,0.4,0.583333333333333,0.666666666666667,0.375,0.333333333333333,0.461538461538462,0.363636363636364,0.591666666666667,0.533333333333333,0.167359670348801,0.0635641726163728,FALSE,"ok"
37,"uniform_blue_mid.csv","uniform_t_ir_3_weak.csv",0.31,0.6,0.4,0.5,0.583333333333333,0.333333333333333,0.285714285714286,0.428571428571429,0.333333333333333,0.55,0.491666666666667,0.0912870929175277,-0.0154303349962092,FALSE,"ok"
112,"uniform_diode_ir_1_mid.csv","uniform_l_11_mid.csv",0.11,0.8,1,0.666666666666667,0.666666666666667,0.5,0.555555555555556,0.615384615384615,0.714285714285714,0.733333333333333,0.833333333333333,0.426006433615129,0.608580619450185,FALSE,"ok"
393,"uniform_diode_vis_3_mid.csv","uniform_l_21_mid.csv",0.34,0.8,1,0.583333333333333,0.583333333333333,0.444444444444444,0.5,0.571428571428571,0.666666666666667,0.691666666666667,0.791666666666667,0.349933856183856,0.540061724867322,FALSE,"ok"
355,"uniform_diode_vis_2_mid.csv","uniform_osr_angle_1_weak.csv",0.01,0.8,0.8,0.916666666666667,0.916666666666667,0.8,0.8,0.8,0.8,0.858333333333333,0.858333333333333,0.716666666666667,0.716666666666667,FALSE,"ok"
807,"uniform_osr_angle_1_strong.csv","uniform_t_vis_2_strong.csv",0.14,0.8,0.8,0.916666666666667,0.916666666666667,0.8,0.8,0.8,0.8,0.858333333333333,0.858333333333333,0.716666666666667,0.716666666666667,FALSE,"ok"
164,"uniform_diode_ir_1_strong.csv","uniform_l_22_mid.csv",0,0.8,0.8,0.833333333333333,0.833333333333333,0.666666666666667,0.666666666666667,0.727272727272727,0.727272727272727,0.816666666666667,0.816666666666667,0.603859639855542,0.603859639855542,TRUE,"ok"
989,"uniform_osr_c_strong.csv","uniform_t_vis_2_mid.csv",0.47,0.6,0.8,0.833333333333333,0.833333333333333,0.6,0.666666666666667,0.6,0.727272727272727,0.716666666666667,0.816666666666667,0.433333333333333,0.603859639855542,FALSE,"ok"
1329,"uniform_t_vis_2_strong.csv","uniform_v_angle_1_strong.csv",0.18,0.8,0.8,0.833333333333333,0.833333333333333,0.666666666666667,0.666666666666667,0.727272727272727,0.727272727272727,0.816666666666667,0.816666666666667,0.603859639855542,0.603859639855542,FALSE,"ok"
137,"uniform_diode_ir_1_mid.csv","uniform_t_ir_3_strong.csv",0,0.8,0.8,0.75,0.75,0.571428571428571,0.571428571428571,0.666666666666667,0.666666666666667,0.775,0.775,0.509201054874903,0.509201054874903,TRUE,"ok"
612,"uniform_l_21_mid.csv","uniform_pol_1_strong.csv",0,0.8,0.8,0.75,0.75,0.571428571428571,0.571428571428571,0.666666666666667,0.666666666666667,0.775,0.775,0.509201054874903,0.509201054874903,TRUE,"ok"
624,"uniform_l_21_mid.csv","uniform_t_vis_1_strong.csv",0.16,0.8,0.8,0.75,0.75,0.571428571428571,0.571428571428571,0.666666666666667,0.666666666666667,0.775,0.775,0.509201054874903,0.509201054874903,FALSE,"ok"
650,"uniform_l_22_mid.csv","uniform_pol_1_strong.csv",0.22,0.8,0.8,0.75,0.75,0.571428571428571,0.571428571428571,0.666666666666667,0.666666666666667,0.775,0.775,0.509201054874903,0.509201054874903,FALSE,"ok"
664,"uniform_l_22_mid.csv","uniform_t_vis_2_mid.csv",0.22,0.8,0.8,0.75,0.75,0.571428571428571,0.571428571428571,0.666666666666667,0.666666666666667,0.775,0.775,0.509201054874903,0.509201054874903,FALSE,"ok"
735,"uniform_l_32_mid.csv","uniform_t_vis_1_strong.csv",0.01,0.8,0.8,0.75,0.75,0.571428571428571,0.571428571428571,0.666666666666667,0.666666666666667,0.775,0.775,0.509201054874903,0.509201054874903,FALSE,"ok"
770,"uniform_osr_angle_1_mid.csv","uniform_t_vis_1_strong.csv",0,0.8,0.8,0.75,0.75,0.571428571428571,0.571428571428571,0.666666666666667,0.666666666666667,0.775,0.775,0.509201054874903,0.509201054874903,TRUE,"ok"
833,"uniform_osr_angle_1_weak.csv","uniform_t_ir_3_mid.csv",0.03,0.8,0.8,0.75,0.75,0.571428571428571,0.571428571428571,0.666666666666667,0.666666666666667,0.775,0.775,0.509201054874903,0.509201054874903,FALSE,"ok"
939,"uniform_osr_angle_2_weak.csv","uniform_v_angle_1_strong.csv",0,0.8,0.8,0.75,0.75,0.571428571428571,0.571428571428571,0.666666666666667,0.666666666666667,0.775,0.775,0.509201054874903,0.509201054874903,TRUE,"ok"
961,"uniform_osr_c_mid.csv","uniform_t_vis_2_mid.csv",0.22,0.6,0.8,0.75,0.75,0.5,0.571428571428571,0.545454545454545,0.666666666666667,0.675,0.775,0.333711906235957,0.509201054874903,FALSE,"ok"
1011,"uniform_osr_c_weak.csv","uniform_t_ir_3_strong.csv",0,0.8,0.8,0.75,0.75,0.571428571428571,0.571428571428571,0.666666666666667,0.666666666666667,0.775,0.775,0.509201054874903,0.509201054874903,TRUE,"ok"
1012,"uniform_osr_c_weak.csv","uniform_t_ir_3_weak.csv",0.05,0.6,0.8,0.75,0.75,0.5,0.571428571428571,0.545454545454545,0.666666666666667,0.675,0.775,0.333711906235957,0.509201054874903,FALSE,"ok"
1035,"uniform_pol_1_mid.csv","uniform_t_ir_1_weak.csv",0.1,0.8,0.8,0.75,0.75,0.571428571428571,0.571428571428571,0.666666666666667,0.666666666666667,0.775,0.775,0.509201054874903,0.509201054874903,FALSE,"ok"
1068,"uniform_pol_1_strong.csv","uniform_t_vis_2_strong.csv",0.11,0.8,0.8,0.75,0.75,0.571428571428571,0.571428571428571,0.666666666666667,0.666666666666667,0.775,0.775,0.509201054874903,0.509201054874903,FALSE,"ok"
1194,"uniform_t_ir_1_strong.csv","uniform_t_vis_1_strong.csv",0,0.8,0.8,0.75,0.75,0.571428571428571,0.571428571428571,0.666666666666667,0.666666666666667,0.775,0.775,0.509201054874903,0.509201054874903,TRUE,"ok"
1369,"uniform_v_angle_1_strong.csv","uniform_v_angle_2_mid.csv",0,0.8,0.8,0.75,0.75,0.571428571428571,0.571428571428571,0.666666666666667,0.666666666666667,0.775,0.775,0.509201054874903,0.509201054874903,TRUE,"ok"
14,"uniform_blue_mid.csv","uniform_l_22_mid.csv",0.01,0.8,0.8,0.666666666666667,0.666666666666667,0.5,0.5,0.615384615384615,0.615384615384615,0.733333333333333,0.733333333333333,0.426006433615129,0.426006433615129,FALSE,"ok"
65,"uniform_blue_strong.csv","uniform_l_22_mid.csv",0.17,0.8,0.8,0.666666666666667,0.666666666666667,0.5,0.5,0.615384615384615,0.615384615384615,0.733333333333333,0.733333333333333,0.426006433615129,0.426006433615129,FALSE,"ok"
70,"uniform_blue_strong.csv","uniform_osr_angle_1_weak.csv",0.26,0.8,0.8,0.666666666666667,0.666666666666667,0.5,0.5,0.615384615384615,0.615384615384615,0.733333333333333,0.733333333333333,0.426006433615129,0.426006433615129,FALSE,"ok"
93,"uniform_blue_strong.csv","uniform_t_vis_2_strong.csv",0,0.8,0.8,0.666666666666667,0.666666666666667,0.5,0.5,0.615384615384615,0.615384615384615,0.733333333333333,0.733333333333333,0.426006433615129,0.426006433615129,TRUE,"ok"
126,"uniform_diode_ir_1_mid.csv","uniform_osr_c_weak.csv",0,0.8,0.8,0.666666666666667,0.666666666666667,0.5,0.5,0.615384615384615,0.615384615384615,0.733333333333333,0.733333333333333,0.426006433615129,0.426006433615129,TRUE,"ok"
149,"uniform_diode_ir_1_mid.csv","uniform_v_angle_1_strong.csv",0,0.8,0.8,0.666666666666667,0.666666666666667,0.5,0.5,0.615384615384615,0.615384615384615,0.733333333333333,0.733333333333333,0.426006433615129,0.426006433615129,TRUE,"ok"
319,"uniform_diode_vis_1_mid.csv","uniform_pol_2_mid.csv",0.35,0.6,0.8,0.666666666666667,0.666666666666667,0.428571428571429,0.5,0.5,0.615384615384615,0.633333333333333,0.733333333333333,0.246885359939347,0.426006433615129,FALSE,"ok"
367,"uniform_diode_vis_2_mid.csv","uniform_red_strong.csv",0.05,0.8,0.8,0.666666666666667,0.666666666666667,0.5,0.5,0.615384615384615,0.615384615384615,0.733333333333333,0.733333333333333,0.426006433615129,0.426006433615129,FALSE,"ok"
396,"uniform_diode_vis_3_mid.csv","uniform_l_32_mid.csv",0.02,0.8,0.8,0.666666666666667,0.666666666666667,0.5,0.5,0.615384615384615,0.615384615384615,0.733333333333333,0.733333333333333,0.426006433615129,0.426006433615129,FALSE,"ok"
399,"uniform_diode_vis_3_mid.csv","uniform_osr_angle_1_weak.csv",0,0.8,0.8,0.666666666666667,0.666666666666667,0.5,0.5,0.615384615384615,0.615384615384615,0.733333333333333,0.733333333333333,0.426006433615129,0.426006433615129,TRUE,"ok"
405,"uniform_diode_vis_3_mid.csv","uniform_osr_c_weak.csv",0,0.8,0.8,0.666666666666667,0.666666666666667,0.5,0.5,0.615384615384615,0.615384615384615,0.733333333333333,0.733333333333333,0.426006433615129,0.426006433615129,TRUE,"ok"
413,"uniform_diode_vis_3_mid.csv","uniform_t_ir_1_strong.csv",0,0.8,0.8,0.666666666666667,0.666666666666667,0.5,0.5,0.615384615384615,0.615384615384615,0.733333333333333,0.733333333333333,0.426006433615129,0.426006433615129,TRUE,"ok"
417,"uniform_diode_vis_3_mid.csv","uniform_t_ir_3_weak.csv",0,0.8,0.8,0.666666666666667,0.666666666666667,0.5,0.5,0.615384615384615,0.615384615384615,0.733333333333333,0.733333333333333,0.426006433615129,0.426006433615129,TRUE,"ok"
419,"uniform_diode_vis_3_mid.csv","uniform_t_vis_1_strong.csv",0,0.8,0.8,0.666666666666667,0.666666666666667,0.5,0.5,0.615384615384615,0.615384615384615,0.733333333333333,0.733333333333333,0.426006433615129,0.426006433615129,TRUE,"ok"
423,"uniform_diode_vis_3_mid.csv","uniform_t_vis_2_weak.csv",0.04,0.6,0.8,0.666666666666667,0.666666666666667,0.428571428571429,0.5,0.5,0.615384615384615,0.633333333333333,0.733333333333333,0.246885359939347,0.426006433615129,FALSE,"ok"
437,"uniform_green_mid.csv","uniform_l_22_mid.csv",0,0.8,0.8,0.666666666666667,0.666666666666667,0.5,0.5,0.615384615384615,0.615384615384615,0.733333333333333,0.733333333333333,0.426006433615129,0.426006433615129,TRUE,"ok"
457,"uniform_green_mid.csv","uniform_t_ir_1_weak.csv",0.26,0.6,0.8,0.666666666666667,0.666666666666667,0.428571428571429,0.5,0.5,0.615384615384615,0.633333333333333,0.733333333333333,0.246885359939347,0.426006433615129,FALSE,"ok"
539,"uniform_l_11_mid.csv","uniform_t_ir_1_strong.csv",0,0.8,0.8,0.666666666666667,0.666666666666667,0.5,0.5,0.615384615384615,0.615384615384615,0.733333333333333,0.733333333333333,0.426006433615129,0.426006433615129,TRUE,"ok"
540,"uniform_l_11_mid.csv","uniform_t_ir_1_weak.csv",0.11,0.8,0.8,0.666666666666667,0.666666666666667,0.5,0.5,0.615384615384615,0.615384615384615,0.733333333333333,0.733333333333333,0.426006433615129,0.426006433615129,FALSE,"ok"
614,"uniform_l_21_mid.csv","uniform_pol_2_strong.csv",0.04,0.8,0.8,0.666666666666667,0.666666666666667,0.5,0.5,0.615384615384615,0.615384615384615,0.733333333333333,0.733333333333333,0.426006433615129,0.426006433615129,FALSE,"ok"
625,"uniform_l_21_mid.csv","uniform_t_vis_1_weak.csv",0,0.8,0.8,0.666666666666667,0.666666666666667,0.5,0.5,0.615384615384615,0.615384615384615,0.733333333333333,0.733333333333333,0.426006433615129,0.426006433615129,TRUE,"ok"
647,"uniform_l_22_mid.csv","uniform_osr_c_strong.csv",0,0.8,0.8,0.666666666666667,0.666666666666667,0.5,0.5,0.615384615384615,0.615384615384615,0.733333333333333,0.733333333333333,0.426006433615129,0.426006433615129,TRUE,"ok"
652,"uniform_l_22_mid.csv","uniform_pol_2_strong.csv",0,0.8,0.8,0.666666666666667,0.666666666666667,0.5,0.5,0.615384615384615,0.615384615384615,0.733333333333333,0.733333333333333,0.426006433615129,0.426006433615129,TRUE,"ok"
658,"uniform_l_22_mid.csv","uniform_t_ir_3_mid.csv",0,0.8,0.8,0.666666666666667,0.666666666666667,0.5,0.5,0.615384615384615,0.615384615384615,0.733333333333333,0.733333333333333,0.426006433615129,0.426006433615129,TRUE,"ok"
659,"uniform_l_22_mid.csv","uniform_t_ir_3_strong.csv",0.06,0.8,0.8,0.666666666666667,0.666666666666667,0.5,0.5,0.615384615384615,0.615384615384615,0.733333333333333,0.733333333333333,0.426006433615129,0.426006433615129,FALSE,"ok"
660,"uniform_l_22_mid.csv","uniform_t_ir_3_weak.csv",0.01,0.8,0.8,0.666666666666667,0.666666666666667,0.5,0.5,0.615384615384615,0.615384615384615,0.733333333333333,0.733333333333333,0.426006433615129,0.426006433615129,FALSE,"ok"
663,"uniform_l_22_mid.csv","uniform_t_vis_1_weak.csv",0.08,1,0.8,0.666666666666667,0.666666666666667,0.555555555555556,0.5,0.714285714285714,0.615384615384615,0.833333333333333,0.733333333333333,0.608580619450185,0.426006433615129,FALSE,"ok"
722,"uniform_l_32_mid.csv","uniform_pol_1_mid.csv",0.13,0.6,0.8,0.666666666666667,0.666666666666667,0.428571428571429,0.5,0.5,0.615384615384615,0.633333333333333,0.733333333333333,0.246885359939347,0.426006433615129,FALSE,"ok"
820,"uniform_osr_angle_1_weak.csv","uniform_osr_angle_2_weak.csv",0,0.8,0.8,0.666666666666667,0.666666666666667,0.5,0.5,0.615384615384615,0.615384615384615,0.733333333333333,0.733333333333333,0.426006433615129,0.426006433615129,TRUE,"ok"
834,"uniform_osr_angle_1_weak.csv","uniform_t_ir_3_strong.csv",0,0.8,0.8,0.666666666666667,0.666666666666667,0.5,0.5,0.615384615384615,0.615384615384615,0.733333333333333,0.733333333333333,0.426006433615129,0.426006433615129,TRUE,"ok"
837,"uniform_osr_angle_1_weak.csv","uniform_t_vis_1_strong.csv",0.11,0.8,0.8,0.666666666666667,0.666666666666667,0.5,0.5,0.615384615384615,0.615384615384615,0.733333333333333,0.733333333333333,0.426006433615129,0.426006433615129,FALSE,"ok"
855,"uniform_osr_angle_2_mid.csv","uniform_osr_c_weak.csv",0.04,0.8,0.8,0.666666666666667,0.666666666666667,0.5,0.5,0.615384615384615,0.615384615384615,0.733333333333333,0.733333333333333,0.426006433615129,0.426006433615129,FALSE,"ok"
881,"uniform_osr_angle_2_mid.csv","uniform_v_c_mid.csv",0,0.8,0.8,0.666666666666667,0.666666666666667,0.5,0.5,0.615384615384615,0.615384615384615,0.733333333333333,0.733333333333333,0.426006433615129,0.426006433615129,TRUE,"ok"
900,"uniform_osr_angle_2_strong.csv","uniform_t_vis_1_strong.csv",0.09,0.8,0.8,0.666666666666667,0.666666666666667,0.5,0.5,0.615384615384615,0.615384615384615,0.733333333333333,0.733333333333333,0.426006433615129,0.426006433615129,FALSE,"ok"
923,"uniform_osr_angle_2_weak.csv","uniform_t_ir_1_mid.csv",0,0.8,0.8,0.666666666666667,0.666666666666667,0.5,0.5,0.615384615384615,0.615384615384615,0.733333333333333,0.733333333333333,0.426006433615129,0.426006433615129,TRUE,"ok"
925,"uniform_osr_angle_2_weak.csv","uniform_t_ir_1_weak.csv",0,0.8,0.8,0.666666666666667,0.666666666666667,0.5,0.5,0.615384615384615,0.615384615384615,0.733333333333333,0.733333333333333,0.426006433615129,0.426006433615129,TRUE,"ok"
931,"uniform_osr_angle_2_weak.csv","uniform_t_vis_1_weak.csv",0.01,0.8,0.8,0.666666666666667,0.666666666666667,0.5,0.5,0.615384615384615,0.615384615384615,0.733333333333333,0.733333333333333,0.426006433615129,0.426006433615129,FALSE,"ok"
943,"uniform_osr_angle_2_weak.csv","uniform_v_c_strong.csv",0,0.8,0.8,0.666666666666667,0.666666666666667,0.5,0.5,0.615384615384615,0.615384615384615,0.733333333333333,0.733333333333333,0.426006433615129,0.426006433615129,TRUE,"ok"
1014,"uniform_osr_c_weak.csv","uniform_t_vis_1_strong.csv",0,0.8,0.8,0.666666666666667,0.666666666666667,0.5,0.5,0.615384615384615,0.615384615384615,0.733333333333333,0.733333333333333,0.426006433615129,0.426006433615129,TRUE,"ok"
1049,"uniform_pol_1_mid.csv","uniform_v_angle_1_strong.csv",0.02,0.8,0.8,0.666666666666667,0.666666666666667,0.5,0.5,0.615384615384615,0.615384615384615,0.733333333333333,0.733333333333333,0.426006433615129,0.426006433615129,FALSE,"ok"
1158,"uniform_red_strong.csv","uniform_t_vis_2_strong.csv",0.22,0.8,0.8,0.666666666666667,0.666666666666667,0.5,0.5,0.615384615384615,0.615384615384615,0.733333333333333,0.733333333333333,0.426006433615129,0.426006433615129,FALSE,"ok"
1192,"uniform_t_ir_1_strong.csv","uniform_t_ir_3_weak.csv",0.05,0.8,0.8,0.666666666666667,0.666666666666667,0.5,0.5,0.615384615384615,0.615384615384615,0.733333333333333,0.733333333333333,0.426006433615129,0.426006433615129,FALSE,"ok"
1193,"uniform_t_ir_1_strong.csv","uniform_t_vis_1_mid.csv",0.21,0.6,0.8,0.666666666666667,0.666666666666667,0.428571428571429,0.5,0.5,0.615384615384615,0.633333333333333,0.733333333333333,0.246885359939347,0.426006433615129,FALSE,"ok"
1195,"uniform_t_ir_1_strong.csv","uniform_t_vis_1_weak.csv",0,0.8,0.8,0.666666666666667,0.666666666666667,0.5,0.5,0.615384615384615,0.615384615384615,0.733333333333333,0.733333333333333,0.426006433615129,0.426006433615129,TRUE,"ok"
1206,"uniform_t_ir_1_strong.csv","uniform_v_c_mid.csv",0,0.8,0.8,0.666666666666667,0.666666666666667,0.5,0.5,0.615384615384615,0.615384615384615,0.733333333333333,0.733333333333333,0.426006433615129,0.426006433615129,TRUE,"ok"
1232,"uniform_t_ir_3_mid.csv","uniform_t_vis_2_strong.csv",0.56,0.8,0.8,0.666666666666667,0.666666666666667,0.5,0.5,0.615384615384615,0.615384615384615,0.733333333333333,0.733333333333333,0.426006433615129,0.426006433615129,FALSE,"ok"
1252,"uniform_t_ir_3_strong.csv","uniform_t_vis_3_weak.csv",0.12,0.8,0.8,0.666666666666667,0.666666666666667,0.5,0.5,0.615384615384615,0.615384615384615,0.733333333333333,0.733333333333333,0.426006433615129,0.426006433615129,FALSE,"ok"
1260,"uniform_t_ir_3_weak.csv","uniform_t_vis_1_strong.csv",0.14,0.8,0.8,0.666666666666667,0.666666666666667,0.5,0.5,0.615384615384615,0.615384615384615,0.733333333333333,0.733333333333333,0.426006433615129,0.426006433615129,FALSE,"ok"
1269,"uniform_t_ir_3_weak.csv","uniform_v_angle_1_strong.csv",0,0.8,0.8,0.666666666666667,0.666666666666667,0.5,0.5,0.615384615384615,0.615384615384615,0.733333333333333,0.733333333333333,0.426006433615129,0.426006433615129,TRUE,"ok"
1288,"uniform_t_vis_1_strong.csv","uniform_t_vis_1_weak.csv",0.11,0.8,0.8,0.666666666666667,0.666666666666667,0.5,0.5,0.615384615384615,0.615384615384615,0.733333333333333,0.733333333333333,0.426006433615129,0.426006433615129,FALSE,"ok"
1296,"uniform_t_vis_1_strong.csv","uniform_v_angle_1_strong.csv",0.2,0.8,0.8,0.666666666666667,0.666666666666667,0.5,0.5,0.615384615384615,0.615384615384615,0.733333333333333,0.733333333333333,0.426006433615129,0.426006433615129,FALSE,"ok"
1300,"uniform_t_vis_1_strong.csv","uniform_v_c_strong.csv",0.01,0.8,0.8,0.666666666666667,0.666666666666667,0.5,0.5,0.615384615384615,0.615384615384615,0.733333333333333,0.733333333333333,0.426006433615129,0.426006433615129,FALSE,"ok"
1311,"uniform_t_vis_1_weak.csv","uniform_v_c_mid.csv",0,0.8,0.8,0.666666666666667,0.666666666666667,0.5,0.5,0.615384615384615,0.615384615384615,0.733333333333333,0.733333333333333,0.426006433615129,0.426006433615129,TRUE,"ok"
1312,"uniform_t_vis_1_weak.csv","uniform_v_c_strong.csv",0,0.8,0.8,0.666666666666667,0.666666666666667,0.5,0.5,0.615384615384615,0.615384615384615,0.733333333333333,0.733333333333333,0.426006433615129,0.426006433615129,TRUE,"ok"
1334,"uniform_t_vis_2_weak.csv","uniform_t_vis_3_mid.csv",0.13,0.8,0.8,0.666666666666667,0.666666666666667,0.5,0.5,0.615384615384615,0.615384615384615,0.733333333333333,0.733333333333333,0.426006433615129,0.426006433615129,FALSE,"ok"
1362,"uniform_t_vis_3_weak.csv","uniform_v_c_mid.csv",0,0.8,0.8,0.666666666666667,0.666666666666667,0.5,0.5,0.615384615384615,0.615384615384615,0.733333333333333,0.733333333333333,0.426006433615129,0.426006433615129,TRUE,"ok"
13,"uniform_blue_mid.csv","uniform_l_21_mid.csv",0,0.8,0.8,0.583333333333333,0.583333333333333,0.444444444444444,0.444444444444444,0.571428571428571,0.571428571428571,0.691666666666667,0.691666666666667,0.349933856183856,0.349933856183856,TRUE,"ok"
73,"uniform_blue_strong.csv","uniform_osr_angle_2_weak.csv",0.12,0.8,0.8,0.583333333333333,0.583333333333333,0.444444444444444,0.444444444444444,0.571428571428571,0.571428571428571,0.691666666666667,0.691666666666667,0.349933856183856,0.349933856183856,FALSE,"ok"
90,"uniform_blue_strong.csv","uniform_t_vis_1_strong.csv",0.16,0.8,0.8,0.583333333333333,0.583333333333333,0.444444444444444,0.444444444444444,0.571428571428571,0.571428571428571,0.691666666666667,0.691666666666667,0.349933856183856,0.349933856183856,FALSE,"ok"
99,"uniform_blue_strong.csv","uniform_v_angle_1_strong.csv",0,0.8,0.8,0.583333333333333,0.583333333333333,0.444444444444444,0.444444444444444,0.571428571428571,0.571428571428571,0.691666666666667,0.691666666666667,0.349933856183856,0.349933856183856,TRUE,"ok"
101,"uniform_blue_strong.csv","uniform_v_angle_2_strong.csv",0,0.8,0.8,0.583333333333333,0.583333333333333,0.444444444444444,0.444444444444444,0.571428571428571,0.571428571428571,0.691666666666667,0.691666666666667,0.349933856183856,0.349933856183856,TRUE,"ok"
116,"uniform_diode_ir_1_mid.csv","uniform_l_31_mid.csv",0.05,0.6,0.8,0.583333333333333,0.583333333333333,0.375,0.444444444444444,0.461538461538462,0.571428571428571,0.591666666666667,0.691666666666667,0.167359670348801,0.349933856183856,FALSE,"ok"
120,"uniform_diode_ir_1_mid.csv","uniform_osr_angle_1_weak.csv",0.05,0.8,0.8,0.583333333333333,0.583333333333333,0.444444444444444,0.444444444444444,0.571428571428571,0.571428571428571,0.691666666666667,0.691666666666667,0.349933856183856,0.349933856183856,FALSE,"ok"
143,"uniform_diode_ir_1_mid.csv","uniform_t_vis_2_strong.csv",0.44,1,0.8,0.583333333333333,0.583333333333333,0.5,0.444444444444444,0.666666666666667,0.571428571428571,0.791666666666667,0.691666666666667,0.540061724867322,0.349933856183856,FALSE,"ok"
212,"uniform_diode_ir_3_mid.csv","uniform_l_22_mid.csv",0.03,0.8,0.8,0.583333333333333,0.583333333333333,0.444444444444444,0.444444444444444,0.571428571428571,0.571428571428571,0.691666666666667,0.691666666666667,0.349933856183856,0.349933856183856,FALSE,"ok"
316,"uniform_diode_vis_1_mid.csv","uniform_osr_c_weak.csv",0,0.8,0.8,0.583333333333333,0.583333333333333,0.444444444444444,0.444444444444444,0.571428571428571,0.571428571428571,0.691666666666667,0.691666666666667,0.349933856183856,0.349933856183856,TRUE,"ok"
324,"uniform_diode_vis_1_mid.csv","uniform_t_ir_1_strong.csv",0.02,0.8,0.8,0.583333333333333,0.583333333333333,0.444444444444444,0.444444444444444,0.571428571428571,0.571428571428571,0.691666666666667,0.691666666666667,0.349933856183856,0.349933856183856,FALSE,"ok"
394,"uniform_diode_vis_3_mid.csv","uniform_l_22_mid.csv",0,0.8,0.8,0.583333333333333,0.583333333333333,0.444444444444444,0.444444444444444,0.571428571428571,0.571428571428571,0.691666666666667,0.691666666666667,0.349933856183856,0.349933856183856,TRUE,"ok"
395,"uniform_diode_vis_3_mid.csv","uniform_l_31_mid.csv",0,0.8,0.8,0.583333333333333,0.583333333333333,0.444444444444444,0.444444444444444,0.571428571428571,0.571428571428571,0.691666666666667,0.691666666666667,0.349933856183856,0.349933856183856,TRUE,"ok"
397,"uniform_diode_vis_3_mid.csv","uniform_osr_angle_1_mid.csv",0.04,0.8,0.8,0.583333333333333,0.583333333333333,0.444444444444444,0.444444444444444,0.571428571428571,0.571428571428571,0.691666666666667,0.691666666666667,0.349933856183856,0.349933856183856,FALSE,"ok"
402,"uniform_diode_vis_3_mid.csv","uniform_osr_angle_2_weak.csv",0,0.8,0.8,0.583333333333333,0.583333333333333,0.444444444444444,0.444444444444444,0.571428571428571,0.571428571428571,0.691666666666667,0.691666666666667,0.349933856183856,0.349933856183856,TRUE,"ok"
469,"uniform_green_mid.csv","uniform_t_vis_3_weak.csv",0,0.8,0.8,0.583333333333333,0.583333333333333,0.444444444444444,0.444444444444444,0.571428571428571,0.571428571428571,0.691666666666667,0.691666666666667,0.349933856183856,0.349933856183856,TRUE,"ok"
479,"uniform_green_strong.csv","uniform_l_22_mid.csv",0.08,0.8,0.8,0.583333333333333,0.583333333333333,0.444444444444444,0.444444444444444,0.571428571428571,0.571428571428571,0.691666666666667,0.691666666666667,0.349933856183856,0.349933856183856,FALSE,"ok"
484,"uniform_green_strong.csv","uniform_osr_angle_1_weak.csv",0,0.8,0.8,0.583333333333333,0.583333333333333,0.444444444444444,0.444444444444444,0.571428571428571,0.571428571428571,0.691666666666667,0.691666666666667,0.349933856183856,0.349933856183856,TRUE,"ok"
513,"uniform_green_strong.csv","uniform_v_angle_1_strong.csv",0,0.8,0.8,0.583333333333333,0.583333333333333,0.444444444444444,0.444444444444444,0.571428571428571,0.571428571428571,0.691666666666667,0.691666666666667,0.349933856183856,0.349933856183856,TRUE,"ok"
525,"uniform_l_11_mid.csv","uniform_osr_angle_1_weak.csv",0,0.8,0.8,0.583333333333333,0.583333333333333,0.444444444444444,0.444444444444444,0.571428571428571,0.571428571428571,0.691666666666667,0.691666666666667,0.349933856183856,0.349933856183856,TRUE,"ok"
528,"uniform_l_11_mid.csv","uniform_osr_angle_2_weak.csv",0.02,0.8,0.8,0.583333333333333,0.583333333333333,0.444444444444444,0.444444444444444,0.571428571428571,0.571428571428571,0.691666666666667,0.691666666666667,0.349933856183856,0.349933856183856,FALSE,"ok"
552,"uniform_l_11_mid.csv","uniform_t_vis_3_weak.csv",0.48,0.8,0.8,0.583333333333333,0.583333333333333,0.444444444444444,0.444444444444444,0.571428571428571,0.571428571428571,0.691666666666667,0.691666666666667,0.349933856183856,0.349933856183856,FALSE,"ok"
560,"uniform_l_12_mid.csv","uniform_l_22_mid.csv",0,0.8,0.8,0.583333333333333,0.583333333333333,0.444444444444444,0.444444444444444,0.571428571428571,0.571428571428571,0.691666666666667,0.691666666666667,0.349933856183856,0.349933856183856,TRUE,"ok"
568,"uniform_l_12_mid.csv","uniform_osr_angle_2_weak.csv",0,0.8,0.8,0.583333333333333,0.583333333333333,0.444444444444444,0.444444444444444,0.571428571428571,0.571428571428571,0.691666666666667,0.691666666666667,0.349933856183856,0.349933856183856,TRUE,"ok"
600,"uniform_l_21_mid.csv","uniform_l_31_mid.csv",0,0.8,0.8,0.583333333333333,0.583333333333333,0.444444444444444,0.444444444444444,0.571428571428571,0.571428571428571,0.691666666666667,0.691666666666667,0.349933856183856,0.349933856183856,TRUE,"ok"
605,"uniform_l_21_mid.csv","uniform_osr_angle_2_mid.csv",0.19,0.8,0.8,0.583333333333333,0.583333333333333,0.444444444444444,0.444444444444444,0.571428571428571,0.571428571428571,0.691666666666667,0.691666666666667,0.349933856183856,0.349933856183856,FALSE,"ok"
610,"uniform_l_21_mid.csv","uniform_osr_c_weak.csv",0.08,0.8,0.8,0.583333333333333,0.583333333333333,0.444444444444444,0.444444444444444,0.571428571428571,0.571428571428571,0.691666666666667,0.691666666666667,0.349933856183856,0.349933856183856,FALSE,"ok"
619,"uniform_l_21_mid.csv","uniform_t_ir_1_weak.csv",0,0.8,0.8,0.583333333333333,0.583333333333333,0.444444444444444,0.444444444444444,0.571428571428571,0.571428571428571,0.691666666666667,0.691666666666667,0.349933856183856,0.349933856183856,TRUE,"ok"
620,"uniform_l_21_mid.csv","uniform_t_ir_3_mid.csv",0,0.8,0.8,0.583333333333333,0.583333333333333,0.444444444444444,0.444444444444444,0.571428571428571,0.571428571428571,0.691666666666667,0.691666666666667,0.349933856183856,0.349933856183856,TRUE,"ok"
621,"uniform_l_21_mid.csv","uniform_t_ir_3_strong.csv",0,0.8,0.8,0.583333333333333,0.583333333333333,0.444444444444444,0.444444444444444,0.571428571428571,0.571428571428571,0.691666666666667,0.691666666666667,0.349933856183856,0.349933856183856,TRUE,"ok"
637,"uniform_l_21_mid.csv","uniform_v_c_strong.csv",0,0.8,0.8,0.583333333333333,0.583333333333333,0.444444444444444,0.444444444444444,0.571428571428571,0.571428571428571,0.691666666666667,0.691666666666667,0.349933856183856,0.349933856183856,TRUE,"ok"
644,"uniform_l_22_mid.csv","uniform_osr_angle_2_strong.csv",0.64,0.8,0.8,0.583333333333333,0.583333333333333,0.444444444444444,0.444444444444444,0.571428571428571,0.571428571428571,0.691666666666667,0.691666666666667,0.349933856183856,0.349933856183856,FALSE,"ok"
646,"uniform_l_22_mid.csv","uniform_osr_c_mid.csv",0.18,0.8,0.8,0.583333333333333,0.583333333333333,0.444444444444444,0.444444444444444,0.571428571428571,0.571428571428571,0.691666666666667,0.691666666666667,0.349933856183856,0.349933856183856,FALSE,"ok"
648,"uniform_l_22_mid.csv","uniform_osr_c_weak.csv",0.07,0.8,0.8,0.583333333333333,0.583333333333333,0.444444444444444,0.444444444444444,0.571428571428571,0.571428571428571,0.691666666666667,0.691666666666667,0.349933856183856,0.349933856183856,FALSE,"ok"
649,"uniform_l_22_mid.csv","uniform_pol_1_mid.csv",0,0.8,0.8,0.583333333333333,0.583333333333333,0.444444444444444,0.444444444444444,0.571428571428571,0.571428571428571,0.691666666666667,0.691666666666667,0.349933856183856,0.349933856183856,TRUE,"ok"
651,"uniform_l_22_mid.csv","uniform_pol_2_mid.csv",0,0.8,0.8,0.583333333333333,0.583333333333333,0.444444444444444,0.444444444444444,0.571428571428571,0.571428571428571,0.691666666666667,0.691666666666667,0.349933856183856,0.349933856183856,TRUE,"ok"
657,"uniform_l_22_mid.csv","uniform_t_ir_1_weak.csv",0.37,0.8,0.8,0.583333333333333,0.583333333333333,0.444444444444444,0.444444444444444,0.571428571428571,0.571428571428571,0.691666666666667,0.691666666666667,0.349933856183856,0.349933856183856,FALSE,"ok"
668,"uniform_l_22_mid.csv","uniform_t_vis_3_strong.csv",0,0.8,0.8,0.583333333333333,0.583333333333333,0.444444444444444,0.444444444444444,0.571428571428571,0.571428571428571,0.691666666666667,0.691666666666667,0.349933856183856,0.349933856183856,TRUE,"ok"
671,"uniform_l_22_mid.csv","uniform_v_angle_1_strong.csv",0.02,0.8,0.8,0.583333333333333,0.583333333333333,0.444444444444444,0.444444444444444,0.571428571428571,0.571428571428571,0.691666666666667,0.691666666666667,0.349933856183856,0.349933856183856,FALSE,"ok"
675,"uniform_l_22_mid.csv","uniform_v_c_strong.csv",0.19,0.8,0.8,0.583333333333333,0.583333333333333,0.444444444444444,0.444444444444444,0.571428571428571,0.571428571428571,0.691666666666667,0.691666666666667,0.349933856183856,0.349933856183856,FALSE,"ok"
677,"uniform_l_31_mid.csv","uniform_osr_angle_1_mid.csv",0.09,0.8,0.8,0.583333333333333,0.583333333333333,0.444444444444444,0.444444444444444,0.571428571428571,0.571428571428571,0.691666666666667,0.691666666666667,0.349933856183856,0.349933856183856,FALSE,"ok"
708,"uniform_l_31_mid.csv","uniform_v_angle_1_strong.csv",0,0.8,0.8,0.583333333333333,0.583333333333333,0.444444444444444,0.444444444444444,0.571428571428571,0.571428571428571,0.691666666666667,0.691666666666667,0.349933856183856,0.349933856183856,TRUE,"ok"
715,"uniform_l_32_mid.csv","uniform_osr_angle_1_weak.csv",0,0.8,0.8,0.583333333333333,0.583333333333333,0.444444444444444,0.444444444444444,0.571428571428571,0.571428571428571,0.691666666666667,0.691666666666667,0.349933856183856,0.349933856183856,TRUE,"ok"
716,"uniform_l_32_mid.csv","uniform_osr_angle_2_mid.csv",0,0.8,0.8,0.583333333333333,0.583333333333333,0.444444444444444,0.444444444444444,0.571428571428571,0.571428571428571,0.691666666666667,0.691666666666667,0.349933856183856,0.349933856183856,TRUE,"ok"
734,"uniform_l_32_mid.csv","uniform_t_vis_1_mid.csv",0.08,0.6,0.8,0.583333333333333,0.583333333333333,0.375,0.444444444444444,0.461538461538462,0.571428571428571,0.591666666666667,0.691666666666667,0.167359670348801,0.349933856183856,FALSE,"ok"
736,"uniform_l_32_mid.csv","uniform_t_vis_1_weak.csv",0.1,0.8,0.8,0.583333333333333,0.583333333333333,0.444444444444444,0.444444444444444,0.571428571428571,0.571428571428571,0.691666666666667,0.691666666666667,0.349933856183856,0.349933856183856,FALSE,"ok"
748,"uniform_l_32_mid.csv","uniform_v_c_strong.csv",0,0.8,0.8,0.583333333333333,0.583333333333333,0.444444444444444,0.444444444444444,0.571428571428571,0.571428571428571,0.691666666666667,0.691666666666667,0.349933856183856,0.349933856183856,TRUE,"ok"
779,"uniform_osr_angle_1_mid.csv","uniform_v_angle_1_strong.csv",0.21,0.8,0.8,0.583333333333333,0.583333333333333,0.444444444444444,0.444444444444444,0.571428571428571,0.571428571428571,0.691666666666667,0.691666666666667,0.349933856183856,0.349933856183856,FALSE,"ok"
787,"uniform_osr_angle_1_strong.csv","uniform_osr_angle_2_weak.csv",0,0.8,0.8,0.583333333333333,0.583333333333333,0.444444444444444,0.444444444444444,0.571428571428571,0.571428571428571,0.691666666666667,0.691666666666667,0.349933856183856,0.349933856183856,TRUE,"ok"
791,"uniform_osr_angle_1_strong.csv","uniform_pol_1_mid.csv",0,0.8,0.8,0.583333333333333,0.583333333333333,0.444444444444444,0.444444444444444,0.571428571428571,0.571428571428571,0.691666666666667,0.691666666666667,0.349933856183856,0.349933856183856,TRUE,"ok"
792,"uniform_osr_angle_1_strong.csv","uniform_pol_1_strong.csv",0,0.8,0.8,0.583333333333333,0.583333333333333,0.444444444444444,0.444444444444444,0.571428571428571,0.571428571428571,0.691666666666667,0.691666666666667,0.349933856183856,0.349933856183856,TRUE,"ok"
796,"uniform_osr_angle_1_strong.csv","uniform_red_strong.csv",0,0.8,0.8,0.583333333333333,0.583333333333333,0.444444444444444,0.444444444444444,0.571428571428571,0.571428571428571,0.691666666666667,0.691666666666667,0.349933856183856,0.349933856183856,TRUE,"ok"
838,"uniform_osr_angle_1_weak.csv","uniform_t_vis_1_weak.csv",0,0.8,0.8,0.583333333333333,0.583333333333333,0.444444444444444,0.444444444444444,0.571428571428571,0.571428571428571,0.691666666666667,0.691666666666667,0.349933856183856,0.349933856183856,TRUE,"ok"
842,"uniform_osr_angle_1_weak.csv","uniform_t_vis_3_mid.csv",0,0.8,0.8,0.583333333333333,0.583333333333333,0.444444444444444,0.444444444444444,0.571428571428571,0.571428571428571,0.691666666666667,0.691666666666667,0.349933856183856,0.349933856183856,TRUE,"ok"
844,"uniform_osr_angle_1_weak.csv","uniform_t_vis_3_weak.csv",0,0.8,0.8,0.583333333333333,0.583333333333333,0.444444444444444,0.444444444444444,0.571428571428571,0.571428571428571,0.691666666666667,0.691666666666667,0.349933856183856,0.349933856183856,TRUE,"ok"
898,"uniform_osr_angle_2_strong.csv","uniform_t_ir_3_weak.csv",0,0.8,0.8,0.583333333333333,0.583333333333333,0.444444444444444,0.444444444444444,0.571428571428571,0.571428571428571,0.691666666666667,0.691666666666667,0.349933856183856,0.349933856183856,TRUE,"ok"
905,"uniform_osr_angle_2_strong.csv","uniform_t_vis_3_mid.csv",0,0.8,0.8,0.583333333333333,0.583333333333333,0.444444444444444,0.444444444444444,0.571428571428571,0.571428571428571,0.691666666666667,0.691666666666667,0.349933856183856,0.349933856183856,TRUE,"ok"
913,"uniform_osr_angle_2_strong.csv","uniform_v_c_strong.csv",0,0.8,0.8,0.583333333333333,0.583333333333333,0.444444444444444,0.444444444444444,0.571428571428571,0.571428571428571,0.691666666666667,0.691666666666667,0.349933856183856,0.349933856183856,TRUE,"ok"
916,"uniform_osr_angle_2_weak.csv","uniform_osr_c_weak.csv",0,0.8,0.8,0.583333333333333,0.583333333333333,0.444444444444444,0.444444444444444,0.571428571428571,0.571428571428571,0.691666666666667,0.691666666666667,0.349933856183856,0.349933856183856,TRUE,"ok"
924,"uniform_osr_angle_2_weak.csv","uniform_t_ir_1_strong.csv",0,0.8,0.8,0.583333333333333,0.583333333333333,0.444444444444444,0.444444444444444,0.571428571428571,0.571428571428571,0.691666666666667,0.691666666666667,0.349933856183856,0.349933856183856,TRUE,"ok"
928,"uniform_osr_angle_2_weak.csv","uniform_t_ir_3_weak.csv",0,0.8,0.8,0.583333333333333,0.583333333333333,0.444444444444444,0.444444444444444,0.571428571428571,0.571428571428571,0.691666666666667,0.691666666666667,0.349933856183856,0.349933856183856,TRUE,"ok"
929,"uniform_osr_angle_2_weak.csv","uniform_t_vis_1_mid.csv",0.37,0.8,0.8,0.583333333333333,0.583333333333333,0.444444444444444,0.444444444444444,0.571428571428571,0.571428571428571,0.691666666666667,0.691666666666667,0.349933856183856,0.349933856183856,FALSE,"ok"
936,"uniform_osr_angle_2_weak.csv","uniform_t_vis_3_strong.csv",0.14,0.8,0.8,0.583333333333333,0.583333333333333,0.444444444444444,0.444444444444444,0.571428571428571,0.571428571428571,0.691666666666667,0.691666666666667,0.349933856183856,0.349933856183856,FALSE,"ok"
1008,"uniform_osr_c_weak.csv","uniform_t_ir_1_strong.csv",0,0.8,0.8,0.583333333333333,0.583333333333333,0.444444444444444,0.444444444444444,0.571428571428571,0.571428571428571,0.691666666666667,0.691666666666667,0.349933856183856,0.349933856183856,TRUE,"ok"
1021,"uniform_osr_c_weak.csv","uniform_t_vis_3_weak.csv",0,0.8,0.8,0.583333333333333,0.583333333333333,0.444444444444444,0.444444444444444,0.571428571428571,0.571428571428571,0.691666666666667,0.691666666666667,0.349933856183856,0.349933856183856,TRUE,"ok"
1115,"uniform_pol_2_strong.csv","uniform_t_vis_2_strong.csv",0.1,0.8,0.8,0.583333333333333,0.583333333333333,0.444444444444444,0.444444444444444,0.571428571428571,0.571428571428571,0.691666666666667,0.691666666666667,0.349933856183856,0.349933856183856,FALSE,"ok"
1162,"uniform_red_strong.csv","uniform_t_vis_3_weak.csv",0.17,0.8,0.8,0.583333333333333,0.583333333333333,0.444444444444444,0.444444444444444,0.571428571428571,0.571428571428571,0.691666666666667,0.691666666666667,0.349933856183856,0.349933856183856,FALSE,"ok"
1164,"uniform_red_strong.csv","uniform_v_angle_1_strong.csv",0.15,0.8,0.8,0.583333333333333,0.583333333333333,0.444444444444444,0.444444444444444,0.571428571428571,0.571428571428571,0.691666666666667,0.691666666666667,0.349933856183856,0.349933856183856,FALSE,"ok"
1203,"uniform_t_ir_1_strong.csv","uniform_v_angle_1_strong.csv",0.08,0.8,0.8,0.583333333333333,0.583333333333333,0.444444444444444,0.444444444444444,0.571428571428571,0.571428571428571,0.691666666666667,0.691666666666667,0.349933856183856,0.349933856183856,FALSE,"ok"
1219,"uniform_t_ir_1_weak.csv","uniform_t_vis_3_weak.csv",0,0.8,0.8,0.583333333333333,0.583333333333333,0.444444444444444,0.444444444444444,0.571428571428571,0.571428571428571,0.691666666666667,0.691666666666667,0.349933856183856,0.349933856183856,TRUE,"ok"
1281,"uniform_t_vis_1_mid.csv","uniform_t_vis_3_weak.csv",0,0.8,0.8,0.583333333333333,0.583333333333333,0.444444444444444,0.444444444444444,0.571428571428571,0.571428571428571,0.691666666666667,0.691666666666667,0.349933856183856,0.349933856183856,TRUE,"ok"
1347,"uniform_t_vis_3_mid.csv","uniform_v_angle_2_mid.csv",0.02,0.8,0.8,0.583333333333333,0.583333333333333,0.444444444444444,0.444444444444444,0.571428571428571,0.571428571428571,0.691666666666667,0.691666666666667,0.349933856183856,0.349933856183856,FALSE,"ok"
1348,"uniform_t_vis_3_mid.csv","uniform_v_angle_2_strong.csv",0,0.8,0.8,0.583333333333333,0.583333333333333,0.444444444444444,0.444444444444444,0.571428571428571,0.571428571428571,0.691666666666667,0.691666666666667,0.349933856183856,0.349933856183856,TRUE,"ok"
1359,"uniform_t_vis_3_weak.csv","uniform_v_angle_1_strong.csv",0,0.8,0.8,0.583333333333333,0.583333333333333,0.444444444444444,0.444444444444444,0.571428571428571,0.571428571428571,0.691666666666667,0.691666666666667,0.349933856183856,0.349933856183856,TRUE,"ok"
72,"uniform_blue_strong.csv","uniform_osr_angle_2_strong.csv",0.4,0.6,0.8,0.5,0.5,0.333333333333333,0.4,0.428571428571429,0.533333333333333,0.55,0.65,0.0912870929175277,0.277746029931765,FALSE,"ok"
115,"uniform_diode_ir_1_mid.csv","uniform_l_22_mid.csv",0,0.8,0.8,0.5,0.5,0.4,0.4,0.533333333333333,0.533333333333333,0.65,0.65,0.277746029931765,0.277746029931765,TRUE,"ok"
211,"uniform_diode_ir_3_mid.csv","uniform_l_21_mid.csv",0.09,0.8,0.8,0.5,0.5,0.4,0.4,0.533333333333333,0.533333333333333,0.65,0.65,0.277746029931765,0.277746029931765,FALSE,"ok"
299,"uniform_diode_vis_1_mid.csv","uniform_diode_vis_3_mid.csv",0,0.8,0.8,0.5,0.5,0.4,0.4,0.533333333333333,0.533333333333333,0.65,0.65,0.277746029931765,0.277746029931765,TRUE,"ok"
304,"uniform_diode_vis_1_mid.csv","uniform_l_21_mid.csv",0.26,0.8,0.8,0.5,0.5,0.4,0.4,0.533333333333333,0.533333333333333,0.65,0.65,0.277746029931765,0.277746029931765,FALSE,"ok"
305,"uniform_diode_vis_1_mid.csv","uniform_l_22_mid.csv",0.08,0.8,0.8,0.5,0.5,0.4,0.4,0.533333333333333,0.533333333333333,0.65,0.65,0.277746029931765,0.277746029931765,FALSE,"ok"
313,"uniform_diode_vis_1_mid.csv","uniform_osr_angle_2_weak.csv",0,0.8,0.8,0.5,0.5,0.4,0.4,0.533333333333333,0.533333333333333,0.65,0.65,0.277746029931765,0.277746029931765,TRUE,"ok"
363,"uniform_diode_vis_2_mid.csv","uniform_pol_1_strong.csv",0.26,0.6,0.8,0.5,0.5,0.333333333333333,0.4,0.428571428571429,0.533333333333333,0.55,0.65,0.0912870929175277,0.277746029931765,FALSE,"ok"
416,"uniform_diode_vis_3_mid.csv","uniform_t_ir_3_strong.csv",0,0.8,0.8,0.5,0.5,0.4,0.4,0.533333333333333,0.533333333333333,0.65,0.65,0.277746029931765,0.277746029931765,TRUE,"ok"
520,"uniform_l_11_mid.csv","uniform_l_22_mid.csv",0,0.8,0.8,0.5,0.5,0.4,0.4,0.533333333333333,0.533333333333333,0.65,0.65,0.277746029931765,0.277746029931765,TRUE,"ok"
601,"uniform_l_21_mid.csv","uniform_l_32_mid.csv",0,0.8,0.8,0.5,0.5,0.4,0.4,0.533333333333333,0.533333333333333,0.65,0.65,0.277746029931765,0.277746029931765,TRUE,"ok"
602,"uniform_l_21_mid.csv","uniform_osr_angle_1_mid.csv",0,0.8,0.8,0.5,0.5,0.4,0.4,0.533333333333333,0.533333333333333,0.65,0.65,0.277746029931765,0.277746029931765,TRUE,"ok"
603,"uniform_l_21_mid.csv","uniform_osr_angle_1_strong.csv",0,0.8,0.8,0.5,0.5,0.4,0.4,0.533333333333333,0.533333333333333,0.65,0.65,0.277746029931765,0.277746029931765,TRUE,"ok"
608,"uniform_l_21_mid.csv","uniform_osr_c_mid.csv",0.04,0.8,0.8,0.5,0.5,0.4,0.4,0.533333333333333,0.533333333333333,0.65,0.65,0.277746029931765,0.277746029931765,FALSE,"ok"
609,"uniform_l_21_mid.csv","uniform_osr_c_strong.csv",0,0.8,0.8,0.5,0.5,0.4,0.4,0.533333333333333,0.533333333333333,0.65,0.65,0.277746029931765,0.277746029931765,TRUE,"ok"
638,"uniform_l_22_mid.csv","uniform_l_31_mid.csv",0.24,0.8,0.8,0.5,0.5,0.4,0.4,0.533333333333333,0.533333333333333,0.65,0.65,0.277746029931765,0.277746029931765,FALSE,"ok"
643,"uniform_l_22_mid.csv","uniform_osr_angle_2_mid.csv",0,0.8,0.8,0.5,0.5,0.4,0.4,0.533333333333333,0.533333333333333,0.65,0.65,0.277746029931765,0.277746029931765,TRUE,"ok"
662,"uniform_l_22_mid.csv","uniform_t_vis_1_strong.csv",0,0.8,0.8,0.5,0.5,0.4,0.4,0.533333333333333,0.533333333333333,0.65,0.65,0.277746029931765,0.277746029931765,TRUE,"ok"
669,"uniform_l_22_mid.csv","uniform_t_vis_3_weak.csv",0,0.8,0.8,0.5,0.5,0.4,0.4,0.533333333333333,0.533333333333333,0.65,0.65,0.277746029931765,0.277746029931765,TRUE,"ok"
670,"uniform_l_22_mid.csv","uniform_v_angle_1_mid.csv",0,0.8,0.8,0.5,0.5,0.4,0.4,0.533333333333333,0.533333333333333,0.65,0.65,0.277746029931765,0.277746029931765,TRUE,"ok"
699,"uniform_l_31_mid.csv","uniform_t_vis_1_strong.csv",0,0.8,0.8,0.5,0.5,0.4,0.4,0.533333333333333,0.533333333333333,0.65,0.65,0.277746029931765,0.277746029931765,TRUE,"ok"
719,"uniform_l_32_mid.csv","uniform_osr_c_mid.csv",0.11,0.6,0.8,0.5,0.5,0.333333333333333,0.4,0.428571428571429,0.533333333333333,0.55,0.65,0.0912870929175277,0.277746029931765,FALSE,"ok"
721,"uniform_l_32_mid.csv","uniform_osr_c_weak.csv",0.04,0.8,0.8,0.5,0.5,0.4,0.4,0.533333333333333,0.533333333333333,0.65,0.65,0.277746029931765,0.277746029931765,FALSE,"ok"
730,"uniform_l_32_mid.csv","uniform_t_ir_1_weak.csv",0.12,0.8,0.8,0.5,0.5,0.4,0.4,0.533333333333333,0.533333333333333,0.65,0.65,0.277746029931765,0.277746029931765,FALSE,"ok"
784,"uniform_osr_angle_1_strong.csv","uniform_osr_angle_1_weak.csv",0,0.8,0.8,0.5,0.5,0.4,0.4,0.533333333333333,0.533333333333333,0.65,0.65,0.277746029931765,0.277746029931765,TRUE,"ok"
790,"uniform_osr_angle_1_strong.csv","uniform_osr_c_weak.csv",0.09,0.6,0.8,0.5,0.5,0.333333333333333,0.4,0.428571428571429,0.533333333333333,0.55,0.65,0.0912870929175277,0.277746029931765,FALSE,"ok"
813,"uniform_osr_angle_1_strong.csv","uniform_v_angle_1_strong.csv",0,0.8,0.8,0.5,0.5,0.4,0.4,0.533333333333333,0.533333333333333,0.65,0.65,0.277746029931765,0.277746029931765,TRUE,"ok"
819,"uniform_osr_angle_1_weak.csv","uniform_osr_angle_2_strong.csv",0.06,0.8,0.8,0.5,0.5,0.4,0.4,0.533333333333333,0.533333333333333,0.65,0.65,0.277746029931765,0.277746029931765,FALSE,"ok"
894,"uniform_osr_angle_2_strong.csv","uniform_t_ir_1_strong.csv",0,0.8,0.8,0.5,0.5,0.4,0.4,0.533333333333333,0.533333333333333,0.65,0.65,0.277746029931765,0.277746029931765,TRUE,"ok"
908,"uniform_osr_angle_2_strong.csv","uniform_v_angle_1_mid.csv",0,0.8,0.8,0.5,0.5,0.4,0.4,0.533333333333333,0.533333333333333,0.65,0.65,0.277746029931765,0.277746029931765,TRUE,"ok"
935,"uniform_osr_angle_2_weak.csv","uniform_t_vis_3_mid.csv",0,0.8,0.8,0.5,0.5,0.4,0.4,0.533333333333333,0.533333333333333,0.65,0.65,0.277746029931765,0.277746029931765,TRUE,"ok"
1043,"uniform_pol_1_mid.csv","uniform_t_vis_2_strong.csv",0.01,0.8,0.8,0.5,0.5,0.4,0.4,0.533333333333333,0.533333333333333,0.65,0.65,0.277746029931765,0.277746029931765,FALSE,"ok"
1045,"uniform_pol_1_mid.csv","uniform_t_vis_3_mid.csv",0.06,0.8,0.8,0.5,0.5,0.4,0.4,0.533333333333333,0.533333333333333,0.65,0.65,0.277746029931765,0.277746029931765,FALSE,"ok"
1160,"uniform_red_strong.csv","uniform_t_vis_3_mid.csv",0.04,0.8,0.8,0.5,0.5,0.4,0.4,0.533333333333333,0.533333333333333,0.65,0.65,0.277746029931765,0.277746029931765,FALSE,"ok"
1223,"uniform_t_ir_1_weak.csv","uniform_v_angle_2_strong.csv",0,0.8,0.8,0.5,0.5,0.4,0.4,0.533333333333333,0.533333333333333,0.65,0.65,0.277746029931765,0.277746029931765,TRUE,"ok"
1265,"uniform_t_ir_3_weak.csv","uniform_t_vis_3_mid.csv",0,0.8,0.8,0.5,0.5,0.4,0.4,0.533333333333333,0.533333333333333,0.65,0.65,0.277746029931765,0.277746029931765,TRUE,"ok"
1301,"uniform_t_vis_1_weak.csv","uniform_t_vis_2_mid.csv",0.33,0.6,0.8,0.5,0.5,0.333333333333333,0.4,0.428571428571429,0.533333333333333,0.55,0.65,0.0912870929175277,0.277746029931765,FALSE,"ok"
1346,"uniform_t_vis_3_mid.csv","uniform_v_angle_1_strong.csv",0.12,0.8,0.8,0.5,0.5,0.4,0.4,0.533333333333333,0.533333333333333,0.65,0.65,0.277746029931765,0.277746029931765,FALSE,"ok"
64,"uniform_blue_strong.csv","uniform_l_21_mid.csv",0.1,0.8,0.8,0.416666666666667,0.416666666666667,0.363636363636364,0.363636363636364,0.5,0.5,0.608333333333333,0.608333333333333,0.206583561003212,0.206583561003212,FALSE,"ok"
107,"uniform_diode_ir_1_mid.csv","uniform_diode_vis_1_mid.csv",0,0.8,0.8,0.416666666666667,0.416666666666667,0.363636363636364,0.363636363636364,0.5,0.5,0.608333333333333,0.608333333333333,0.206583561003212,0.206583561003212,TRUE,"ok"
392,"uniform_diode_vis_3_mid.csv","uniform_l_12_mid.csv",0,0.8,0.8,0.416666666666667,0.416666666666667,0.363636363636364,0.363636363636364,0.5,0.5,0.608333333333333,0.608333333333333,0.206583561003212,0.206583561003212,TRUE,"ok"
524,"uniform_l_11_mid.csv","uniform_osr_angle_1_strong.csv",0,0.8,0.8,0.416666666666667,0.416666666666667,0.363636363636364,0.363636363636364,0.5,0.5,0.608333333333333,0.608333333333333,0.206583561003212,0.206583561003212,TRUE,"ok"
607,"uniform_l_21_mid.csv","uniform_osr_angle_2_weak.csv",0.05,0.8,0.8,0.416666666666667,0.416666666666667,0.363636363636364,0.363636363636364,0.5,0.5,0.608333333333333,0.608333333333333,0.206583561003212,0.206583561003212,FALSE,"ok"
635,"uniform_l_21_mid.csv","uniform_v_angle_2_strong.csv",0,0.8,0.8,0.416666666666667,0.416666666666667,0.363636363636364,0.363636363636364,0.5,0.5,0.608333333333333,0.608333333333333,0.206583561003212,0.206583561003212,TRUE,"ok"
640,"uniform_l_22_mid.csv","uniform_osr_angle_1_mid.csv",0,0.8,0.8,0.416666666666667,0.416666666666667,0.363636363636364,0.363636363636364,0.5,0.5,0.608333333333333,0.608333333333333,0.206583561003212,0.206583561003212,TRUE,"ok"
641,"uniform_l_22_mid.csv","uniform_osr_angle_1_strong.csv",0,0.8,0.8,0.416666666666667,0.416666666666667,0.363636363636364,0.363636363636364,0.5,0.5,0.608333333333333,0.608333333333333,0.206583561003212,0.206583561003212,TRUE,"ok"
642,"uniform_l_22_mid.csv","uniform_osr_angle_1_weak.csv",0,0.8,0.8,0.416666666666667,0.416666666666667,0.363636363636364,0.363636363636364,0.5,0.5,0.608333333333333,0.608333333333333,0.206583561003212,0.206583561003212,TRUE,"ok"
673,"uniform_l_22_mid.csv","uniform_v_angle_2_strong.csv",0.04,0.8,0.8,0.416666666666667,0.416666666666667,0.363636363636364,0.363636363636364,0.5,0.5,0.608333333333333,0.608333333333333,0.206583561003212,0.206583561003212,FALSE,"ok"
793,"uniform_osr_angle_1_strong.csv","uniform_pol_2_mid.csv",0.02,0.8,0.8,0.416666666666667,0.416666666666667,0.363636363636364,0.363636363636364,0.5,0.5,0.608333333333333,0.608333333333333,0.206583561003212,0.206583561003212,FALSE,"ok"
883,"uniform_osr_angle_2_strong.csv","uniform_osr_angle_2_weak.csv",0,0.8,0.8,0.416666666666667,0.416666666666667,0.363636363636364,0.363636363636364,0.5,0.5,0.608333333333333,0.608333333333333,0.206583561003212,0.206583561003212,TRUE,"ok"
1042,"uniform_pol_1_mid.csv","uniform_t_vis_2_mid.csv",0.05,0.8,0.8,0.416666666666667,0.416666666666667,0.363636363636364,0.363636363636364,0.5,0.5,0.608333333333333,0.608333333333333,0.206583561003212,0.206583561003212,FALSE,"ok"
335,"uniform_diode_vis_1_mid.csv","uniform_t_vis_3_mid.csv",0,0.8,0.8,0.333333333333333,0.333333333333333,0.333333333333333,0.333333333333333,0.470588235294118,0.470588235294118,0.566666666666667,0.566666666666667,0.133333333333333,0.133333333333333,TRUE,"ok"
382,"uniform_diode_vis_2_mid.csv","uniform_t_vis_3_weak.csv",0.09,0.8,0.8,0.333333333333333,0.333333333333333,0.333333333333333,0.333333333333333,0.470588235294118,0.470588235294118,0.566666666666667,0.566666666666667,0.133333333333333,0.133333333333333,FALSE,"ok"
927,"uniform_osr_angle_2_weak.csv","uniform_t_ir_3_strong.csv",0,0.8,0.8,0.333333333333333,0.333333333333333,0.333333333333333,0.333333333333333,0.470588235294118,0.470588235294118,0.566666666666667,0.566666666666667,0.133333333333333,0.133333333333333,TRUE,"ok"
872,"uniform_osr_angle_2_mid.csv","uniform_t_vis_2_strong.csv",0.13,0.6,0.6,0.916666666666667,0.916666666666667,0.75,0.75,0.666666666666667,0.666666666666667,0.758333333333333,0.758333333333333,0.554989027380561,0.554989027380561,FALSE,"ok"
1016,"uniform_osr_c_weak.csv","uniform_t_vis_2_mid.csv",0.31,0.6,0.6,0.916666666666667,0.916666666666667,0.75,0.75,0.666666666666667,0.666666666666667,0.758333333333333,0.758333333333333,0.554989027380561,0.554989027380561,FALSE,"ok"
1017,"uniform_osr_c_weak.csv","uniform_t_vis_2_strong.csv",0.14,0.6,0.6,0.916666666666667,0.916666666666667,0.75,0.75,0.666666666666667,0.666666666666667,0.758333333333333,0.758333333333333,0.554989027380561,0.554989027380561,FALSE,"ok"
1075,"uniform_pol_1_strong.csv","uniform_v_angle_2_mid.csv",0,0.6,0.6,0.916666666666667,0.916666666666667,0.75,0.75,0.666666666666667,0.666666666666667,0.758333333333333,0.758333333333333,0.554989027380561,0.554989027380561,TRUE,"ok"
169,"uniform_diode_ir_1_strong.csv","uniform_osr_angle_1_weak.csv",0.52,0.8,0.6,0.833333333333333,0.833333333333333,0.666666666666667,0.6,0.727272727272727,0.6,0.816666666666667,0.716666666666667,0.603859639855542,0.433333333333333,FALSE,"ok"
170,"uniform_diode_ir_1_strong.csv","uniform_osr_angle_2_mid.csv",0.07,0.6,0.6,0.833333333333333,0.833333333333333,0.6,0.6,0.6,0.6,0.716666666666667,0.716666666666667,0.433333333333333,0.433333333333333,FALSE,"ok"
234,"uniform_diode_ir_3_mid.csv","uniform_t_ir_3_strong.csv",0,0.6,0.6,0.833333333333333,0.833333333333333,0.6,0.6,0.6,0.6,0.716666666666667,0.716666666666667,0.433333333333333,0.433333333333333,TRUE,"ok"
266,"uniform_diode_ir_3_strong.csv","uniform_osr_angle_2_strong.csv",0,0.6,0.6,0.833333333333333,0.833333333333333,0.6,0.6,0.6,0.6,0.716666666666667,0.716666666666667,0.433333333333333,0.433333333333333,TRUE,"ok"
318,"uniform_diode_vis_1_mid.csv","uniform_pol_1_strong.csv",0,0.6,0.6,0.833333333333333,0.833333333333333,0.6,0.6,0.6,0.6,0.716666666666667,0.716666666666667,0.433333333333333,0.433333333333333,TRUE,"ok"
353,"uniform_diode_vis_2_mid.csv","uniform_osr_angle_1_mid.csv",0.01,0.6,0.6,0.833333333333333,0.833333333333333,0.6,0.6,0.6,0.6,0.716666666666667,0.716666666666667,0.433333333333333,0.433333333333333,FALSE,"ok"
356,"uniform_diode_vis_2_mid.csv","uniform_osr_angle_2_mid.csv",0.4,0.6,0.6,0.833333333333333,0.833333333333333,0.6,0.6,0.6,0.6,0.716666666666667,0.716666666666667,0.433333333333333,0.433333333333333,FALSE,"ok"
361,"uniform_diode_vis_2_mid.csv","uniform_osr_c_weak.csv",0.05,0.6,0.6,0.833333333333333,0.833333333333333,0.6,0.6,0.6,0.6,0.716666666666667,0.716666666666667,0.433333333333333,0.433333333333333,FALSE,"ok"
383,"uniform_diode_vis_2_mid.csv","uniform_v_angle_1_mid.csv",0.37,0.6,0.6,0.833333333333333,0.833333333333333,0.6,0.6,0.6,0.6,0.716666666666667,0.716666666666667,0.433333333333333,0.433333333333333,FALSE,"ok"
384,"uniform_diode_vis_2_mid.csv","uniform_v_angle_1_strong.csv",0.07,0.6,0.6,0.833333333333333,0.833333333333333,0.6,0.6,0.6,0.6,0.716666666666667,0.716666666666667,0.433333333333333,0.433333333333333,FALSE,"ok"
386,"uniform_diode_vis_2_mid.csv","uniform_v_angle_2_strong.csv",0,0.6,0.6,0.833333333333333,0.833333333333333,0.6,0.6,0.6,0.6,0.716666666666667,0.716666666666667,0.433333333333333,0.433333333333333,TRUE,"ok"
409,"uniform_diode_vis_3_mid.csv","uniform_pol_2_strong.csv",0.35,0.6,0.6,0.833333333333333,0.833333333333333,0.6,0.6,0.6,0.6,0.716666666666667,0.716666666666667,0.433333333333333,0.433333333333333,FALSE,"ok"
433,"uniform_green_mid.csv","uniform_green_strong.csv",0.06,0.6,0.6,0.833333333333333,0.833333333333333,0.6,0.6,0.6,0.6,0.716666666666667,0.716666666666667,0.433333333333333,0.433333333333333,FALSE,"ok"
440,"uniform_green_mid.csv","uniform_osr_angle_1_mid.csv",0,0.6,0.6,0.833333333333333,0.833333333333333,0.6,0.6,0.6,0.6,0.716666666666667,0.716666666666667,0.433333333333333,0.433333333333333,TRUE,"ok"
446,"uniform_green_mid.csv","uniform_osr_c_mid.csv",0,0.6,0.6,0.833333333333333,0.833333333333333,0.6,0.6,0.6,0.6,0.716666666666667,0.716666666666667,0.433333333333333,0.433333333333333,TRUE,"ok"
448,"uniform_green_mid.csv","uniform_osr_c_weak.csv",0,0.6,0.6,0.833333333333333,0.833333333333333,0.6,0.6,0.6,0.6,0.716666666666667,0.716666666666667,0.433333333333333,0.433333333333333,TRUE,"ok"
472,"uniform_green_mid.csv","uniform_v_angle_2_mid.csv",0,0.6,0.6,0.833333333333333,0.833333333333333,0.6,0.6,0.6,0.6,0.716666666666667,0.716666666666667,0.433333333333333,0.433333333333333,TRUE,"ok"
573,"uniform_l_12_mid.csv","uniform_pol_1_strong.csv",0.09,0.6,0.6,0.833333333333333,0.833333333333333,0.6,0.6,0.6,0.6,0.716666666666667,0.716666666666667,0.433333333333333,0.433333333333333,FALSE,"ok"
822,"uniform_osr_angle_1_weak.csv","uniform_osr_c_strong.csv",0.1,0.8,0.6,0.833333333333333,0.833333333333333,0.666666666666667,0.6,0.727272727272727,0.6,0.816666666666667,0.716666666666667,0.603859639855542,0.433333333333333,FALSE,"ok"
825,"uniform_osr_angle_1_weak.csv","uniform_pol_1_strong.csv",0.03,0.6,0.6,0.833333333333333,0.833333333333333,0.6,0.6,0.6,0.6,0.716666666666667,0.716666666666667,0.433333333333333,0.433333333333333,FALSE,"ok"
828,"uniform_osr_angle_1_weak.csv","uniform_red_mid.csv",0.39,0.4,0.6,0.833333333333333,0.833333333333333,0.5,0.6,0.444444444444444,0.6,0.616666666666667,0.716666666666667,0.250640205913802,0.433333333333333,FALSE,"ok"
840,"uniform_osr_angle_1_weak.csv","uniform_t_vis_2_strong.csv",0.51,0.6,0.6,0.833333333333333,0.833333333333333,0.6,0.6,0.6,0.6,0.716666666666667,0.716666666666667,0.433333333333333,0.433333333333333,FALSE,"ok"
871,"uniform_osr_angle_2_mid.csv","uniform_t_vis_2_mid.csv",0.26,0.6,0.6,0.833333333333333,0.833333333333333,0.6,0.6,0.6,0.6,0.716666666666667,0.716666666666667,0.433333333333333,0.433333333333333,FALSE,"ok"
897,"uniform_osr_angle_2_strong.csv","uniform_t_ir_3_strong.csv",0,0.6,0.6,0.833333333333333,0.833333333333333,0.6,0.6,0.6,0.6,0.716666666666667,0.716666666666667,0.433333333333333,0.433333333333333,TRUE,"ok"
903,"uniform_osr_angle_2_strong.csv","uniform_t_vis_2_strong.csv",0.59,0.8,0.6,0.833333333333333,0.833333333333333,0.666666666666667,0.6,0.727272727272727,0.6,0.816666666666667,0.716666666666667,0.603859639855542,0.433333333333333,FALSE,"ok"
944,"uniform_osr_c_mid.csv","uniform_osr_c_strong.csv",0.09,0.6,0.6,0.833333333333333,0.833333333333333,0.6,0.6,0.6,0.6,0.716666666666667,0.716666666666667,0.433333333333333,0.433333333333333,FALSE,"ok"
947,"uniform_osr_c_mid.csv","uniform_pol_1_strong.csv",0,0.6,0.6,0.833333333333333,0.833333333333333,0.6,0.6,0.6,0.6,0.716666666666667,0.716666666666667,0.433333333333333,0.433333333333333,TRUE,"ok"
973,"uniform_osr_c_strong.csv","uniform_osr_c_weak.csv",0,0.6,0.6,0.833333333333333,0.833333333333333,0.6,0.6,0.6,0.6,0.716666666666667,0.716666666666667,0.433333333333333,0.433333333333333,TRUE,"ok"
975,"uniform_osr_c_strong.csv","uniform_pol_1_strong.csv",0,0.6,0.6,0.833333333333333,0.833333333333333,0.6,0.6,0.6,0.6,0.716666666666667,0.716666666666667,0.433333333333333,0.433333333333333,TRUE,"ok"
984,"uniform_osr_c_strong.csv","uniform_t_ir_3_strong.csv",0,0.6,0.6,0.833333333333333,0.833333333333333,0.6,0.6,0.6,0.6,0.716666666666667,0.716666666666667,0.433333333333333,0.433333333333333,TRUE,"ok"
996,"uniform_osr_c_strong.csv","uniform_v_angle_1_strong.csv",0.02,0.6,0.6,0.833333333333333,0.833333333333333,0.6,0.6,0.6,0.6,0.716666666666667,0.716666666666667,0.433333333333333,0.433333333333333,FALSE,"ok"
1002,"uniform_osr_c_weak.csv","uniform_pol_1_strong.csv",0,0.6,0.6,0.833333333333333,0.833333333333333,0.6,0.6,0.6,0.6,0.716666666666667,0.716666666666667,0.433333333333333,0.433333333333333,TRUE,"ok"
1018,"uniform_osr_c_weak.csv","uniform_t_vis_2_weak.csv",0,0.6,0.6,0.833333333333333,0.833333333333333,0.6,0.6,0.6,0.6,0.716666666666667,0.716666666666667,0.433333333333333,0.433333333333333,TRUE,"ok"
1061,"uniform_pol_1_strong.csv","uniform_t_ir_3_mid.csv",0.02,0.6,0.6,0.833333333333333,0.833333333333333,0.6,0.6,0.6,0.6,0.716666666666667,0.716666666666667,0.433333333333333,0.433333333333333,FALSE,"ok"
1066,"uniform_pol_1_strong.csv","uniform_t_vis_1_weak.csv",0.25,0.6,0.6,0.833333333333333,0.833333333333333,0.6,0.6,0.6,0.6,0.716666666666667,0.716666666666667,0.433333333333333,0.433333333333333,FALSE,"ok"
1089,"uniform_pol_2_mid.csv","uniform_t_vis_1_strong.csv",0.09,0.6,0.6,0.833333333333333,0.833333333333333,0.6,0.6,0.6,0.6,0.716666666666667,0.716666666666667,0.433333333333333,0.433333333333333,FALSE,"ok"
1226,"uniform_t_ir_3_mid.csv","uniform_t_ir_3_strong.csv",0.13,0.6,0.6,0.833333333333333,0.833333333333333,0.6,0.6,0.6,0.6,0.716666666666667,0.716666666666667,0.433333333333333,0.433333333333333,FALSE,"ok"
1248,"uniform_t_ir_3_strong.csv","uniform_t_vis_2_strong.csv",0.24,0.6,0.6,0.833333333333333,0.833333333333333,0.6,0.6,0.6,0.6,0.716666666666667,0.716666666666667,0.433333333333333,0.433333333333333,FALSE,"ok"
1251,"uniform_t_ir_3_strong.csv","uniform_t_vis_3_strong.csv",0.07,0.6,0.6,0.833333333333333,0.833333333333333,0.6,0.6,0.6,0.6,0.716666666666667,0.716666666666667,0.433333333333333,0.433333333333333,FALSE,"ok"
1254,"uniform_t_ir_3_strong.csv","uniform_v_angle_1_strong.csv",0.18,0.6,0.6,0.833333333333333,0.833333333333333,0.6,0.6,0.6,0.6,0.716666666666667,0.716666666666667,0.433333333333333,0.433333333333333,FALSE,"ok"
1255,"uniform_t_ir_3_strong.csv","uniform_v_angle_2_mid.csv",0,0.6,0.6,0.833333333333333,0.833333333333333,0.6,0.6,0.6,0.6,0.716666666666667,0.716666666666667,0.433333333333333,0.433333333333333,TRUE,"ok"
34,"uniform_blue_mid.csv","uniform_t_ir_1_weak.csv",0,0.6,0.6,0.75,0.75,0.5,0.5,0.545454545454545,0.545454545454545,0.675,0.675,0.333711906235957,0.333711906235957,TRUE,"ok"
41,"uniform_blue_mid.csv","uniform_t_vis_2_mid.csv",0.09,0.6,0.6,0.75,0.75,0.5,0.5,0.545454545454545,0.545454545454545,0.675,0.675,0.333711906235957,0.333711906235957,FALSE,"ok"
42,"uniform_blue_mid.csv","uniform_t_vis_2_strong.csv",0,0.6,0.6,0.75,0.75,0.5,0.5,0.545454545454545,0.545454545454545,0.675,0.675,0.333711906235957,0.333711906235957,TRUE,"ok"
46,"uniform_blue_mid.csv","uniform_t_vis_3_weak.csv",0.1,0.6,0.6,0.75,0.75,0.5,0.5,0.545454545454545,0.545454545454545,0.675,0.675,0.333711906235957,0.333711906235957,FALSE,"ok"
148,"uniform_diode_ir_1_mid.csv","uniform_v_angle_1_mid.csv",0.35,0.6,0.6,0.75,0.75,0.5,0.5,0.545454545454545,0.545454545454545,0.675,0.675,0.333711906235957,0.333711906235957,FALSE,"ok"
152,"uniform_diode_ir_1_mid.csv","uniform_v_c_mid.csv",0,0.6,0.6,0.75,0.75,0.5,0.5,0.545454545454545,0.545454545454545,0.675,0.675,0.333711906235957,0.333711906235957,TRUE,"ok"
158,"uniform_diode_ir_1_strong.csv","uniform_diode_vis_3_mid.csv",0,0.6,0.6,0.75,0.75,0.5,0.5,0.545454545454545,0.545454545454545,0.675,0.675,0.333711906235957,0.333711906235957,TRUE,"ok"
161,"uniform_diode_ir_1_strong.csv","uniform_l_11_mid.csv",0,0.6,0.6,0.75,0.75,0.5,0.5,0.545454545454545,0.545454545454545,0.675,0.675,0.333711906235957,0.333711906235957,TRUE,"ok"
166,"uniform_diode_ir_1_strong.csv","uniform_l_32_mid.csv",0,0.6,0.6,0.75,0.75,0.5,0.5,0.545454545454545,0.545454545454545,0.675,0.675,0.333711906235957,0.333711906235957,TRUE,"ok"
168,"uniform_diode_ir_1_strong.csv","uniform_osr_angle_1_strong.csv",0,0.6,0.6,0.75,0.75,0.5,0.5,0.545454545454545,0.545454545454545,0.675,0.675,0.333711906235957,0.333711906235957,TRUE,"ok"
173,"uniform_diode_ir_1_strong.csv","uniform_osr_c_mid.csv",0.04,0.6,0.6,0.75,0.75,0.5,0.5,0.545454545454545,0.545454545454545,0.675,0.675,0.333711906235957,0.333711906235957,FALSE,"ok"
174,"uniform_diode_ir_1_strong.csv","uniform_osr_c_strong.csv",0.27,0.6,0.6,0.75,0.75,0.5,0.5,0.545454545454545,0.545454545454545,0.675,0.675,0.333711906235957,0.333711906235957,FALSE,"ok"
177,"uniform_diode_ir_1_strong.csv","uniform_pol_1_strong.csv",0.56,0.6,0.6,0.75,0.75,0.5,0.5,0.545454545454545,0.545454545454545,0.675,0.675,0.333711906235957,0.333711906235957,FALSE,"ok"
183,"uniform_diode_ir_1_strong.csv","uniform_t_ir_1_strong.csv",0,0.6,0.6,0.75,0.75,0.5,0.5,0.545454545454545,0.545454545454545,0.675,0.675,0.333711906235957,0.333711906235957,TRUE,"ok"
192,"uniform_diode_ir_1_strong.csv","uniform_t_vis_2_strong.csv",0.08,0.8,0.6,0.75,0.75,0.571428571428571,0.5,0.666666666666667,0.545454545454545,0.775,0.675,0.509201054874903,0.333711906235957,FALSE,"ok"
197,"uniform_diode_ir_1_strong.csv","uniform_v_angle_1_mid.csv",0,0.6,0.6,0.75,0.75,0.5,0.5,0.545454545454545,0.545454545454545,0.675,0.675,0.333711906235957,0.333711906235957,TRUE,"ok"
198,"uniform_diode_ir_1_strong.csv","uniform_v_angle_1_strong.csv",0,0.6,0.6,0.75,0.75,0.5,0.5,0.545454545454545,0.545454545454545,0.675,0.675,0.333711906235957,0.333711906235957,TRUE,"ok"
201,"uniform_diode_ir_1_strong.csv","uniform_v_c_mid.csv",0,0.6,0.6,0.75,0.75,0.5,0.5,0.545454545454545,0.545454545454545,0.675,0.675,0.333711906235957,0.333711906235957,TRUE,"ok"
237,"uniform_diode_ir_3_mid.csv","uniform_t_vis_1_strong.csv",0.09,0.6,0.6,0.75,0.75,0.5,0.5,0.545454545454545,0.545454545454545,0.675,0.675,0.333711906235957,0.333711906235957,FALSE,"ok"
238,"uniform_diode_ir_3_mid.csv","uniform_t_vis_1_weak.csv",0.17,0.6,0.6,0.75,0.75,0.5,0.5,0.545454545454545,0.545454545454545,0.675,0.675,0.333711906235957,0.333711906235957,FALSE,"ok"
246,"uniform_diode_ir_3_mid.csv","uniform_v_angle_1_strong.csv",0.63,0.8,0.6,0.75,0.75,0.571428571428571,0.5,0.666666666666667,0.545454545454545,0.775,0.675,0.509201054874903,0.333711906235957,FALSE,"ok"
268,"uniform_diode_ir_3_strong.csv","uniform_osr_c_mid.csv",0,0.6,0.6,0.75,0.75,0.5,0.5,0.545454545454545,0.545454545454545,0.675,0.675,0.333711906235957,0.333711906235957,TRUE,"ok"
272,"uniform_diode_ir_3_strong.csv","uniform_pol_1_strong.csv",0,0.6,0.6,0.75,0.75,0.5,0.5,0.545454545454545,0.545454545454545,0.675,0.675,0.333711906235957,0.333711906235957,TRUE,"ok"
280,"uniform_diode_ir_3_strong.csv","uniform_t_ir_3_mid.csv",0,0.6,0.6,0.75,0.75,0.5,0.5,0.545454545454545,0.545454545454545,0.675,0.675,0.333711906235957,0.333711906235957,TRUE,"ok"
297,"uniform_diode_ir_3_strong.csv","uniform_v_c_strong.csv",0,0.6,0.6,0.75,0.75,0.5,0.5,0.545454545454545,0.545454545454545,0.675,0.675,0.333711906235957,0.333711906235957,TRUE,"ok"
328,"uniform_diode_vis_1_mid.csv","uniform_t_ir_3_weak.csv",0.17,0.6,0.6,0.75,0.75,0.5,0.5,0.545454545454545,0.545454545454545,0.675,0.675,0.333711906235957,0.333711906235957,FALSE,"ok"
358,"uniform_diode_vis_2_mid.csv","uniform_osr_angle_2_weak.csv",0,0.6,0.6,0.75,0.75,0.5,0.5,0.545454545454545,0.545454545454545,0.675,0.675,0.333711906235957,0.333711906235957,TRUE,"ok"
385,"uniform_diode_vis_2_mid.csv","uniform_v_angle_2_mid.csv",0.25,0.6,0.6,0.75,0.75,0.5,0.5,0.545454545454545,0.545454545454545,0.675,0.675,0.333711906235957,0.333711906235957,FALSE,"ok"
412,"uniform_diode_vis_3_mid.csv","uniform_t_ir_1_mid.csv",0.1,0.8,0.6,0.75,0.75,0.571428571428571,0.5,0.666666666666667,0.545454545454545,0.775,0.675,0.509201054874903,0.333711906235957,FALSE,"ok"
415,"uniform_diode_vis_3_mid.csv","uniform_t_ir_3_mid.csv",0,0.6,0.6,0.75,0.75,0.5,0.5,0.545454545454545,0.545454545454545,0.675,0.675,0.333711906235957,0.333711906235957,TRUE,"ok"
434,"uniform_green_mid.csv","uniform_l_11_mid.csv",0.1,0.6,0.6,0.75,0.75,0.5,0.5,0.545454545454545,0.545454545454545,0.675,0.675,0.333711906235957,0.333711906235957,FALSE,"ok"
435,"uniform_green_mid.csv","uniform_l_12_mid.csv",0,0.6,0.6,0.75,0.75,0.5,0.5,0.545454545454545,0.545454545454545,0.675,0.675,0.333711906235957,0.333711906235957,TRUE,"ok"
439,"uniform_green_mid.csv","uniform_l_32_mid.csv",0.23,0.6,0.6,0.75,0.75,0.5,0.5,0.545454545454545,0.545454545454545,0.675,0.675,0.333711906235957,0.333711906235957,FALSE,"ok"
449,"uniform_green_mid.csv","uniform_pol_1_mid.csv",0.33,0.6,0.6,0.75,0.75,0.5,0.5,0.545454545454545,0.545454545454545,0.675,0.675,0.333711906235957,0.333711906235957,FALSE,"ok"
450,"uniform_green_mid.csv","uniform_pol_1_strong.csv",0,0.6,0.6,0.75,0.75,0.5,0.5,0.545454545454545,0.545454545454545,0.675,0.675,0.333711906235957,0.333711906235957,TRUE,"ok"
451,"uniform_green_mid.csv","uniform_pol_2_mid.csv",0.07,0.6,0.6,0.75,0.75,0.5,0.5,0.545454545454545,0.545454545454545,0.675,0.675,0.333711906235957,0.333711906235957,FALSE,"ok"
458,"uniform_green_mid.csv","uniform_t_ir_3_mid.csv",0,0.6,0.6,0.75,0.75,0.5,0.5,0.545454545454545,0.545454545454545,0.675,0.675,0.333711906235957,0.333711906235957,TRUE,"ok"
471,"uniform_green_mid.csv","uniform_v_angle_1_strong.csv",0.03,0.6,0.6,0.75,0.75,0.5,0.5,0.545454545454545,0.545454545454545,0.675,0.675,0.333711906235957,0.333711906235957,FALSE,"ok"
496,"uniform_green_strong.csv","uniform_red_strong.csv",0.08,0.6,0.6,0.75,0.75,0.5,0.5,0.545454545454545,0.545454545454545,0.675,0.675,0.333711906235957,0.333711906235957,FALSE,"ok"
541,"uniform_l_11_mid.csv","uniform_t_ir_3_mid.csv",0.07,0.6,0.6,0.75,0.75,0.5,0.5,0.545454545454545,0.545454545454545,0.675,0.675,0.333711906235957,0.333711906235957,FALSE,"ok"
542,"uniform_l_11_mid.csv","uniform_t_ir_3_strong.csv",0,0.6,0.6,0.75,0.75,0.5,0.5,0.545454545454545,0.545454545454545,0.675,0.675,0.333711906235957,0.333711906235957,TRUE,"ok"
558,"uniform_l_11_mid.csv","uniform_v_c_strong.csv",0.22,0.6,0.6,0.75,0.75,0.5,0.5,0.545454545454545,0.545454545454545,0.675,0.675,0.333711906235957,0.333711906235957,FALSE,"ok"
698,"uniform_l_31_mid.csv","uniform_t_vis_1_mid.csv",0,0.6,0.6,0.75,0.75,0.5,0.5,0.545454545454545,0.545454545454545,0.675,0.675,0.333711906235957,0.333711906235957,TRUE,"ok"
723,"uniform_l_32_mid.csv","uniform_pol_1_strong.csv",0.04,0.6,0.6,0.75,0.75,0.5,0.5,0.545454545454545,0.545454545454545,0.675,0.675,0.333711906235957,0.333711906235957,FALSE,"ok"
756,"uniform_osr_angle_1_mid.csv","uniform_osr_c_weak.csv",0,0.6,0.6,0.75,0.75,0.5,0.5,0.545454545454545,0.545454545454545,0.675,0.675,0.333711906235957,0.333711906235957,TRUE,"ok"
758,"uniform_osr_angle_1_mid.csv","uniform_pol_1_strong.csv",0.45,0.6,0.6,0.75,0.75,0.5,0.5,0.545454545454545,0.545454545454545,0.675,0.675,0.333711906235957,0.333711906235957,FALSE,"ok"
801,"uniform_osr_angle_1_strong.csv","uniform_t_ir_3_strong.csv",0,0.6,0.6,0.75,0.75,0.5,0.5,0.545454545454545,0.545454545454545,0.675,0.675,0.333711906235957,0.333711906235957,TRUE,"ok"
857,"uniform_osr_angle_2_mid.csv","uniform_pol_1_strong.csv",0,0.6,0.6,0.75,0.75,0.5,0.5,0.545454545454545,0.545454545454545,0.675,0.675,0.333711906235957,0.333711906235957,TRUE,"ok"
864,"uniform_osr_angle_2_mid.csv","uniform_t_ir_1_weak.csv",0.13,0.6,0.6,0.75,0.75,0.5,0.5,0.545454545454545,0.545454545454545,0.675,0.675,0.333711906235957,0.333711906235957,FALSE,"ok"
866,"uniform_osr_angle_2_mid.csv","uniform_t_ir_3_strong.csv",0,0.6,0.6,0.75,0.75,0.5,0.5,0.545454545454545,0.545454545454545,0.675,0.675,0.333711906235957,0.333711906235957,TRUE,"ok"
873,"uniform_osr_angle_2_mid.csv","uniform_t_vis_2_weak.csv",0.04,0.6,0.6,0.75,0.75,0.5,0.5,0.545454545454545,0.545454545454545,0.675,0.675,0.333711906235957,0.333711906235957,FALSE,"ok"
888,"uniform_osr_angle_2_strong.csv","uniform_pol_1_strong.csv",0,0.6,0.6,0.75,0.75,0.5,0.5,0.545454545454545,0.545454545454545,0.675,0.675,0.333711906235957,0.333711906235957,TRUE,"ok"
909,"uniform_osr_angle_2_strong.csv","uniform_v_angle_1_strong.csv",0.07,0.6,0.6,0.75,0.75,0.5,0.5,0.545454545454545,0.545454545454545,0.675,0.675,0.333711906235957,0.333711906235957,FALSE,"ok"
915,"uniform_osr_angle_2_weak.csv","uniform_osr_c_strong.csv",0,0.6,0.6,0.75,0.75,0.5,0.5,0.545454545454545,0.545454545454545,0.675,0.675,0.333711906235957,0.333711906235957,TRUE,"ok"
956,"uniform_osr_c_mid.csv","uniform_t_ir_3_strong.csv",0,0.6,0.6,0.75,0.75,0.5,0.5,0.545454545454545,0.545454545454545,0.675,0.675,0.333711906235957,0.333711906235957,TRUE,"ok"
968,"uniform_osr_c_mid.csv","uniform_v_angle_1_strong.csv",0,0.6,0.6,0.75,0.75,0.5,0.5,0.545454545454545,0.545454545454545,0.675,0.675,0.333711906235957,0.333711906235957,TRUE,"ok"
976,"uniform_osr_c_strong.csv","uniform_pol_2_mid.csv",0,0.6,0.6,0.75,0.75,0.5,0.5,0.545454545454545,0.545454545454545,0.675,0.675,0.333711906235957,0.333711906235957,TRUE,"ok"
982,"uniform_osr_c_strong.csv","uniform_t_ir_1_weak.csv",0,0.6,0.6,0.75,0.75,0.5,0.5,0.545454545454545,0.545454545454545,0.675,0.675,0.333711906235957,0.333711906235957,TRUE,"ok"
985,"uniform_osr_c_strong.csv","uniform_t_ir_3_weak.csv",0.21,0.6,0.6,0.75,0.75,0.5,0.5,0.545454545454545,0.545454545454545,0.675,0.675,0.333711906235957,0.333711906235957,FALSE,"ok"
987,"uniform_osr_c_strong.csv","uniform_t_vis_1_strong.csv",0,0.6,0.6,0.75,0.75,0.5,0.5,0.545454545454545,0.545454545454545,0.675,0.675,0.333711906235957,0.333711906235957,TRUE,"ok"
995,"uniform_osr_c_strong.csv","uniform_v_angle_1_mid.csv",0,0.6,0.6,0.75,0.75,0.5,0.5,0.545454545454545,0.545454545454545,0.675,0.675,0.333711906235957,0.333711906235957,TRUE,"ok"
1000,"uniform_osr_c_strong.csv","uniform_v_c_strong.csv",0,0.6,0.6,0.75,0.75,0.5,0.5,0.545454545454545,0.545454545454545,0.675,0.675,0.333711906235957,0.333711906235957,TRUE,"ok"
1020,"uniform_osr_c_weak.csv","uniform_t_vis_3_strong.csv",0,0.6,0.6,0.75,0.75,0.5,0.5,0.545454545454545,0.545454545454545,0.675,0.675,0.333711906235957,0.333711906235957,TRUE,"ok"
1023,"uniform_osr_c_weak.csv","uniform_v_angle_1_strong.csv",0,0.6,0.6,0.75,0.75,0.5,0.5,0.545454545454545,0.545454545454545,0.675,0.675,0.333711906235957,0.333711906235957,TRUE,"ok"
1028,"uniform_pol_1_mid.csv","uniform_pol_1_strong.csv",0.68,0.6,0.6,0.75,0.75,0.5,0.5,0.545454545454545,0.545454545454545,0.675,0.675,0.333711906235957,0.333711906235957,FALSE,"ok"
1036,"uniform_pol_1_mid.csv","uniform_t_ir_3_mid.csv",0,0.6,0.6,0.75,0.75,0.5,0.5,0.545454545454545,0.545454545454545,0.675,0.675,0.333711906235957,0.333711906235957,TRUE,"ok"
1037,"uniform_pol_1_mid.csv","uniform_t_ir_3_strong.csv",0,0.6,0.6,0.75,0.75,0.5,0.5,0.545454545454545,0.545454545454545,0.675,0.675,0.333711906235957,0.333711906235957,TRUE,"ok"
1038,"uniform_pol_1_mid.csv","uniform_t_ir_3_weak.csv",0,0.6,0.6,0.75,0.75,0.5,0.5,0.545454545454545,0.545454545454545,0.675,0.675,0.333711906235957,0.333711906235957,TRUE,"ok"
1058,"uniform_pol_1_strong.csv","uniform_t_ir_1_mid.csv",0.58,0.6,0.6,0.75,0.75,0.5,0.5,0.545454545454545,0.545454545454545,0.675,0.675,0.333711906235957,0.333711906235957,FALSE,"ok"
1059,"uniform_pol_1_strong.csv","uniform_t_ir_1_strong.csv",0.24,0.6,0.6,0.75,0.75,0.5,0.5,0.545454545454545,0.545454545454545,0.675,0.675,0.333711906235957,0.333711906235957,FALSE,"ok"
1060,"uniform_pol_1_strong.csv","uniform_t_ir_1_weak.csv",0,0.6,0.6,0.75,0.75,0.5,0.5,0.545454545454545,0.545454545454545,0.675,0.675,0.333711906235957,0.333711906235957,TRUE,"ok"
1064,"uniform_pol_1_strong.csv","uniform_t_vis_1_mid.csv",0.02,0.6,0.6,0.75,0.75,0.5,0.5,0.545454545454545,0.545454545454545,0.675,0.675,0.333711906235957,0.333711906235957,FALSE,"ok"
1102,"uniform_pol_2_mid.csv","uniform_v_c_strong.csv",0.24,0.6,0.6,0.75,0.75,0.5,0.5,0.545454545454545,0.545454545454545,0.675,0.675,0.333711906235957,0.333711906235957,FALSE,"ok"
1106,"uniform_pol_2_strong.csv","uniform_t_ir_1_strong.csv",0,0.6,0.6,0.75,0.75,0.5,0.5,0.545454545454545,0.545454545454545,0.675,0.675,0.333711906235957,0.333711906235957,TRUE,"ok"
1128,"uniform_red_mid.csv","uniform_t_ir_1_strong.csv",0.12,0.4,0.6,0.75,0.75,0.4,0.5,0.4,0.545454545454545,0.575,0.675,0.15,0.333711906235957,FALSE,"ok"
1171,"uniform_t_ir_1_mid.csv","uniform_t_ir_3_mid.csv",0,0.6,0.6,0.75,0.75,0.5,0.5,0.545454545454545,0.545454545454545,0.675,0.675,0.333711906235957,0.333711906235957,TRUE,"ok"
1184,"uniform_t_ir_1_mid.csv","uniform_v_angle_1_strong.csv",0,0.6,0.6,0.75,0.75,0.5,0.5,0.545454545454545,0.545454545454545,0.675,0.675,0.333711906235957,0.333711906235957,TRUE,"ok"
1187,"uniform_t_ir_1_mid.csv","uniform_v_c_mid.csv",0.46,0.6,0.6,0.75,0.75,0.5,0.5,0.545454545454545,0.545454545454545,0.675,0.675,0.333711906235957,0.333711906235957,FALSE,"ok"
1191,"uniform_t_ir_1_strong.csv","uniform_t_ir_3_strong.csv",0,0.6,0.6,0.75,0.75,0.5,0.5,0.545454545454545,0.545454545454545,0.675,0.675,0.333711906235957,0.333711906235957,TRUE,"ok"
1201,"uniform_t_ir_1_strong.csv","uniform_t_vis_3_weak.csv",0,0.6,0.6,0.75,0.75,0.5,0.5,0.545454545454545,0.545454545454545,0.675,0.675,0.333711906235957,0.333711906235957,TRUE,"ok"
1209,"uniform_t_ir_1_weak.csv","uniform_t_ir_3_strong.csv",0,0.6,0.6,0.75,0.75,0.5,0.5,0.545454545454545,0.545454545454545,0.675,0.675,0.333711906235957,0.333711906235957,TRUE,"ok"
1220,"uniform_t_ir_1_weak.csv","uniform_v_angle_1_mid.csv",0.11,0.6,0.6,0.75,0.75,0.5,0.5,0.545454545454545,0.545454545454545,0.675,0.675,0.333711906235957,0.333711906235957,FALSE,"ok"
1224,"uniform_t_ir_1_weak.csv","uniform_v_c_mid.csv",0,0.6,0.6,0.75,0.75,0.5,0.5,0.545454545454545,0.545454545454545,0.675,0.675,0.333711906235957,0.333711906235957,TRUE,"ok"
1241,"uniform_t_ir_3_mid.csv","uniform_v_c_mid.csv",0.04,0.6,0.6,0.75,0.75,0.5,0.5,0.545454545454545,0.545454545454545,0.675,0.675,0.333711906235957,0.333711906235957,FALSE,"ok"
1242,"uniform_t_ir_3_mid.csv","uniform_v_c_strong.csv",0,0.6,0.6,0.75,0.75,0.5,0.5,0.545454545454545,0.545454545454545,0.675,0.675,0.333711906235957,0.333711906235957,TRUE,"ok"
1244,"uniform_t_ir_3_strong.csv","uniform_t_vis_1_mid.csv",0,0.6,0.6,0.75,0.75,0.5,0.5,0.545454545454545,0.545454545454545,0.675,0.675,0.333711906235957,0.333711906235957,TRUE,"ok"
1245,"uniform_t_ir_3_strong.csv","uniform_t_vis_1_strong.csv",0,0.6,0.6,0.75,0.75,0.5,0.5,0.545454545454545,0.545454545454545,0.675,0.675,0.333711906235957,0.333711906235957,TRUE,"ok"
1258,"uniform_t_ir_3_strong.csv","uniform_v_c_strong.csv",0.1,0.6,0.6,0.75,0.75,0.5,0.5,0.545454545454545,0.545454545454545,0.675,0.675,0.333711906235957,0.333711906235957,FALSE,"ok"
1259,"uniform_t_ir_3_weak.csv","uniform_t_vis_1_mid.csv",0.05,0.6,0.6,0.75,0.75,0.5,0.5,0.545454545454545,0.545454545454545,0.675,0.675,0.333711906235957,0.333711906235957,FALSE,"ok"
1282,"uniform_t_vis_1_mid.csv","uniform_v_angle_1_mid.csv",0,0.6,0.6,0.75,0.75,0.5,0.5,0.545454545454545,0.545454545454545,0.675,0.675,0.333711906235957,0.333711906235957,TRUE,"ok"
1283,"uniform_t_vis_1_mid.csv","uniform_v_angle_1_strong.csv",0,0.6,0.6,0.75,0.75,0.5,0.5,0.545454545454545,0.545454545454545,0.675,0.675,0.333711906235957,0.333711906235957,TRUE,"ok"
1287,"uniform_t_vis_1_mid.csv","uniform_v_c_strong.csv",0,0.6,0.6,0.75,0.75,0.5,0.5,0.545454545454545,0.545454545454545,0.675,0.675,0.333711906235957,0.333711906235957,TRUE,"ok"
1313,"uniform_t_vis_2_mid.csv","uniform_t_vis_2_strong.csv",0,0.6,0.6,0.75,0.75,0.5,0.5,0.545454545454545,0.545454545454545,0.675,0.675,0.333711906235957,0.333711906235957,TRUE,"ok"
1331,"uniform_t_vis_2_strong.csv","uniform_v_angle_2_strong.csv",0.05,0.6,0.6,0.75,0.75,0.5,0.5,0.545454545454545,0.545454545454545,0.675,0.675,0.333711906235957,0.333711906235957,FALSE,"ok"
1372,"uniform_v_angle_1_strong.csv","uniform_v_c_strong.csv",0.14,0.6,0.6,0.75,0.75,0.5,0.5,0.545454545454545,0.545454545454545,0.675,0.675,0.333711906235957,0.333711906235957,FALSE,"ok"
3,"uniform_blue_mid.csv","uniform_diode_ir_1_strong.csv",0.04,0.6,0.6,0.666666666666667,0.666666666666667,0.428571428571429,0.428571428571429,0.5,0.5,0.633333333333333,0.633333333333333,0.246885359939347,0.246885359939347,FALSE,"ok"
9,"uniform_blue_mid.csv","uniform_green_mid.csv",0,0.6,0.6,0.666666666666667,0.666666666666667,0.428571428571429,0.428571428571429,0.5,0.5,0.633333333333333,0.633333333333333,0.246885359939347,0.246885359939347,TRUE,"ok"
12,"uniform_blue_mid.csv","uniform_l_12_mid.csv",0.16,0.6,0.6,0.666666666666667,0.666666666666667,0.428571428571429,0.428571428571429,0.5,0.5,0.633333333333333,0.633333333333333,0.246885359939347,0.246885359939347,FALSE,"ok"
23,"uniform_blue_mid.csv","uniform_osr_c_mid.csv",0.01,0.6,0.6,0.666666666666667,0.666666666666667,0.428571428571429,0.428571428571429,0.5,0.5,0.633333333333333,0.633333333333333,0.246885359939347,0.246885359939347,FALSE,"ok"
60,"uniform_blue_strong.csv","uniform_green_mid.csv",0,0.6,0.6,0.666666666666667,0.666666666666667,0.428571428571429,0.428571428571429,0.5,0.5,0.633333333333333,0.633333333333333,0.246885359939347,0.246885359939347,TRUE,"ok"
62,"uniform_blue_strong.csv","uniform_l_11_mid.csv",0.12,0.6,0.6,0.666666666666667,0.666666666666667,0.428571428571429,0.428571428571429,0.5,0.5,0.633333333333333,0.633333333333333,0.246885359939347,0.246885359939347,FALSE,"ok"
63,"uniform_blue_strong.csv","uniform_l_12_mid.csv",0.3,0.6,0.6,0.666666666666667,0.666666666666667,0.428571428571429,0.428571428571429,0.5,0.5,0.633333333333333,0.633333333333333,0.246885359939347,0.246885359939347,FALSE,"ok"
66,"uniform_blue_strong.csv","uniform_l_31_mid.csv",0.09,0.6,0.6,0.666666666666667,0.666666666666667,0.428571428571429,0.428571428571429,0.5,0.5,0.633333333333333,0.633333333333333,0.246885359939347,0.246885359939347,FALSE,"ok"
84,"uniform_blue_strong.csv","uniform_t_ir_1_strong.csv",0.57,0.8,0.6,0.666666666666667,0.666666666666667,0.5,0.428571428571429,0.615384615384615,0.5,0.733333333333333,0.633333333333333,0.426006433615129,0.246885359939347,FALSE,"ok"
102,"uniform_blue_strong.csv","uniform_v_c_mid.csv",0.05,0.6,0.6,0.666666666666667,0.666666666666667,0.428571428571429,0.428571428571429,0.5,0.5,0.633333333333333,0.633333333333333,0.246885359939347,0.246885359939347,FALSE,"ok"
110,"uniform_diode_ir_1_mid.csv","uniform_green_mid.csv",0.17,0.6,0.6,0.666666666666667,0.666666666666667,0.428571428571429,0.428571428571429,0.5,0.5,0.633333333333333,0.633333333333333,0.246885359939347,0.246885359939347,FALSE,"ok"
124,"uniform_diode_ir_1_mid.csv","uniform_osr_c_mid.csv",0,0.6,0.6,0.666666666666667,0.666666666666667,0.428571428571429,0.428571428571429,0.5,0.5,0.633333333333333,0.633333333333333,0.246885359939347,0.246885359939347,TRUE,"ok"
125,"uniform_diode_ir_1_mid.csv","uniform_osr_c_strong.csv",0.11,0.6,0.6,0.666666666666667,0.666666666666667,0.428571428571429,0.428571428571429,0.5,0.5,0.633333333333333,0.633333333333333,0.246885359939347,0.246885359939347,FALSE,"ok"
133,"uniform_diode_ir_1_mid.csv","uniform_t_ir_1_mid.csv",0.17,0.6,0.6,0.666666666666667,0.666666666666667,0.428571428571429,0.428571428571429,0.5,0.5,0.633333333333333,0.633333333333333,0.246885359939347,0.246885359939347,FALSE,"ok"
146,"uniform_diode_ir_1_mid.csv","uniform_t_vis_3_strong.csv",0,0.6,0.6,0.666666666666667,0.666666666666667,0.428571428571429,0.428571428571429,0.5,0.5,0.633333333333333,0.633333333333333,0.246885359939347,0.246885359939347,TRUE,"ok"
153,"uniform_diode_ir_1_mid.csv","uniform_v_c_strong.csv",0,0.6,0.6,0.666666666666667,0.666666666666667,0.428571428571429,0.428571428571429,0.5,0.5,0.633333333333333,0.633333333333333,0.246885359939347,0.246885359939347,TRUE,"ok"
162,"uniform_diode_ir_1_strong.csv","uniform_l_12_mid.csv",0,0.6,0.6,0.666666666666667,0.666666666666667,0.428571428571429,0.428571428571429,0.5,0.5,0.633333333333333,0.633333333333333,0.246885359939347,0.246885359939347,TRUE,"ok"
167,"uniform_diode_ir_1_strong.csv","uniform_osr_angle_1_mid.csv",0.02,0.6,0.6,0.666666666666667,0.666666666666667,0.428571428571429,0.428571428571429,0.5,0.5,0.633333333333333,0.633333333333333,0.246885359939347,0.246885359939347,FALSE,"ok"
171,"uniform_diode_ir_1_strong.csv","uniform_osr_angle_2_strong.csv",0.07,0.6,0.6,0.666666666666667,0.666666666666667,0.428571428571429,0.428571428571429,0.5,0.5,0.633333333333333,0.633333333333333,0.246885359939347,0.246885359939347,FALSE,"ok"
172,"uniform_diode_ir_1_strong.csv","uniform_osr_angle_2_weak.csv",0,0.6,0.6,0.666666666666667,0.666666666666667,0.428571428571429,0.428571428571429,0.5,0.5,0.633333333333333,0.633333333333333,0.246885359939347,0.246885359939347,TRUE,"ok"
179,"uniform_diode_ir_1_strong.csv","uniform_pol_2_strong.csv",0,0.6,0.6,0.666666666666667,0.666666666666667,0.428571428571429,0.428571428571429,0.5,0.5,0.633333333333333,0.633333333333333,0.246885359939347,0.246885359939347,TRUE,"ok"
185,"uniform_diode_ir_1_strong.csv","uniform_t_ir_3_mid.csv",0.02,0.6,0.6,0.666666666666667,0.666666666666667,0.428571428571429,0.428571428571429,0.5,0.5,0.633333333333333,0.633333333333333,0.246885359939347,0.246885359939347,FALSE,"ok"
190,"uniform_diode_ir_1_strong.csv","uniform_t_vis_1_weak.csv",0.15,0.6,0.6,0.666666666666667,0.666666666666667,0.428571428571429,0.428571428571429,0.5,0.5,0.633333333333333,0.633333333333333,0.246885359939347,0.246885359939347,FALSE,"ok"
199,"uniform_diode_ir_1_strong.csv","uniform_v_angle_2_mid.csv",0,0.6,0.6,0.666666666666667,0.666666666666667,0.428571428571429,0.428571428571429,0.5,0.5,0.633333333333333,0.633333333333333,0.246885359939347,0.246885359939347,TRUE,"ok"
202,"uniform_diode_ir_1_strong.csv","uniform_v_c_strong.csv",0.38,0.6,0.6,0.666666666666667,0.666666666666667,0.428571428571429,0.428571428571429,0.5,0.5,0.633333333333333,0.633333333333333,0.246885359939347,0.246885359939347,FALSE,"ok"
209,"uniform_diode_ir_3_mid.csv","uniform_l_11_mid.csv",0.15,0.6,0.6,0.666666666666667,0.666666666666667,0.428571428571429,0.428571428571429,0.5,0.5,0.633333333333333,0.633333333333333,0.246885359939347,0.246885359939347,FALSE,"ok"
217,"uniform_diode_ir_3_mid.csv","uniform_osr_angle_1_weak.csv",0.13,0.8,0.6,0.666666666666667,0.666666666666667,0.5,0.428571428571429,0.615384615384615,0.5,0.733333333333333,0.633333333333333,0.426006433615129,0.246885359939347,FALSE,"ok"
218,"uniform_diode_ir_3_mid.csv","uniform_osr_angle_2_mid.csv",0.08,0.6,0.6,0.666666666666667,0.666666666666667,0.428571428571429,0.428571428571429,0.5,0.5,0.633333333333333,0.633333333333333,0.246885359939347,0.246885359939347,FALSE,"ok"
223,"uniform_diode_ir_3_mid.csv","uniform_osr_c_weak.csv",0,0.6,0.6,0.666666666666667,0.666666666666667,0.428571428571429,0.428571428571429,0.5,0.5,0.633333333333333,0.633333333333333,0.246885359939347,0.246885359939347,TRUE,"ok"
225,"uniform_diode_ir_3_mid.csv","uniform_pol_1_strong.csv",0.01,0.6,0.6,0.666666666666667,0.666666666666667,0.428571428571429,0.428571428571429,0.5,0.5,0.633333333333333,0.633333333333333,0.246885359939347,0.246885359939347,FALSE,"ok"
230,"uniform_diode_ir_3_mid.csv","uniform_t_ir_1_mid.csv",0,0.6,0.6,0.666666666666667,0.666666666666667,0.428571428571429,0.428571428571429,0.5,0.5,0.633333333333333,0.633333333333333,0.246885359939347,0.246885359939347,TRUE,"ok"
232,"uniform_diode_ir_3_mid.csv","uniform_t_ir_1_weak.csv",0,0.6,0.6,0.666666666666667,0.666666666666667,0.428571428571429,0.428571428571429,0.5,0.5,0.633333333333333,0.633333333333333,0.246885359939347,0.246885359939347,TRUE,"ok"
233,"uniform_diode_ir_3_mid.csv","uniform_t_ir_3_mid.csv",0,0.6,0.6,0.666666666666667,0.666666666666667,0.428571428571429,0.428571428571429,0.5,0.5,0.633333333333333,0.633333333333333,0.246885359939347,0.246885359939347,TRUE,"ok"
241,"uniform_diode_ir_3_mid.csv","uniform_t_vis_2_weak.csv",0.21,0.6,0.6,0.666666666666667,0.666666666666667,0.428571428571429,0.428571428571429,0.5,0.5,0.633333333333333,0.633333333333333,0.246885359939347,0.246885359939347,FALSE,"ok"
245,"uniform_diode_ir_3_mid.csv","uniform_v_angle_1_mid.csv",0.04,0.6,0.6,0.666666666666667,0.666666666666667,0.428571428571429,0.428571428571429,0.5,0.5,0.633333333333333,0.633333333333333,0.246885359939347,0.246885359939347,FALSE,"ok"
253,"uniform_diode_ir_3_strong.csv","uniform_diode_vis_3_mid.csv",0,0.6,0.6,0.666666666666667,0.666666666666667,0.428571428571429,0.428571428571429,0.5,0.5,0.633333333333333,0.633333333333333,0.246885359939347,0.246885359939347,TRUE,"ok"
254,"uniform_diode_ir_3_strong.csv","uniform_green_mid.csv",0.04,0.6,0.6,0.666666666666667,0.666666666666667,0.428571428571429,0.428571428571429,0.5,0.5,0.633333333333333,0.633333333333333,0.246885359939347,0.246885359939347,FALSE,"ok"
257,"uniform_diode_ir_3_strong.csv","uniform_l_12_mid.csv",0,0.6,0.6,0.666666666666667,0.666666666666667,0.428571428571429,0.428571428571429,0.5,0.5,0.633333333333333,0.633333333333333,0.246885359939347,0.246885359939347,TRUE,"ok"
261,"uniform_diode_ir_3_strong.csv","uniform_l_32_mid.csv",0,0.6,0.6,0.666666666666667,0.666666666666667,0.428571428571429,0.428571428571429,0.5,0.5,0.633333333333333,0.633333333333333,0.246885359939347,0.246885359939347,TRUE,"ok"
270,"uniform_diode_ir_3_strong.csv","uniform_osr_c_weak.csv",0,0.6,0.6,0.666666666666667,0.666666666666667,0.428571428571429,0.428571428571429,0.5,0.5,0.633333333333333,0.633333333333333,0.246885359939347,0.246885359939347,TRUE,"ok"
271,"uniform_diode_ir_3_strong.csv","uniform_pol_1_mid.csv",0,0.6,0.6,0.666666666666667,0.666666666666667,0.428571428571429,0.428571428571429,0.5,0.5,0.633333333333333,0.633333333333333,0.246885359939347,0.246885359939347,TRUE,"ok"
282,"uniform_diode_ir_3_strong.csv","uniform_t_ir_3_weak.csv",0.07,0.6,0.6,0.666666666666667,0.666666666666667,0.428571428571429,0.428571428571429,0.5,0.5,0.633333333333333,0.633333333333333,0.246885359939347,0.246885359939347,FALSE,"ok"
283,"uniform_diode_ir_3_strong.csv","uniform_t_vis_1_mid.csv",0,0.6,0.6,0.666666666666667,0.666666666666667,0.428571428571429,0.428571428571429,0.5,0.5,0.633333333333333,0.633333333333333,0.246885359939347,0.246885359939347,TRUE,"ok"
287,"uniform_diode_ir_3_strong.csv","uniform_t_vis_2_strong.csv",0.43,0.6,0.6,0.666666666666667,0.666666666666667,0.428571428571429,0.428571428571429,0.5,0.5,0.633333333333333,0.633333333333333,0.246885359939347,0.246885359939347,FALSE,"ok"
293,"uniform_diode_ir_3_strong.csv","uniform_v_angle_1_strong.csv",0.13,0.6,0.6,0.666666666666667,0.666666666666667,0.428571428571429,0.428571428571429,0.5,0.5,0.633333333333333,0.633333333333333,0.246885359939347,0.246885359939347,FALSE,"ok"
294,"uniform_diode_ir_3_strong.csv","uniform_v_angle_2_mid.csv",0,0.6,0.6,0.666666666666667,0.666666666666667,0.428571428571429,0.428571428571429,0.5,0.5,0.633333333333333,0.633333333333333,0.246885359939347,0.246885359939347,TRUE,"ok"
300,"uniform_diode_vis_1_mid.csv","uniform_green_mid.csv",0,0.6,0.6,0.666666666666667,0.666666666666667,0.428571428571429,0.428571428571429,0.5,0.5,0.633333333333333,0.633333333333333,0.246885359939347,0.246885359939347,TRUE,"ok"
302,"uniform_diode_vis_1_mid.csv","uniform_l_11_mid.csv",0,0.6,0.6,0.666666666666667,0.666666666666667,0.428571428571429,0.428571428571429,0.5,0.5,0.633333333333333,0.633333333333333,0.246885359939347,0.246885359939347,TRUE,"ok"
312,"uniform_diode_vis_1_mid.csv","uniform_osr_angle_2_strong.csv",0.1,0.6,0.6,0.666666666666667,0.666666666666667,0.428571428571429,0.428571428571429,0.5,0.5,0.633333333333333,0.633333333333333,0.246885359939347,0.246885359939347,FALSE,"ok"
326,"uniform_diode_vis_1_mid.csv","uniform_t_ir_3_mid.csv",0.03,0.6,0.6,0.666666666666667,0.666666666666667,0.428571428571429,0.428571428571429,0.5,0.5,0.633333333333333,0.633333333333333,0.246885359939347,0.246885359939347,FALSE,"ok"
366,"uniform_diode_vis_2_mid.csv","uniform_red_mid.csv",0.67,0.6,0.6,0.666666666666667,0.666666666666667,0.428571428571429,0.428571428571429,0.5,0.5,0.633333333333333,0.633333333333333,0.246885359939347,0.246885359939347,FALSE,"ok"
379,"uniform_diode_vis_2_mid.csv","uniform_t_vis_2_weak.csv",0,0.6,0.6,0.666666666666667,0.666666666666667,0.428571428571429,0.428571428571429,0.5,0.5,0.633333333333333,0.633333333333333,0.246885359939347,0.246885359939347,TRUE,"ok"
389,"uniform_diode_vis_3_mid.csv","uniform_green_mid.csv",0,0.6,0.6,0.666666666666667,0.666666666666667,0.428571428571429,0.428571428571429,0.5,0.5,0.633333333333333,0.633333333333333,0.246885359939347,0.246885359939347,TRUE,"ok"
407,"uniform_diode_vis_3_mid.csv","uniform_pol_1_strong.csv",0.19,0.6,0.6,0.666666666666667,0.666666666666667,0.428571428571429,0.428571428571429,0.5,0.5,0.633333333333333,0.633333333333333,0.246885359939347,0.246885359939347,FALSE,"ok"
414,"uniform_diode_vis_3_mid.csv","uniform_t_ir_1_weak.csv",0.29,0.6,0.6,0.666666666666667,0.666666666666667,0.428571428571429,0.428571428571429,0.5,0.5,0.633333333333333,0.633333333333333,0.246885359939347,0.246885359939347,FALSE,"ok"
430,"uniform_diode_vis_3_mid.csv","uniform_v_angle_2_strong.csv",0.01,0.6,0.6,0.666666666666667,0.666666666666667,0.428571428571429,0.428571428571429,0.5,0.5,0.633333333333333,0.633333333333333,0.246885359939347,0.246885359939347,FALSE,"ok"
452,"uniform_green_mid.csv","uniform_pol_2_strong.csv",0,0.6,0.6,0.666666666666667,0.666666666666667,0.428571428571429,0.428571428571429,0.5,0.5,0.633333333333333,0.633333333333333,0.246885359939347,0.246885359939347,TRUE,"ok"
455,"uniform_green_mid.csv","uniform_t_ir_1_mid.csv",0,0.6,0.6,0.666666666666667,0.666666666666667,0.428571428571429,0.428571428571429,0.5,0.5,0.633333333333333,0.633333333333333,0.246885359939347,0.246885359939347,TRUE,"ok"
460,"uniform_green_mid.csv","uniform_t_ir_3_weak.csv",0.37,0.6,0.6,0.666666666666667,0.666666666666667,0.428571428571429,0.428571428571429,0.5,0.5,0.633333333333333,0.633333333333333,0.246885359939347,0.246885359939347,FALSE,"ok"
462,"uniform_green_mid.csv","uniform_t_vis_1_strong.csv",0,0.6,0.6,0.666666666666667,0.666666666666667,0.428571428571429,0.428571428571429,0.5,0.5,0.633333333333333,0.633333333333333,0.246885359939347,0.246885359939347,TRUE,"ok"
468,"uniform_green_mid.csv","uniform_t_vis_3_strong.csv",0,0.6,0.6,0.666666666666667,0.666666666666667,0.428571428571429,0.428571428571429,0.5,0.5,0.633333333333333,0.633333333333333,0.246885359939347,0.246885359939347,TRUE,"ok"
473,"uniform_green_mid.csv","uniform_v_angle_2_strong.csv",0,0.6,0.6,0.666666666666667,0.666666666666667,0.428571428571429,0.428571428571429,0.5,0.5,0.633333333333333,0.633333333333333,0.246885359939347,0.246885359939347,TRUE,"ok"
474,"uniform_green_mid.csv","uniform_v_c_mid.csv",0,0.6,0.6,0.666666666666667,0.666666666666667,0.428571428571429,0.428571428571429,0.5,0.5,0.633333333333333,0.633333333333333,0.246885359939347,0.246885359939347,TRUE,"ok"
502,"uniform_green_strong.csv","uniform_t_ir_3_weak.csv",0,0.6,0.6,0.666666666666667,0.666666666666667,0.428571428571429,0.428571428571429,0.5,0.5,0.633333333333333,0.633333333333333,0.246885359939347,0.246885359939347,TRUE,"ok"
516,"uniform_green_strong.csv","uniform_v_c_mid.csv",0.18,0.6,0.6,0.666666666666667,0.666666666666667,0.428571428571429,0.428571428571429,0.5,0.5,0.633333333333333,0.633333333333333,0.246885359939347,0.246885359939347,FALSE,"ok"
544,"uniform_l_11_mid.csv","uniform_t_vis_1_mid.csv",0.3,0.6,0.6,0.666666666666667,0.666666666666667,0.428571428571429,0.428571428571429,0.5,0.5,0.633333333333333,0.633333333333333,0.246885359939347,0.246885359939347,FALSE,"ok"
546,"uniform_l_11_mid.csv","uniform_t_vis_1_weak.csv",0.02,0.6,0.6,0.666666666666667,0.666666666666667,0.428571428571429,0.428571428571429,0.5,0.5,0.633333333333333,0.633333333333333,0.246885359939347,0.246885359939347,FALSE,"ok"
557,"uniform_l_11_mid.csv","uniform_v_c_mid.csv",0,0.6,0.6,0.666666666666667,0.666666666666667,0.428571428571429,0.428571428571429,0.5,0.5,0.633333333333333,0.633333333333333,0.246885359939347,0.246885359939347,TRUE,"ok"
571,"uniform_l_12_mid.csv","uniform_osr_c_weak.csv",0,0.6,0.6,0.666666666666667,0.666666666666667,0.428571428571429,0.428571428571429,0.5,0.5,0.633333333333333,0.633333333333333,0.246885359939347,0.246885359939347,TRUE,"ok"
574,"uniform_l_12_mid.csv","uniform_pol_2_mid.csv",0.03,0.6,0.6,0.666666666666667,0.666666666666667,0.428571428571429,0.428571428571429,0.5,0.5,0.633333333333333,0.633333333333333,0.246885359939347,0.246885359939347,FALSE,"ok"
583,"uniform_l_12_mid.csv","uniform_t_ir_3_weak.csv",0.15,0.6,0.6,0.666666666666667,0.666666666666667,0.428571428571429,0.428571428571429,0.5,0.5,0.633333333333333,0.633333333333333,0.246885359939347,0.246885359939347,FALSE,"ok"
586,"uniform_l_12_mid.csv","uniform_t_vis_1_weak.csv",0,0.6,0.6,0.666666666666667,0.666666666666667,0.428571428571429,0.428571428571429,0.5,0.5,0.633333333333333,0.633333333333333,0.246885359939347,0.246885359939347,TRUE,"ok"
592,"uniform_l_12_mid.csv","uniform_t_vis_3_weak.csv",0,0.6,0.6,0.666666666666667,0.666666666666667,0.428571428571429,0.428571428571429,0.5,0.5,0.633333333333333,0.633333333333333,0.246885359939347,0.246885359939347,TRUE,"ok"
684,"uniform_l_31_mid.csv","uniform_osr_c_strong.csv",0,0.6,0.6,0.666666666666667,0.666666666666667,0.428571428571429,0.428571428571429,0.5,0.5,0.633333333333333,0.633333333333333,0.246885359939347,0.246885359939347,TRUE,"ok"
685,"uniform_l_31_mid.csv","uniform_osr_c_weak.csv",0.07,0.6,0.6,0.666666666666667,0.666666666666667,0.428571428571429,0.428571428571429,0.5,0.5,0.633333333333333,0.633333333333333,0.246885359939347,0.246885359939347,FALSE,"ok"
686,"uniform_l_31_mid.csv","uniform_pol_1_mid.csv",0.09,0.6,0.6,0.666666666666667,0.666666666666667,0.428571428571429,0.428571428571429,0.5,0.5,0.633333333333333,0.633333333333333,0.246885359939347,0.246885359939347,FALSE,"ok"
687,"uniform_l_31_mid.csv","uniform_pol_1_strong.csv",0,0.6,0.6,0.666666666666667,0.666666666666667,0.428571428571429,0.428571428571429,0.5,0.5,0.633333333333333,0.633333333333333,0.246885359939347,0.246885359939347,TRUE,"ok"
688,"uniform_l_31_mid.csv","uniform_pol_2_mid.csv",0,0.6,0.6,0.666666666666667,0.666666666666667,0.428571428571429,0.428571428571429,0.5,0.5,0.633333333333333,0.633333333333333,0.246885359939347,0.246885359939347,TRUE,"ok"
689,"uniform_l_31_mid.csv","uniform_pol_2_strong.csv",0,0.6,0.6,0.666666666666667,0.666666666666667,0.428571428571429,0.428571428571429,0.5,0.5,0.633333333333333,0.633333333333333,0.246885359939347,0.246885359939347,TRUE,"ok"
711,"uniform_l_31_mid.csv","uniform_v_c_mid.csv",0.03,0.6,0.6,0.666666666666667,0.666666666666667,0.428571428571429,0.428571428571429,0.5,0.5,0.633333333333333,0.633333333333333,0.246885359939347,0.246885359939347,FALSE,"ok"
724,"uniform_l_32_mid.csv","uniform_pol_2_mid.csv",0,0.6,0.6,0.666666666666667,0.666666666666667,0.428571428571429,0.428571428571429,0.5,0.5,0.633333333333333,0.633333333333333,0.246885359939347,0.246885359939347,TRUE,"ok"
737,"uniform_l_32_mid.csv","uniform_t_vis_2_mid.csv",0.49,0.6,0.6,0.666666666666667,0.666666666666667,0.428571428571429,0.428571428571429,0.5,0.5,0.633333333333333,0.633333333333333,0.246885359939347,0.246885359939347,FALSE,"ok"
738,"uniform_l_32_mid.csv","uniform_t_vis_2_strong.csv",0.02,0.6,0.6,0.666666666666667,0.666666666666667,0.428571428571429,0.428571428571429,0.5,0.5,0.633333333333333,0.633333333333333,0.246885359939347,0.246885359939347,FALSE,"ok"
755,"uniform_osr_angle_1_mid.csv","uniform_osr_c_strong.csv",0,0.6,0.6,0.666666666666667,0.666666666666667,0.428571428571429,0.428571428571429,0.5,0.5,0.633333333333333,0.633333333333333,0.246885359939347,0.246885359939347,TRUE,"ok"
763,"uniform_osr_angle_1_mid.csv","uniform_t_ir_1_mid.csv",0.06,0.6,0.6,0.666666666666667,0.666666666666667,0.428571428571429,0.428571428571429,0.5,0.5,0.633333333333333,0.633333333333333,0.246885359939347,0.246885359939347,FALSE,"ok"
766,"uniform_osr_angle_1_mid.csv","uniform_t_ir_3_mid.csv",0.11,0.6,0.6,0.666666666666667,0.666666666666667,0.428571428571429,0.428571428571429,0.5,0.5,0.633333333333333,0.633333333333333,0.246885359939347,0.246885359939347,FALSE,"ok"
769,"uniform_osr_angle_1_mid.csv","uniform_t_vis_1_mid.csv",0,0.6,0.6,0.666666666666667,0.666666666666667,0.428571428571429,0.428571428571429,0.5,0.5,0.633333333333333,0.633333333333333,0.246885359939347,0.246885359939347,TRUE,"ok"
782,"uniform_osr_angle_1_mid.csv","uniform_v_c_mid.csv",0,0.6,0.6,0.666666666666667,0.666666666666667,0.428571428571429,0.428571428571429,0.5,0.5,0.633333333333333,0.633333333333333,0.246885359939347,0.246885359939347,TRUE,"ok"
802,"uniform_osr_angle_1_strong.csv","uniform_t_ir_3_weak.csv",0.22,0.8,0.6,0.666666666666667,0.666666666666667,0.5,0.428571428571429,0.615384615384615,0.5,0.733333333333333,0.633333333333333,0.426006433615129,0.246885359939347,FALSE,"ok"
841,"uniform_osr_angle_1_weak.csv","uniform_t_vis_2_weak.csv",0.06,0.6,0.6,0.666666666666667,0.666666666666667,0.428571428571429,0.428571428571429,0.5,0.5,0.633333333333333,0.633333333333333,0.246885359939347,0.246885359939347,FALSE,"ok"
849,"uniform_osr_angle_1_weak.csv","uniform_v_c_mid.csv",0,0.6,0.6,0.666666666666667,0.666666666666667,0.428571428571429,0.428571428571429,0.5,0.5,0.633333333333333,0.633333333333333,0.246885359939347,0.246885359939347,TRUE,"ok"
852,"uniform_osr_angle_2_mid.csv","uniform_osr_angle_2_weak.csv",0.07,0.6,0.6,0.666666666666667,0.666666666666667,0.428571428571429,0.428571428571429,0.5,0.5,0.633333333333333,0.633333333333333,0.246885359939347,0.246885359939347,FALSE,"ok"
858,"uniform_osr_angle_2_mid.csv","uniform_pol_2_mid.csv",0,0.6,0.6,0.666666666666667,0.666666666666667,0.428571428571429,0.428571428571429,0.5,0.5,0.633333333333333,0.633333333333333,0.246885359939347,0.246885359939347,TRUE,"ok"
895,"uniform_osr_angle_2_strong.csv","uniform_t_ir_1_weak.csv",0,0.6,0.6,0.666666666666667,0.666666666666667,0.428571428571429,0.428571428571429,0.5,0.5,0.633333333333333,0.633333333333333,0.246885359939347,0.246885359939347,TRUE,"ok"
904,"uniform_osr_angle_2_strong.csv","uniform_t_vis_2_weak.csv",0,0.6,0.6,0.666666666666667,0.666666666666667,0.428571428571429,0.428571428571429,0.5,0.5,0.633333333333333,0.633333333333333,0.246885359939347,0.246885359939347,TRUE,"ok"
932,"uniform_osr_angle_2_weak.csv","uniform_t_vis_2_mid.csv",0.11,0.6,0.6,0.666666666666667,0.666666666666667,0.428571428571429,0.428571428571429,0.5,0.5,0.633333333333333,0.633333333333333,0.246885359939347,0.246885359939347,FALSE,"ok"
938,"uniform_osr_angle_2_weak.csv","uniform_v_angle_1_mid.csv",0,0.6,0.6,0.666666666666667,0.666666666666667,0.428571428571429,0.428571428571429,0.5,0.5,0.633333333333333,0.633333333333333,0.246885359939347,0.246885359939347,TRUE,"ok"
942,"uniform_osr_angle_2_weak.csv","uniform_v_c_mid.csv",0,0.6,0.6,0.666666666666667,0.666666666666667,0.428571428571429,0.428571428571429,0.5,0.5,0.633333333333333,0.633333333333333,0.246885359939347,0.246885359939347,TRUE,"ok"
946,"uniform_osr_c_mid.csv","uniform_pol_1_mid.csv",0,0.6,0.6,0.666666666666667,0.666666666666667,0.428571428571429,0.428571428571429,0.5,0.5,0.633333333333333,0.633333333333333,0.246885359939347,0.246885359939347,TRUE,"ok"
953,"uniform_osr_c_mid.csv","uniform_t_ir_1_strong.csv",0,0.6,0.6,0.666666666666667,0.666666666666667,0.428571428571429,0.428571428571429,0.5,0.5,0.633333333333333,0.633333333333333,0.246885359939347,0.246885359939347,TRUE,"ok"
954,"uniform_osr_c_mid.csv","uniform_t_ir_1_weak.csv",0.08,0.6,0.6,0.666666666666667,0.666666666666667,0.428571428571429,0.428571428571429,0.5,0.5,0.633333333333333,0.633333333333333,0.246885359939347,0.246885359939347,FALSE,"ok"
958,"uniform_osr_c_mid.csv","uniform_t_vis_1_mid.csv",0,0.6,0.6,0.666666666666667,0.666666666666667,0.428571428571429,0.428571428571429,0.5,0.5,0.633333333333333,0.633333333333333,0.246885359939347,0.246885359939347,TRUE,"ok"
959,"uniform_osr_c_mid.csv","uniform_t_vis_1_strong.csv",0,0.6,0.6,0.666666666666667,0.666666666666667,0.428571428571429,0.428571428571429,0.5,0.5,0.633333333333333,0.633333333333333,0.246885359939347,0.246885359939347,TRUE,"ok"
960,"uniform_osr_c_mid.csv","uniform_t_vis_1_weak.csv",0.18,0.6,0.6,0.666666666666667,0.666666666666667,0.428571428571429,0.428571428571429,0.5,0.5,0.633333333333333,0.633333333333333,0.246885359939347,0.246885359939347,FALSE,"ok"
965,"uniform_osr_c_mid.csv","uniform_t_vis_3_strong.csv",0.03,0.6,0.6,0.666666666666667,0.666666666666667,0.428571428571429,0.428571428571429,0.5,0.5,0.633333333333333,0.633333333333333,0.246885359939347,0.246885359939347,FALSE,"ok"
980,"uniform_osr_c_strong.csv","uniform_t_ir_1_mid.csv",0.3,0.6,0.6,0.666666666666667,0.666666666666667,0.428571428571429,0.428571428571429,0.5,0.5,0.633333333333333,0.633333333333333,0.246885359939347,0.246885359939347,FALSE,"ok"
981,"uniform_osr_c_strong.csv","uniform_t_ir_1_strong.csv",0.15,0.6,0.6,0.666666666666667,0.666666666666667,0.428571428571429,0.428571428571429,0.5,0.5,0.633333333333333,0.633333333333333,0.246885359939347,0.246885359939347,FALSE,"ok"
983,"uniform_osr_c_strong.csv","uniform_t_ir_3_mid.csv",0,0.6,0.6,0.666666666666667,0.666666666666667,0.428571428571429,0.428571428571429,0.5,0.5,0.633333333333333,0.633333333333333,0.246885359939347,0.246885359939347,TRUE,"ok"
997,"uniform_osr_c_strong.csv","uniform_v_angle_2_mid.csv",0,0.6,0.6,0.666666666666667,0.666666666666667,0.428571428571429,0.428571428571429,0.5,0.5,0.633333333333333,0.633333333333333,0.246885359939347,0.246885359939347,TRUE,"ok"
1001,"uniform_osr_c_weak.csv","uniform_pol_1_mid.csv",0.03,0.6,0.6,0.666666666666667,0.666666666666667,0.428571428571429,0.428571428571429,0.5,0.5,0.633333333333333,0.633333333333333,0.246885359939347,0.246885359939347,FALSE,"ok"
1004,"uniform_osr_c_weak.csv","uniform_pol_2_strong.csv",0,0.6,0.6,0.666666666666667,0.666666666666667,0.428571428571429,0.428571428571429,0.5,0.5,0.633333333333333,0.633333333333333,0.246885359939347,0.246885359939347,TRUE,"ok"
1013,"uniform_osr_c_weak.csv","uniform_t_vis_1_mid.csv",0,0.6,0.6,0.666666666666667,0.666666666666667,0.428571428571429,0.428571428571429,0.5,0.5,0.633333333333333,0.633333333333333,0.246885359939347,0.246885359939347,TRUE,"ok"
1022,"uniform_osr_c_weak.csv","uniform_v_angle_1_mid.csv",0,0.6,0.6,0.666666666666667,0.666666666666667,0.428571428571429,0.428571428571429,0.5,0.5,0.633333333333333,0.633333333333333,0.246885359939347,0.246885359939347,TRUE,"ok"
1026,"uniform_osr_c_weak.csv","uniform_v_c_mid.csv",0.01,0.6,0.6,0.666666666666667,0.666666666666667,0.428571428571429,0.428571428571429,0.5,0.5,0.633333333333333,0.633333333333333,0.246885359939347,0.246885359939347,FALSE,"ok"
1029,"uniform_pol_1_mid.csv","uniform_pol_2_mid.csv",0.01,0.6,0.6,0.666666666666667,0.666666666666667,0.428571428571429,0.428571428571429,0.5,0.5,0.633333333333333,0.633333333333333,0.246885359939347,0.246885359939347,FALSE,"ok"
1030,"uniform_pol_1_mid.csv","uniform_pol_2_strong.csv",0,0.6,0.6,0.666666666666667,0.666666666666667,0.428571428571429,0.428571428571429,0.5,0.5,0.633333333333333,0.633333333333333,0.246885359939347,0.246885359939347,TRUE,"ok"
1033,"uniform_pol_1_mid.csv","uniform_t_ir_1_mid.csv",0,0.6,0.6,0.666666666666667,0.666666666666667,0.428571428571429,0.428571428571429,0.5,0.5,0.633333333333333,0.633333333333333,0.246885359939347,0.246885359939347,TRUE,"ok"
1048,"uniform_pol_1_mid.csv","uniform_v_angle_1_mid.csv",0.03,0.6,0.6,0.666666666666667,0.666666666666667,0.428571428571429,0.428571428571429,0.5,0.5,0.633333333333333,0.633333333333333,0.246885359939347,0.246885359939347,FALSE,"ok"
1052,"uniform_pol_1_mid.csv","uniform_v_c_mid.csv",0,0.6,0.6,0.666666666666667,0.666666666666667,0.428571428571429,0.428571428571429,0.5,0.5,0.633333333333333,0.633333333333333,0.246885359939347,0.246885359939347,TRUE,"ok"
1065,"uniform_pol_1_strong.csv","uniform_t_vis_1_strong.csv",0.05,0.6,0.6,0.666666666666667,0.666666666666667,0.428571428571429,0.428571428571429,0.5,0.5,0.633333333333333,0.633333333333333,0.246885359939347,0.246885359939347,FALSE,"ok"
1071,"uniform_pol_1_strong.csv","uniform_t_vis_3_strong.csv",0.01,0.6,0.6,0.666666666666667,0.666666666666667,0.428571428571429,0.428571428571429,0.5,0.5,0.633333333333333,0.633333333333333,0.246885359939347,0.246885359939347,FALSE,"ok"
1074,"uniform_pol_1_strong.csv","uniform_v_angle_1_strong.csv",0,0.6,0.6,0.666666666666667,0.666666666666667,0.428571428571429,0.428571428571429,0.5,0.5,0.633333333333333,0.633333333333333,0.246885359939347,0.246885359939347,TRUE,"ok"
1077,"uniform_pol_1_strong.csv","uniform_v_c_mid.csv",0.02,0.6,0.6,0.666666666666667,0.666666666666667,0.428571428571429,0.428571428571429,0.5,0.5,0.633333333333333,0.633333333333333,0.246885359939347,0.246885359939347,FALSE,"ok"
1083,"uniform_pol_2_mid.csv","uniform_t_ir_1_strong.csv",0,0.6,0.6,0.666666666666667,0.666666666666667,0.428571428571429,0.428571428571429,0.5,0.5,0.633333333333333,0.633333333333333,0.246885359939347,0.246885359939347,TRUE,"ok"
1085,"uniform_pol_2_mid.csv","uniform_t_ir_3_mid.csv",0,0.6,0.6,0.666666666666667,0.666666666666667,0.428571428571429,0.428571428571429,0.5,0.5,0.633333333333333,0.633333333333333,0.246885359939347,0.246885359939347,TRUE,"ok"
1087,"uniform_pol_2_mid.csv","uniform_t_ir_3_weak.csv",0.3,0.6,0.6,0.666666666666667,0.666666666666667,0.428571428571429,0.428571428571429,0.5,0.5,0.633333333333333,0.633333333333333,0.246885359939347,0.246885359939347,FALSE,"ok"
1090,"uniform_pol_2_mid.csv","uniform_t_vis_1_weak.csv",0,0.6,0.6,0.666666666666667,0.666666666666667,0.428571428571429,0.428571428571429,0.5,0.5,0.633333333333333,0.633333333333333,0.246885359939347,0.246885359939347,TRUE,"ok"
1097,"uniform_pol_2_mid.csv","uniform_v_angle_1_mid.csv",0.18,0.6,0.6,0.666666666666667,0.666666666666667,0.428571428571429,0.428571428571429,0.5,0.5,0.633333333333333,0.633333333333333,0.246885359939347,0.246885359939347,FALSE,"ok"
1107,"uniform_pol_2_strong.csv","uniform_t_ir_1_weak.csv",0,0.6,0.6,0.666666666666667,0.666666666666667,0.428571428571429,0.428571428571429,0.5,0.5,0.633333333333333,0.633333333333333,0.246885359939347,0.246885359939347,TRUE,"ok"
1108,"uniform_pol_2_strong.csv","uniform_t_ir_3_mid.csv",0.02,0.6,0.6,0.666666666666667,0.666666666666667,0.428571428571429,0.428571428571429,0.5,0.5,0.633333333333333,0.633333333333333,0.246885359939347,0.246885359939347,FALSE,"ok"
1111,"uniform_pol_2_strong.csv","uniform_t_vis_1_mid.csv",0,0.6,0.6,0.666666666666667,0.666666666666667,0.428571428571429,0.428571428571429,0.5,0.5,0.633333333333333,0.633333333333333,0.246885359939347,0.246885359939347,TRUE,"ok"
1112,"uniform_pol_2_strong.csv","uniform_t_vis_1_strong.csv",0.28,0.6,0.6,0.666666666666667,0.666666666666667,0.428571428571429,0.428571428571429,0.5,0.5,0.633333333333333,0.633333333333333,0.246885359939347,0.246885359939347,FALSE,"ok"
1113,"uniform_pol_2_strong.csv","uniform_t_vis_1_weak.csv",0,0.6,0.6,0.666666666666667,0.666666666666667,0.428571428571429,0.428571428571429,0.5,0.5,0.633333333333333,0.633333333333333,0.246885359939347,0.246885359939347,TRUE,"ok"
1120,"uniform_pol_2_strong.csv","uniform_v_angle_1_mid.csv",0,0.6,0.6,0.666666666666667,0.666666666666667,0.428571428571429,0.428571428571429,0.5,0.5,0.633333333333333,0.633333333333333,0.246885359939347,0.246885359939347,TRUE,"ok"
1121,"uniform_pol_2_strong.csv","uniform_v_angle_1_strong.csv",0,0.6,0.6,0.666666666666667,0.666666666666667,0.428571428571429,0.428571428571429,0.5,0.5,0.633333333333333,0.633333333333333,0.246885359939347,0.246885359939347,TRUE,"ok"
1130,"uniform_red_mid.csv","uniform_t_ir_3_mid.csv",0,0.6,0.6,0.666666666666667,0.666666666666667,0.428571428571429,0.428571428571429,0.5,0.5,0.633333333333333,0.633333333333333,0.246885359939347,0.246885359939347,TRUE,"ok"
1151,"uniform_red_strong.csv","uniform_t_ir_3_mid.csv",0.19,0.6,0.6,0.666666666666667,0.666666666666667,0.428571428571429,0.428571428571429,0.5,0.5,0.633333333333333,0.633333333333333,0.246885359939347,0.246885359939347,FALSE,"ok"
1165,"uniform_red_strong.csv","uniform_v_angle_2_mid.csv",0,0.6,0.6,0.666666666666667,0.666666666666667,0.428571428571429,0.428571428571429,0.5,0.5,0.633333333333333,0.633333333333333,0.246885359939347,0.246885359939347,TRUE,"ok"
1174,"uniform_t_ir_1_mid.csv","uniform_t_vis_1_mid.csv",0.34,0.6,0.6,0.666666666666667,0.666666666666667,0.428571428571429,0.428571428571429,0.5,0.5,0.633333333333333,0.633333333333333,0.246885359939347,0.246885359939347,FALSE,"ok"
1178,"uniform_t_ir_1_mid.csv","uniform_t_vis_2_strong.csv",0.29,0.6,0.6,0.666666666666667,0.666666666666667,0.428571428571429,0.428571428571429,0.5,0.5,0.633333333333333,0.633333333333333,0.246885359939347,0.246885359939347,FALSE,"ok"
1181,"uniform_t_ir_1_mid.csv","uniform_t_vis_3_strong.csv",0,0.6,0.6,0.666666666666667,0.666666666666667,0.428571428571429,0.428571428571429,0.5,0.5,0.633333333333333,0.633333333333333,0.246885359939347,0.246885359939347,TRUE,"ok"
1182,"uniform_t_ir_1_mid.csv","uniform_t_vis_3_weak.csv",0,0.6,0.6,0.666666666666667,0.666666666666667,0.428571428571429,0.428571428571429,0.5,0.5,0.633333333333333,0.633333333333333,0.246885359939347,0.246885359939347,TRUE,"ok"
1188,"uniform_t_ir_1_mid.csv","uniform_v_c_strong.csv",0,0.6,0.6,0.666666666666667,0.666666666666667,0.428571428571429,0.428571428571429,0.5,0.5,0.633333333333333,0.633333333333333,0.246885359939347,0.246885359939347,TRUE,"ok"
1200,"uniform_t_ir_1_strong.csv","uniform_t_vis_3_strong.csv",0.08,0.6,0.6,0.666666666666667,0.666666666666667,0.428571428571429,0.428571428571429,0.5,0.5,0.633333333333333,0.633333333333333,0.246885359939347,0.246885359939347,FALSE,"ok"
1204,"uniform_t_ir_1_strong.csv","uniform_v_angle_2_mid.csv",0,0.6,0.6,0.666666666666667,0.666666666666667,0.428571428571429,0.428571428571429,0.5,0.5,0.633333333333333,0.633333333333333,0.246885359939347,0.246885359939347,TRUE,"ok"
1218,"uniform_t_ir_1_weak.csv","uniform_t_vis_3_strong.csv",0.16,0.6,0.6,0.666666666666667,0.666666666666667,0.428571428571429,0.428571428571429,0.5,0.5,0.633333333333333,0.633333333333333,0.246885359939347,0.246885359939347,FALSE,"ok"
1222,"uniform_t_ir_1_weak.csv","uniform_v_angle_2_mid.csv",0,0.6,0.6,0.666666666666667,0.666666666666667,0.428571428571429,0.428571428571429,0.5,0.5,0.633333333333333,0.633333333333333,0.246885359939347,0.246885359939347,TRUE,"ok"
1225,"uniform_t_ir_1_weak.csv","uniform_v_c_strong.csv",0,0.6,0.6,0.666666666666667,0.666666666666667,0.428571428571429,0.428571428571429,0.5,0.5,0.633333333333333,0.633333333333333,0.246885359939347,0.246885359939347,TRUE,"ok"
1237,"uniform_t_ir_3_mid.csv","uniform_v_angle_1_mid.csv",0,0.6,0.6,0.666666666666667,0.666666666666667,0.428571428571429,0.428571428571429,0.5,0.5,0.633333333333333,0.633333333333333,0.246885359939347,0.246885359939347,TRUE,"ok"
1239,"uniform_t_ir_3_mid.csv","uniform_v_angle_2_mid.csv",0,0.6,0.6,0.666666666666667,0.666666666666667,0.428571428571429,0.428571428571429,0.5,0.5,0.633333333333333,0.633333333333333,0.246885359939347,0.246885359939347,TRUE,"ok"
1243,"uniform_t_ir_3_strong.csv","uniform_t_ir_3_weak.csv",0,0.6,0.6,0.666666666666667,0.666666666666667,0.428571428571429,0.428571428571429,0.5,0.5,0.633333333333333,0.633333333333333,0.246885359939347,0.246885359939347,TRUE,"ok"
1268,"uniform_t_ir_3_weak.csv","uniform_v_angle_1_mid.csv",0,0.6,0.6,0.666666666666667,0.666666666666667,0.428571428571429,0.428571428571429,0.5,0.5,0.633333333333333,0.633333333333333,0.246885359939347,0.246885359939347,TRUE,"ok"
1270,"uniform_t_ir_3_weak.csv","uniform_v_angle_2_mid.csv",0,0.6,0.6,0.666666666666667,0.666666666666667,0.428571428571429,0.428571428571429,0.5,0.5,0.633333333333333,0.633333333333333,0.246885359939347,0.246885359939347,TRUE,"ok"
1272,"uniform_t_ir_3_weak.csv","uniform_v_c_mid.csv",0.42,0.6,0.6,0.666666666666667,0.666666666666667,0.428571428571429,0.428571428571429,0.5,0.5,0.633333333333333,0.633333333333333,0.246885359939347,0.246885359939347,FALSE,"ok"
1274,"uniform_t_vis_1_mid.csv","uniform_t_vis_1_strong.csv",0,0.6,0.6,0.666666666666667,0.666666666666667,0.428571428571429,0.428571428571429,0.5,0.5,0.633333333333333,0.633333333333333,0.246885359939347,0.246885359939347,TRUE,"ok"
1278,"uniform_t_vis_1_mid.csv","uniform_t_vis_2_weak.csv",0.02,0.6,0.6,0.666666666666667,0.666666666666667,0.428571428571429,0.428571428571429,0.5,0.5,0.633333333333333,0.633333333333333,0.246885359939347,0.246885359939347,FALSE,"ok"
1279,"uniform_t_vis_1_mid.csv","uniform_t_vis_3_mid.csv",0,0.6,0.6,0.666666666666667,0.666666666666667,0.428571428571429,0.428571428571429,0.5,0.5,0.633333333333333,0.633333333333333,0.246885359939347,0.246885359939347,TRUE,"ok"
1295,"uniform_t_vis_1_strong.csv","uniform_v_angle_1_mid.csv",0,0.6,0.6,0.666666666666667,0.666666666666667,0.428571428571429,0.428571428571429,0.5,0.5,0.633333333333333,0.633333333333333,0.246885359939347,0.246885359939347,TRUE,"ok"
1297,"uniform_t_vis_1_strong.csv","uniform_v_angle_2_mid.csv",0,0.6,0.6,0.666666666666667,0.666666666666667,0.428571428571429,0.428571428571429,0.5,0.5,0.633333333333333,0.633333333333333,0.246885359939347,0.246885359939347,TRUE,"ok"
1307,"uniform_t_vis_1_weak.csv","uniform_v_angle_1_mid.csv",0.13,0.6,0.6,0.666666666666667,0.666666666666667,0.428571428571429,0.428571428571429,0.5,0.5,0.633333333333333,0.633333333333333,0.246885359939347,0.246885359939347,FALSE,"ok"
1314,"uniform_t_vis_2_mid.csv","uniform_t_vis_2_weak.csv",0,0.6,0.6,0.666666666666667,0.666666666666667,0.428571428571429,0.428571428571429,0.5,0.5,0.633333333333333,0.633333333333333,0.246885359939347,0.246885359939347,TRUE,"ok"
1330,"uniform_t_vis_2_strong.csv","uniform_v_angle_2_mid.csv",0.29,0.6,0.6,0.666666666666667,0.666666666666667,0.428571428571429,0.428571428571429,0.5,0.5,0.633333333333333,0.633333333333333,0.246885359939347,0.246885359939347,FALSE,"ok"
1357,"uniform_t_vis_3_strong.csv","uniform_v_c_strong.csv",0,0.6,0.6,0.666666666666667,0.666666666666667,0.428571428571429,0.428571428571429,0.5,0.5,0.633333333333333,0.633333333333333,0.246885359939347,0.246885359939347,TRUE,"ok"
1367,"uniform_v_angle_1_mid.csv","uniform_v_c_mid.csv",0,0.6,0.6,0.666666666666667,0.666666666666667,0.428571428571429,0.428571428571429,0.5,0.5,0.633333333333333,0.633333333333333,0.246885359939347,0.246885359939347,TRUE,"ok"
1374,"uniform_v_angle_2_mid.csv","uniform_v_c_mid.csv",0,0.6,0.6,0.666666666666667,0.666666666666667,0.428571428571429,0.428571428571429,0.5,0.5,0.633333333333333,0.633333333333333,0.246885359939347,0.246885359939347,TRUE,"ok"
1375,"uniform_v_angle_2_mid.csv","uniform_v_c_strong.csv",0,0.6,0.6,0.666666666666667,0.666666666666667,0.428571428571429,0.428571428571429,0.5,0.5,0.633333333333333,0.633333333333333,0.246885359939347,0.246885359939347,TRUE,"ok"
1376,"uniform_v_angle_2_strong.csv","uniform_v_c_mid.csv",0,0.6,0.6,0.666666666666667,0.666666666666667,0.428571428571429,0.428571428571429,0.5,0.5,0.633333333333333,0.633333333333333,0.246885359939347,0.246885359939347,TRUE,"ok"
6,"uniform_blue_mid.csv","uniform_diode_vis_1_mid.csv",0.09,0.6,0.6,0.583333333333333,0.583333333333333,0.375,0.375,0.461538461538462,0.461538461538462,0.591666666666667,0.591666666666667,0.167359670348801,0.167359670348801,FALSE,"ok"
11,"uniform_blue_mid.csv","uniform_l_11_mid.csv",0.09,0.6,0.6,0.583333333333333,0.583333333333333,0.375,0.375,0.461538461538462,0.461538461538462,0.591666666666667,0.591666666666667,0.167359670348801,0.167359670348801,FALSE,"ok"
22,"uniform_blue_mid.csv","uniform_osr_angle_2_weak.csv",0,0.6,0.6,0.583333333333333,0.583333333333333,0.375,0.375,0.461538461538462,0.461538461538462,0.591666666666667,0.591666666666667,0.167359670348801,0.167359670348801,TRUE,"ok"
25,"uniform_blue_mid.csv","uniform_osr_c_weak.csv",0.12,0.6,0.6,0.583333333333333,0.583333333333333,0.375,0.375,0.461538461538462,0.461538461538462,0.591666666666667,0.591666666666667,0.167359670348801,0.167359670348801,FALSE,"ok"
32,"uniform_blue_mid.csv","uniform_t_ir_1_mid.csv",0.08,0.6,0.6,0.583333333333333,0.583333333333333,0.375,0.375,0.461538461538462,0.461538461538462,0.591666666666667,0.591666666666667,0.167359670348801,0.167359670348801,FALSE,"ok"
35,"uniform_blue_mid.csv","uniform_t_ir_3_mid.csv",0.03,0.6,0.6,0.583333333333333,0.583333333333333,0.375,0.375,0.461538461538462,0.461538461538462,0.591666666666667,0.591666666666667,0.167359670348801,0.167359670348801,FALSE,"ok"
38,"uniform_blue_mid.csv","uniform_t_vis_1_mid.csv",0.07,0.6,0.6,0.583333333333333,0.583333333333333,0.375,0.375,0.461538461538462,0.461538461538462,0.591666666666667,0.591666666666667,0.167359670348801,0.167359670348801,FALSE,"ok"
39,"uniform_blue_mid.csv","uniform_t_vis_1_strong.csv",0.15,0.6,0.6,0.583333333333333,0.583333333333333,0.375,0.375,0.461538461538462,0.461538461538462,0.591666666666667,0.591666666666667,0.167359670348801,0.167359670348801,FALSE,"ok"
47,"uniform_blue_mid.csv","uniform_v_angle_1_mid.csv",0,0.6,0.6,0.583333333333333,0.583333333333333,0.375,0.375,0.461538461538462,0.461538461538462,0.591666666666667,0.591666666666667,0.167359670348801,0.167359670348801,TRUE,"ok"
48,"uniform_blue_mid.csv","uniform_v_angle_1_strong.csv",0.1,0.6,0.6,0.583333333333333,0.583333333333333,0.375,0.375,0.461538461538462,0.461538461538462,0.591666666666667,0.591666666666667,0.167359670348801,0.167359670348801,FALSE,"ok"
49,"uniform_blue_mid.csv","uniform_v_angle_2_mid.csv",0,0.6,0.6,0.583333333333333,0.583333333333333,0.375,0.375,0.461538461538462,0.461538461538462,0.591666666666667,0.591666666666667,0.167359670348801,0.167359670348801,TRUE,"ok"
58,"uniform_blue_strong.csv","uniform_diode_vis_2_mid.csv",0,0.6,0.6,0.583333333333333,0.583333333333333,0.375,0.375,0.461538461538462,0.461538461538462,0.591666666666667,0.591666666666667,0.167359670348801,0.167359670348801,TRUE,"ok"
79,"uniform_blue_strong.csv","uniform_pol_2_mid.csv",0.39,0.6,0.6,0.583333333333333,0.583333333333333,0.375,0.375,0.461538461538462,0.461538461538462,0.591666666666667,0.591666666666667,0.167359670348801,0.167359670348801,FALSE,"ok"
82,"uniform_blue_strong.csv","uniform_red_strong.csv",0,0.6,0.6,0.583333333333333,0.583333333333333,0.375,0.375,0.461538461538462,0.461538461538462,0.591666666666667,0.591666666666667,0.167359670348801,0.167359670348801,TRUE,"ok"
92,"uniform_blue_strong.csv","uniform_t_vis_2_mid.csv",0,0.6,0.6,0.583333333333333,0.583333333333333,0.375,0.375,0.461538461538462,0.461538461538462,0.591666666666667,0.591666666666667,0.167359670348801,0.167359670348801,TRUE,"ok"
103,"uniform_blue_strong.csv","uniform_v_c_strong.csv",0.05,0.6,0.6,0.583333333333333,0.583333333333333,0.375,0.375,0.461538461538462,0.461538461538462,0.591666666666667,0.591666666666667,0.167359670348801,0.167359670348801,FALSE,"ok"
111,"uniform_diode_ir_1_mid.csv","uniform_green_strong.csv",0,0.6,0.6,0.583333333333333,0.583333333333333,0.375,0.375,0.461538461538462,0.461538461538462,0.591666666666667,0.591666666666667,0.167359670348801,0.167359670348801,TRUE,"ok"
113,"uniform_diode_ir_1_mid.csv","uniform_l_12_mid.csv",0,0.6,0.6,0.583333333333333,0.583333333333333,0.375,0.375,0.461538461538462,0.461538461538462,0.591666666666667,0.591666666666667,0.167359670348801,0.167359670348801,TRUE,"ok"
117,"uniform_diode_ir_1_mid.csv","uniform_l_32_mid.csv",0,0.6,0.6,0.583333333333333,0.583333333333333,0.375,0.375,0.461538461538462,0.461538461538462,0.591666666666667,0.591666666666667,0.167359670348801,0.167359670348801,TRUE,"ok"
121,"uniform_diode_ir_1_mid.csv","uniform_osr_angle_2_mid.csv",0,0.6,0.6,0.583333333333333,0.583333333333333,0.375,0.375,0.461538461538462,0.461538461538462,0.591666666666667,0.591666666666667,0.167359670348801,0.167359670348801,TRUE,"ok"
122,"uniform_diode_ir_1_mid.csv","uniform_osr_angle_2_strong.csv",0.09,0.6,0.6,0.583333333333333,0.583333333333333,0.375,0.375,0.461538461538462,0.461538461538462,0.591666666666667,0.591666666666667,0.167359670348801,0.167359670348801,FALSE,"ok"
130,"uniform_diode_ir_1_mid.csv","uniform_pol_2_strong.csv",0,0.6,0.6,0.583333333333333,0.583333333333333,0.375,0.375,0.461538461538462,0.461538461538462,0.591666666666667,0.591666666666667,0.167359670348801,0.167359670348801,TRUE,"ok"
138,"uniform_diode_ir_1_mid.csv","uniform_t_ir_3_weak.csv",0.03,0.6,0.6,0.583333333333333,0.583333333333333,0.375,0.375,0.461538461538462,0.461538461538462,0.591666666666667,0.591666666666667,0.167359670348801,0.167359670348801,FALSE,"ok"
139,"uniform_diode_ir_1_mid.csv","uniform_t_vis_1_mid.csv",0.21,0.6,0.6,0.583333333333333,0.583333333333333,0.375,0.375,0.461538461538462,0.461538461538462,0.591666666666667,0.591666666666667,0.167359670348801,0.167359670348801,FALSE,"ok"
142,"uniform_diode_ir_1_mid.csv","uniform_t_vis_2_mid.csv",0.41,0.6,0.6,0.583333333333333,0.583333333333333,0.375,0.375,0.461538461538462,0.461538461538462,0.591666666666667,0.591666666666667,0.167359670348801,0.167359670348801,FALSE,"ok"
157,"uniform_diode_ir_1_strong.csv","uniform_diode_vis_2_mid.csv",0.53,0.6,0.6,0.583333333333333,0.583333333333333,0.375,0.375,0.461538461538462,0.461538461538462,0.591666666666667,0.591666666666667,0.167359670348801,0.167359670348801,FALSE,"ok"
159,"uniform_diode_ir_1_strong.csv","uniform_green_mid.csv",0,0.6,0.6,0.583333333333333,0.583333333333333,0.375,0.375,0.461538461538462,0.461538461538462,0.591666666666667,0.591666666666667,0.167359670348801,0.167359670348801,TRUE,"ok"
178,"uniform_diode_ir_1_strong.csv","uniform_pol_2_mid.csv",0,0.6,0.6,0.583333333333333,0.583333333333333,0.375,0.375,0.461538461538462,0.461538461538462,0.591666666666667,0.591666666666667,0.167359670348801,0.167359670348801,TRUE,"ok"
181,"uniform_diode_ir_1_strong.csv","uniform_red_strong.csv",0.17,0.6,0.6,0.583333333333333,0.583333333333333,0.375,0.375,0.461538461538462,0.461538461538462,0.591666666666667,0.591666666666667,0.167359670348801,0.167359670348801,FALSE,"ok"
187,"uniform_diode_ir_1_strong.csv","uniform_t_ir_3_weak.csv",0,0.6,0.6,0.583333333333333,0.583333333333333,0.375,0.375,0.461538461538462,0.461538461538462,0.591666666666667,0.591666666666667,0.167359670348801,0.167359670348801,TRUE,"ok"
188,"uniform_diode_ir_1_strong.csv","uniform_t_vis_1_mid.csv",0,0.6,0.6,0.583333333333333,0.583333333333333,0.375,0.375,0.461538461538462,0.461538461538462,0.591666666666667,0.591666666666667,0.167359670348801,0.167359670348801,TRUE,"ok"
189,"uniform_diode_ir_1_strong.csv","uniform_t_vis_1_strong.csv",0.15,0.6,0.6,0.583333333333333,0.583333333333333,0.375,0.375,0.461538461538462,0.461538461538462,0.591666666666667,0.591666666666667,0.167359670348801,0.167359670348801,FALSE,"ok"
195,"uniform_diode_ir_1_strong.csv","uniform_t_vis_3_strong.csv",0,0.6,0.6,0.583333333333333,0.583333333333333,0.375,0.375,0.461538461538462,0.461538461538462,0.591666666666667,0.591666666666667,0.167359670348801,0.167359670348801,TRUE,"ok"
196,"uniform_diode_ir_1_strong.csv","uniform_t_vis_3_weak.csv",0,0.6,0.6,0.583333333333333,0.583333333333333,0.375,0.375,0.461538461538462,0.461538461538462,0.591666666666667,0.591666666666667,0.167359670348801,0.167359670348801,TRUE,"ok"
203,"uniform_diode_ir_3_mid.csv","uniform_diode_ir_3_strong.csv",0,0.6,0.6,0.583333333333333,0.583333333333333,0.375,0.375,0.461538461538462,0.461538461538462,0.591666666666667,0.591666666666667,0.167359670348801,0.167359670348801,TRUE,"ok"
204,"uniform_diode_ir_3_mid.csv","uniform_diode_vis_1_mid.csv",0.06,0.6,0.6,0.583333333333333,0.583333333333333,0.375,0.375,0.461538461538462,0.461538461538462,0.591666666666667,0.591666666666667,0.167359670348801,0.167359670348801,FALSE,"ok"
205,"uniform_diode_ir_3_mid.csv","uniform_diode_vis_2_mid.csv",0.3,0.6,0.6,0.583333333333333,0.583333333333333,0.375,0.375,0.461538461538462,0.461538461538462,0.591666666666667,0.591666666666667,0.167359670348801,0.167359670348801,FALSE,"ok"
208,"uniform_diode_ir_3_mid.csv","uniform_green_strong.csv",0,0.6,0.6,0.583333333333333,0.583333333333333,0.375,0.375,0.461538461538462,0.461538461538462,0.591666666666667,0.591666666666667,0.167359670348801,0.167359670348801,TRUE,"ok"
210,"uniform_diode_ir_3_mid.csv","uniform_l_12_mid.csv",0.11,0.6,0.6,0.583333333333333,0.583333333333333,0.375,0.375,0.461538461538462,0.461538461538462,0.591666666666667,0.591666666666667,0.167359670348801,0.167359670348801,FALSE,"ok"
216,"uniform_diode_ir_3_mid.csv","uniform_osr_angle_1_strong.csv",0,0.6,0.6,0.583333333333333,0.583333333333333,0.375,0.375,0.461538461538462,0.461538461538462,0.591666666666667,0.591666666666667,0.167359670348801,0.167359670348801,TRUE,"ok"
219,"uniform_diode_ir_3_mid.csv","uniform_osr_angle_2_strong.csv",0,0.6,0.6,0.583333333333333,0.583333333333333,0.375,0.375,0.461538461538462,0.461538461538462,0.591666666666667,0.591666666666667,0.167359670348801,0.167359670348801,TRUE,"ok"
220,"uniform_diode_ir_3_mid.csv","uniform_osr_angle_2_weak.csv",0.04,0.6,0.6,0.583333333333333,0.583333333333333,0.375,0.375,0.461538461538462,0.461538461538462,0.591666666666667,0.591666666666667,0.167359670348801,0.167359670348801,FALSE,"ok"
221,"uniform_diode_ir_3_mid.csv","uniform_osr_c_mid.csv",0.12,0.6,0.6,0.583333333333333,0.583333333333333,0.375,0.375,0.461538461538462,0.461538461538462,0.591666666666667,0.591666666666667,0.167359670348801,0.167359670348801,FALSE,"ok"
222,"uniform_diode_ir_3_mid.csv","uniform_osr_c_strong.csv",0,0.6,0.6,0.583333333333333,0.583333333333333,0.375,0.375,0.461538461538462,0.461538461538462,0.591666666666667,0.591666666666667,0.167359670348801,0.167359670348801,TRUE,"ok"
226,"uniform_diode_ir_3_mid.csv","uniform_pol_2_mid.csv",0.01,0.6,0.6,0.583333333333333,0.583333333333333,0.375,0.375,0.461538461538462,0.461538461538462,0.591666666666667,0.591666666666667,0.167359670348801,0.167359670348801,FALSE,"ok"
227,"uniform_diode_ir_3_mid.csv","uniform_pol_2_strong.csv",0,0.6,0.6,0.583333333333333,0.583333333333333,0.375,0.375,0.461538461538462,0.461538461538462,0.591666666666667,0.591666666666667,0.167359670348801,0.167359670348801,TRUE,"ok"
229,"uniform_diode_ir_3_mid.csv","uniform_red_strong.csv",0.09,0.6,0.6,0.583333333333333,0.583333333333333,0.375,0.375,0.461538461538462,0.461538461538462,0.591666666666667,0.591666666666667,0.167359670348801,0.167359670348801,FALSE,"ok"
239,"uniform_diode_ir_3_mid.csv","uniform_t_vis_2_mid.csv",0.16,0.6,0.6,0.583333333333333,0.583333333333333,0.375,0.375,0.461538461538462,0.461538461538462,0.591666666666667,0.591666666666667,0.167359670348801,0.167359670348801,FALSE,"ok"
243,"uniform_diode_ir_3_mid.csv","uniform_t_vis_3_strong.csv",0.03,0.6,0.6,0.583333333333333,0.583333333333333,0.375,0.375,0.461538461538462,0.461538461538462,0.591666666666667,0.591666666666667,0.167359670348801,0.167359670348801,FALSE,"ok"
244,"uniform_diode_ir_3_mid.csv","uniform_t_vis_3_weak.csv",0,0.6,0.6,0.583333333333333,0.583333333333333,0.375,0.375,0.461538461538462,0.461538461538462,0.591666666666667,0.591666666666667,0.167359670348801,0.167359670348801,TRUE,"ok"
248,"uniform_diode_ir_3_mid.csv","uniform_v_angle_2_strong.csv",0,0.6,0.6,0.583333333333333,0.583333333333333,0.375,0.375,0.461538461538462,0.461538461538462,0.591666666666667,0.591666666666667,0.167359670348801,0.167359670348801,TRUE,"ok"
251,"uniform_diode_ir_3_strong.csv","uniform_diode_vis_1_mid.csv",0,0.6,0.6,0.583333333333333,0.583333333333333,0.375,0.375,0.461538461538462,0.461538461538462,0.591666666666667,0.591666666666667,0.167359670348801,0.167359670348801,TRUE,"ok"
269,"uniform_diode_ir_3_strong.csv","uniform_osr_c_strong.csv",0.04,0.6,0.6,0.583333333333333,0.583333333333333,0.375,0.375,0.461538461538462,0.461538461538462,0.591666666666667,0.591666666666667,0.167359670348801,0.167359670348801,FALSE,"ok"
277,"uniform_diode_ir_3_strong.csv","uniform_t_ir_1_mid.csv",0.1,0.6,0.6,0.583333333333333,0.583333333333333,0.375,0.375,0.461538461538462,0.461538461538462,0.591666666666667,0.591666666666667,0.167359670348801,0.167359670348801,FALSE,"ok"
284,"uniform_diode_ir_3_strong.csv","uniform_t_vis_1_strong.csv",0.01,0.6,0.6,0.583333333333333,0.583333333333333,0.375,0.375,0.461538461538462,0.461538461538462,0.591666666666667,0.591666666666667,0.167359670348801,0.167359670348801,FALSE,"ok"
285,"uniform_diode_ir_3_strong.csv","uniform_t_vis_1_weak.csv",0.08,0.6,0.6,0.583333333333333,0.583333333333333,0.375,0.375,0.461538461538462,0.461538461538462,0.591666666666667,0.591666666666667,0.167359670348801,0.167359670348801,FALSE,"ok"
290,"uniform_diode_ir_3_strong.csv","uniform_t_vis_3_strong.csv",0,0.6,0.6,0.583333333333333,0.583333333333333,0.375,0.375,0.461538461538462,0.461538461538462,0.591666666666667,0.591666666666667,0.167359670348801,0.167359670348801,TRUE,"ok"
292,"uniform_diode_ir_3_strong.csv","uniform_v_angle_1_mid.csv",0,0.6,0.6,0.583333333333333,0.583333333333333,0.375,0.375,0.461538461538462,0.461538461538462,0.591666666666667,0.591666666666667,0.167359670348801,0.167359670348801,TRUE,"ok"
301,"uniform_diode_vis_1_mid.csv","uniform_green_strong.csv",0.12,0.6,0.6,0.583333333333333,0.583333333333333,0.375,0.375,0.461538461538462,0.461538461538462,0.591666666666667,0.591666666666667,0.167359670348801,0.167359670348801,FALSE,"ok"
303,"uniform_diode_vis_1_mid.csv","uniform_l_12_mid.csv",0.2,0.6,0.6,0.583333333333333,0.583333333333333,0.375,0.375,0.461538461538462,0.461538461538462,0.591666666666667,0.591666666666667,0.167359670348801,0.167359670348801,FALSE,"ok"
308,"uniform_diode_vis_1_mid.csv","uniform_osr_angle_1_mid.csv",0.08,0.6,0.6,0.583333333333333,0.583333333333333,0.375,0.375,0.461538461538462,0.461538461538462,0.591666666666667,0.591666666666667,0.167359670348801,0.167359670348801,FALSE,"ok"
314,"uniform_diode_vis_1_mid.csv","uniform_osr_c_mid.csv",0,0.6,0.6,0.583333333333333,0.583333333333333,0.375,0.375,0.461538461538462,0.461538461538462,0.591666666666667,0.591666666666667,0.167359670348801,0.167359670348801,TRUE,"ok"
317,"uniform_diode_vis_1_mid.csv","uniform_pol_1_mid.csv",0,0.6,0.6,0.583333333333333,0.583333333333333,0.375,0.375,0.461538461538462,0.461538461538462,0.591666666666667,0.591666666666667,0.167359670348801,0.167359670348801,TRUE,"ok"
322,"uniform_diode_vis_1_mid.csv","uniform_red_strong.csv",0,0.6,0.6,0.583333333333333,0.583333333333333,0.375,0.375,0.461538461538462,0.461538461538462,0.591666666666667,0.591666666666667,0.167359670348801,0.167359670348801,TRUE,"ok"
323,"uniform_diode_vis_1_mid.csv","uniform_t_ir_1_mid.csv",0.06,0.6,0.6,0.583333333333333,0.583333333333333,0.375,0.375,0.461538461538462,0.461538461538462,0.591666666666667,0.591666666666667,0.167359670348801,0.167359670348801,FALSE,"ok"
336,"uniform_diode_vis_1_mid.csv","uniform_t_vis_3_strong.csv",0,0.6,0.6,0.583333333333333,0.583333333333333,0.375,0.375,0.461538461538462,0.461538461538462,0.591666666666667,0.591666666666667,0.167359670348801,0.167359670348801,TRUE,"ok"
338,"uniform_diode_vis_1_mid.csv","uniform_v_angle_1_mid.csv",0.23,0.6,0.6,0.583333333333333,0.583333333333333,0.375,0.375,0.461538461538462,0.461538461538462,0.591666666666667,0.591666666666667,0.167359670348801,0.167359670348801,FALSE,"ok"
340,"uniform_diode_vis_1_mid.csv","uniform_v_angle_2_mid.csv",0,0.6,0.6,0.583333333333333,0.583333333333333,0.375,0.375,0.461538461538462,0.461538461538462,0.591666666666667,0.591666666666667,0.167359670348801,0.167359670348801,TRUE,"ok"
364,"uniform_diode_vis_2_mid.csv","uniform_pol_2_mid.csv",0.22,0.6,0.6,0.583333333333333,0.583333333333333,0.375,0.375,0.461538461538462,0.461538461538462,0.591666666666667,0.591666666666667,0.167359670348801,0.167359670348801,FALSE,"ok"
371,"uniform_diode_vis_2_mid.csv","uniform_t_ir_3_mid.csv",0.43,0.6,0.6,0.583333333333333,0.583333333333333,0.375,0.375,0.461538461538462,0.461538461538462,0.591666666666667,0.591666666666667,0.167359670348801,0.167359670348801,FALSE,"ok"
381,"uniform_diode_vis_2_mid.csv","uniform_t_vis_3_strong.csv",0,0.6,0.6,0.583333333333333,0.583333333333333,0.375,0.375,0.461538461538462,0.461538461538462,0.591666666666667,0.591666666666667,0.167359670348801,0.167359670348801,TRUE,"ok"
400,"uniform_diode_vis_3_mid.csv","uniform_osr_angle_2_mid.csv",0,0.6,0.6,0.583333333333333,0.583333333333333,0.375,0.375,0.461538461538462,0.461538461538462,0.591666666666667,0.591666666666667,0.167359670348801,0.167359670348801,TRUE,"ok"
401,"uniform_diode_vis_3_mid.csv","uniform_osr_angle_2_strong.csv",0,0.6,0.6,0.583333333333333,0.583333333333333,0.375,0.375,0.461538461538462,0.461538461538462,0.591666666666667,0.591666666666667,0.167359670348801,0.167359670348801,TRUE,"ok"
403,"uniform_diode_vis_3_mid.csv","uniform_osr_c_mid.csv",0,0.6,0.6,0.583333333333333,0.583333333333333,0.375,0.375,0.461538461538462,0.461538461538462,0.591666666666667,0.591666666666667,0.167359670348801,0.167359670348801,TRUE,"ok"
406,"uniform_diode_vis_3_mid.csv","uniform_pol_1_mid.csv",0.03,0.6,0.6,0.583333333333333,0.583333333333333,0.375,0.375,0.461538461538462,0.461538461538462,0.591666666666667,0.591666666666667,0.167359670348801,0.167359670348801,FALSE,"ok"
420,"uniform_diode_vis_3_mid.csv","uniform_t_vis_1_weak.csv",0,0.6,0.6,0.583333333333333,0.583333333333333,0.375,0.375,0.461538461538462,0.461538461538462,0.591666666666667,0.591666666666667,0.167359670348801,0.167359670348801,TRUE,"ok"
425,"uniform_diode_vis_3_mid.csv","uniform_t_vis_3_strong.csv",0,0.6,0.6,0.583333333333333,0.583333333333333,0.375,0.375,0.461538461538462,0.461538461538462,0.591666666666667,0.591666666666667,0.167359670348801,0.167359670348801,TRUE,"ok"
427,"uniform_diode_vis_3_mid.csv","uniform_v_angle_1_mid.csv",0,0.6,0.6,0.583333333333333,0.583333333333333,0.375,0.375,0.461538461538462,0.461538461538462,0.591666666666667,0.591666666666667,0.167359670348801,0.167359670348801,TRUE,"ok"
431,"uniform_diode_vis_3_mid.csv","uniform_v_c_mid.csv",0,0.6,0.6,0.583333333333333,0.583333333333333,0.375,0.375,0.461538461538462,0.461538461538462,0.591666666666667,0.591666666666667,0.167359670348801,0.167359670348801,TRUE,"ok"
432,"uniform_diode_vis_3_mid.csv","uniform_v_c_strong.csv",0,0.6,0.6,0.583333333333333,0.583333333333333,0.375,0.375,0.461538461538462,0.461538461538462,0.591666666666667,0.591666666666667,0.167359670348801,0.167359670348801,TRUE,"ok"
438,"uniform_green_mid.csv","uniform_l_31_mid.csv",0,0.6,0.6,0.583333333333333,0.583333333333333,0.375,0.375,0.461538461538462,0.461538461538462,0.591666666666667,0.591666666666667,0.167359670348801,0.167359670348801,TRUE,"ok"
444,"uniform_green_mid.csv","uniform_osr_angle_2_strong.csv",0.08,0.6,0.6,0.583333333333333,0.583333333333333,0.375,0.375,0.461538461538462,0.461538461538462,0.591666666666667,0.591666666666667,0.167359670348801,0.167359670348801,FALSE,"ok"
456,"uniform_green_mid.csv","uniform_t_ir_1_strong.csv",0,0.6,0.6,0.583333333333333,0.583333333333333,0.375,0.375,0.461538461538462,0.461538461538462,0.591666666666667,0.591666666666667,0.167359670348801,0.167359670348801,TRUE,"ok"
464,"uniform_green_mid.csv","uniform_t_vis_2_mid.csv",0.2,0.6,0.6,0.583333333333333,0.583333333333333,0.375,0.375,0.461538461538462,0.461538461538462,0.591666666666667,0.591666666666667,0.167359670348801,0.167359670348801,FALSE,"ok"
467,"uniform_green_mid.csv","uniform_t_vis_3_mid.csv",0.1,0.6,0.6,0.583333333333333,0.583333333333333,0.375,0.375,0.461538461538462,0.461538461538462,0.591666666666667,0.591666666666667,0.167359670348801,0.167359670348801,FALSE,"ok"
470,"uniform_green_mid.csv","uniform_v_angle_1_mid.csv",0,0.6,0.6,0.583333333333333,0.583333333333333,0.375,0.375,0.461538461538462,0.461538461538462,0.591666666666667,0.591666666666667,0.167359670348801,0.167359670348801,TRUE,"ok"
475,"uniform_green_mid.csv","uniform_v_c_strong.csv",0,0.6,0.6,0.583333333333333,0.583333333333333,0.375,0.375,0.461538461538462,0.461538461538462,0.591666666666667,0.591666666666667,0.167359670348801,0.167359670348801,TRUE,"ok"
476,"uniform_green_strong.csv","uniform_l_11_mid.csv",0,0.6,0.6,0.583333333333333,0.583333333333333,0.375,0.375,0.461538461538462,0.461538461538462,0.591666666666667,0.591666666666667,0.167359670348801,0.167359670348801,TRUE,"ok"
477,"uniform_green_strong.csv","uniform_l_12_mid.csv",0.07,0.6,0.6,0.583333333333333,0.583333333333333,0.375,0.375,0.461538461538462,0.461538461538462,0.591666666666667,0.591666666666667,0.167359670348801,0.167359670348801,FALSE,"ok"
480,"uniform_green_strong.csv","uniform_l_31_mid.csv",0.07,0.6,0.6,0.583333333333333,0.583333333333333,0.375,0.375,0.461538461538462,0.461538461538462,0.591666666666667,0.591666666666667,0.167359670348801,0.167359670348801,FALSE,"ok"
481,"uniform_green_strong.csv","uniform_l_32_mid.csv",0.94,0.6,0.6,0.583333333333333,0.583333333333333,0.375,0.375,0.461538461538462,0.461538461538462,0.591666666666667,0.591666666666667,0.167359670348801,0.167359670348801,FALSE,"ok"
483,"uniform_green_strong.csv","uniform_osr_angle_1_strong.csv",0,0.6,0.6,0.583333333333333,0.583333333333333,0.375,0.375,0.461538461538462,0.461538461538462,0.591666666666667,0.591666666666667,0.167359670348801,0.167359670348801,TRUE,"ok"
485,"uniform_green_strong.csv","uniform_osr_angle_2_mid.csv",0.01,0.6,0.6,0.583333333333333,0.583333333333333,0.375,0.375,0.461538461538462,0.461538461538462,0.591666666666667,0.591666666666667,0.167359670348801,0.167359670348801,FALSE,"ok"
487,"uniform_green_strong.csv","uniform_osr_angle_2_weak.csv",0,0.6,0.6,0.583333333333333,0.583333333333333,0.375,0.375,0.461538461538462,0.461538461538462,0.591666666666667,0.591666666666667,0.167359670348801,0.167359670348801,TRUE,"ok"
488,"uniform_green_strong.csv","uniform_osr_c_mid.csv",0,0.6,0.6,0.583333333333333,0.583333333333333,0.375,0.375,0.461538461538462,0.461538461538462,0.591666666666667,0.591666666666667,0.167359670348801,0.167359670348801,TRUE,"ok"
489,"uniform_green_strong.csv","uniform_osr_c_strong.csv",0,0.6,0.6,0.583333333333333,0.583333333333333,0.375,0.375,0.461538461538462,0.461538461538462,0.591666666666667,0.591666666666667,0.167359670348801,0.167359670348801,TRUE,"ok"
490,"uniform_green_strong.csv","uniform_osr_c_weak.csv",0.31,0.6,0.6,0.583333333333333,0.583333333333333,0.375,0.375,0.461538461538462,0.461538461538462,0.591666666666667,0.591666666666667,0.167359670348801,0.167359670348801,FALSE,"ok"
491,"uniform_green_strong.csv","uniform_pol_1_mid.csv",0.06,0.6,0.6,0.583333333333333,0.583333333333333,0.375,0.375,0.461538461538462,0.461538461538462,0.591666666666667,0.591666666666667,0.167359670348801,0.167359670348801,FALSE,"ok"
493,"uniform_green_strong.csv","uniform_pol_2_mid.csv",0.04,0.6,0.6,0.583333333333333,0.583333333333333,0.375,0.375,0.461538461538462,0.461538461538462,0.591666666666667,0.591666666666667,0.167359670348801,0.167359670348801,FALSE,"ok"
497,"uniform_green_strong.csv","uniform_t_ir_1_mid.csv",0.07,0.6,0.6,0.583333333333333,0.583333333333333,0.375,0.375,0.461538461538462,0.461538461538462,0.591666666666667,0.591666666666667,0.167359670348801,0.167359670348801,FALSE,"ok"
498,"uniform_green_strong.csv","uniform_t_ir_1_strong.csv",0,0.6,0.6,0.583333333333333,0.583333333333333,0.375,0.375,0.461538461538462,0.461538461538462,0.591666666666667,0.591666666666667,0.167359670348801,0.167359670348801,TRUE,"ok"
500,"uniform_green_strong.csv","uniform_t_ir_3_mid.csv",0,0.6,0.6,0.583333333333333,0.583333333333333,0.375,0.375,0.461538461538462,0.461538461538462,0.591666666666667,0.591666666666667,0.167359670348801,0.167359670348801,TRUE,"ok"
503,"uniform_green_strong.csv","uniform_t_vis_1_mid.csv",0.09,0.6,0.6,0.583333333333333,0.583333333333333,0.375,0.375,0.461538461538462,0.461538461538462,0.591666666666667,0.591666666666667,0.167359670348801,0.167359670348801,FALSE,"ok"
504,"uniform_green_strong.csv","uniform_t_vis_1_strong.csv",0.48,0.6,0.6,0.583333333333333,0.583333333333333,0.375,0.375,0.461538461538462,0.461538461538462,0.591666666666667,0.591666666666667,0.167359670348801,0.167359670348801,FALSE,"ok"
505,"uniform_green_strong.csv","uniform_t_vis_1_weak.csv",0.16,0.6,0.6,0.583333333333333,0.583333333333333,0.375,0.375,0.461538461538462,0.461538461538462,0.591666666666667,0.591666666666667,0.167359670348801,0.167359670348801,FALSE,"ok"
506,"uniform_green_strong.csv","uniform_t_vis_2_mid.csv",0.01,0.6,0.6,0.583333333333333,0.583333333333333,0.375,0.375,0.461538461538462,0.461538461538462,0.591666666666667,0.591666666666667,0.167359670348801,0.167359670348801,FALSE,"ok"
509,"uniform_green_strong.csv","uniform_t_vis_3_mid.csv",0.04,0.6,0.6,0.583333333333333,0.583333333333333,0.375,0.375,0.461538461538462,0.461538461538462,0.591666666666667,0.591666666666667,0.167359670348801,0.167359670348801,FALSE,"ok"
510,"uniform_green_strong.csv","uniform_t_vis_3_strong.csv",0,0.6,0.6,0.583333333333333,0.583333333333333,0.375,0.375,0.461538461538462,0.461538461538462,0.591666666666667,0.591666666666667,0.167359670348801,0.167359670348801,TRUE,"ok"
511,"uniform_green_strong.csv","uniform_t_vis_3_weak.csv",0.05,0.6,0.6,0.583333333333333,0.583333333333333,0.375,0.375,0.461538461538462,0.461538461538462,0.591666666666667,0.591666666666667,0.167359670348801,0.167359670348801,FALSE,"ok"
518,"uniform_l_11_mid.csv","uniform_l_12_mid.csv",0,0.6,0.6,0.583333333333333,0.583333333333333,0.375,0.375,0.461538461538462,0.461538461538462,0.591666666666667,0.591666666666667,0.167359670348801,0.167359670348801,TRUE,"ok"
521,"uniform_l_11_mid.csv","uniform_l_31_mid.csv",0,0.6,0.6,0.583333333333333,0.583333333333333,0.375,0.375,0.461538461538462,0.461538461538462,0.591666666666667,0.591666666666667,0.167359670348801,0.167359670348801,TRUE,"ok"
526,"uniform_l_11_mid.csv","uniform_osr_angle_2_mid.csv",0,0.6,0.6,0.583333333333333,0.583333333333333,0.375,0.375,0.461538461538462,0.461538461538462,0.591666666666667,0.591666666666667,0.167359670348801,0.167359670348801,TRUE,"ok"
527,"uniform_l_11_mid.csv","uniform_osr_angle_2_strong.csv",0,0.6,0.6,0.583333333333333,0.583333333333333,0.375,0.375,0.461538461538462,0.461538461538462,0.591666666666667,0.591666666666667,0.167359670348801,0.167359670348801,TRUE,"ok"
529,"uniform_l_11_mid.csv","uniform_osr_c_mid.csv",0,0.6,0.6,0.583333333333333,0.583333333333333,0.375,0.375,0.461538461538462,0.461538461538462,0.591666666666667,0.591666666666667,0.167359670348801,0.167359670348801,TRUE,"ok"
535,"uniform_l_11_mid.csv","uniform_pol_2_strong.csv",0.08,0.6,0.6,0.583333333333333,0.583333333333333,0.375,0.375,0.461538461538462,0.461538461538462,0.591666666666667,0.591666666666667,0.167359670348801,0.167359670348801,FALSE,"ok"
538,"uniform_l_11_mid.csv","uniform_t_ir_1_mid.csv",0,0.6,0.6,0.583333333333333,0.583333333333333,0.375,0.375,0.461538461538462,0.461538461538462,0.591666666666667,0.591666666666667,0.167359670348801,0.167359670348801,TRUE,"ok"
549,"uniform_l_11_mid.csv","uniform_t_vis_2_weak.csv",0.34,0.6,0.6,0.583333333333333,0.583333333333333,0.375,0.375,0.461538461538462,0.461538461538462,0.591666666666667,0.591666666666667,0.167359670348801,0.167359670348801,FALSE,"ok"
553,"uniform_l_11_mid.csv","uniform_v_angle_1_mid.csv",0,0.6,0.6,0.583333333333333,0.583333333333333,0.375,0.375,0.461538461538462,0.461538461538462,0.591666666666667,0.591666666666667,0.167359670348801,0.167359670348801,TRUE,"ok"
564,"uniform_l_12_mid.csv","uniform_osr_angle_1_strong.csv",0.09,0.6,0.6,0.583333333333333,0.583333333333333,0.375,0.375,0.461538461538462,0.461538461538462,0.591666666666667,0.591666666666667,0.167359670348801,0.167359670348801,FALSE,"ok"
565,"uniform_l_12_mid.csv","uniform_osr_angle_1_weak.csv",0,0.6,0.6,0.583333333333333,0.583333333333333,0.375,0.375,0.461538461538462,0.461538461538462,0.591666666666667,0.591666666666667,0.167359670348801,0.167359670348801,TRUE,"ok"
579,"uniform_l_12_mid.csv","uniform_t_ir_1_strong.csv",0.03,0.6,0.6,0.583333333333333,0.583333333333333,0.375,0.375,0.461538461538462,0.461538461538462,0.591666666666667,0.591666666666667,0.167359670348801,0.167359670348801,FALSE,"ok"
582,"uniform_l_12_mid.csv","uniform_t_ir_3_strong.csv",0,0.6,0.6,0.583333333333333,0.583333333333333,0.375,0.375,0.461538461538462,0.461538461538462,0.591666666666667,0.591666666666667,0.167359670348801,0.167359670348801,TRUE,"ok"
585,"uniform_l_12_mid.csv","uniform_t_vis_1_strong.csv",0,0.6,0.6,0.583333333333333,0.583333333333333,0.375,0.375,0.461538461538462,0.461538461538462,0.591666666666667,0.591666666666667,0.167359670348801,0.167359670348801,TRUE,"ok"
594,"uniform_l_12_mid.csv","uniform_v_angle_1_strong.csv",0,0.6,0.6,0.583333333333333,0.583333333333333,0.375,0.375,0.461538461538462,0.461538461538462,0.591666666666667,0.591666666666667,0.167359670348801,0.167359670348801,TRUE,"ok"
597,"uniform_l_12_mid.csv","uniform_v_c_mid.csv",0,0.6,0.6,0.583333333333333,0.583333333333333,0.375,0.375,0.461538461538462,0.461538461538462,0.591666666666667,0.591666666666667,0.167359670348801,0.167359670348801,TRUE,"ok"
676,"uniform_l_31_mid.csv","uniform_l_32_mid.csv",0,0.6,0.6,0.583333333333333,0.583333333333333,0.375,0.375,0.461538461538462,0.461538461538462,0.591666666666667,0.591666666666667,0.167359670348801,0.167359670348801,TRUE,"ok"
678,"uniform_l_31_mid.csv","uniform_osr_angle_1_strong.csv",0,0.6,0.6,0.583333333333333,0.583333333333333,0.375,0.375,0.461538461538462,0.461538461538462,0.591666666666667,0.591666666666667,0.167359670348801,0.167359670348801,TRUE,"ok"
679,"uniform_l_31_mid.csv","uniform_osr_angle_1_weak.csv",0.15,0.8,0.6,0.583333333333333,0.583333333333333,0.444444444444444,0.375,0.571428571428571,0.461538461538462,0.691666666666667,0.591666666666667,0.349933856183856,0.167359670348801,FALSE,"ok"
681,"uniform_l_31_mid.csv","uniform_osr_angle_2_strong.csv",0,0.6,0.6,0.583333333333333,0.583333333333333,0.375,0.375,0.461538461538462,0.461538461538462,0.591666666666667,0.591666666666667,0.167359670348801,0.167359670348801,TRUE,"ok"
691,"uniform_l_31_mid.csv","uniform_red_strong.csv",0,0.6,0.6,0.583333333333333,0.583333333333333,0.375,0.375,0.461538461538462,0.461538461538462,0.591666666666667,0.591666666666667,0.167359670348801,0.167359670348801,TRUE,"ok"
696,"uniform_l_31_mid.csv","uniform_t_ir_3_strong.csv",0.18,0.6,0.6,0.583333333333333,0.583333333333333,0.375,0.375,0.461538461538462,0.461538461538462,0.591666666666667,0.591666666666667,0.167359670348801,0.167359670348801,FALSE,"ok"
704,"uniform_l_31_mid.csv","uniform_t_vis_3_mid.csv",0.03,0.6,0.6,0.583333333333333,0.583333333333333,0.375,0.375,0.461538461538462,0.461538461538462,0.591666666666667,0.591666666666667,0.167359670348801,0.167359670348801,FALSE,"ok"
705,"uniform_l_31_mid.csv","uniform_t_vis_3_strong.csv",0,0.6,0.6,0.583333333333333,0.583333333333333,0.375,0.375,0.461538461538462,0.461538461538462,0.591666666666667,0.591666666666667,0.167359670348801,0.167359670348801,TRUE,"ok"
707,"uniform_l_31_mid.csv","uniform_v_angle_1_mid.csv",0,0.6,0.6,0.583333333333333,0.583333333333333,0.375,0.375,0.461538461538462,0.461538461538462,0.591666666666667,0.591666666666667,0.167359670348801,0.167359670348801,TRUE,"ok"
709,"uniform_l_31_mid.csv","uniform_v_angle_2_mid.csv",0.11,0.6,0.6,0.583333333333333,0.583333333333333,0.375,0.375,0.461538461538462,0.461538461538462,0.591666666666667,0.591666666666667,0.167359670348801,0.167359670348801,FALSE,"ok"
710,"uniform_l_31_mid.csv","uniform_v_angle_2_strong.csv",0,0.6,0.6,0.583333333333333,0.583333333333333,0.375,0.375,0.461538461538462,0.461538461538462,0.591666666666667,0.591666666666667,0.167359670348801,0.167359670348801,TRUE,"ok"
712,"uniform_l_31_mid.csv","uniform_v_c_strong.csv",0,0.6,0.6,0.583333333333333,0.583333333333333,0.375,0.375,0.461538461538462,0.461538461538462,0.591666666666667,0.591666666666667,0.167359670348801,0.167359670348801,TRUE,"ok"
720,"uniform_l_32_mid.csv","uniform_osr_c_strong.csv",0.06,0.6,0.6,0.583333333333333,0.583333333333333,0.375,0.375,0.461538461538462,0.461538461538462,0.591666666666667,0.591666666666667,0.167359670348801,0.167359670348801,FALSE,"ok"
725,"uniform_l_32_mid.csv","uniform_pol_2_strong.csv",0,0.6,0.6,0.583333333333333,0.583333333333333,0.375,0.375,0.461538461538462,0.461538461538462,0.591666666666667,0.591666666666667,0.167359670348801,0.167359670348801,TRUE,"ok"
728,"uniform_l_32_mid.csv","uniform_t_ir_1_mid.csv",0,0.6,0.6,0.583333333333333,0.583333333333333,0.375,0.375,0.461538461538462,0.461538461538462,0.591666666666667,0.591666666666667,0.167359670348801,0.167359670348801,TRUE,"ok"
739,"uniform_l_32_mid.csv","uniform_t_vis_2_weak.csv",0.12,0.6,0.6,0.583333333333333,0.583333333333333,0.375,0.375,0.461538461538462,0.461538461538462,0.591666666666667,0.591666666666667,0.167359670348801,0.167359670348801,FALSE,"ok"
743,"uniform_l_32_mid.csv","uniform_v_angle_1_mid.csv",0,0.6,0.6,0.583333333333333,0.583333333333333,0.375,0.375,0.461538461538462,0.461538461538462,0.591666666666667,0.591666666666667,0.167359670348801,0.167359670348801,TRUE,"ok"
749,"uniform_osr_angle_1_mid.csv","uniform_osr_angle_1_strong.csv",0,0.6,0.6,0.583333333333333,0.583333333333333,0.375,0.375,0.461538461538462,0.461538461538462,0.591666666666667,0.591666666666667,0.167359670348801,0.167359670348801,TRUE,"ok"
751,"uniform_osr_angle_1_mid.csv","uniform_osr_angle_2_mid.csv",0.24,0.6,0.6,0.583333333333333,0.583333333333333,0.375,0.375,0.461538461538462,0.461538461538462,0.591666666666667,0.591666666666667,0.167359670348801,0.167359670348801,FALSE,"ok"
752,"uniform_osr_angle_1_mid.csv","uniform_osr_angle_2_strong.csv",0,0.6,0.6,0.583333333333333,0.583333333333333,0.375,0.375,0.461538461538462,0.461538461538462,0.591666666666667,0.591666666666667,0.167359670348801,0.167359670348801,TRUE,"ok"
757,"uniform_osr_angle_1_mid.csv","uniform_pol_1_mid.csv",0,0.6,0.6,0.583333333333333,0.583333333333333,0.375,0.375,0.461538461538462,0.461538461538462,0.591666666666667,0.591666666666667,0.167359670348801,0.167359670348801,TRUE,"ok"
760,"uniform_osr_angle_1_mid.csv","uniform_pol_2_strong.csv",0.06,0.6,0.6,0.583333333333333,0.583333333333333,0.375,0.375,0.461538461538462,0.461538461538462,0.591666666666667,0.591666666666667,0.167359670348801,0.167359670348801,FALSE,"ok"
767,"uniform_osr_angle_1_mid.csv","uniform_t_ir_3_strong.csv",0,0.6,0.6,0.583333333333333,0.583333333333333,0.375,0.375,0.461538461538462,0.461538461538462,0.591666666666667,0.591666666666667,0.167359670348801,0.167359670348801,TRUE,"ok"
788,"uniform_osr_angle_1_strong.csv","uniform_osr_c_mid.csv",0,0.6,0.6,0.583333333333333,0.583333333333333,0.375,0.375,0.461538461538462,0.461538461538462,0.591666666666667,0.591666666666667,0.167359670348801,0.167359670348801,TRUE,"ok"
797,"uniform_osr_angle_1_strong.csv","uniform_t_ir_1_mid.csv",0,0.6,0.6,0.583333333333333,0.583333333333333,0.375,0.375,0.461538461538462,0.461538461538462,0.591666666666667,0.591666666666667,0.167359670348801,0.167359670348801,TRUE,"ok"
816,"uniform_osr_angle_1_strong.csv","uniform_v_c_mid.csv",0.12,0.6,0.6,0.583333333333333,0.583333333333333,0.375,0.375,0.461538461538462,0.461538461538462,0.591666666666667,0.591666666666667,0.167359670348801,0.167359670348801,FALSE,"ok"
817,"uniform_osr_angle_1_strong.csv","uniform_v_c_strong.csv",0.03,0.6,0.6,0.583333333333333,0.583333333333333,0.375,0.375,0.461538461538462,0.461538461538462,0.591666666666667,0.591666666666667,0.167359670348801,0.167359670348801,FALSE,"ok"
818,"uniform_osr_angle_1_weak.csv","uniform_osr_angle_2_mid.csv",0.04,0.6,0.6,0.583333333333333,0.583333333333333,0.375,0.375,0.461538461538462,0.461538461538462,0.591666666666667,0.591666666666667,0.167359670348801,0.167359670348801,FALSE,"ok"
826,"uniform_osr_angle_1_weak.csv","uniform_pol_2_mid.csv",0,0.6,0.6,0.583333333333333,0.583333333333333,0.375,0.375,0.461538461538462,0.461538461538462,0.591666666666667,0.591666666666667,0.167359670348801,0.167359670348801,TRUE,"ok"
827,"uniform_osr_angle_1_weak.csv","uniform_pol_2_strong.csv",0,0.6,0.6,0.583333333333333,0.583333333333333,0.375,0.375,0.461538461538462,0.461538461538462,0.591666666666667,0.591666666666667,0.167359670348801,0.167359670348801,TRUE,"ok"
830,"uniform_osr_angle_1_weak.csv","uniform_t_ir_1_mid.csv",0,0.6,0.6,0.583333333333333,0.583333333333333,0.375,0.375,0.461538461538462,0.461538461538462,0.591666666666667,0.591666666666667,0.167359670348801,0.167359670348801,TRUE,"ok"
843,"uniform_osr_angle_1_weak.csv","uniform_t_vis_3_strong.csv",0,0.6,0.6,0.583333333333333,0.583333333333333,0.375,0.375,0.461538461538462,0.461538461538462,0.591666666666667,0.591666666666667,0.167359670348801,0.167359670348801,TRUE,"ok"
853,"uniform_osr_angle_2_mid.csv","uniform_osr_c_mid.csv",0,0.6,0.6,0.583333333333333,0.583333333333333,0.375,0.375,0.461538461538462,0.461538461538462,0.591666666666667,0.591666666666667,0.167359670348801,0.167359670348801,TRUE,"ok"
856,"uniform_osr_angle_2_mid.csv","uniform_pol_1_mid.csv",0,0.6,0.6,0.583333333333333,0.583333333333333,0.375,0.375,0.461538461538462,0.461538461538462,0.591666666666667,0.591666666666667,0.167359670348801,0.167359670348801,TRUE,"ok"
859,"uniform_osr_angle_2_mid.csv","uniform_pol_2_strong.csv",0,0.6,0.6,0.583333333333333,0.583333333333333,0.375,0.375,0.461538461538462,0.461538461538462,0.591666666666667,0.591666666666667,0.167359670348801,0.167359670348801,TRUE,"ok"
861,"uniform_osr_angle_2_mid.csv","uniform_red_strong.csv",0.08,0.6,0.6,0.583333333333333,0.583333333333333,0.375,0.375,0.461538461538462,0.461538461538462,0.591666666666667,0.591666666666667,0.167359670348801,0.167359670348801,FALSE,"ok"
862,"uniform_osr_angle_2_mid.csv","uniform_t_ir_1_mid.csv",0,0.6,0.6,0.583333333333333,0.583333333333333,0.375,0.375,0.461538461538462,0.461538461538462,0.591666666666667,0.591666666666667,0.167359670348801,0.167359670348801,TRUE,"ok"
870,"uniform_osr_angle_2_mid.csv","uniform_t_vis_1_weak.csv",0,0.6,0.6,0.583333333333333,0.583333333333333,0.375,0.375,0.461538461538462,0.461538461538462,0.591666666666667,0.591666666666667,0.167359670348801,0.167359670348801,TRUE,"ok"
877,"uniform_osr_angle_2_mid.csv","uniform_v_angle_1_mid.csv",0.18,0.6,0.6,0.583333333333333,0.583333333333333,0.375,0.375,0.461538461538462,0.461538461538462,0.591666666666667,0.591666666666667,0.167359670348801,0.167359670348801,FALSE,"ok"
878,"uniform_osr_angle_2_mid.csv","uniform_v_angle_1_strong.csv",0,0.6,0.6,0.583333333333333,0.583333333333333,0.375,0.375,0.461538461538462,0.461538461538462,0.591666666666667,0.591666666666667,0.167359670348801,0.167359670348801,TRUE,"ok"
879,"uniform_osr_angle_2_mid.csv","uniform_v_angle_2_mid.csv",0,0.6,0.6,0.583333333333333,0.583333333333333,0.375,0.375,0.461538461538462,0.461538461538462,0.591666666666667,0.591666666666667,0.167359670348801,0.167359670348801,TRUE,"ok"
882,"uniform_osr_angle_2_mid.csv","uniform_v_c_strong.csv",0,0.6,0.6,0.583333333333333,0.583333333333333,0.375,0.375,0.461538461538462,0.461538461538462,0.591666666666667,0.591666666666667,0.167359670348801,0.167359670348801,TRUE,"ok"
893,"uniform_osr_angle_2_strong.csv","uniform_t_ir_1_mid.csv",0,0.6,0.6,0.583333333333333,0.583333333333333,0.375,0.375,0.461538461538462,0.461538461538462,0.591666666666667,0.591666666666667,0.167359670348801,0.167359670348801,TRUE,"ok"
896,"uniform_osr_angle_2_strong.csv","uniform_t_ir_3_mid.csv",0,0.6,0.6,0.583333333333333,0.583333333333333,0.375,0.375,0.461538461538462,0.461538461538462,0.591666666666667,0.591666666666667,0.167359670348801,0.167359670348801,TRUE,"ok"
899,"uniform_osr_angle_2_strong.csv","uniform_t_vis_1_mid.csv",0,0.6,0.6,0.583333333333333,0.583333333333333,0.375,0.375,0.461538461538462,0.461538461538462,0.591666666666667,0.591666666666667,0.167359670348801,0.167359670348801,TRUE,"ok"
910,"uniform_osr_angle_2_strong.csv","uniform_v_angle_2_mid.csv",0,0.6,0.6,0.583333333333333,0.583333333333333,0.375,0.375,0.461538461538462,0.461538461538462,0.591666666666667,0.591666666666667,0.167359670348801,0.167359670348801,TRUE,"ok"
914,"uniform_osr_angle_2_weak.csv","uniform_osr_c_mid.csv",0,0.6,0.6,0.583333333333333,0.583333333333333,0.375,0.375,0.461538461538462,0.461538461538462,0.591666666666667,0.591666666666667,0.167359670348801,0.167359670348801,TRUE,"ok"
919,"uniform_osr_angle_2_weak.csv","uniform_pol_2_mid.csv",0.01,0.6,0.6,0.583333333333333,0.583333333333333,0.375,0.375,0.461538461538462,0.461538461538462,0.591666666666667,0.591666666666667,0.167359670348801,0.167359670348801,FALSE,"ok"
948,"uniform_osr_c_mid.csv","uniform_pol_2_mid.csv",0.04,0.6,0.6,0.583333333333333,0.583333333333333,0.375,0.375,0.461538461538462,0.461538461538462,0.591666666666667,0.591666666666667,0.167359670348801,0.167359670348801,FALSE,"ok"
952,"uniform_osr_c_mid.csv","uniform_t_ir_1_mid.csv",0,0.6,0.6,0.583333333333333,0.583333333333333,0.375,0.375,0.461538461538462,0.461538461538462,0.591666666666667,0.591666666666667,0.167359670348801,0.167359670348801,TRUE,"ok"
964,"uniform_osr_c_mid.csv","uniform_t_vis_3_mid.csv",0.02,0.6,0.6,0.583333333333333,0.583333333333333,0.375,0.375,0.461538461538462,0.461538461538462,0.591666666666667,0.591666666666667,0.167359670348801,0.167359670348801,FALSE,"ok"
972,"uniform_osr_c_mid.csv","uniform_v_c_strong.csv",0.11,0.6,0.6,0.583333333333333,0.583333333333333,0.375,0.375,0.461538461538462,0.461538461538462,0.591666666666667,0.591666666666667,0.167359670348801,0.167359670348801,FALSE,"ok"
986,"uniform_osr_c_strong.csv","uniform_t_vis_1_mid.csv",0.04,0.6,0.6,0.583333333333333,0.583333333333333,0.375,0.375,0.461538461538462,0.461538461538462,0.591666666666667,0.591666666666667,0.167359670348801,0.167359670348801,FALSE,"ok"
988,"uniform_osr_c_strong.csv","uniform_t_vis_1_weak.csv",0,0.6,0.6,0.583333333333333,0.583333333333333,0.375,0.375,0.461538461538462,0.461538461538462,0.591666666666667,0.591666666666667,0.167359670348801,0.167359670348801,TRUE,"ok"
993,"uniform_osr_c_strong.csv","uniform_t_vis_3_strong.csv",0.22,0.6,0.6,0.583333333333333,0.583333333333333,0.375,0.375,0.461538461538462,0.461538461538462,0.591666666666667,0.591666666666667,0.167359670348801,0.167359670348801,FALSE,"ok"
994,"uniform_osr_c_strong.csv","uniform_t_vis_3_weak.csv",0,0.6,0.6,0.583333333333333,0.583333333333333,0.375,0.375,0.461538461538462,0.461538461538462,0.591666666666667,0.591666666666667,0.167359670348801,0.167359670348801,TRUE,"ok"
1003,"uniform_osr_c_weak.csv","uniform_pol_2_mid.csv",0,0.6,0.6,0.583333333333333,0.583333333333333,0.375,0.375,0.461538461538462,0.461538461538462,0.591666666666667,0.591666666666667,0.167359670348801,0.167359670348801,TRUE,"ok"
1007,"uniform_osr_c_weak.csv","uniform_t_ir_1_mid.csv",0,0.6,0.6,0.583333333333333,0.583333333333333,0.375,0.375,0.461538461538462,0.461538461538462,0.591666666666667,0.591666666666667,0.167359670348801,0.167359670348801,TRUE,"ok"
1009,"uniform_osr_c_weak.csv","uniform_t_ir_1_weak.csv",0,0.6,0.6,0.583333333333333,0.583333333333333,0.375,0.375,0.461538461538462,0.461538461538462,0.591666666666667,0.591666666666667,0.167359670348801,0.167359670348801,TRUE,"ok"
1025,"uniform_osr_c_weak.csv","uniform_v_angle_2_strong.csv",0,0.6,0.6,0.583333333333333,0.583333333333333,0.375,0.375,0.461538461538462,0.461538461538462,0.591666666666667,0.591666666666667,0.167359670348801,0.167359670348801,TRUE,"ok"
1034,"uniform_pol_1_mid.csv","uniform_t_ir_1_strong.csv",0,0.6,0.6,0.583333333333333,0.583333333333333,0.375,0.375,0.461538461538462,0.461538461538462,0.591666666666667,0.591666666666667,0.167359670348801,0.167359670348801,TRUE,"ok"
1040,"uniform_pol_1_mid.csv","uniform_t_vis_1_strong.csv",0,0.6,0.6,0.583333333333333,0.583333333333333,0.375,0.375,0.461538461538462,0.461538461538462,0.591666666666667,0.591666666666667,0.167359670348801,0.167359670348801,TRUE,"ok"
1041,"uniform_pol_1_mid.csv","uniform_t_vis_1_weak.csv",0.05,0.6,0.6,0.583333333333333,0.583333333333333,0.375,0.375,0.461538461538462,0.461538461538462,0.591666666666667,0.591666666666667,0.167359670348801,0.167359670348801,FALSE,"ok"
1046,"uniform_pol_1_mid.csv","uniform_t_vis_3_strong.csv",0,0.6,0.6,0.583333333333333,0.583333333333333,0.375,0.375,0.461538461538462,0.461538461538462,0.591666666666667,0.591666666666667,0.167359670348801,0.167359670348801,TRUE,"ok"
1050,"uniform_pol_1_mid.csv","uniform_v_angle_2_mid.csv",0,0.6,0.6,0.583333333333333,0.583333333333333,0.375,0.375,0.461538461538462,0.461538461538462,0.591666666666667,0.591666666666667,0.167359670348801,0.167359670348801,TRUE,"ok"
1076,"uniform_pol_1_strong.csv","uniform_v_angle_2_strong.csv",0,0.6,0.6,0.583333333333333,0.583333333333333,0.375,0.375,0.461538461538462,0.461538461538462,0.591666666666667,0.591666666666667,0.167359670348801,0.167359670348801,TRUE,"ok"
1079,"uniform_pol_2_mid.csv","uniform_pol_2_strong.csv",0.16,0.6,0.6,0.583333333333333,0.583333333333333,0.375,0.375,0.461538461538462,0.461538461538462,0.591666666666667,0.591666666666667,0.167359670348801,0.167359670348801,FALSE,"ok"
1084,"uniform_pol_2_mid.csv","uniform_t_ir_1_weak.csv",0.23,0.6,0.6,0.583333333333333,0.583333333333333,0.375,0.375,0.461538461538462,0.461538461538462,0.591666666666667,0.591666666666667,0.167359670348801,0.167359670348801,FALSE,"ok"
1086,"uniform_pol_2_mid.csv","uniform_t_ir_3_strong.csv",0.01,0.6,0.6,0.583333333333333,0.583333333333333,0.375,0.375,0.461538461538462,0.461538461538462,0.591666666666667,0.591666666666667,0.167359670348801,0.167359670348801,FALSE,"ok"
1091,"uniform_pol_2_mid.csv","uniform_t_vis_2_mid.csv",0,0.6,0.6,0.583333333333333,0.583333333333333,0.375,0.375,0.461538461538462,0.461538461538462,0.591666666666667,0.591666666666667,0.167359670348801,0.167359670348801,TRUE,"ok"
1099,"uniform_pol_2_mid.csv","uniform_v_angle_2_mid.csv",0,0.6,0.6,0.583333333333333,0.583333333333333,0.375,0.375,0.461538461538462,0.461538461538462,0.591666666666667,0.591666666666667,0.167359670348801,0.167359670348801,TRUE,"ok"
1117,"uniform_pol_2_strong.csv","uniform_t_vis_3_mid.csv",0.04,0.6,0.6,0.583333333333333,0.583333333333333,0.375,0.375,0.461538461538462,0.461538461538462,0.591666666666667,0.591666666666667,0.167359670348801,0.167359670348801,FALSE,"ok"
1118,"uniform_pol_2_strong.csv","uniform_t_vis_3_strong.csv",0,0.6,0.6,0.583333333333333,0.583333333333333,0.375,0.375,0.461538461538462,0.461538461538462,0.591666666666667,0.591666666666667,0.167359670348801,0.167359670348801,TRUE,"ok"
1124,"uniform_pol_2_strong.csv","uniform_v_c_mid.csv",0,0.6,0.6,0.583333333333333,0.583333333333333,0.375,0.375,0.461538461538462,0.461538461538462,0.591666666666667,0.591666666666667,0.167359670348801,0.167359670348801,TRUE,"ok"
1148,"uniform_red_strong.csv","uniform_t_ir_1_mid.csv",0.12,0.6,0.6,0.583333333333333,0.583333333333333,0.375,0.375,0.461538461538462,0.461538461538462,0.591666666666667,0.591666666666667,0.167359670348801,0.167359670348801,FALSE,"ok"
1155,"uniform_red_strong.csv","uniform_t_vis_1_strong.csv",0.15,0.6,0.6,0.583333333333333,0.583333333333333,0.375,0.375,0.461538461538462,0.461538461538462,0.591666666666667,0.591666666666667,0.167359670348801,0.167359670348801,FALSE,"ok"
1169,"uniform_t_ir_1_mid.csv","uniform_t_ir_1_strong.csv",0.03,0.6,0.6,0.583333333333333,0.583333333333333,0.375,0.375,0.461538461538462,0.461538461538462,0.591666666666667,0.591666666666667,0.167359670348801,0.167359670348801,FALSE,"ok"
1172,"uniform_t_ir_1_mid.csv","uniform_t_ir_3_strong.csv",0,0.6,0.6,0.583333333333333,0.583333333333333,0.375,0.375,0.461538461538462,0.461538461538462,0.591666666666667,0.591666666666667,0.167359670348801,0.167359670348801,TRUE,"ok"
1177,"uniform_t_ir_1_mid.csv","uniform_t_vis_2_mid.csv",0.79,0.6,0.6,0.583333333333333,0.583333333333333,0.375,0.375,0.461538461538462,0.461538461538462,0.591666666666667,0.591666666666667,0.167359670348801,0.167359670348801,FALSE,"ok"
1180,"uniform_t_ir_1_mid.csv","uniform_t_vis_3_mid.csv",0,0.6,0.6,0.583333333333333,0.583333333333333,0.375,0.375,0.461538461538462,0.461538461538462,0.591666666666667,0.591666666666667,0.167359670348801,0.167359670348801,TRUE,"ok"
1183,"uniform_t_ir_1_mid.csv","uniform_v_angle_1_mid.csv",0.06,0.6,0.6,0.583333333333333,0.583333333333333,0.375,0.375,0.461538461538462,0.461538461538462,0.591666666666667,0.591666666666667,0.167359670348801,0.167359670348801,FALSE,"ok"
1186,"uniform_t_ir_1_mid.csv","uniform_v_angle_2_strong.csv",0.01,0.6,0.6,0.583333333333333,0.583333333333333,0.375,0.375,0.461538461538462,0.461538461538462,0.591666666666667,0.591666666666667,0.167359670348801,0.167359670348801,FALSE,"ok"
1211,"uniform_t_ir_1_weak.csv","uniform_t_vis_1_mid.csv",0.03,0.6,0.6,0.583333333333333,0.583333333333333,0.375,0.375,0.461538461538462,0.461538461538462,0.591666666666667,0.591666666666667,0.167359670348801,0.167359670348801,FALSE,"ok"
1212,"uniform_t_ir_1_weak.csv","uniform_t_vis_1_strong.csv",0.09,0.6,0.6,0.583333333333333,0.583333333333333,0.375,0.375,0.461538461538462,0.461538461538462,0.591666666666667,0.591666666666667,0.167359670348801,0.167359670348801,FALSE,"ok"
1229,"uniform_t_ir_3_mid.csv","uniform_t_vis_1_strong.csv",0,0.6,0.6,0.583333333333333,0.583333333333333,0.375,0.375,0.461538461538462,0.461538461538462,0.591666666666667,0.591666666666667,0.167359670348801,0.167359670348801,TRUE,"ok"
1235,"uniform_t_ir_3_mid.csv","uniform_t_vis_3_strong.csv",0,0.6,0.6,0.583333333333333,0.583333333333333,0.375,0.375,0.461538461538462,0.461538461538462,0.591666666666667,0.591666666666667,0.167359670348801,0.167359670348801,TRUE,"ok"
1236,"uniform_t_ir_3_mid.csv","uniform_t_vis_3_weak.csv",0,0.6,0.6,0.583333333333333,0.583333333333333,0.375,0.375,0.461538461538462,0.461538461538462,0.591666666666667,0.591666666666667,0.167359670348801,0.167359670348801,TRUE,"ok"
1256,"uniform_t_ir_3_strong.csv","uniform_v_angle_2_strong.csv",0,0.6,0.6,0.583333333333333,0.583333333333333,0.375,0.375,0.461538461538462,0.461538461538462,0.591666666666667,0.591666666666667,0.167359670348801,0.167359670348801,TRUE,"ok"
1257,"uniform_t_ir_3_strong.csv","uniform_v_c_mid.csv",0,0.6,0.6,0.583333333333333,0.583333333333333,0.375,0.375,0.461538461538462,0.461538461538462,0.591666666666667,0.591666666666667,0.167359670348801,0.167359670348801,TRUE,"ok"
1267,"uniform_t_ir_3_weak.csv","uniform_t_vis_3_weak.csv",0.03,0.6,0.6,0.583333333333333,0.583333333333333,0.375,0.375,0.461538461538462,0.461538461538462,0.591666666666667,0.591666666666667,0.167359670348801,0.167359670348801,FALSE,"ok"
1280,"uniform_t_vis_1_mid.csv","uniform_t_vis_3_strong.csv",0,0.6,0.6,0.583333333333333,0.583333333333333,0.375,0.375,0.461538461538462,0.461538461538462,0.591666666666667,0.591666666666667,0.167359670348801,0.167359670348801,TRUE,"ok"
1291,"uniform_t_vis_1_strong.csv","uniform_t_vis_2_weak.csv",0,0.6,0.6,0.583333333333333,0.583333333333333,0.375,0.375,0.461538461538462,0.461538461538462,0.591666666666667,0.591666666666667,0.167359670348801,0.167359670348801,TRUE,"ok"
1292,"uniform_t_vis_1_strong.csv","uniform_t_vis_3_mid.csv",0,0.6,0.6,0.583333333333333,0.583333333333333,0.375,0.375,0.461538461538462,0.461538461538462,0.591666666666667,0.591666666666667,0.167359670348801,0.167359670348801,TRUE,"ok"
1294,"uniform_t_vis_1_strong.csv","uniform_t_vis_3_weak.csv",0,0.6,0.6,0.583333333333333,0.583333333333333,0.375,0.375,0.461538461538462,0.461538461538462,0.591666666666667,0.591666666666667,0.167359670348801,0.167359670348801,TRUE,"ok"
1306,"uniform_t_vis_1_weak.csv","uniform_t_vis_3_weak.csv",0,0.6,0.6,0.583333333333333,0.583333333333333,0.375,0.375,0.461538461538462,0.461538461538462,0.591666666666667,0.591666666666667,0.167359670348801,0.167359670348801,TRUE,"ok"
1336,"uniform_t_vis_2_weak.csv","uniform_t_vis_3_weak.csv",0.07,0.4,0.6,0.583333333333333,0.583333333333333,0.285714285714286,0.375,0.333333333333333,0.461538461538462,0.491666666666667,0.591666666666667,-0.0154303349962092,0.167359670348801,FALSE,"ok"
1339,"uniform_t_vis_2_weak.csv","uniform_v_angle_2_mid.csv",0.13,0.6,0.6,0.583333333333333,0.583333333333333,0.375,0.375,0.461538461538462,0.461538461538462,0.591666666666667,0.591666666666667,0.167359670348801,0.167359670348801,FALSE,"ok"
1342,"uniform_t_vis_2_weak.csv","uniform_v_c_strong.csv",0.41,0.4,0.6,0.583333333333333,0.583333333333333,0.285714285714286,0.375,0.333333333333333,0.461538461538462,0.491666666666667,0.591666666666667,-0.0154303349962092,0.167359670348801,FALSE,"ok"
1344,"uniform_t_vis_3_mid.csv","uniform_t_vis_3_weak.csv",0,0.6,0.6,0.583333333333333,0.583333333333333,0.375,0.375,0.461538461538462,0.461538461538462,0.591666666666667,0.591666666666667,0.167359670348801,0.167359670348801,TRUE,"ok"
1351,"uniform_t_vis_3_strong.csv","uniform_t_vis_3_weak.csv",0.06,0.6,0.6,0.583333333333333,0.583333333333333,0.375,0.375,0.461538461538462,0.461538461538462,0.591666666666667,0.591666666666667,0.167359670348801,0.167359670348801,FALSE,"ok"
1352,"uniform_t_vis_3_strong.csv","uniform_v_angle_1_mid.csv",0,0.6,0.6,0.583333333333333,0.583333333333333,0.375,0.375,0.461538461538462,0.461538461538462,0.591666666666667,0.591666666666667,0.167359670348801,0.167359670348801,TRUE,"ok"
1356,"uniform_t_vis_3_strong.csv","uniform_v_c_mid.csv",0.09,0.6,0.6,0.583333333333333,0.583333333333333,0.375,0.375,0.461538461538462,0.461538461538462,0.591666666666667,0.591666666666667,0.167359670348801,0.167359670348801,FALSE,"ok"
1358,"uniform_t_vis_3_weak.csv","uniform_v_angle_1_mid.csv",0,0.6,0.6,0.583333333333333,0.583333333333333,0.375,0.375,0.461538461538462,0.461538461538462,0.591666666666667,0.591666666666667,0.167359670348801,0.167359670348801,TRUE,"ok"
1366,"uniform_v_angle_1_mid.csv","uniform_v_angle_2_strong.csv",0,0.6,0.6,0.583333333333333,0.583333333333333,0.375,0.375,0.461538461538462,0.461538461538462,0.591666666666667,0.591666666666667,0.167359670348801,0.167359670348801,TRUE,"ok"
1368,"uniform_v_angle_1_mid.csv","uniform_v_c_strong.csv",0,0.6,0.6,0.583333333333333,0.583333333333333,0.375,0.375,0.461538461538462,0.461538461538462,0.591666666666667,0.591666666666667,0.167359670348801,0.167359670348801,TRUE,"ok"
1370,"uniform_v_angle_1_strong.csv","uniform_v_angle_2_strong.csv",0.06,0.8,0.6,0.583333333333333,0.583333333333333,0.444444444444444,0.375,0.571428571428571,0.461538461538462,0.691666666666667,0.591666666666667,0.349933856183856,0.167359670348801,FALSE,"ok"
5,"uniform_blue_mid.csv","uniform_diode_ir_3_strong.csv",0.12,0.6,0.6,0.5,0.5,0.333333333333333,0.333333333333333,0.428571428571429,0.428571428571429,0.55,0.55,0.0912870929175277,0.0912870929175277,FALSE,"ok"
7,"uniform_blue_mid.csv","uniform_diode_vis_2_mid.csv",0,0.6,0.6,0.5,0.5,0.333333333333333,0.333333333333333,0.428571428571429,0.428571428571429,0.55,0.55,0.0912870929175277,0.0912870929175277,TRUE,"ok"
16,"uniform_blue_mid.csv","uniform_l_32_mid.csv",0.14,0.6,0.6,0.5,0.5,0.333333333333333,0.333333333333333,0.428571428571429,0.428571428571429,0.55,0.55,0.0912870929175277,0.0912870929175277,FALSE,"ok"
20,"uniform_blue_mid.csv","uniform_osr_angle_2_mid.csv",0,0.6,0.6,0.5,0.5,0.333333333333333,0.333333333333333,0.428571428571429,0.428571428571429,0.55,0.55,0.0912870929175277,0.0912870929175277,TRUE,"ok"
28,"uniform_blue_mid.csv","uniform_pol_2_mid.csv",0,0.6,0.6,0.5,0.5,0.333333333333333,0.333333333333333,0.428571428571429,0.428571428571429,0.55,0.55,0.0912870929175277,0.0912870929175277,TRUE,"ok"
31,"uniform_blue_mid.csv","uniform_red_strong.csv",0,0.6,0.6,0.5,0.5,0.333333333333333,0.333333333333333,0.428571428571429,0.428571428571429,0.55,0.55,0.0912870929175277,0.0912870929175277,TRUE,"ok"
61,"uniform_blue_strong.csv","uniform_green_strong.csv",0,0.6,0.6,0.5,0.5,0.333333333333333,0.333333333333333,0.428571428571429,0.428571428571429,0.55,0.55,0.0912870929175277,0.0912870929175277,TRUE,"ok"
71,"uniform_blue_strong.csv","uniform_osr_angle_2_mid.csv",0.13,0.6,0.6,0.5,0.5,0.333333333333333,0.333333333333333,0.428571428571429,0.428571428571429,0.55,0.55,0.0912870929175277,0.0912870929175277,FALSE,"ok"
75,"uniform_blue_strong.csv","uniform_osr_c_strong.csv",0.26,0.6,0.6,0.5,0.5,0.333333333333333,0.333333333333333,0.428571428571429,0.428571428571429,0.55,0.55,0.0912870929175277,0.0912870929175277,FALSE,"ok"
86,"uniform_blue_strong.csv","uniform_t_ir_3_mid.csv",0.02,0.6,0.6,0.5,0.5,0.333333333333333,0.333333333333333,0.428571428571429,0.428571428571429,0.55,0.55,0.0912870929175277,0.0912870929175277,FALSE,"ok"
87,"uniform_blue_strong.csv","uniform_t_ir_3_strong.csv",0,0.6,0.6,0.5,0.5,0.333333333333333,0.333333333333333,0.428571428571429,0.428571428571429,0.55,0.55,0.0912870929175277,0.0912870929175277,TRUE,"ok"
88,"uniform_blue_strong.csv","uniform_t_ir_3_weak.csv",0.03,0.8,0.6,0.5,0.5,0.4,0.333333333333333,0.533333333333333,0.428571428571429,0.65,0.55,0.277746029931765,0.0912870929175277,FALSE,"ok"
89,"uniform_blue_strong.csv","uniform_t_vis_1_mid.csv",0.1,0.6,0.6,0.5,0.5,0.333333333333333,0.333333333333333,0.428571428571429,0.428571428571429,0.55,0.55,0.0912870929175277,0.0912870929175277,FALSE,"ok"
95,"uniform_blue_strong.csv","uniform_t_vis_3_mid.csv",0,0.6,0.6,0.5,0.5,0.333333333333333,0.333333333333333,0.428571428571429,0.428571428571429,0.55,0.55,0.0912870929175277,0.0912870929175277,TRUE,"ok"
106,"uniform_diode_ir_1_mid.csv","uniform_diode_ir_3_strong.csv",0.05,0.6,0.6,0.5,0.5,0.333333333333333,0.333333333333333,0.428571428571429,0.428571428571429,0.55,0.55,0.0912870929175277,0.0912870929175277,FALSE,"ok"
108,"uniform_diode_ir_1_mid.csv","uniform_diode_vis_2_mid.csv",0.6,0.6,0.6,0.5,0.5,0.333333333333333,0.333333333333333,0.428571428571429,0.428571428571429,0.55,0.55,0.0912870929175277,0.0912870929175277,FALSE,"ok"
136,"uniform_diode_ir_1_mid.csv","uniform_t_ir_3_mid.csv",0,0.6,0.6,0.5,0.5,0.333333333333333,0.333333333333333,0.428571428571429,0.428571428571429,0.55,0.55,0.0912870929175277,0.0912870929175277,TRUE,"ok"
140,"uniform_diode_ir_1_mid.csv","uniform_t_vis_1_strong.csv",0,0.6,0.6,0.5,0.5,0.333333333333333,0.333333333333333,0.428571428571429,0.428571428571429,0.55,0.55,0.0912870929175277,0.0912870929175277,TRUE,"ok"
154,"uniform_diode_ir_1_strong.csv","uniform_diode_ir_3_mid.csv",0.31,0.6,0.6,0.5,0.5,0.333333333333333,0.333333333333333,0.428571428571429,0.428571428571429,0.55,0.55,0.0912870929175277,0.0912870929175277,FALSE,"ok"
186,"uniform_diode_ir_1_strong.csv","uniform_t_ir_3_strong.csv",0.02,0.6,0.6,0.5,0.5,0.333333333333333,0.333333333333333,0.428571428571429,0.428571428571429,0.55,0.55,0.0912870929175277,0.0912870929175277,FALSE,"ok"
194,"uniform_diode_ir_1_strong.csv","uniform_t_vis_3_mid.csv",0.09,0.6,0.6,0.5,0.5,0.333333333333333,0.333333333333333,0.428571428571429,0.428571428571429,0.55,0.55,0.0912870929175277,0.0912870929175277,FALSE,"ok"
213,"uniform_diode_ir_3_mid.csv","uniform_l_31_mid.csv",0,0.6,0.6,0.5,0.5,0.333333333333333,0.333333333333333,0.428571428571429,0.428571428571429,0.55,0.55,0.0912870929175277,0.0912870929175277,TRUE,"ok"
255,"uniform_diode_ir_3_strong.csv","uniform_green_strong.csv",0,0.6,0.6,0.5,0.5,0.333333333333333,0.333333333333333,0.428571428571429,0.428571428571429,0.55,0.55,0.0912870929175277,0.0912870929175277,TRUE,"ok"
260,"uniform_diode_ir_3_strong.csv","uniform_l_31_mid.csv",0,0.6,0.6,0.5,0.5,0.333333333333333,0.333333333333333,0.428571428571429,0.428571428571429,0.55,0.55,0.0912870929175277,0.0912870929175277,TRUE,"ok"
264,"uniform_diode_ir_3_strong.csv","uniform_osr_angle_1_weak.csv",0,0.6,0.6,0.5,0.5,0.333333333333333,0.333333333333333,0.428571428571429,0.428571428571429,0.55,0.55,0.0912870929175277,0.0912870929175277,TRUE,"ok"
278,"uniform_diode_ir_3_strong.csv","uniform_t_ir_1_strong.csv",0,0.6,0.6,0.5,0.5,0.333333333333333,0.333333333333333,0.428571428571429,0.428571428571429,0.55,0.55,0.0912870929175277,0.0912870929175277,TRUE,"ok"
288,"uniform_diode_ir_3_strong.csv","uniform_t_vis_2_weak.csv",0.2,0.6,0.6,0.5,0.5,0.333333333333333,0.333333333333333,0.428571428571429,0.428571428571429,0.55,0.55,0.0912870929175277,0.0912870929175277,FALSE,"ok"
289,"uniform_diode_ir_3_strong.csv","uniform_t_vis_3_mid.csv",0,0.6,0.6,0.5,0.5,0.333333333333333,0.333333333333333,0.428571428571429,0.428571428571429,0.55,0.55,0.0912870929175277,0.0912870929175277,TRUE,"ok"
306,"uniform_diode_vis_1_mid.csv","uniform_l_31_mid.csv",0,0.6,0.6,0.5,0.5,0.333333333333333,0.333333333333333,0.428571428571429,0.428571428571429,0.55,0.55,0.0912870929175277,0.0912870929175277,TRUE,"ok"
309,"uniform_diode_vis_1_mid.csv","uniform_osr_angle_1_strong.csv",0.06,0.6,0.6,0.5,0.5,0.333333333333333,0.333333333333333,0.428571428571429,0.428571428571429,0.55,0.55,0.0912870929175277,0.0912870929175277,FALSE,"ok"
315,"uniform_diode_vis_1_mid.csv","uniform_osr_c_strong.csv",0,0.6,0.6,0.5,0.5,0.333333333333333,0.333333333333333,0.428571428571429,0.428571428571429,0.55,0.55,0.0912870929175277,0.0912870929175277,TRUE,"ok"
320,"uniform_diode_vis_1_mid.csv","uniform_pol_2_strong.csv",0,0.6,0.6,0.5,0.5,0.333333333333333,0.333333333333333,0.428571428571429,0.428571428571429,0.55,0.55,0.0912870929175277,0.0912870929175277,TRUE,"ok"
330,"uniform_diode_vis_1_mid.csv","uniform_t_vis_1_strong.csv",0,0.6,0.6,0.5,0.5,0.333333333333333,0.333333333333333,0.428571428571429,0.428571428571429,0.55,0.55,0.0912870929175277,0.0912870929175277,TRUE,"ok"
334,"uniform_diode_vis_1_mid.csv","uniform_t_vis_2_weak.csv",0.55,0.6,0.6,0.5,0.5,0.333333333333333,0.333333333333333,0.428571428571429,0.428571428571429,0.55,0.55,0.0912870929175277,0.0912870929175277,FALSE,"ok"
344,"uniform_diode_vis_2_mid.csv","uniform_diode_vis_3_mid.csv",0,0.6,0.6,0.5,0.5,0.333333333333333,0.333333333333333,0.428571428571429,0.428571428571429,0.55,0.55,0.0912870929175277,0.0912870929175277,TRUE,"ok"
365,"uniform_diode_vis_2_mid.csv","uniform_pol_2_strong.csv",0.21,0.6,0.6,0.5,0.5,0.333333333333333,0.333333333333333,0.428571428571429,0.428571428571429,0.55,0.55,0.0912870929175277,0.0912870929175277,FALSE,"ok"
370,"uniform_diode_vis_2_mid.csv","uniform_t_ir_1_weak.csv",0.23,0.6,0.6,0.5,0.5,0.333333333333333,0.333333333333333,0.428571428571429,0.428571428571429,0.55,0.55,0.0912870929175277,0.0912870929175277,FALSE,"ok"
404,"uniform_diode_vis_3_mid.csv","uniform_osr_c_strong.csv",0,0.6,0.6,0.5,0.5,0.333333333333333,0.333333333333333,0.428571428571429,0.428571428571429,0.55,0.55,0.0912870929175277,0.0912870929175277,TRUE,"ok"
421,"uniform_diode_vis_3_mid.csv","uniform_t_vis_2_mid.csv",0,0.6,0.6,0.5,0.5,0.333333333333333,0.333333333333333,0.428571428571429,0.428571428571429,0.55,0.55,0.0912870929175277,0.0912870929175277,TRUE,"ok"
494,"uniform_green_strong.csv","uniform_pol_2_strong.csv",0,0.6,0.6,0.5,0.5,0.333333333333333,0.333333333333333,0.428571428571429,0.428571428571429,0.55,0.55,0.0912870929175277,0.0912870929175277,TRUE,"ok"
514,"uniform_green_strong.csv","uniform_v_angle_2_mid.csv",0.01,0.6,0.6,0.5,0.5,0.333333333333333,0.333333333333333,0.428571428571429,0.428571428571429,0.55,0.55,0.0912870929175277,0.0912870929175277,FALSE,"ok"
515,"uniform_green_strong.csv","uniform_v_angle_2_strong.csv",0.1,0.6,0.6,0.5,0.5,0.333333333333333,0.333333333333333,0.428571428571429,0.428571428571429,0.55,0.55,0.0912870929175277,0.0912870929175277,FALSE,"ok"
522,"uniform_l_11_mid.csv","uniform_l_32_mid.csv",0.2,0.8,0.6,0.5,0.5,0.4,0.333333333333333,0.533333333333333,0.428571428571429,0.65,0.55,0.277746029931765,0.0912870929175277,FALSE,"ok"
523,"uniform_l_11_mid.csv","uniform_osr_angle_1_mid.csv",0,0.6,0.6,0.5,0.5,0.333333333333333,0.333333333333333,0.428571428571429,0.428571428571429,0.55,0.55,0.0912870929175277,0.0912870929175277,TRUE,"ok"
547,"uniform_l_11_mid.csv","uniform_t_vis_2_mid.csv",0,0.6,0.6,0.5,0.5,0.333333333333333,0.333333333333333,0.428571428571429,0.428571428571429,0.55,0.55,0.0912870929175277,0.0912870929175277,TRUE,"ok"
556,"uniform_l_11_mid.csv","uniform_v_angle_2_strong.csv",0,0.6,0.6,0.5,0.5,0.333333333333333,0.333333333333333,0.428571428571429,0.428571428571429,0.55,0.55,0.0912870929175277,0.0912870929175277,TRUE,"ok"
561,"uniform_l_12_mid.csv","uniform_l_31_mid.csv",0,0.6,0.6,0.5,0.5,0.333333333333333,0.333333333333333,0.428571428571429,0.428571428571429,0.55,0.55,0.0912870929175277,0.0912870929175277,TRUE,"ok"
562,"uniform_l_12_mid.csv","uniform_l_32_mid.csv",0,0.6,0.6,0.5,0.5,0.333333333333333,0.333333333333333,0.428571428571429,0.428571428571429,0.55,0.55,0.0912870929175277,0.0912870929175277,TRUE,"ok"
563,"uniform_l_12_mid.csv","uniform_osr_angle_1_mid.csv",0,0.6,0.6,0.5,0.5,0.333333333333333,0.333333333333333,0.428571428571429,0.428571428571429,0.55,0.55,0.0912870929175277,0.0912870929175277,TRUE,"ok"
566,"uniform_l_12_mid.csv","uniform_osr_angle_2_mid.csv",0,0.6,0.6,0.5,0.5,0.333333333333333,0.333333333333333,0.428571428571429,0.428571428571429,0.55,0.55,0.0912870929175277,0.0912870929175277,TRUE,"ok"
569,"uniform_l_12_mid.csv","uniform_osr_c_mid.csv",0,0.6,0.6,0.5,0.5,0.333333333333333,0.333333333333333,0.428571428571429,0.428571428571429,0.55,0.55,0.0912870929175277,0.0912870929175277,TRUE,"ok"
575,"uniform_l_12_mid.csv","uniform_pol_2_strong.csv",0.16,0.6,0.6,0.5,0.5,0.333333333333333,0.333333333333333,0.428571428571429,0.428571428571429,0.55,0.55,0.0912870929175277,0.0912870929175277,FALSE,"ok"
578,"uniform_l_12_mid.csv","uniform_t_ir_1_mid.csv",0,0.6,0.6,0.5,0.5,0.333333333333333,0.333333333333333,0.428571428571429,0.428571428571429,0.55,0.55,0.0912870929175277,0.0912870929175277,TRUE,"ok"
580,"uniform_l_12_mid.csv","uniform_t_ir_1_weak.csv",0,0.6,0.6,0.5,0.5,0.333333333333333,0.333333333333333,0.428571428571429,0.428571428571429,0.55,0.55,0.0912870929175277,0.0912870929175277,TRUE,"ok"
584,"uniform_l_12_mid.csv","uniform_t_vis_1_mid.csv",0.07,0.6,0.6,0.5,0.5,0.333333333333333,0.333333333333333,0.428571428571429,0.428571428571429,0.55,0.55,0.0912870929175277,0.0912870929175277,FALSE,"ok"
593,"uniform_l_12_mid.csv","uniform_v_angle_1_mid.csv",0,0.6,0.6,0.5,0.5,0.333333333333333,0.333333333333333,0.428571428571429,0.428571428571429,0.55,0.55,0.0912870929175277,0.0912870929175277,TRUE,"ok"
595,"uniform_l_12_mid.csv","uniform_v_angle_2_mid.csv",0,0.6,0.6,0.5,0.5,0.333333333333333,0.333333333333333,0.428571428571429,0.428571428571429,0.55,0.55,0.0912870929175277,0.0912870929175277,TRUE,"ok"
598,"uniform_l_12_mid.csv","uniform_v_c_strong.csv",0,0.6,0.6,0.5,0.5,0.333333333333333,0.333333333333333,0.428571428571429,0.428571428571429,0.55,0.55,0.0912870929175277,0.0912870929175277,TRUE,"ok"
680,"uniform_l_31_mid.csv","uniform_osr_angle_2_mid.csv",0,0.6,0.6,0.5,0.5,0.333333333333333,0.333333333333333,0.428571428571429,0.428571428571429,0.55,0.55,0.0912870929175277,0.0912870929175277,TRUE,"ok"
692,"uniform_l_31_mid.csv","uniform_t_ir_1_mid.csv",0.12,0.6,0.6,0.5,0.5,0.333333333333333,0.333333333333333,0.428571428571429,0.428571428571429,0.55,0.55,0.0912870929175277,0.0912870929175277,FALSE,"ok"
693,"uniform_l_31_mid.csv","uniform_t_ir_1_strong.csv",0.01,0.6,0.6,0.5,0.5,0.333333333333333,0.333333333333333,0.428571428571429,0.428571428571429,0.55,0.55,0.0912870929175277,0.0912870929175277,FALSE,"ok"
740,"uniform_l_32_mid.csv","uniform_t_vis_3_mid.csv",0.11,0.6,0.6,0.5,0.5,0.333333333333333,0.333333333333333,0.428571428571429,0.428571428571429,0.55,0.55,0.0912870929175277,0.0912870929175277,FALSE,"ok"
741,"uniform_l_32_mid.csv","uniform_t_vis_3_strong.csv",0,0.6,0.6,0.5,0.5,0.333333333333333,0.333333333333333,0.428571428571429,0.428571428571429,0.55,0.55,0.0912870929175277,0.0912870929175277,TRUE,"ok"
745,"uniform_l_32_mid.csv","uniform_v_angle_2_mid.csv",0.07,0.6,0.6,0.5,0.5,0.333333333333333,0.333333333333333,0.428571428571429,0.428571428571429,0.55,0.55,0.0912870929175277,0.0912870929175277,FALSE,"ok"
754,"uniform_osr_angle_1_mid.csv","uniform_osr_c_mid.csv",0.05,0.6,0.6,0.5,0.5,0.333333333333333,0.333333333333333,0.428571428571429,0.428571428571429,0.55,0.55,0.0912870929175277,0.0912870929175277,FALSE,"ok"
759,"uniform_osr_angle_1_mid.csv","uniform_pol_2_mid.csv",0,0.6,0.6,0.5,0.5,0.333333333333333,0.333333333333333,0.428571428571429,0.428571428571429,0.55,0.55,0.0912870929175277,0.0912870929175277,TRUE,"ok"
764,"uniform_osr_angle_1_mid.csv","uniform_t_ir_1_strong.csv",0,0.6,0.6,0.5,0.5,0.333333333333333,0.333333333333333,0.428571428571429,0.428571428571429,0.55,0.55,0.0912870929175277,0.0912870929175277,TRUE,"ok"
765,"uniform_osr_angle_1_mid.csv","uniform_t_ir_1_weak.csv",0,0.6,0.6,0.5,0.5,0.333333333333333,0.333333333333333,0.428571428571429,0.428571428571429,0.55,0.55,0.0912870929175277,0.0912870929175277,TRUE,"ok"
776,"uniform_osr_angle_1_mid.csv","uniform_t_vis_3_strong.csv",0,0.6,0.6,0.5,0.5,0.333333333333333,0.333333333333333,0.428571428571429,0.428571428571429,0.55,0.55,0.0912870929175277,0.0912870929175277,TRUE,"ok"
781,"uniform_osr_angle_1_mid.csv","uniform_v_angle_2_strong.csv",0.1,0.6,0.6,0.5,0.5,0.333333333333333,0.333333333333333,0.428571428571429,0.428571428571429,0.55,0.55,0.0912870929175277,0.0912870929175277,FALSE,"ok"
783,"uniform_osr_angle_1_mid.csv","uniform_v_c_strong.csv",0.02,0.6,0.6,0.5,0.5,0.333333333333333,0.333333333333333,0.428571428571429,0.428571428571429,0.55,0.55,0.0912870929175277,0.0912870929175277,FALSE,"ok"
785,"uniform_osr_angle_1_strong.csv","uniform_osr_angle_2_mid.csv",0.06,0.6,0.6,0.5,0.5,0.333333333333333,0.333333333333333,0.428571428571429,0.428571428571429,0.55,0.55,0.0912870929175277,0.0912870929175277,FALSE,"ok"
789,"uniform_osr_angle_1_strong.csv","uniform_osr_c_strong.csv",0,0.6,0.6,0.5,0.5,0.333333333333333,0.333333333333333,0.428571428571429,0.428571428571429,0.55,0.55,0.0912870929175277,0.0912870929175277,TRUE,"ok"
794,"uniform_osr_angle_1_strong.csv","uniform_pol_2_strong.csv",0.01,0.6,0.6,0.5,0.5,0.333333333333333,0.333333333333333,0.428571428571429,0.428571428571429,0.55,0.55,0.0912870929175277,0.0912870929175277,FALSE,"ok"
803,"uniform_osr_angle_1_strong.csv","uniform_t_vis_1_mid.csv",0,0.6,0.6,0.5,0.5,0.333333333333333,0.333333333333333,0.428571428571429,0.428571428571429,0.55,0.55,0.0912870929175277,0.0912870929175277,TRUE,"ok"
809,"uniform_osr_angle_1_strong.csv","uniform_t_vis_3_mid.csv",0.29,0.8,0.6,0.5,0.5,0.4,0.333333333333333,0.533333333333333,0.428571428571429,0.65,0.55,0.277746029931765,0.0912870929175277,FALSE,"ok"
851,"uniform_osr_angle_2_mid.csv","uniform_osr_angle_2_strong.csv",0,0.6,0.6,0.5,0.5,0.333333333333333,0.333333333333333,0.428571428571429,0.428571428571429,0.55,0.55,0.0912870929175277,0.0912870929175277,TRUE,"ok"
869,"uniform_osr_angle_2_mid.csv","uniform_t_vis_1_strong.csv",0,0.6,0.6,0.5,0.5,0.333333333333333,0.333333333333333,0.428571428571429,0.428571428571429,0.55,0.55,0.0912870929175277,0.0912870929175277,TRUE,"ok"
875,"uniform_osr_angle_2_mid.csv","uniform_t_vis_3_strong.csv",0,0.6,0.6,0.5,0.5,0.333333333333333,0.333333333333333,0.428571428571429,0.428571428571429,0.55,0.55,0.0912870929175277,0.0912870929175277,TRUE,"ok"
876,"uniform_osr_angle_2_mid.csv","uniform_t_vis_3_weak.csv",0.02,0.6,0.6,0.5,0.5,0.333333333333333,0.333333333333333,0.428571428571429,0.428571428571429,0.55,0.55,0.0912870929175277,0.0912870929175277,FALSE,"ok"
886,"uniform_osr_angle_2_strong.csv","uniform_osr_c_weak.csv",0,0.6,0.6,0.5,0.5,0.333333333333333,0.333333333333333,0.428571428571429,0.428571428571429,0.55,0.55,0.0912870929175277,0.0912870929175277,TRUE,"ok"
890,"uniform_osr_angle_2_strong.csv","uniform_pol_2_strong.csv",0.02,0.6,0.6,0.5,0.5,0.333333333333333,0.333333333333333,0.428571428571429,0.428571428571429,0.55,0.55,0.0912870929175277,0.0912870929175277,FALSE,"ok"
907,"uniform_osr_angle_2_strong.csv","uniform_t_vis_3_weak.csv",0.01,0.6,0.6,0.5,0.5,0.333333333333333,0.333333333333333,0.428571428571429,0.428571428571429,0.55,0.55,0.0912870929175277,0.0912870929175277,FALSE,"ok"
911,"uniform_osr_angle_2_strong.csv","uniform_v_angle_2_strong.csv",0.42,0.6,0.6,0.5,0.5,0.333333333333333,0.333333333333333,0.428571428571429,0.428571428571429,0.55,0.55,0.0912870929175277,0.0912870929175277,FALSE,"ok"
912,"uniform_osr_angle_2_strong.csv","uniform_v_c_mid.csv",0,0.6,0.6,0.5,0.5,0.333333333333333,0.333333333333333,0.428571428571429,0.428571428571429,0.55,0.55,0.0912870929175277,0.0912870929175277,TRUE,"ok"
920,"uniform_osr_angle_2_weak.csv","uniform_pol_2_strong.csv",0,0.6,0.6,0.5,0.5,0.333333333333333,0.333333333333333,0.428571428571429,0.428571428571429,0.55,0.55,0.0912870929175277,0.0912870929175277,TRUE,"ok"
940,"uniform_osr_angle_2_weak.csv","uniform_v_angle_2_mid.csv",0.01,0.6,0.6,0.5,0.5,0.333333333333333,0.333333333333333,0.428571428571429,0.428571428571429,0.55,0.55,0.0912870929175277,0.0912870929175277,FALSE,"ok"
969,"uniform_osr_c_mid.csv","uniform_v_angle_2_mid.csv",0,0.6,0.6,0.5,0.5,0.333333333333333,0.333333333333333,0.428571428571429,0.428571428571429,0.55,0.55,0.0912870929175277,0.0912870929175277,TRUE,"ok"
974,"uniform_osr_c_strong.csv","uniform_pol_1_mid.csv",0,0.6,0.6,0.5,0.5,0.333333333333333,0.333333333333333,0.428571428571429,0.428571428571429,0.55,0.55,0.0912870929175277,0.0912870929175277,TRUE,"ok"
978,"uniform_osr_c_strong.csv","uniform_red_mid.csv",0.25,0.6,0.6,0.5,0.5,0.333333333333333,0.333333333333333,0.428571428571429,0.428571428571429,0.55,0.55,0.0912870929175277,0.0912870929175277,FALSE,"ok"
979,"uniform_osr_c_strong.csv","uniform_red_strong.csv",0.03,0.6,0.6,0.5,0.5,0.333333333333333,0.333333333333333,0.428571428571429,0.428571428571429,0.55,0.55,0.0912870929175277,0.0912870929175277,FALSE,"ok"
992,"uniform_osr_c_strong.csv","uniform_t_vis_3_mid.csv",0.01,0.6,0.6,0.5,0.5,0.333333333333333,0.333333333333333,0.428571428571429,0.428571428571429,0.55,0.55,0.0912870929175277,0.0912870929175277,FALSE,"ok"
1032,"uniform_pol_1_mid.csv","uniform_red_strong.csv",0,0.6,0.6,0.5,0.5,0.333333333333333,0.333333333333333,0.428571428571429,0.428571428571429,0.55,0.55,0.0912870929175277,0.0912870929175277,TRUE,"ok"
1047,"uniform_pol_1_mid.csv","uniform_t_vis_3_weak.csv",0.3,0.8,0.6,0.5,0.5,0.4,0.333333333333333,0.533333333333333,0.428571428571429,0.65,0.55,0.277746029931765,0.0912870929175277,FALSE,"ok"
1051,"uniform_pol_1_mid.csv","uniform_v_angle_2_strong.csv",0,0.6,0.6,0.5,0.5,0.333333333333333,0.333333333333333,0.428571428571429,0.428571428571429,0.55,0.55,0.0912870929175277,0.0912870929175277,TRUE,"ok"
1094,"uniform_pol_2_mid.csv","uniform_t_vis_3_mid.csv",0,0.6,0.6,0.5,0.5,0.333333333333333,0.333333333333333,0.428571428571429,0.428571428571429,0.55,0.55,0.0912870929175277,0.0912870929175277,TRUE,"ok"
1105,"uniform_pol_2_strong.csv","uniform_t_ir_1_mid.csv",0,0.6,0.6,0.5,0.5,0.333333333333333,0.333333333333333,0.428571428571429,0.428571428571429,0.55,0.55,0.0912870929175277,0.0912870929175277,TRUE,"ok"
1116,"uniform_pol_2_strong.csv","uniform_t_vis_2_weak.csv",0.24,0.6,0.6,0.5,0.5,0.333333333333333,0.333333333333333,0.428571428571429,0.428571428571429,0.55,0.55,0.0912870929175277,0.0912870929175277,FALSE,"ok"
1122,"uniform_pol_2_strong.csv","uniform_v_angle_2_mid.csv",0,0.6,0.6,0.5,0.5,0.333333333333333,0.333333333333333,0.428571428571429,0.428571428571429,0.55,0.55,0.0912870929175277,0.0912870929175277,TRUE,"ok"
1123,"uniform_pol_2_strong.csv","uniform_v_angle_2_strong.csv",0,0.6,0.6,0.5,0.5,0.333333333333333,0.333333333333333,0.428571428571429,0.428571428571429,0.55,0.55,0.0912870929175277,0.0912870929175277,TRUE,"ok"
1135,"uniform_red_mid.csv","uniform_t_vis_1_weak.csv",0.02,0.6,0.6,0.5,0.5,0.333333333333333,0.333333333333333,0.428571428571429,0.428571428571429,0.55,0.55,0.0912870929175277,0.0912870929175277,FALSE,"ok"
1156,"uniform_red_strong.csv","uniform_t_vis_1_weak.csv",0,0.6,0.6,0.5,0.5,0.333333333333333,0.333333333333333,0.428571428571429,0.428571428571429,0.55,0.55,0.0912870929175277,0.0912870929175277,TRUE,"ok"
1163,"uniform_red_strong.csv","uniform_v_angle_1_mid.csv",0,0.6,0.6,0.5,0.5,0.333333333333333,0.333333333333333,0.428571428571429,0.428571428571429,0.55,0.55,0.0912870929175277,0.0912870929175277,TRUE,"ok"
1199,"uniform_t_ir_1_strong.csv","uniform_t_vis_3_mid.csv",0.01,0.6,0.6,0.5,0.5,0.333333333333333,0.333333333333333,0.428571428571429,0.428571428571429,0.55,0.55,0.0912870929175277,0.0912870929175277,FALSE,"ok"
1213,"uniform_t_ir_1_weak.csv","uniform_t_vis_1_weak.csv",0.37,0.8,0.6,0.5,0.5,0.4,0.333333333333333,0.533333333333333,0.428571428571429,0.65,0.55,0.277746029931765,0.0912870929175277,FALSE,"ok"
1250,"uniform_t_ir_3_strong.csv","uniform_t_vis_3_mid.csv",0,0.6,0.6,0.5,0.5,0.333333333333333,0.333333333333333,0.428571428571429,0.428571428571429,0.55,0.55,0.0912870929175277,0.0912870929175277,TRUE,"ok"
1276,"uniform_t_vis_1_mid.csv","uniform_t_vis_2_mid.csv",0.14,0.6,0.6,0.5,0.5,0.333333333333333,0.333333333333333,0.428571428571429,0.428571428571429,0.55,0.55,0.0912870929175277,0.0912870929175277,FALSE,"ok"
1285,"uniform_t_vis_1_mid.csv","uniform_v_angle_2_strong.csv",0,0.6,0.6,0.5,0.5,0.333333333333333,0.333333333333333,0.428571428571429,0.428571428571429,0.55,0.55,0.0912870929175277,0.0912870929175277,TRUE,"ok"
1298,"uniform_t_vis_1_strong.csv","uniform_v_angle_2_strong.csv",0,0.6,0.6,0.5,0.5,0.333333333333333,0.333333333333333,0.428571428571429,0.428571428571429,0.55,0.55,0.0912870929175277,0.0912870929175277,TRUE,"ok"
1305,"uniform_t_vis_1_weak.csv","uniform_t_vis_3_strong.csv",0,0.6,0.6,0.5,0.5,0.333333333333333,0.333333333333333,0.428571428571429,0.428571428571429,0.55,0.55,0.0912870929175277,0.0912870929175277,TRUE,"ok"
1310,"uniform_t_vis_1_weak.csv","uniform_v_angle_2_strong.csv",0,0.6,0.6,0.5,0.5,0.333333333333333,0.333333333333333,0.428571428571429,0.428571428571429,0.55,0.55,0.0912870929175277,0.0912870929175277,TRUE,"ok"
1327,"uniform_t_vis_2_strong.csv","uniform_t_vis_3_weak.csv",0.41,0.8,0.6,0.5,0.5,0.4,0.333333333333333,0.533333333333333,0.428571428571429,0.65,0.55,0.277746029931765,0.0912870929175277,FALSE,"ok"
1345,"uniform_t_vis_3_mid.csv","uniform_v_angle_1_mid.csv",0,0.6,0.6,0.5,0.5,0.333333333333333,0.333333333333333,0.428571428571429,0.428571428571429,0.55,0.55,0.0912870929175277,0.0912870929175277,TRUE,"ok"
1349,"uniform_t_vis_3_mid.csv","uniform_v_c_mid.csv",0,0.6,0.6,0.5,0.5,0.333333333333333,0.333333333333333,0.428571428571429,0.428571428571429,0.55,0.55,0.0912870929175277,0.0912870929175277,TRUE,"ok"
1355,"uniform_t_vis_3_strong.csv","uniform_v_angle_2_strong.csv",0.06,0.6,0.6,0.5,0.5,0.333333333333333,0.333333333333333,0.428571428571429,0.428571428571429,0.55,0.55,0.0912870929175277,0.0912870929175277,FALSE,"ok"
1360,"uniform_t_vis_3_weak.csv","uniform_v_angle_2_mid.csv",0,0.6,0.6,0.5,0.5,0.333333333333333,0.333333333333333,0.428571428571429,0.428571428571429,0.55,0.55,0.0912870929175277,0.0912870929175277,TRUE,"ok"
134,"uniform_diode_ir_1_mid.csv","uniform_t_ir_1_strong.csv",0,0.6,0.6,0.416666666666667,0.416666666666667,0.3,0.3,0.4,0.4,0.508333333333333,0.508333333333333,0.0154303349962092,0.0154303349962092,TRUE,"ok"
141,"uniform_diode_ir_1_mid.csv","uniform_t_vis_1_weak.csv",0.15,0.6,0.6,0.416666666666667,0.416666666666667,0.3,0.3,0.4,0.4,0.508333333333333,0.508333333333333,0.0154303349962092,0.0154303349962092,FALSE,"ok"
206,"uniform_diode_ir_3_mid.csv","uniform_diode_vis_3_mid.csv",0.05,0.6,0.6,0.416666666666667,0.416666666666667,0.3,0.3,0.4,0.4,0.508333333333333,0.508333333333333,0.0154303349962092,0.0154303349962092,FALSE,"ok"
242,"uniform_diode_ir_3_mid.csv","uniform_t_vis_3_mid.csv",0,0.6,0.6,0.416666666666667,0.416666666666667,0.3,0.3,0.4,0.4,0.508333333333333,0.508333333333333,0.0154303349962092,0.0154303349962092,TRUE,"ok"
276,"uniform_diode_ir_3_strong.csv","uniform_red_strong.csv",0,0.6,0.6,0.416666666666667,0.416666666666667,0.3,0.3,0.4,0.4,0.508333333333333,0.508333333333333,0.0154303349962092,0.0154303349962092,TRUE,"ok"
329,"uniform_diode_vis_1_mid.csv","uniform_t_vis_1_mid.csv",0.07,0.6,0.6,0.416666666666667,0.416666666666667,0.3,0.3,0.4,0.4,0.508333333333333,0.508333333333333,0.0154303349962092,0.0154303349962092,FALSE,"ok"
339,"uniform_diode_vis_1_mid.csv","uniform_v_angle_1_strong.csv",0,0.6,0.6,0.416666666666667,0.416666666666667,0.3,0.3,0.4,0.4,0.508333333333333,0.508333333333333,0.0154303349962092,0.0154303349962092,TRUE,"ok"
368,"uniform_diode_vis_2_mid.csv","uniform_t_ir_1_mid.csv",0.25,0.4,0.6,0.416666666666667,0.416666666666667,0.222222222222222,0.3,0.285714285714286,0.4,0.408333333333333,0.508333333333333,-0.167359670348801,0.0154303349962092,FALSE,"ok"
590,"uniform_l_12_mid.csv","uniform_t_vis_3_mid.csv",0.08,0.6,0.6,0.416666666666667,0.416666666666667,0.3,0.3,0.4,0.4,0.508333333333333,0.508333333333333,0.0154303349962092,0.0154303349962092,FALSE,"ok"
591,"uniform_l_12_mid.csv","uniform_t_vis_3_strong.csv",0.07,0.6,0.6,0.416666666666667,0.416666666666667,0.3,0.3,0.4,0.4,0.508333333333333,0.508333333333333,0.0154303349962092,0.0154303349962092,FALSE,"ok"
596,"uniform_l_12_mid.csv","uniform_v_angle_2_strong.csv",0,0.6,0.6,0.416666666666667,0.416666666666667,0.3,0.3,0.4,0.4,0.508333333333333,0.508333333333333,0.0154303349962092,0.0154303349962092,TRUE,"ok"
714,"uniform_l_32_mid.csv","uniform_osr_angle_1_strong.csv",0,0.6,0.6,0.416666666666667,0.416666666666667,0.3,0.3,0.4,0.4,0.508333333333333,0.508333333333333,0.0154303349962092,0.0154303349962092,TRUE,"ok"
732,"uniform_l_32_mid.csv","uniform_t_ir_3_strong.csv",0,0.6,0.6,0.416666666666667,0.416666666666667,0.3,0.3,0.4,0.4,0.508333333333333,0.508333333333333,0.0154303349962092,0.0154303349962092,TRUE,"ok"
742,"uniform_l_32_mid.csv","uniform_t_vis_3_weak.csv",0.26,0.6,0.6,0.416666666666667,0.416666666666667,0.3,0.3,0.4,0.4,0.508333333333333,0.508333333333333,0.0154303349962092,0.0154303349962092,FALSE,"ok"
786,"uniform_osr_angle_1_strong.csv","uniform_osr_angle_2_strong.csv",0,0.6,0.6,0.416666666666667,0.416666666666667,0.3,0.3,0.4,0.4,0.508333333333333,0.508333333333333,0.0154303349962092,0.0154303349962092,TRUE,"ok"
804,"uniform_osr_angle_1_strong.csv","uniform_t_vis_1_strong.csv",0,0.6,0.6,0.416666666666667,0.416666666666667,0.3,0.3,0.4,0.4,0.508333333333333,0.508333333333333,0.0154303349962092,0.0154303349962092,TRUE,"ok"
880,"uniform_osr_angle_2_mid.csv","uniform_v_angle_2_strong.csv",0,0.6,0.6,0.416666666666667,0.416666666666667,0.3,0.3,0.4,0.4,0.508333333333333,0.508333333333333,0.0154303349962092,0.0154303349962092,TRUE,"ok"
970,"uniform_osr_c_mid.csv","uniform_v_angle_2_strong.csv",0,0.6,0.6,0.416666666666667,0.416666666666667,0.3,0.3,0.4,0.4,0.508333333333333,0.508333333333333,0.0154303349962092,0.0154303349962092,TRUE,"ok"
1166,"uniform_red_strong.csv","uniform_v_angle_2_strong.csv",0.01,0.6,0.6,0.416666666666667,0.416666666666667,0.3,0.3,0.4,0.4,0.508333333333333,0.508333333333333,0.0154303349962092,0.0154303349962092,FALSE,"ok"
1205,"uniform_t_ir_1_strong.csv","uniform_v_angle_2_strong.csv",0,0.6,0.6,0.416666666666667,0.416666666666667,0.3,0.3,0.4,0.4,0.508333333333333,0.508333333333333,0.0154303349962092,0.0154303349962092,TRUE,"ok"
1234,"uniform_t_ir_3_mid.csv","uniform_t_vis_3_mid.csv",0,0.6,0.6,0.416666666666667,0.416666666666667,0.3,0.3,0.4,0.4,0.508333333333333,0.508333333333333,0.0154303349962092,0.0154303349962092,TRUE,"ok"
1304,"uniform_t_vis_1_weak.csv","uniform_t_vis_3_mid.csv",0,0.6,0.6,0.416666666666667,0.416666666666667,0.3,0.3,0.4,0.4,0.508333333333333,0.508333333333333,0.0154303349962092,0.0154303349962092,TRUE,"ok"
1343,"uniform_t_vis_3_mid.csv","uniform_t_vis_3_strong.csv",0,0.6,0.6,0.416666666666667,0.416666666666667,0.3,0.3,0.4,0.4,0.508333333333333,0.508333333333333,0.0154303349962092,0.0154303349962092,TRUE,"ok"
780,"uniform_osr_angle_1_mid.csv","uniform_v_angle_2_mid.csv",0,0.6,0.6,0.333333333333333,0.333333333333333,0.272727272727273,0.272727272727273,0.375,0.375,0.466666666666667,0.466666666666667,-0.0635641726163728,-0.0635641726163728,TRUE,"ok"
1100,"uniform_pol_2_mid.csv","uniform_v_angle_2_strong.csv",0,0.6,0.6,0.333333333333333,0.333333333333333,0.272727272727273,0.272727272727273,0.375,0.375,0.466666666666667,0.466666666666667,-0.0635641726163728,-0.0635641726163728,TRUE,"ok"
726,"uniform_l_32_mid.csv","uniform_red_mid.csv",0.05,0.4,0.4,0.833333333333333,0.833333333333333,0.5,0.5,0.444444444444444,0.444444444444444,0.616666666666667,0.616666666666667,0.250640205913802,0.250640205913802,FALSE,"ok"
1,"uniform_blue_mid.csv","uniform_blue_strong.csv",0.6,0.6,0.4,0.75,0.75,0.5,0.4,0.545454545454545,0.4,0.675,0.575,0.333711906235957,0.15,FALSE,"ok"
45,"uniform_blue_mid.csv","uniform_t_vis_3_strong.csv",0.73,0.6,0.4,0.75,0.75,0.5,0.4,0.545454545454545,0.4,0.675,0.575,0.333711906235957,0.15,FALSE,"ok"
228,"uniform_diode_ir_3_mid.csv","uniform_red_mid.csv",0,0.4,0.4,0.75,0.75,0.4,0.4,0.4,0.4,0.575,0.575,0.15,0.15,TRUE,"ok"
1132,"uniform_red_mid.csv","uniform_t_ir_3_weak.csv",0,0.4,0.4,0.75,0.75,0.4,0.4,0.4,0.4,0.575,0.575,0.15,0.15,TRUE,"ok"
1146,"uniform_red_mid.csv","uniform_v_c_mid.csv",0,0.4,0.4,0.75,0.75,0.4,0.4,0.4,0.4,0.575,0.575,0.15,0.15,TRUE,"ok"
19,"uniform_blue_mid.csv","uniform_osr_angle_1_weak.csv",0.43,0.8,0.4,0.666666666666667,0.666666666666667,0.5,0.333333333333333,0.615384615384615,0.363636363636364,0.733333333333333,0.533333333333333,0.426006433615129,0.0635641726163728,FALSE,"ok"
55,"uniform_blue_strong.csv","uniform_diode_ir_3_mid.csv",0.24,0.6,0.4,0.666666666666667,0.666666666666667,0.428571428571429,0.333333333333333,0.5,0.363636363636364,0.633333333333333,0.533333333333333,0.246885359939347,0.0635641726163728,FALSE,"ok"
68,"uniform_blue_strong.csv","uniform_osr_angle_1_mid.csv",1.43,0.6,0.4,0.666666666666667,0.666666666666667,0.428571428571429,0.333333333333333,0.5,0.363636363636364,0.633333333333333,0.533333333333333,0.246885359939347,0.0635641726163728,FALSE,"ok"
76,"uniform_blue_strong.csv","uniform_osr_c_weak.csv",0.48,0.6,0.4,0.666666666666667,0.666666666666667,0.428571428571429,0.333333333333333,0.5,0.363636363636364,0.633333333333333,0.533333333333333,0.246885359939347,0.0635641726163728,FALSE,"ok"
97,"uniform_blue_strong.csv","uniform_t_vis_3_weak.csv",0.41,0.6,0.4,0.666666666666667,0.666666666666667,0.428571428571429,0.333333333333333,0.5,0.363636363636364,0.633333333333333,0.533333333333333,0.246885359939347,0.0635641726163728,FALSE,"ok"
321,"uniform_diode_vis_1_mid.csv","uniform_red_mid.csv",0,0.4,0.4,0.666666666666667,0.666666666666667,0.333333333333333,0.333333333333333,0.363636363636364,0.363636363636364,0.533333333333333,0.533333333333333,0.0635641726163728,0.0635641726163728,TRUE,"ok"
465,"uniform_green_mid.csv","uniform_t_vis_2_strong.csv",0.41,0.8,0.4,0.666666666666667,0.666666666666667,0.5,0.333333333333333,0.615384615384615,0.363636363636364,0.733333333333333,0.533333333333333,0.426006433615129,0.0635641726163728,FALSE,"ok"
576,"uniform_l_12_mid.csv","uniform_red_mid.csv",0,0.4,0.4,0.666666666666667,0.666666666666667,0.333333333333333,0.333333333333333,0.363636363636364,0.363636363636364,0.533333333333333,0.533333333333333,0.0635641726163728,0.0635641726163728,TRUE,"ok"
1031,"uniform_pol_1_mid.csv","uniform_red_mid.csv",0,0.4,0.4,0.666666666666667,0.666666666666667,0.333333333333333,0.333333333333333,0.363636363636364,0.363636363636364,0.533333333333333,0.533333333333333,0.0635641726163728,0.0635641726163728,TRUE,"ok"
1103,"uniform_pol_2_strong.csv","uniform_red_mid.csv",0.02,0.4,0.4,0.666666666666667,0.666666666666667,0.333333333333333,0.333333333333333,0.363636363636364,0.363636363636364,0.533333333333333,0.533333333333333,0.0635641726163728,0.0635641726163728,FALSE,"ok"
1131,"uniform_red_mid.csv","uniform_t_ir_3_strong.csv",0,0.4,0.4,0.666666666666667,0.666666666666667,0.333333333333333,0.333333333333333,0.363636363636364,0.363636363636364,0.533333333333333,0.533333333333333,0.0635641726163728,0.0635641726163728,TRUE,"ok"
1142,"uniform_red_mid.csv","uniform_v_angle_1_mid.csv",0,0.4,0.4,0.666666666666667,0.666666666666667,0.333333333333333,0.333333333333333,0.363636363636364,0.363636363636364,0.533333333333333,0.533333333333333,0.0635641726163728,0.0635641726163728,TRUE,"ok"
1145,"uniform_red_mid.csv","uniform_v_angle_2_strong.csv",0,0.4,0.4,0.666666666666667,0.666666666666667,0.333333333333333,0.333333333333333,0.363636363636364,0.363636363636364,0.533333333333333,0.533333333333333,0.0635641726163728,0.0635641726163728,TRUE,"ok"
1157,"uniform_red_strong.csv","uniform_t_vis_2_mid.csv",0,0.4,0.4,0.666666666666667,0.666666666666667,0.333333333333333,0.333333333333333,0.363636363636364,0.363636363636364,0.533333333333333,0.533333333333333,0.0635641726163728,0.0635641726163728,TRUE,"ok"
1249,"uniform_t_ir_3_strong.csv","uniform_t_vis_2_weak.csv",0.26,0.4,0.4,0.666666666666667,0.666666666666667,0.333333333333333,0.333333333333333,0.363636363636364,0.363636363636364,0.533333333333333,0.533333333333333,0.0635641726163728,0.0635641726163728,FALSE,"ok"
24,"uniform_blue_mid.csv","uniform_osr_c_strong.csv",0.22,0.6,0.4,0.583333333333333,0.583333333333333,0.375,0.285714285714286,0.461538461538462,0.333333333333333,0.591666666666667,0.491666666666667,0.167359670348801,-0.0154303349962092,FALSE,"ok"
81,"uniform_blue_strong.csv","uniform_red_mid.csv",0.47,0.6,0.4,0.583333333333333,0.583333333333333,0.375,0.285714285714286,0.461538461538462,0.333333333333333,0.591666666666667,0.491666666666667,0.167359670348801,-0.0154303349962092,FALSE,"ok"
91,"uniform_blue_strong.csv","uniform_t_vis_1_weak.csv",0.74,0.8,0.4,0.583333333333333,0.583333333333333,0.444444444444444,0.285714285714286,0.571428571428571,0.333333333333333,0.691666666666667,0.491666666666667,0.349933856183856,-0.0154303349962092,FALSE,"ok"
131,"uniform_diode_ir_1_mid.csv","uniform_red_mid.csv",0.04,0.4,0.4,0.583333333333333,0.583333333333333,0.285714285714286,0.285714285714286,0.333333333333333,0.333333333333333,0.491666666666667,0.491666666666667,-0.0154303349962092,-0.0154303349962092,FALSE,"ok"
275,"uniform_diode_ir_3_strong.csv","uniform_red_mid.csv",0.01,0.4,0.4,0.583333333333333,0.583333333333333,0.285714285714286,0.285714285714286,0.333333333333333,0.333333333333333,0.491666666666667,0.491666666666667,-0.0154303349962092,-0.0154303349962092,FALSE,"ok"
410,"uniform_diode_vis_3_mid.csv","uniform_red_mid.csv",0,0.4,0.4,0.583333333333333,0.583333333333333,0.285714285714286,0.285714285714286,0.333333333333333,0.333333333333333,0.491666666666667,0.491666666666667,-0.0154303349962092,-0.0154303349962092,TRUE,"ok"
453,"uniform_green_mid.csv","uniform_red_mid.csv",0.17,0.4,0.4,0.583333333333333,0.583333333333333,0.285714285714286,0.285714285714286,0.333333333333333,0.333333333333333,0.491666666666667,0.491666666666667,-0.0154303349962092,-0.0154303349962092,FALSE,"ok"
508,"uniform_green_strong.csv","uniform_t_vis_2_weak.csv",0,0.4,0.4,0.583333333333333,0.583333333333333,0.285714285714286,0.285714285714286,0.333333333333333,0.333333333333333,0.491666666666667,0.491666666666667,-0.0154303349962092,-0.0154303349962092,TRUE,"ok"
1067,"uniform_pol_1_strong.csv","uniform_t_vis_2_mid.csv",0,0.4,0.4,0.583333333333333,0.583333333333333,0.285714285714286,0.285714285714286,0.333333333333333,0.333333333333333,0.491666666666667,0.491666666666667,-0.0154303349962092,-0.0154303349962092,TRUE,"ok"
1129,"uniform_red_mid.csv","uniform_t_ir_1_weak.csv",0,0.4,0.4,0.583333333333333,0.583333333333333,0.285714285714286,0.285714285714286,0.333333333333333,0.333333333333333,0.491666666666667,0.491666666666667,-0.0154303349962092,-0.0154303349962092,TRUE,"ok"
1316,"uniform_t_vis_2_mid.csv","uniform_t_vis_3_strong.csv",0.29,0.6,0.4,0.583333333333333,0.583333333333333,0.375,0.285714285714286,0.461538461538462,0.333333333333333,0.591666666666667,0.491666666666667,0.167359670348801,-0.0154303349962092,FALSE,"ok"
1341,"uniform_t_vis_2_weak.csv","uniform_v_c_mid.csv",0.03,0.4,0.4,0.583333333333333,0.583333333333333,0.285714285714286,0.285714285714286,0.333333333333333,0.333333333333333,0.491666666666667,0.491666666666667,-0.0154303349962092,-0.0154303349962092,FALSE,"ok"
50,"uniform_blue_mid.csv","uniform_v_angle_2_strong.csv",0.21,0.6,0.4,0.5,0.5,0.333333333333333,0.25,0.428571428571429,0.307692307692308,0.55,0.45,0.0912870929175277,-0.0912870929175277,FALSE,"ok"
180,"uniform_diode_ir_1_strong.csv","uniform_red_mid.csv",0,0.4,0.4,0.5,0.5,0.25,0.25,0.307692307692308,0.307692307692308,0.45,0.45,-0.0912870929175277,-0.0912870929175277,TRUE,"ok"
495,"uniform_green_strong.csv","uniform_red_mid.csv",0.29,0.6,0.4,0.5,0.5,0.333333333333333,0.25,0.428571428571429,0.307692307692308,0.55,0.45,0.0912870929175277,-0.0912870929175277,FALSE,"ok"
1126,"uniform_red_mid.csv","uniform_red_strong.csv",0,0.4,0.4,0.5,0.5,0.25,0.25,0.307692307692308,0.307692307692308,0.45,0.45,-0.0912870929175277,-0.0912870929175277,TRUE,"ok"
1159,"uniform_red_strong.csv","uniform_t_vis_2_weak.csv",0.22,0.4,0.4,0.416666666666667,0.416666666666667,0.222222222222222,0.222222222222222,0.285714285714286,0.285714285714286,0.408333333333333,0.408333333333333,-0.167359670348801,-0.167359670348801,FALSE,"ok"
119,"uniform_diode_ir_1_mid.csv","uniform_osr_angle_1_strong.csv",0.02,0.8,1,0.666666666666667,0.583333333333333,0.5,0.5,0.615384615384615,0.666666666666667,0.733333333333333,0.791666666666667,0.426006433615129,0.540061724867322,FALSE,"ok"
1072,"uniform_pol_1_strong.csv","uniform_t_vis_3_weak.csv",0.09,0.8,0.8,0.833333333333333,0.75,0.666666666666667,0.571428571428571,0.727272727272727,0.666666666666667,0.816666666666667,0.775,0.603859639855542,0.509201054874903,FALSE,"ok"
531,"uniform_l_11_mid.csv","uniform_osr_c_weak.csv",0.16,0.8,0.8,0.75,0.666666666666667,0.571428571428571,0.5,0.666666666666667,0.615384615384615,0.775,0.733333333333333,0.509201054874903,0.426006433615129,FALSE,"ok"
901,"uniform_osr_angle_2_strong.csv","uniform_t_vis_1_weak.csv",0.07,0.8,0.8,0.75,0.666666666666667,0.571428571428571,0.5,0.666666666666667,0.615384615384615,0.775,0.733333333333333,0.509201054874903,0.426006433615129,FALSE,"ok"
1137,"uniform_red_mid.csv","uniform_t_vis_2_strong.csv",0.38,0.8,0.8,0.75,0.666666666666667,0.571428571428571,0.5,0.666666666666667,0.615384615384615,0.775,0.733333333333333,0.509201054874903,0.426006433615129,FALSE,"ok"
1261,"uniform_t_ir_3_weak.csv","uniform_t_vis_1_weak.csv",0.23,0.8,0.8,0.75,0.666666666666667,0.571428571428571,0.5,0.666666666666667,0.615384615384615,0.775,0.733333333333333,0.509201054874903,0.426006433615129,FALSE,"ok"
2,"uniform_blue_mid.csv","uniform_diode_ir_1_mid.csv",0.16,0.6,0.8,0.666666666666667,0.583333333333333,0.428571428571429,0.444444444444444,0.5,0.571428571428571,0.633333333333333,0.691666666666667,0.246885359939347,0.349933856183856,FALSE,"ok"
163,"uniform_diode_ir_1_strong.csv","uniform_l_21_mid.csv",0.22,0.8,0.8,0.666666666666667,0.583333333333333,0.5,0.444444444444444,0.615384615384615,0.571428571428571,0.733333333333333,0.691666666666667,0.426006433615129,0.349933856183856,FALSE,"ok"
398,"uniform_diode_vis_3_mid.csv","uniform_osr_angle_1_strong.csv",0.14,0.8,0.8,0.666666666666667,0.583333333333333,0.5,0.444444444444444,0.615384615384615,0.571428571428571,0.733333333333333,0.691666666666667,0.426006433615129,0.349933856183856,FALSE,"ok"
537,"uniform_l_11_mid.csv","uniform_red_strong.csv",0.08,0.8,0.8,0.666666666666667,0.583333333333333,0.5,0.444444444444444,0.615384615384615,0.571428571428571,0.733333333333333,0.691666666666667,0.426006433615129,0.349933856183856,FALSE,"ok"
636,"uniform_l_21_mid.csv","uniform_v_c_mid.csv",0.26,0.8,0.8,0.666666666666667,0.583333333333333,0.5,0.444444444444444,0.615384615384615,0.571428571428571,0.733333333333333,0.691666666666667,0.426006433615129,0.349933856183856,FALSE,"ok"
1149,"uniform_red_strong.csv","uniform_t_ir_1_strong.csv",0.25,0.8,0.8,0.666666666666667,0.583333333333333,0.5,0.444444444444444,0.615384615384615,0.571428571428571,0.733333333333333,0.691666666666667,0.426006433615129,0.349933856183856,FALSE,"ok"
77,"uniform_blue_strong.csv","uniform_pol_1_mid.csv",0.24,0.8,0.8,0.583333333333333,0.5,0.444444444444444,0.4,0.571428571428571,0.533333333333333,0.691666666666667,0.65,0.349933856183856,0.277746029931765,FALSE,"ok"
298,"uniform_diode_vis_1_mid.csv","uniform_diode_vis_2_mid.csv",0.7,0.6,0.8,0.583333333333333,0.5,0.375,0.4,0.461538461538462,0.533333333333333,0.591666666666667,0.65,0.167359670348801,0.277746029931765,FALSE,"ok"
718,"uniform_l_32_mid.csv","uniform_osr_angle_2_weak.csv",0.07,0.8,0.8,0.583333333333333,0.5,0.444444444444444,0.4,0.571428571428571,0.533333333333333,0.691666666666667,0.65,0.349933856183856,0.277746029931765,FALSE,"ok"
937,"uniform_osr_angle_2_weak.csv","uniform_t_vis_3_weak.csv",0.15,1,0.8,0.583333333333333,0.5,0.5,0.4,0.666666666666667,0.533333333333333,0.791666666666667,0.65,0.540061724867322,0.277746029931765,FALSE,"ok"
1096,"uniform_pol_2_mid.csv","uniform_t_vis_3_weak.csv",0.26,0.8,0.8,0.583333333333333,0.5,0.444444444444444,0.4,0.571428571428571,0.533333333333333,0.691666666666667,0.65,0.349933856183856,0.277746029931765,FALSE,"ok"
530,"uniform_l_11_mid.csv","uniform_osr_c_strong.csv",0.29,0.6,0.6,0.916666666666667,0.833333333333333,0.75,0.6,0.666666666666667,0.6,0.758333333333333,0.716666666666667,0.554989027380561,0.433333333333333,FALSE,"ok"
731,"uniform_l_32_mid.csv","uniform_t_ir_3_mid.csv",0.1,0.6,0.6,0.916666666666667,0.833333333333333,0.75,0.6,0.666666666666667,0.6,0.758333333333333,0.716666666666667,0.554989027380561,0.433333333333333,FALSE,"ok"
176,"uniform_diode_ir_1_strong.csv","uniform_pol_1_mid.csv",0.14,0.6,0.6,0.833333333333333,0.75,0.6,0.5,0.6,0.545454545454545,0.716666666666667,0.675,0.433333333333333,0.333711906235957,FALSE,"ok"
236,"uniform_diode_ir_3_mid.csv","uniform_t_vis_1_mid.csv",0.08,0.6,0.6,0.833333333333333,0.75,0.6,0.5,0.6,0.545454545454545,0.716666666666667,0.675,0.433333333333333,0.333711906235957,FALSE,"ok"
357,"uniform_diode_vis_2_mid.csv","uniform_osr_angle_2_strong.csv",0.29,0.6,0.6,0.833333333333333,0.75,0.6,0.5,0.6,0.545454545454545,0.716666666666667,0.675,0.433333333333333,0.333711906235957,FALSE,"ok"
1333,"uniform_t_vis_2_strong.csv","uniform_v_c_strong.csv",0.12,0.6,0.6,0.833333333333333,0.75,0.6,0.5,0.6,0.545454545454545,0.716666666666667,0.675,0.433333333333333,0.333711906235957,FALSE,"ok"
104,"uniform_diode_ir_1_mid.csv","uniform_diode_ir_1_strong.csv",0.03,0.6,0.6,0.75,0.666666666666667,0.5,0.428571428571429,0.545454545454545,0.5,0.675,0.633333333333333,0.333711906235957,0.246885359939347,FALSE,"ok"
441,"uniform_green_mid.csv","uniform_osr_angle_1_strong.csv",0.04,0.6,0.6,0.75,0.666666666666667,0.5,0.428571428571429,0.545454545454545,0.5,0.675,0.633333333333333,0.333711906235957,0.246885359939347,FALSE,"ok"
445,"uniform_green_mid.csv","uniform_osr_angle_2_weak.csv",0.18,0.6,0.6,0.75,0.666666666666667,0.5,0.428571428571429,0.545454545454545,0.5,0.675,0.633333333333333,0.333711906235957,0.246885359939347,FALSE,"ok"
533,"uniform_l_11_mid.csv","uniform_pol_1_strong.csv",0.06,0.6,0.6,0.75,0.666666666666667,0.5,0.428571428571429,0.545454545454545,0.5,0.675,0.633333333333333,0.333711906235957,0.246885359939347,FALSE,"ok"
570,"uniform_l_12_mid.csv","uniform_osr_c_strong.csv",0.4,0.6,0.6,0.75,0.666666666666667,0.5,0.428571428571429,0.545454545454545,0.5,0.675,0.633333333333333,0.333711906235957,0.246885359939347,FALSE,"ok"
695,"uniform_l_31_mid.csv","uniform_t_ir_3_mid.csv",0.11,0.6,0.6,0.75,0.666666666666667,0.5,0.428571428571429,0.545454545454545,0.5,0.675,0.633333333333333,0.333711906235957,0.246885359939347,FALSE,"ok"
805,"uniform_osr_angle_1_strong.csv","uniform_t_vis_1_weak.csv",0.22,0.6,0.6,0.75,0.666666666666667,0.5,0.428571428571429,0.545454545454545,0.5,0.675,0.633333333333333,0.333711906235957,0.246885359939347,FALSE,"ok"
867,"uniform_osr_angle_2_mid.csv","uniform_t_ir_3_weak.csv",0.37,0.6,0.6,0.75,0.666666666666667,0.5,0.428571428571429,0.545454545454545,0.5,0.675,0.633333333333333,0.333711906235957,0.246885359939347,FALSE,"ok"
977,"uniform_osr_c_strong.csv","uniform_pol_2_strong.csv",0.43,0.6,0.6,0.75,0.666666666666667,0.5,0.428571428571429,0.545454545454545,0.5,0.675,0.633333333333333,0.333711906235957,0.246885359939347,FALSE,"ok"
991,"uniform_osr_c_strong.csv","uniform_t_vis_2_weak.csv",0.11,0.6,0.6,0.75,0.666666666666667,0.5,0.428571428571429,0.545454545454545,0.5,0.675,0.633333333333333,0.333711906235957,0.246885359939347,FALSE,"ok"
1024,"uniform_osr_c_weak.csv","uniform_v_angle_2_mid.csv",0.11,0.6,0.6,0.75,0.666666666666667,0.5,0.428571428571429,0.545454545454545,0.5,0.675,0.633333333333333,0.333711906235957,0.246885359939347,FALSE,"ok"
1081,"uniform_pol_2_mid.csv","uniform_red_strong.csv",0.1,0.6,0.6,0.75,0.666666666666667,0.5,0.428571428571429,0.545454545454545,0.5,0.675,0.633333333333333,0.333711906235957,0.246885359939347,FALSE,"ok"
1153,"uniform_red_strong.csv","uniform_t_ir_3_weak.csv",0.56,0.6,0.6,0.75,0.666666666666667,0.5,0.428571428571429,0.545454545454545,0.5,0.675,0.633333333333333,0.333711906235957,0.246885359939347,FALSE,"ok"
17,"uniform_blue_mid.csv","uniform_osr_angle_1_mid.csv",0.15,0.6,0.6,0.666666666666667,0.583333333333333,0.428571428571429,0.375,0.5,0.461538461538462,0.633333333333333,0.591666666666667,0.246885359939347,0.167359670348801,FALSE,"ok"
18,"uniform_blue_mid.csv","uniform_osr_angle_1_strong.csv",0.01,0.6,0.6,0.666666666666667,0.583333333333333,0.428571428571429,0.375,0.5,0.461538461538462,0.633333333333333,0.591666666666667,0.246885359939347,0.167359670348801,FALSE,"ok"
57,"uniform_blue_strong.csv","uniform_diode_vis_1_mid.csv",0.18,0.6,0.6,0.666666666666667,0.583333333333333,0.428571428571429,0.375,0.5,0.461538461538462,0.633333333333333,0.591666666666667,0.246885359939347,0.167359670348801,FALSE,"ok"
100,"uniform_blue_strong.csv","uniform_v_angle_2_mid.csv",0.16,0.6,0.6,0.666666666666667,0.583333333333333,0.428571428571429,0.375,0.5,0.461538461538462,0.633333333333333,0.591666666666667,0.246885359939347,0.167359670348801,FALSE,"ok"
200,"uniform_diode_ir_1_strong.csv","uniform_v_angle_2_strong.csv",0.08,0.6,0.6,0.666666666666667,0.583333333333333,0.428571428571429,0.375,0.5,0.461538461538462,0.633333333333333,0.591666666666667,0.246885359939347,0.167359670348801,FALSE,"ok"
331,"uniform_diode_vis_1_mid.csv","uniform_t_vis_1_weak.csv",0.09,0.6,0.6,0.666666666666667,0.583333333333333,0.428571428571429,0.375,0.5,0.461538461538462,0.633333333333333,0.591666666666667,0.246885359939347,0.167359670348801,FALSE,"ok"
347,"uniform_diode_vis_2_mid.csv","uniform_l_11_mid.csv",0.11,0.6,0.6,0.666666666666667,0.583333333333333,0.428571428571429,0.375,0.5,0.461538461538462,0.633333333333333,0.591666666666667,0.246885359939347,0.167359670348801,FALSE,"ok"
348,"uniform_diode_vis_2_mid.csv","uniform_l_12_mid.csv",0.16,0.6,0.6,0.666666666666667,0.583333333333333,0.428571428571429,0.375,0.5,0.461538461538462,0.633333333333333,0.591666666666667,0.246885359939347,0.167359670348801,FALSE,"ok"
550,"uniform_l_11_mid.csv","uniform_t_vis_3_mid.csv",0.23,0.8,0.6,0.666666666666667,0.583333333333333,0.5,0.375,0.615384615384615,0.461538461538462,0.733333333333333,0.591666666666667,0.426006433615129,0.167359670348801,FALSE,"ok"
589,"uniform_l_12_mid.csv","uniform_t_vis_2_weak.csv",0.1,0.6,0.6,0.666666666666667,0.583333333333333,0.428571428571429,0.375,0.5,0.461538461538462,0.633333333333333,0.591666666666667,0.246885359939347,0.167359670348801,FALSE,"ok"
706,"uniform_l_31_mid.csv","uniform_t_vis_3_weak.csv",0.23,0.6,0.6,0.666666666666667,0.583333333333333,0.428571428571429,0.375,0.5,0.461538461538462,0.633333333333333,0.591666666666667,0.246885359939347,0.167359670348801,FALSE,"ok"
747,"uniform_l_32_mid.csv","uniform_v_c_mid.csv",0.45,0.8,0.6,0.666666666666667,0.583333333333333,0.5,0.375,0.615384615384615,0.461538461538462,0.733333333333333,0.591666666666667,0.426006433615129,0.167359670348801,FALSE,"ok"
887,"uniform_osr_angle_2_strong.csv","uniform_pol_1_mid.csv",0.08,0.6,0.6,0.666666666666667,0.583333333333333,0.428571428571429,0.375,0.5,0.461538461538462,0.633333333333333,0.591666666666667,0.246885359939347,0.167359670348801,FALSE,"ok"
917,"uniform_osr_angle_2_weak.csv","uniform_pol_1_mid.csv",0.08,0.6,0.6,0.666666666666667,0.583333333333333,0.428571428571429,0.375,0.5,0.461538461538462,0.633333333333333,0.591666666666667,0.246885359939347,0.167359670348801,FALSE,"ok"
918,"uniform_osr_angle_2_weak.csv","uniform_pol_1_strong.csv",0.06,0.6,0.6,0.666666666666667,0.583333333333333,0.428571428571429,0.375,0.5,0.461538461538462,0.633333333333333,0.591666666666667,0.246885359939347,0.167359670348801,FALSE,"ok"
963,"uniform_osr_c_mid.csv","uniform_t_vis_2_weak.csv",0.36,0.6,0.6,0.666666666666667,0.583333333333333,0.428571428571429,0.375,0.5,0.461538461538462,0.633333333333333,0.591666666666667,0.246885359939347,0.167359670348801,FALSE,"ok"
966,"uniform_osr_c_mid.csv","uniform_t_vis_3_weak.csv",0.25,0.6,0.6,0.666666666666667,0.583333333333333,0.428571428571429,0.375,0.5,0.461538461538462,0.633333333333333,0.591666666666667,0.246885359939347,0.167359670348801,FALSE,"ok"
1019,"uniform_osr_c_weak.csv","uniform_t_vis_3_mid.csv",0.01,0.6,0.6,0.666666666666667,0.583333333333333,0.428571428571429,0.375,0.5,0.461538461538462,0.633333333333333,0.591666666666667,0.246885359939347,0.167359670348801,FALSE,"ok"
1110,"uniform_pol_2_strong.csv","uniform_t_ir_3_weak.csv",0.13,0.6,0.6,0.666666666666667,0.583333333333333,0.428571428571429,0.375,0.5,0.461538461538462,0.633333333333333,0.591666666666667,0.246885359939347,0.167359670348801,FALSE,"ok"
1210,"uniform_t_ir_1_weak.csv","uniform_t_ir_3_weak.csv",0.09,0.6,0.6,0.666666666666667,0.583333333333333,0.428571428571429,0.375,0.5,0.461538461538462,0.633333333333333,0.591666666666667,0.246885359939347,0.167359670348801,FALSE,"ok"
1231,"uniform_t_ir_3_mid.csv","uniform_t_vis_2_mid.csv",0.34,0.6,0.6,0.666666666666667,0.583333333333333,0.428571428571429,0.375,0.5,0.461538461538462,0.633333333333333,0.591666666666667,0.246885359939347,0.167359670348801,FALSE,"ok"
1303,"uniform_t_vis_1_weak.csv","uniform_t_vis_2_weak.csv",0.07,0.6,0.6,0.666666666666667,0.583333333333333,0.428571428571429,0.375,0.5,0.461538461538462,0.633333333333333,0.591666666666667,0.246885359939347,0.167359670348801,FALSE,"ok"
1335,"uniform_t_vis_2_weak.csv","uniform_t_vis_3_strong.csv",0.13,0.6,0.6,0.666666666666667,0.583333333333333,0.428571428571429,0.375,0.5,0.461538461538462,0.633333333333333,0.591666666666667,0.246885359939347,0.167359670348801,FALSE,"ok"
8,"uniform_blue_mid.csv","uniform_diode_vis_3_mid.csv",0.03,0.6,0.6,0.583333333333333,0.5,0.375,0.333333333333333,0.461538461538462,0.428571428571429,0.591666666666667,0.55,0.167359670348801,0.0912870929175277,FALSE,"ok"
36,"uniform_blue_mid.csv","uniform_t_ir_3_strong.csv",0.15,0.6,0.6,0.583333333333333,0.5,0.375,0.333333333333333,0.461538461538462,0.428571428571429,0.591666666666667,0.55,0.167359670348801,0.0912870929175277,FALSE,"ok"
74,"uniform_blue_strong.csv","uniform_osr_c_mid.csv",0.1,0.6,0.6,0.583333333333333,0.5,0.375,0.333333333333333,0.461538461538462,0.428571428571429,0.591666666666667,0.55,0.167359670348801,0.0912870929175277,FALSE,"ok"
118,"uniform_diode_ir_1_mid.csv","uniform_osr_angle_1_mid.csv",0.12,0.6,0.6,0.583333333333333,0.5,0.375,0.333333333333333,0.461538461538462,0.428571428571429,0.591666666666667,0.55,0.167359670348801,0.0912870929175277,FALSE,"ok"
129,"uniform_diode_ir_1_mid.csv","uniform_pol_2_mid.csv",0.03,0.6,0.6,0.583333333333333,0.5,0.375,0.333333333333333,0.461538461538462,0.428571428571429,0.591666666666667,0.55,0.167359670348801,0.0912870929175277,FALSE,"ok"
165,"uniform_diode_ir_1_strong.csv","uniform_l_31_mid.csv",0.53,0.6,0.6,0.583333333333333,0.5,0.375,0.333333333333333,0.461538461538462,0.428571428571429,0.591666666666667,0.55,0.167359670348801,0.0912870929175277,FALSE,"ok"
214,"uniform_diode_ir_3_mid.csv","uniform_l_32_mid.csv",0.17,0.6,0.6,0.583333333333333,0.5,0.375,0.333333333333333,0.461538461538462,0.428571428571429,0.591666666666667,0.55,0.167359670348801,0.0912870929175277,FALSE,"ok"
295,"uniform_diode_ir_3_strong.csv","uniform_v_angle_2_strong.csv",0.35,0.6,0.6,0.583333333333333,0.5,0.375,0.333333333333333,0.461538461538462,0.428571428571429,0.591666666666667,0.55,0.167359670348801,0.0912870929175277,FALSE,"ok"
372,"uniform_diode_vis_2_mid.csv","uniform_t_ir_3_strong.csv",0.23,0.4,0.6,0.583333333333333,0.5,0.285714285714286,0.333333333333333,0.333333333333333,0.428571428571429,0.491666666666667,0.55,-0.0154303349962092,0.0912870929175277,FALSE,"ok"
375,"uniform_diode_vis_2_mid.csv","uniform_t_vis_1_strong.csv",0.06,0.6,0.6,0.583333333333333,0.5,0.375,0.333333333333333,0.461538461538462,0.428571428571429,0.591666666666667,0.55,0.167359670348801,0.0912870929175277,FALSE,"ok"
486,"uniform_green_strong.csv","uniform_osr_angle_2_strong.csv",0.68,0.6,0.6,0.583333333333333,0.5,0.375,0.333333333333333,0.461538461538462,0.428571428571429,0.591666666666667,0.55,0.167359670348801,0.0912870929175277,FALSE,"ok"
926,"uniform_osr_angle_2_weak.csv","uniform_t_ir_3_mid.csv",0.12,0.6,0.6,0.583333333333333,0.5,0.375,0.333333333333333,0.461538461538462,0.428571428571429,0.591666666666667,0.55,0.167359670348801,0.0912870929175277,FALSE,"ok"
934,"uniform_osr_angle_2_weak.csv","uniform_t_vis_2_weak.csv",0.17,0.6,0.6,0.583333333333333,0.5,0.375,0.333333333333333,0.461538461538462,0.428571428571429,0.591666666666667,0.55,0.167359670348801,0.0912870929175277,FALSE,"ok"
941,"uniform_osr_angle_2_weak.csv","uniform_v_angle_2_strong.csv",0.11,0.6,0.6,0.583333333333333,0.5,0.375,0.333333333333333,0.461538461538462,0.428571428571429,0.591666666666667,0.55,0.167359670348801,0.0912870929175277,FALSE,"ok"
1044,"uniform_pol_1_mid.csv","uniform_t_vis_2_weak.csv",0.13,0.8,0.6,0.583333333333333,0.5,0.444444444444444,0.333333333333333,0.571428571428571,0.428571428571429,0.691666666666667,0.55,0.349933856183856,0.0912870929175277,FALSE,"ok"
1179,"uniform_t_ir_1_mid.csv","uniform_t_vis_2_weak.csv",0.16,0.4,0.6,0.583333333333333,0.5,0.285714285714286,0.333333333333333,0.333333333333333,0.428571428571429,0.491666666666667,0.55,-0.0154303349962092,0.0912870929175277,FALSE,"ok"
1185,"uniform_t_ir_1_mid.csv","uniform_v_angle_2_mid.csv",0.08,0.6,0.6,0.583333333333333,0.5,0.375,0.333333333333333,0.461538461538462,0.428571428571429,0.591666666666667,0.55,0.167359670348801,0.0912870929175277,FALSE,"ok"
1198,"uniform_t_ir_1_strong.csv","uniform_t_vis_2_weak.csv",0.25,0.4,0.6,0.583333333333333,0.5,0.285714285714286,0.333333333333333,0.333333333333333,0.428571428571429,0.491666666666667,0.55,-0.0154303349962092,0.0912870929175277,FALSE,"ok"
40,"uniform_blue_mid.csv","uniform_t_vis_1_weak.csv",0.76,0.8,0.6,0.5,0.416666666666667,0.4,0.3,0.533333333333333,0.4,0.65,0.508333333333333,0.277746029931765,0.0154303349962092,FALSE,"ok"
307,"uniform_diode_vis_1_mid.csv","uniform_l_32_mid.csv",0.08,0.6,0.6,0.5,0.416666666666667,0.333333333333333,0.3,0.428571428571429,0.4,0.55,0.508333333333333,0.0912870929175277,0.0154303349962092,FALSE,"ok"
616,"uniform_l_21_mid.csv","uniform_red_strong.csv",0.4,1,0.6,0.5,0.416666666666667,0.454545454545455,0.3,0.625,0.4,0.75,0.508333333333333,0.476731294622796,0.0154303349962092,FALSE,"ok"
746,"uniform_l_32_mid.csv","uniform_v_angle_2_strong.csv",0.16,0.6,0.6,0.5,0.416666666666667,0.333333333333333,0.3,0.428571428571429,0.4,0.55,0.508333333333333,0.0912870929175277,0.0154303349962092,FALSE,"ok"
1289,"uniform_t_vis_1_strong.csv","uniform_t_vis_2_mid.csv",0.04,0.6,0.6,0.5,0.416666666666667,0.333333333333333,0.3,0.428571428571429,0.4,0.55,0.508333333333333,0.0912870929175277,0.0154303349962092,FALSE,"ok"
1361,"uniform_t_vis_3_weak.csv","uniform_v_angle_2_strong.csv",0.14,0.6,0.6,0.5,0.416666666666667,0.333333333333333,0.3,0.428571428571429,0.4,0.55,0.508333333333333,0.0912870929175277,0.0154303349962092,FALSE,"ok"
30,"uniform_blue_mid.csv","uniform_red_mid.csv",0.55,0.6,0.6,0.416666666666667,0.333333333333333,0.3,0.272727272727273,0.4,0.375,0.508333333333333,0.466666666666667,0.0154303349962092,-0.0635641726163728,FALSE,"ok"
44,"uniform_blue_mid.csv","uniform_t_vis_3_mid.csv",0.14,0.6,0.6,0.416666666666667,0.333333333333333,0.3,0.272727272727273,0.4,0.375,0.508333333333333,0.466666666666667,0.0154303349962092,-0.0635641726163728,FALSE,"ok"
1093,"uniform_pol_2_mid.csv","uniform_t_vis_2_weak.csv",0.13,0.6,0.6,0.416666666666667,0.333333333333333,0.3,0.272727272727273,0.4,0.375,0.508333333333333,0.466666666666667,0.0154303349962092,-0.0635641726163728,FALSE,"ok"
53,"uniform_blue_strong.csv","uniform_diode_ir_1_mid.csv",0.29,0.6,0.4,0.666666666666667,0.583333333333333,0.428571428571429,0.285714285714286,0.5,0.333333333333333,0.633333333333333,0.491666666666667,0.246885359939347,-0.0154303349962092,FALSE,"ok"
85,"uniform_blue_strong.csv","uniform_t_ir_1_weak.csv",0.32,0.8,0.4,0.666666666666667,0.583333333333333,0.5,0.285714285714286,0.615384615384615,0.333333333333333,0.733333333333333,0.491666666666667,0.426006433615129,-0.0154303349962092,FALSE,"ok"
1302,"uniform_t_vis_1_weak.csv","uniform_t_vis_2_strong.csv",0.11,0.6,0.4,0.666666666666667,0.583333333333333,0.428571428571429,0.285714285714286,0.5,0.333333333333333,0.633333333333333,0.491666666666667,0.246885359939347,-0.0154303349962092,FALSE,"ok"
51,"uniform_blue_mid.csv","uniform_v_c_mid.csv",0.23,0.6,0.4,0.583333333333333,0.5,0.375,0.25,0.461538461538462,0.307692307692308,0.591666666666667,0.45,0.167359670348801,-0.0912870929175277,FALSE,"ok"
1326,"uniform_t_vis_2_strong.csv","uniform_t_vis_3_strong.csv",0.11,0.4,0.4,0.583333333333333,0.5,0.285714285714286,0.25,0.333333333333333,0.307692307692308,0.491666666666667,0.45,-0.0154303349962092,-0.0912870929175277,FALSE,"ok"
52,"uniform_blue_mid.csv","uniform_v_c_strong.csv",0.27,0.6,0.4,0.5,0.416666666666667,0.333333333333333,0.222222222222222,0.428571428571429,0.285714285714286,0.55,0.408333333333333,0.0912870929175277,-0.167359670348801,FALSE,"ok"
327,"uniform_diode_vis_1_mid.csv","uniform_t_ir_3_strong.csv",0.4,0.8,0.8,0.75,0.583333333333333,0.571428571428571,0.444444444444444,0.666666666666667,0.571428571428571,0.775,0.691666666666667,0.509201054874903,0.349933856183856,FALSE,"ok"
666,"uniform_l_22_mid.csv","uniform_t_vis_2_weak.csv",0.48,0.8,0.8,0.583333333333333,0.416666666666667,0.444444444444444,0.363636363636364,0.571428571428571,0.5,0.691666666666667,0.608333333333333,0.349933856183856,0.206583561003212,FALSE,"ok"
442,"uniform_green_mid.csv","uniform_osr_angle_1_weak.csv",0.16,0.6,0.6,0.75,0.583333333333333,0.5,0.375,0.545454545454545,0.461538461538462,0.675,0.591666666666667,0.333711906235957,0.167359670348801,FALSE,"ok"
1136,"uniform_red_mid.csv","uniform_t_vis_2_mid.csv",0.79,0.6,0.6,0.75,0.583333333333333,0.5,0.375,0.545454545454545,0.461538461538462,0.675,0.591666666666667,0.333711906235957,0.167359670348801,FALSE,"ok"
1233,"uniform_t_ir_3_mid.csv","uniform_t_vis_2_weak.csv",0.39,0.6,0.6,0.75,0.583333333333333,0.5,0.375,0.545454545454545,0.461538461538462,0.675,0.591666666666667,0.333711906235957,0.167359670348801,FALSE,"ok"
26,"uniform_blue_mid.csv","uniform_pol_1_mid.csv",0.15,0.6,0.6,0.666666666666667,0.5,0.428571428571429,0.333333333333333,0.5,0.428571428571429,0.633333333333333,0.55,0.246885359939347,0.0912870929175277,FALSE,"ok"
54,"uniform_blue_strong.csv","uniform_diode_ir_1_strong.csv",0.14,0.6,0.6,0.666666666666667,0.5,0.428571428571429,0.333333333333333,0.5,0.428571428571429,0.633333333333333,0.55,0.246885359939347,0.0912870929175277,FALSE,"ok"
150,"uniform_diode_ir_1_mid.csv","uniform_v_angle_2_mid.csv",0.09,0.6,0.6,0.666666666666667,0.5,0.428571428571429,0.333333333333333,0.5,0.428571428571429,0.633333333333333,0.55,0.246885359939347,0.0912870929175277,FALSE,"ok"
933,"uniform_osr_angle_2_weak.csv","uniform_t_vis_2_strong.csv",0.29,0.6,0.6,0.666666666666667,0.5,0.428571428571429,0.333333333333333,0.5,0.428571428571429,0.633333333333333,0.55,0.246885359939347,0.0912870929175277,FALSE,"ok"
998,"uniform_osr_c_strong.csv","uniform_v_angle_2_strong.csv",0.28,0.6,0.6,0.666666666666667,0.5,0.428571428571429,0.333333333333333,0.5,0.428571428571429,0.633333333333333,0.55,0.246885359939347,0.0912870929175277,FALSE,"ok"
1138,"uniform_red_mid.csv","uniform_t_vis_2_weak.csv",0.49,0.6,0.6,0.666666666666667,0.5,0.428571428571429,0.333333333333333,0.5,0.428571428571429,0.633333333333333,0.55,0.246885359939347,0.0912870929175277,FALSE,"ok"
1216,"uniform_t_ir_1_weak.csv","uniform_t_vis_2_weak.csv",0.69,0.6,0.6,0.666666666666667,0.5,0.428571428571429,0.333333333333333,0.5,0.428571428571429,0.633333333333333,0.55,0.246885359939347,0.0912870929175277,FALSE,"ok"
1290,"uniform_t_vis_1_strong.csv","uniform_t_vis_2_strong.csv",0.38,0.4,0.6,0.666666666666667,0.5,0.333333333333333,0.333333333333333,0.363636363636364,0.428571428571429,0.533333333333333,0.55,0.0635641726163728,0.0912870929175277,FALSE,"ok"
1340,"uniform_t_vis_2_weak.csv","uniform_v_angle_2_strong.csv",0.06,0.6,0.6,0.666666666666667,0.5,0.428571428571429,0.333333333333333,0.5,0.428571428571429,0.633333333333333,0.55,0.246885359939347,0.0912870929175277,FALSE,"ok"
15,"uniform_blue_mid.csv","uniform_l_31_mid.csv",0.13,0.6,0.6,0.583333333333333,0.416666666666667,0.375,0.3,0.461538461538462,0.4,0.591666666666667,0.508333333333333,0.167359670348801,0.0154303349962092,FALSE,"ok"
33,"uniform_blue_mid.csv","uniform_t_ir_1_strong.csv",0.25,0.6,0.4,0.666666666666667,0.5,0.428571428571429,0.25,0.5,0.307692307692308,0.633333333333333,0.45,0.246885359939347,-0.0912870929175277,FALSE,"ok"
27,"uniform_blue_mid.csv","uniform_pol_1_strong.csv",0.59,0.6,0.4,0.583333333333333,0.416666666666667,0.375,0.222222222222222,0.461538461538462,0.285714285714286,0.591666666666667,0.408333333333333,0.167359670348801,-0.167359670348801,FALSE,"ok"
1277,"uniform_t_vis_1_mid.csv","uniform_t_vis_2_strong.csv",0.21,0.4,0.4,0.583333333333333,0.416666666666667,0.285714285714286,0.222222222222222,0.333333333333333,0.285714285714286,0.491666666666667,0.408333333333333,-0.0154303349962092,-0.167359670348801,FALSE,"ok"
123,"uniform_diode_ir_1_mid.csv","uniform_osr_angle_2_weak.csv",0.13,0.8,0.8,0.666666666666667,0.416666666666667,0.5,0.363636363636364,0.615384615384615,0.5,0.733333333333333,0.608333333333333,0.426006433615129,0.206583561003212,FALSE,"ok"
21,"uniform_blue_mid.csv","uniform_osr_angle_2_strong.csv",0.32,0.6,0.6,0.666666666666667,0.416666666666667,0.428571428571429,0.3,0.5,0.4,0.633333333333333,0.508333333333333,0.246885359939347,0.0154303349962092,FALSE,"ok"
376,"uniform_diode_vis_2_mid.csv","uniform_t_vis_1_weak.csv",0.36,0.6,0.6,0.583333333333333,0.333333333333333,0.375,0.272727272727273,0.461538461538462,0.375,0.591666666666667,0.466666666666667,0.167359670348801,-0.0635641726163728,FALSE,"ok"
29,"uniform_blue_mid.csv","uniform_pol_2_strong.csv",0.63,0.6,0.4,0.666666666666667,0.416666666666667,0.428571428571429,0.222222222222222,0.5,0.285714285714286,0.633333333333333,0.408333333333333,0.246885359939347,-0.167359670348801,FALSE,"ok"
4,"uniform_blue_mid.csv","uniform_diode_ir_3_mid.csv",0.33,0.6,0.4,0.583333333333333,0.333333333333333,0.375,0.2,0.461538461538462,0.266666666666667,0.591666666666667,0.366666666666667,0.167359670348801,-0.246885359939347,FALSE,"ok"
