"pair_id","environment_1","environment_2","n_1","n_2","gamma_CV","CV_validation_Rdelta_plus","OLS_direct_rejected","CV_direct_rejected","sensitivity_OLS","sensitivity_CV","OLS_noncauses_rejected","CV_noncauses_rejected","specificity_OLS","specificity_CV","precision_OLS","precision_CV","F1_OLS","F1_CV","balanced_accuracy_OLS","balanced_accuracy_CV","MCC_OLS","MCC_CV","specificity_gain_count","same_sensitivity","same_direct_decisions","improved_specificity","desired_pattern","all_direct_found","OLS_rejected_direct","CV_rejected_direct","OLS_rejected_noncauses","CV_rejected_noncauses","OLS_only_direct","CV_only_direct","OLS_only_noncauses","CV_only_noncauses","status","error","OLS_equals_CR"
627,"uniform_l_21_mid.csv","uniform_t_vis_2_strong.csv",1000,1000,0.4,129643.921326148,5,5,1,1,3,1,0.75,0.916666666666667,0.625,0.833333333333333,0.769230769230769,0.909090909090909,0.875,0.958333333333333,0.684653196881458,0.874007373475126,2,TRUE,TRUE,TRUE,TRUE,TRUE,"red;green;l_21;blue;l_22","red;green;l_21;blue;l_22","vis_2;current;vis_1","vis_2","","","current;vis_1","","ok","",FALSE
310,"uniform_diode_vis_1_mid.csv","uniform_osr_angle_1_weak.csv",1000,1000,0.74,40517.1390975504,5,5,1,1,4,2,0.666666666666667,0.833333333333333,0.555555555555556,0.714285714285714,0.714285714285714,0.833333333333333,0.833333333333333,0.916666666666667,0.608580619450185,0.77151674981046,2,TRUE,TRUE,TRUE,TRUE,TRUE,"red;blue;green;l_21;l_22","red;blue;green;l_21;l_22","vis_2;vis_3;ir_3;ir_1","vis_2;vis_3","","","ir_3;ir_1","","ok","",FALSE
349,"uniform_diode_vis_2_mid.csv","uniform_l_21_mid.csv",1000,1000,0.61,110227.363420448,5,5,1,1,2,1,0.833333333333333,0.916666666666667,0.714285714285714,0.833333333333333,0.833333333333333,0.909090909090909,0.916666666666667,0.958333333333333,0.77151674981046,0.874007373475126,1,TRUE,TRUE,TRUE,TRUE,TRUE,"red;green;l_21;blue;l_22","red;green;l_21;blue;l_22","vis_2;vis_1","vis_2","","","vis_1","","ok","",FALSE
674,"uniform_l_22_mid.csv","uniform_v_c_mid.csv",1000,1000,0.06,41128.0967903341,5,5,1,1,5,4,0.583333333333333,0.666666666666667,0.5,0.555555555555556,0.666666666666667,0.714285714285714,0.791666666666667,0.833333333333333,0.540061724867322,0.608580619450185,1,TRUE,TRUE,TRUE,TRUE,TRUE,"red;green;blue;l_22;l_21","red;green;blue;l_22;l_21","vis_2;ir_1;vis_1;vis_3;ir_3","vis_2;ir_1;vis_1;vis_3","","","ir_3","","ok","",FALSE
606,"uniform_l_21_mid.csv","uniform_osr_angle_2_strong.csv",1000,1000,0.2,54005.3625257543,5,5,1,1,6,5,0.5,0.583333333333333,0.454545454545455,0.5,0.625,0.666666666666667,0.75,0.791666666666667,0.476731294622796,0.540061724867322,1,TRUE,TRUE,TRUE,TRUE,TRUE,"red;l_21;blue;green;l_22","red;l_21;blue;green;l_22","vis_2;vis_3;l_12;current;ir_3;vis_1","vis_2;vis_3;l_12;current;ir_3","","","vis_1","","ok","",FALSE
814,"uniform_osr_angle_1_strong.csv","uniform_v_angle_2_mid.csv",1000,1000,0.33,57791.8073894317,3,3,0.6,0.6,7,2,0.416666666666667,0.833333333333333,0.3,0.6,0.4,0.6,0.508333333333333,0.716666666666667,0.0154303349962092,0.433333333333333,5,TRUE,TRUE,TRUE,TRUE,FALSE,"red;blue;green","red;blue;green","vis_2;vis_1;ir_3;ir_1;current;vis_3;pol_1","vis_2;vis_1","","","ir_3;ir_1;current;vis_3;pol_1","","ok","",FALSE
343,"uniform_diode_vis_1_mid.csv","uniform_v_c_strong.csv",1000,1000,0.75,43008.0215018409,3,3,0.6,0.6,5,1,0.583333333333333,0.916666666666667,0.375,0.75,0.461538461538462,0.666666666666667,0.591666666666667,0.758333333333333,0.167359670348801,0.554989027380561,4,TRUE,TRUE,TRUE,TRUE,FALSE,"red;blue;green","red;blue;green","vis_2;vis_3;ir_3;ir_1;current","vis_2","","","vis_3;ir_3;ir_1;current","","ok","",FALSE
274,"uniform_diode_ir_3_strong.csv","uniform_pol_2_strong.csv",1000,1000,0.19,44459.355075481,3,3,0.6,0.6,6,2,0.5,0.833333333333333,0.333333333333333,0.6,0.428571428571429,0.6,0.55,0.716666666666667,0.0912870929175277,0.433333333333333,4,TRUE,TRUE,TRUE,TRUE,FALSE,"red;blue;green","red;blue;green","vis_2;current;vis_3;l_11;ir_1;ir_3","vis_2;current","","","vis_3;l_11;ir_1;ir_3","","ok","",FALSE
551,"uniform_l_11_mid.csv","uniform_t_vis_3_strong.csv",1000,1000,0.98,61831.7313417108,3,3,0.6,0.6,6,2,0.5,0.833333333333333,0.333333333333333,0.6,0.428571428571429,0.6,0.55,0.716666666666667,0.0912870929175277,0.433333333333333,4,TRUE,TRUE,TRUE,TRUE,FALSE,"red;blue;green","red;blue;green","vis_2;ir_3;current;ir_1;vis_1;vis_3","vis_2;ir_3","","","current;ir_1;vis_1;vis_3","","ok","",FALSE
1082,"uniform_pol_2_mid.csv","uniform_t_ir_1_mid.csv",1000,1000,0.52,36681.7242837024,3,3,0.6,0.6,6,2,0.5,0.833333333333333,0.333333333333333,0.6,0.428571428571429,0.6,0.55,0.716666666666667,0.0912870929175277,0.433333333333333,4,TRUE,TRUE,TRUE,TRUE,FALSE,"red;blue;green","red;blue;green","vis_2;ir_3;current;ir_1;vis_1;vis_3","vis_2;ir_3","","","current;ir_1;vis_1;vis_3","","ok","",FALSE
1309,"uniform_t_vis_1_weak.csv","uniform_v_angle_2_mid.csv",1000,1000,0.72,51447.1255376201,3,3,0.6,0.6,6,2,0.5,0.833333333333333,0.333333333333333,0.6,0.428571428571429,0.6,0.55,0.716666666666667,0.0912870929175277,0.433333333333333,4,TRUE,TRUE,TRUE,TRUE,FALSE,"red;blue;green","red;blue;green","vis_2;vis_3;pol_1;ir_3;ir_1;current","vis_2;vis_3","","","pol_1;ir_3;ir_1;current","","ok","",FALSE
1133,"uniform_red_mid.csv","uniform_t_vis_1_mid.csv",1000,1000,0.28,51186.0611410857,2,2,0.4,0.4,5,1,0.583333333333333,0.916666666666667,0.285714285714286,0.666666666666667,0.333333333333333,0.5,0.491666666666667,0.658333333333333,-0.0154303349962092,0.378489059622558,4,TRUE,TRUE,TRUE,TRUE,FALSE,"red;blue","red;blue","vis_2;current;vis_1;ir_1;vis_3","vis_2","","","current;vis_1;ir_1;vis_3","","ok","",FALSE
832,"uniform_osr_angle_1_weak.csv","uniform_t_ir_1_weak.csv",1000,1000,0.42,56671.215743236,4,4,0.8,0.8,4,1,0.666666666666667,0.916666666666667,0.5,0.8,0.615384615384615,0.8,0.733333333333333,0.858333333333333,0.426006433615129,0.716666666666667,3,TRUE,TRUE,TRUE,TRUE,FALSE,"red;blue;green;l_22","red;blue;green;l_22","vis_2;current;vis_1;vis_3","vis_2","","","current;vis_1;vis_3","","ok","",FALSE
1324,"uniform_t_vis_2_strong.csv","uniform_t_vis_2_weak.csv",1000,1000,0.36,91554.4977215359,4,4,0.8,0.8,4,1,0.666666666666667,0.916666666666667,0.5,0.8,0.615384615384615,0.8,0.733333333333333,0.858333333333333,0.426006433615129,0.716666666666667,3,TRUE,TRUE,TRUE,TRUE,FALSE,"green;red;blue;l_22","green;red;blue;l_22","ir_1;vis_1;vis_2;vis_3","ir_1","","","vis_1;vis_2;vis_3","","ok","",FALSE
1221,"uniform_t_ir_1_weak.csv","uniform_v_angle_1_strong.csv",1000,1000,0.32,51649.6437554009,4,4,0.8,0.8,5,2,0.583333333333333,0.833333333333333,0.444444444444444,0.666666666666667,0.571428571428571,0.727272727272727,0.691666666666667,0.816666666666667,0.349933856183856,0.603859639855542,3,TRUE,TRUE,TRUE,TRUE,FALSE,"red;blue;green;l_22","red;blue;green;l_22","vis_2;current;vis_3;ir_1;vis_1","vis_2;current","","","vis_3;ir_1;vis_1","","ok","",FALSE
145,"uniform_diode_ir_1_mid.csv","uniform_t_vis_3_mid.csv",1000,1000,0.14,36269.0730086618,4,4,0.8,0.8,6,3,0.5,0.75,0.4,0.571428571428571,0.533333333333333,0.666666666666667,0.65,0.775,0.277746029931765,0.509201054874903,3,TRUE,TRUE,TRUE,TRUE,FALSE,"red;blue;green;l_21","red;blue;green;l_21","vis_2;current;vis_1;ir_1;ir_3;pol_2","vis_2;current;vis_1","","","ir_1;ir_3;pol_2","","ok","",FALSE
634,"uniform_l_21_mid.csv","uniform_v_angle_2_mid.csv",1000,1000,0.82,70802.5971979469,4,4,0.8,0.8,6,3,0.5,0.75,0.4,0.571428571428571,0.533333333333333,0.666666666666667,0.65,0.775,0.277746029931765,0.509201054874903,3,TRUE,TRUE,TRUE,TRUE,FALSE,"l_21;red;blue;green","l_21;red;blue;green","vis_2;current;pol_1;ir_3;vis_3;ir_1","vis_2;current;pol_1","","","ir_3;vis_3;ir_1","","ok","",FALSE
182,"uniform_diode_ir_1_strong.csv","uniform_t_ir_1_mid.csv",1000,1000,0.58,43478.094218505,3,3,0.6,0.6,4,1,0.666666666666667,0.916666666666667,0.428571428571429,0.75,0.5,0.666666666666667,0.633333333333333,0.758333333333333,0.246885359939347,0.554989027380561,3,TRUE,TRUE,TRUE,TRUE,FALSE,"red;blue;green","red;blue;green","vis_2;current;vis_3;vis_1","vis_2","","","current;vis_3;vis_1","","ok","",FALSE
377,"uniform_diode_vis_2_mid.csv","uniform_t_vis_2_mid.csv",1000,1000,0.21,76058.3098610319,3,3,0.6,0.6,4,1,0.666666666666667,0.916666666666667,0.428571428571429,0.75,0.5,0.666666666666667,0.633333333333333,0.758333333333333,0.246885359939347,0.554989027380561,3,TRUE,TRUE,TRUE,TRUE,FALSE,"red;green;blue","red;green;blue","vis_2;ir_1;ir_3;vis_3","vis_2","","","ir_1;ir_3;vis_3","","ok","",FALSE
250,"uniform_diode_ir_3_mid.csv","uniform_v_c_strong.csv",1000,1000,0.46,39854.1911685033,3,3,0.6,0.6,5,2,0.583333333333333,0.833333333333333,0.375,0.6,0.461538461538462,0.6,0.591666666666667,0.716666666666667,0.167359670348801,0.433333333333333,3,TRUE,TRUE,TRUE,TRUE,FALSE,"red;blue;green","red;blue;green","vis_2;vis_3;ir_1;current;vis_1","vis_2;vis_3","","","ir_1;current;vis_1","","ok","",FALSE
256,"uniform_diode_ir_3_strong.csv","uniform_l_11_mid.csv",1000,1000,0.54,47288.4090728368,3,3,0.6,0.6,5,2,0.583333333333333,0.833333333333333,0.375,0.6,0.461538461538462,0.6,0.591666666666667,0.716666666666667,0.167359670348801,0.433333333333333,3,TRUE,TRUE,TRUE,TRUE,FALSE,"red;blue;green","red;blue;green","vis_2;vis_3;ir_1;current;vis_1","vis_2;vis_3","","","ir_1;current;vis_1","","ok","",FALSE
653,"uniform_l_22_mid.csv","uniform_red_mid.csv",1000,1000,0.51,134569.34653752,3,3,0.6,0.6,5,2,0.583333333333333,0.833333333333333,0.375,0.6,0.461538461538462,0.6,0.591666666666667,0.716666666666667,0.167359670348801,0.433333333333333,3,TRUE,TRUE,TRUE,TRUE,FALSE,"red;blue;l_22","red;blue;l_22","vis_2;current;ir_1;vis_3;vis_1","vis_2;l_32","","","current;ir_1;vis_3;vis_1","l_32","ok","",FALSE
949,"uniform_osr_c_mid.csv","uniform_pol_2_strong.csv",1000,1000,0.28,41426.8691831151,3,3,0.6,0.6,5,2,0.583333333333333,0.833333333333333,0.375,0.6,0.461538461538462,0.6,0.591666666666667,0.716666666666667,0.167359670348801,0.433333333333333,3,TRUE,TRUE,TRUE,TRUE,FALSE,"red;blue;green","red;blue;green","vis_2;current;ir_1;ir_3;vis_1","vis_2;current","","","ir_1;ir_3;vis_1","","ok","",FALSE
1141,"uniform_red_mid.csv","uniform_t_vis_3_weak.csv",1000,1000,0.65,107274.263505164,3,3,0.6,0.6,5,2,0.583333333333333,0.833333333333333,0.375,0.6,0.461538461538462,0.6,0.591666666666667,0.716666666666667,0.167359670348801,0.433333333333333,3,TRUE,FALSE,TRUE,TRUE,FALSE,"red;blue;green","red;blue;l_22","vis_2;current;vis_1;ir_1;vis_3","vis_2;current","green","l_22","vis_1;ir_1;vis_3","","ok","",FALSE
105,"uniform_diode_ir_1_mid.csv","uniform_diode_ir_3_mid.csv",1000,1000,0.22,60374.8643282506,3,3,0.6,0.6,6,3,0.5,0.75,0.333333333333333,0.5,0.428571428571429,0.545454545454545,0.55,0.675,0.0912870929175277,0.333711906235957,3,TRUE,TRUE,TRUE,TRUE,FALSE,"red;blue;green","red;blue;green","vis_2;vis_3;l_11;vis_1;ir_3;ir_1","vis_2;vis_3;l_11","","","vis_1;ir_3;ir_1","","ok","",FALSE
247,"uniform_diode_ir_3_mid.csv","uniform_v_angle_2_mid.csv",1000,1000,0.36,33956.6384609937,3,3,0.6,0.6,6,3,0.5,0.75,0.333333333333333,0.5,0.428571428571429,0.545454545454545,0.55,0.675,0.0912870929175277,0.333711906235957,3,TRUE,TRUE,TRUE,TRUE,FALSE,"red;blue;green","red;blue;green","vis_2;vis_3;ir_3;ir_1;current;vis_1","vis_2;vis_3;ir_3","","","ir_1;current;vis_1","","ok","",FALSE
889,"uniform_osr_angle_2_strong.csv","uniform_pol_2_mid.csv",1000,1000,0.16,41695.5703832185,3,3,0.6,0.6,6,3,0.5,0.75,0.333333333333333,0.5,0.428571428571429,0.545454545454545,0.55,0.675,0.0912870929175277,0.333711906235957,3,TRUE,TRUE,TRUE,TRUE,FALSE,"red;blue;green","red;blue;green","vis_2;pol_2;vis_1;ir_3;vis_3;ir_1","vis_2;pol_2;vis_1","","","ir_3;vis_3;ir_1","","ok","",FALSE
1262,"uniform_t_ir_3_weak.csv","uniform_t_vis_2_mid.csv",1000,1000,0.69,89970.8908387077,3,3,0.6,0.6,6,3,0.5,0.75,0.333333333333333,0.5,0.428571428571429,0.545454545454545,0.55,0.675,0.0912870929175277,0.333711906235957,3,TRUE,TRUE,TRUE,TRUE,FALSE,"red;green;blue","red;green;blue","vis_2;vis_3;ir_3;l_32;pol_1;ir_1","vis_2;vis_3;ir_3","","","l_32;pol_1;ir_1","","ok","",FALSE
265,"uniform_diode_ir_3_strong.csv","uniform_osr_angle_2_mid.csv",1000,1000,0.33,106895.46885748,3,3,0.6,0.6,7,4,0.416666666666667,0.666666666666667,0.3,0.428571428571429,0.4,0.5,0.508333333333333,0.633333333333333,0.0154303349962092,0.246885359939347,3,TRUE,TRUE,TRUE,TRUE,FALSE,"red;blue;green","red;blue;green","vis_2;l_11;vis_3;l_12;current;ir_1;vis_1","vis_2;l_11;vis_3;l_12","","","current;ir_1;vis_1","","ok","",FALSE
798,"uniform_osr_angle_1_strong.csv","uniform_t_ir_1_strong.csv",1000,1000,0.44,54922.315122691,3,3,0.6,0.6,7,4,0.416666666666667,0.666666666666667,0.3,0.428571428571429,0.4,0.5,0.508333333333333,0.633333333333333,0.0154303349962092,0.246885359939347,3,TRUE,TRUE,TRUE,TRUE,FALSE,"red;blue;green","red;blue;green","vis_2;vis_1;ir_3;l_31;ir_1;vis_3;pol_2","vis_2;vis_1;ir_3;l_31","","","ir_1;vis_3;pol_2","","ok","",FALSE
1373,"uniform_v_angle_2_mid.csv","uniform_v_angle_2_strong.csv",1000,1000,0.51,67579.1833203068,3,3,0.6,0.6,7,4,0.416666666666667,0.666666666666667,0.3,0.428571428571429,0.4,0.5,0.508333333333333,0.633333333333333,0.0154303349962092,0.246885359939347,3,TRUE,TRUE,TRUE,TRUE,FALSE,"red;blue;green","red;blue;green","vis_2;ir_1;vis_1;vis_3;pol_1;ir_3;current","vis_2;ir_1;vis_1;vis_3","","","pol_1;ir_3;current","","ok","",FALSE
690,"uniform_l_31_mid.csv","uniform_red_mid.csv",1000,1000,0.59,85676.619902353,2,2,0.4,0.4,4,1,0.666666666666667,0.916666666666667,0.333333333333333,0.666666666666667,0.363636363636364,0.5,0.533333333333333,0.658333333333333,0.0635641726163728,0.378489059622558,3,TRUE,TRUE,TRUE,TRUE,FALSE,"red;blue","red;blue","vis_2;current;ir_1;ir_3","vis_2","","","current;ir_1;ir_3","","ok","",FALSE
1080,"uniform_pol_2_mid.csv","uniform_red_mid.csv",1000,1000,0.32,56773.4143484321,2,2,0.4,0.4,4,1,0.666666666666667,0.916666666666667,0.333333333333333,0.666666666666667,0.363636363636364,0.5,0.533333333333333,0.658333333333333,0.0635641726163728,0.378489059622558,3,TRUE,TRUE,TRUE,TRUE,FALSE,"red;blue","red;blue","vis_2;ir_1;vis_3;ir_3","vis_2","","","ir_1;vis_3;ir_3","","ok","",FALSE
1147,"uniform_red_mid.csv","uniform_v_c_strong.csv",1000,1000,0.24,72755.4526718324,2,2,0.4,0.4,5,2,0.583333333333333,0.833333333333333,0.285714285714286,0.5,0.333333333333333,0.444444444444444,0.491666666666667,0.616666666666667,-0.0154303349962092,0.250640205913802,3,TRUE,TRUE,TRUE,TRUE,FALSE,"red;blue","red;blue","vis_2;current;ir_1;vis_3;vis_1","vis_2;current","","","ir_1;vis_3;vis_1","","ok","",FALSE
240,"uniform_diode_ir_3_mid.csv","uniform_t_vis_2_strong.csv",1000,1000,0.66,95769.1315639989,4,4,0.8,0.8,4,2,0.666666666666667,0.833333333333333,0.5,0.666666666666667,0.615384615384615,0.727272727272727,0.733333333333333,0.816666666666667,0.426006433615129,0.603859639855542,2,TRUE,TRUE,TRUE,TRUE,FALSE,"red;green;blue;l_22","red;green;blue;l_22","vis_2;vis_3;ir_3;vis_1","vis_2;current","","","vis_3;ir_3;vis_1","current","ok","",FALSE
436,"uniform_green_mid.csv","uniform_l_21_mid.csv",1000,1000,0.85,82650.6080923543,4,4,0.8,0.8,5,3,0.583333333333333,0.75,0.444444444444444,0.571428571428571,0.571428571428571,0.666666666666667,0.691666666666667,0.775,0.349933856183856,0.509201054874903,2,TRUE,TRUE,TRUE,TRUE,FALSE,"l_21;red;green;blue","l_21;red;green;blue","vis_2;vis_1;ir_1;current;vis_3","vis_2;vis_1;ir_1","","","current;vis_3","","ok","",FALSE
1152,"uniform_red_strong.csv","uniform_t_ir_3_strong.csv",1000,1000,0.22,47615.449304158,4,4,0.8,0.8,5,3,0.583333333333333,0.75,0.444444444444444,0.571428571428571,0.571428571428571,0.666666666666667,0.691666666666667,0.775,0.349933856183856,0.509201054874903,2,TRUE,TRUE,TRUE,TRUE,FALSE,"red;blue;green;l_21","red;blue;green;l_21","vis_2;vis_3;ir_1;pol_1;ir_3","vis_2;vis_3;ir_1","","","pol_1;ir_3","","ok","",FALSE
259,"uniform_diode_ir_3_strong.csv","uniform_l_22_mid.csv",1000,1000,0.27,57436.6793358766,4,4,0.8,0.8,6,4,0.5,0.666666666666667,0.4,0.5,0.533333333333333,0.615384615384615,0.65,0.733333333333333,0.277746029931765,0.426006433615129,2,TRUE,TRUE,TRUE,TRUE,FALSE,"red;blue;green;l_22","red;blue;green;l_22","vis_2;vis_3;current;l_11;ir_1;vis_1","vis_2;vis_3;current;l_11","","","ir_1;vis_1","","ok","",FALSE
291,"uniform_diode_ir_3_strong.csv","uniform_t_vis_3_weak.csv",1000,1000,0.22,78013.8668302051,4,4,0.8,0.8,6,4,0.5,0.666666666666667,0.4,0.5,0.533333333333333,0.615384615384615,0.65,0.733333333333333,0.277746029931765,0.426006433615129,2,TRUE,TRUE,TRUE,TRUE,FALSE,"red;blue;green;l_22","red;blue;green;l_22","vis_2;ir_1;current;vis_3;vis_1;l_11","vis_2;ir_1;current;vis_3","","","vis_1;l_11","","ok","",FALSE
806,"uniform_osr_angle_1_strong.csv","uniform_t_vis_2_mid.csv",1000,1000,0.29,243817.63854939,3,3,0.6,0.6,3,1,0.75,0.916666666666667,0.5,0.75,0.545454545454545,0.666666666666667,0.675,0.758333333333333,0.333711906235957,0.554989027380561,2,TRUE,TRUE,TRUE,TRUE,FALSE,"green;red;blue","green;red;blue","vis_2;ir_3;ir_1","vis_2","","","ir_3;ir_1","","ok","",FALSE
955,"uniform_osr_c_mid.csv","uniform_t_ir_3_mid.csv",1000,1000,0.21,47391.1317875252,3,3,0.6,0.6,3,1,0.75,0.916666666666667,0.5,0.75,0.545454545454545,0.666666666666667,0.675,0.758333333333333,0.333711906235957,0.554989027380561,2,TRUE,TRUE,TRUE,TRUE,FALSE,"red;blue;green","red;blue;green","vis_2;ir_1;vis_1","vis_2","","","ir_1;vis_1","","ok","",FALSE
1010,"uniform_osr_c_weak.csv","uniform_t_ir_3_mid.csv",1000,1000,0.61,115010.289955712,3,3,0.6,0.6,3,1,0.75,0.916666666666667,0.5,0.75,0.545454545454545,0.666666666666667,0.675,0.758333333333333,0.333711906235957,0.554989027380561,2,TRUE,TRUE,TRUE,TRUE,FALSE,"red;blue;green","red;blue;green","vis_2;vis_1;ir_1","vis_2","","","vis_1;ir_1","","ok","",FALSE
1054,"uniform_pol_1_strong.csv","uniform_pol_2_mid.csv",1000,1000,0.55,39216.4755685554,3,3,0.6,0.6,3,1,0.75,0.916666666666667,0.5,0.75,0.545454545454545,0.666666666666667,0.675,0.758333333333333,0.333711906235957,0.554989027380561,2,TRUE,TRUE,TRUE,TRUE,FALSE,"red;blue;green","red;blue;green","vis_2;vis_1;ir_3","vis_2","","","vis_1;ir_3","","ok","",FALSE
1161,"uniform_red_strong.csv","uniform_t_vis_3_strong.csv",1000,1000,0.47,136276.057369792,3,3,0.6,0.6,3,1,0.75,0.916666666666667,0.5,0.75,0.545454545454545,0.666666666666667,0.675,0.758333333333333,0.333711906235957,0.554989027380561,2,TRUE,TRUE,TRUE,TRUE,FALSE,"red;blue;green","red;blue;green","vis_2;vis_3;ir_1","vis_2","","","vis_3;ir_1","","ok","",FALSE
1318,"uniform_t_vis_2_mid.csv","uniform_v_angle_1_mid.csv",1000,1000,0.22,100415.111019123,3,3,0.6,0.6,3,1,0.75,0.916666666666667,0.5,0.75,0.545454545454545,0.666666666666667,0.675,0.758333333333333,0.333711906235957,0.554989027380561,2,TRUE,TRUE,TRUE,TRUE,FALSE,"green;red;blue","green;red;blue","vis_2;ir_3;ir_1","vis_2","","","ir_3;ir_1","","ok","",FALSE
1328,"uniform_t_vis_2_strong.csv","uniform_v_angle_1_mid.csv",1000,1000,0.46,142963.102017237,3,3,0.6,0.6,3,1,0.75,0.916666666666667,0.5,0.75,0.545454545454545,0.666666666666667,0.675,0.758333333333333,0.333711906235957,0.554989027380561,2,TRUE,TRUE,TRUE,TRUE,FALSE,"green;red;blue","green;red;blue","vis_2;current;vis_1","vis_2","","","current;vis_1","","ok","",FALSE
175,"uniform_diode_ir_1_strong.csv","uniform_osr_c_weak.csv",1000,1000,0.15,39799.9295655321,3,3,0.6,0.6,4,2,0.666666666666667,0.833333333333333,0.428571428571429,0.6,0.5,0.6,0.633333333333333,0.716666666666667,0.246885359939347,0.433333333333333,2,TRUE,TRUE,TRUE,TRUE,FALSE,"red;blue;green","red;blue;green","vis_2;vis_1;ir_1;vis_3","vis_2;vis_1","","","ir_1;vis_3","","ok","",FALSE
224,"uniform_diode_ir_3_mid.csv","uniform_pol_1_mid.csv",1000,1000,0.83,35985.9562755341,3,3,0.6,0.6,4,2,0.666666666666667,0.833333333333333,0.428571428571429,0.6,0.5,0.6,0.633333333333333,0.716666666666667,0.246885359939347,0.433333333333333,2,TRUE,TRUE,TRUE,TRUE,FALSE,"red;blue;green","red;blue;green","vis_2;ir_1;vis_1;vis_3","vis_2;ir_1","","","vis_1;vis_3","","ok","",FALSE
235,"uniform_diode_ir_3_mid.csv","uniform_t_ir_3_weak.csv",1000,1000,0.7,32872.1487294534,3,3,0.6,0.6,4,2,0.666666666666667,0.833333333333333,0.428571428571429,0.6,0.5,0.6,0.633333333333333,0.716666666666667,0.246885359939347,0.433333333333333,2,TRUE,TRUE,TRUE,TRUE,FALSE,"red;green;blue","red;green;blue","vis_2;ir_1;vis_3;vis_1","vis_2;ir_1","","","vis_3;vis_1","","ok","",FALSE
359,"uniform_diode_vis_2_mid.csv","uniform_osr_c_mid.csv",1000,1000,0.47,126907.804831838,3,3,0.6,0.6,4,2,0.666666666666667,0.833333333333333,0.428571428571429,0.6,0.5,0.6,0.633333333333333,0.716666666666667,0.246885359939347,0.433333333333333,2,TRUE,TRUE,TRUE,TRUE,FALSE,"green;red;blue","green;red;blue","vis_2;ir_3;vis_3;pol_1","vis_2;ir_3","","","vis_3;pol_1","","ok","",FALSE
588,"uniform_l_12_mid.csv","uniform_t_vis_2_strong.csv",1000,1000,0.4,109470.655915816,3,3,0.6,0.6,4,2,0.666666666666667,0.833333333333333,0.428571428571429,0.6,0.5,0.6,0.633333333333333,0.716666666666667,0.246885359939347,0.433333333333333,2,TRUE,TRUE,TRUE,TRUE,FALSE,"red;green;blue","red;green;blue","vis_2;ir_1;vis_1;l_12","vis_2;ir_1","","","vis_1;l_12","","ok","",FALSE
772,"uniform_osr_angle_1_mid.csv","uniform_t_vis_2_mid.csv",1000,1000,0.3,168479.772215123,3,3,0.6,0.6,4,2,0.666666666666667,0.833333333333333,0.428571428571429,0.6,0.5,0.6,0.633333333333333,0.716666666666667,0.246885359939347,0.433333333333333,2,TRUE,TRUE,TRUE,TRUE,FALSE,"green;red;blue","green;red;blue","vis_2;current;ir_1;vis_1","vis_2;current","","","ir_1;vis_1","","ok","",FALSE
865,"uniform_osr_angle_2_mid.csv","uniform_t_ir_3_mid.csv",1000,1000,0.8,59158.688713641,3,3,0.6,0.6,4,2,0.666666666666667,0.833333333333333,0.428571428571429,0.6,0.5,0.6,0.633333333333333,0.716666666666667,0.246885359939347,0.433333333333333,2,TRUE,TRUE,TRUE,TRUE,FALSE,"red;blue;green","red;blue;green","vis_2;vis_1;ir_1;ir_3","vis_2;vis_1","","","ir_1;ir_3","","ok","",FALSE
1015,"uniform_osr_c_weak.csv","uniform_t_vis_1_weak.csv",1000,1000,0.55,110492.921810729,3,3,0.6,0.6,4,2,0.666666666666667,0.833333333333333,0.428571428571429,0.6,0.5,0.6,0.633333333333333,0.716666666666667,0.246885359939347,0.433333333333333,2,TRUE,TRUE,TRUE,TRUE,FALSE,"red;blue;green","red;blue;green","vis_2;vis_3;ir_1;vis_1","vis_2;vis_3","","","ir_1;vis_1","","ok","",FALSE
1088,"uniform_pol_2_mid.csv","uniform_t_vis_1_mid.csv",1000,1000,0.45,52264.0242958689,3,3,0.6,0.6,4,2,0.666666666666667,0.833333333333333,0.428571428571429,0.6,0.5,0.6,0.633333333333333,0.716666666666667,0.246885359939347,0.433333333333333,2,TRUE,TRUE,TRUE,TRUE,FALSE,"red;blue;green","red;blue;green","vis_2;current;vis_3;ir_3","vis_2;current","","","vis_3;ir_3","","ok","",FALSE
1125,"uniform_pol_2_strong.csv","uniform_v_c_strong.csv",1000,1000,0.36,45341.5034515019,3,3,0.6,0.6,4,2,0.666666666666667,0.833333333333333,0.428571428571429,0.6,0.5,0.6,0.633333333333333,0.716666666666667,0.246885359939347,0.433333333333333,2,TRUE,TRUE,TRUE,TRUE,FALSE,"red;blue;green","red;blue;green","vis_2;current;vis_1;ir_1","vis_2;current","","","vis_1;ir_1","","ok","",FALSE
1215,"uniform_t_ir_1_weak.csv","uniform_t_vis_2_strong.csv",1000,1000,0.42,109281.972168337,3,3,0.6,0.6,4,2,0.666666666666667,0.833333333333333,0.428571428571429,0.6,0.5,0.6,0.633333333333333,0.716666666666667,0.246885359939347,0.433333333333333,2,TRUE,TRUE,TRUE,TRUE,FALSE,"red;green;blue","red;green;blue","vis_2;current;ir_1;vis_1","vis_2;current","","","ir_1;vis_1","","ok","",FALSE
1338,"uniform_t_vis_2_weak.csv","uniform_v_angle_1_strong.csv",1000,1000,0.41,225025.782257185,3,3,0.6,0.6,4,2,0.666666666666667,0.833333333333333,0.428571428571429,0.6,0.5,0.6,0.633333333333333,0.716666666666667,0.246885359939347,0.433333333333333,2,TRUE,TRUE,TRUE,TRUE,FALSE,"green;red;blue","green;red;blue","vis_2;vis_1;ir_3;vis_3","vis_2;vis_1","","","ir_3;vis_3","","ok","",FALSE
191,"uniform_diode_ir_1_strong.csv","uniform_t_vis_2_mid.csv",1000,1000,1.02,87901.9139060792,3,3,0.6,0.6,5,3,0.583333333333333,0.75,0.375,0.5,0.461538461538462,0.545454545454545,0.591666666666667,0.675,0.167359670348801,0.333711906235957,2,TRUE,TRUE,TRUE,TRUE,FALSE,"red;green;blue","red;green;blue","vis_2;ir_1;vis_1;ir_3;l_31","vis_2;ir_1;vis_1","","","ir_3;l_31","","ok","",FALSE
352,"uniform_diode_vis_2_mid.csv","uniform_l_32_mid.csv",1000,1000,0.36,122226.490003614,3,3,0.6,0.6,5,3,0.583333333333333,0.75,0.375,0.5,0.461538461538462,0.545454545454545,0.591666666666667,0.675,0.167359670348801,0.333711906235957,2,TRUE,TRUE,TRUE,TRUE,FALSE,"red;green;blue","red;green;blue","vis_2;l_32;l_31;ir_1;vis_3","vis_2;l_32;l_31","","","ir_1;vis_3","","ok","",FALSE
492,"uniform_green_strong.csv","uniform_pol_1_strong.csv",1000,1000,0.75,30086.7998589465,3,3,0.6,0.6,5,3,0.583333333333333,0.75,0.375,0.5,0.461538461538462,0.545454545454545,0.591666666666667,0.675,0.167359670348801,0.333711906235957,2,TRUE,TRUE,TRUE,TRUE,FALSE,"red;green;blue","red;green;blue","vis_2;vis_1;ir_1;vis_3;ir_3","vis_2;vis_1;ir_1","","","vis_3;ir_3","","ok","",FALSE
581,"uniform_l_12_mid.csv","uniform_t_ir_3_mid.csv",1000,1000,0.17,39531.5136452178,3,3,0.6,0.6,5,3,0.583333333333333,0.75,0.375,0.5,0.461538461538462,0.545454545454545,0.591666666666667,0.675,0.167359670348801,0.333711906235957,2,TRUE,TRUE,TRUE,TRUE,FALSE,"red;blue;green","red;blue;green","vis_2;ir_1;vis_3;l_31;l_12","vis_2;ir_1;vis_3","","","l_31;l_12","","ok","",FALSE
701,"uniform_l_31_mid.csv","uniform_t_vis_2_mid.csv",1000,1000,0.69,121924.117952022,3,3,0.6,0.6,5,3,0.583333333333333,0.75,0.375,0.5,0.461538461538462,0.545454545454545,0.591666666666667,0.675,0.167359670348801,0.333711906235957,2,TRUE,TRUE,TRUE,TRUE,FALSE,"green;red;blue","green;red;blue","vis_2;l_31;current;ir_1;vis_1","vis_2;l_31;current","","","ir_1;vis_1","","ok","",FALSE
702,"uniform_l_31_mid.csv","uniform_t_vis_2_strong.csv",1000,1000,0.29,97784.7140115266,3,3,0.6,0.6,5,3,0.583333333333333,0.75,0.375,0.5,0.461538461538462,0.545454545454545,0.591666666666667,0.675,0.167359670348801,0.333711906235957,2,TRUE,TRUE,TRUE,TRUE,FALSE,"green;red;blue","green;red;blue","vis_2;current;l_31;ir_1;vis_1","vis_2;current;l_31","","","ir_1;vis_1","","ok","",FALSE
768,"uniform_osr_angle_1_mid.csv","uniform_t_ir_3_weak.csv",1000,1000,0.29,45228.2997934489,3,3,0.6,0.6,5,3,0.583333333333333,0.75,0.375,0.5,0.461538461538462,0.545454545454545,0.591666666666667,0.675,0.167359670348801,0.333711906235957,2,TRUE,TRUE,TRUE,TRUE,FALSE,"red;blue;green","red;blue;green","vis_2;ir_1;vis_1;l_32;vis_3","vis_2;ir_1;vis_1","","","l_32;vis_3","","ok","",FALSE
821,"uniform_osr_angle_1_weak.csv","uniform_osr_c_mid.csv",1000,1000,0.28,42454.0620651883,3,3,0.6,0.6,5,3,0.583333333333333,0.75,0.375,0.5,0.461538461538462,0.545454545454545,0.591666666666667,0.675,0.167359670348801,0.333711906235957,2,TRUE,TRUE,TRUE,TRUE,FALSE,"red;blue;green","red;blue;green","vis_2;vis_3;ir_3;vis_1;ir_1","vis_2;vis_3;ir_3","","","vis_1;ir_1","","ok","",FALSE
971,"uniform_osr_c_mid.csv","uniform_v_c_mid.csv",1000,1000,0.39,42694.012417829,3,3,0.6,0.6,5,3,0.583333333333333,0.75,0.375,0.5,0.461538461538462,0.545454545454545,0.591666666666667,0.675,0.167359670348801,0.333711906235957,2,TRUE,TRUE,TRUE,TRUE,FALSE,"red;blue;green","red;blue;green","vis_2;vis_3;vis_1;ir_1;ir_3","vis_2;vis_3;vis_1","","","ir_1;ir_3","","ok","",FALSE
1104,"uniform_pol_2_strong.csv","uniform_red_strong.csv",1000,1000,0.53,111349.655143275,3,3,0.6,0.6,5,3,0.583333333333333,0.75,0.375,0.5,0.461538461538462,0.545454545454545,0.591666666666667,0.675,0.167359670348801,0.333711906235957,2,TRUE,TRUE,TRUE,TRUE,FALSE,"red;blue;green","red;blue;green","vis_2;current;vis_3;ir_1;ir_3","vis_2;current;vis_3","","","ir_1;ir_3","","ok","",FALSE
1109,"uniform_pol_2_strong.csv","uniform_t_ir_3_strong.csv",1000,1000,1.09,46890.9254577983,3,3,0.6,0.6,5,3,0.583333333333333,0.75,0.375,0.5,0.461538461538462,0.545454545454545,0.591666666666667,0.675,0.167359670348801,0.333711906235957,2,TRUE,TRUE,TRUE,TRUE,FALSE,"red;blue;green","red;blue;green","vis_2;current;ir_3;vis_3;l_12","vis_2;current;ir_3","","","vis_3;l_12","","ok","",FALSE
1175,"uniform_t_ir_1_mid.csv","uniform_t_vis_1_strong.csv",1000,1000,0.36,35994.9104789574,3,3,0.6,0.6,5,3,0.583333333333333,0.75,0.375,0.5,0.461538461538462,0.545454545454545,0.591666666666667,0.675,0.167359670348801,0.333711906235957,2,TRUE,TRUE,TRUE,TRUE,FALSE,"red;blue;green","red;blue;green","vis_2;vis_3;current;l_11;vis_1","vis_2;vis_3;current","","","l_11;vis_1","","ok","",FALSE
1208,"uniform_t_ir_1_weak.csv","uniform_t_ir_3_mid.csv",1000,1000,0.54,31153.4811883364,3,3,0.6,0.6,5,3,0.583333333333333,0.75,0.375,0.5,0.461538461538462,0.545454545454545,0.591666666666667,0.675,0.167359670348801,0.333711906235957,2,TRUE,TRUE,TRUE,TRUE,FALSE,"red;blue;green","red;blue;green","vis_2;vis_1;vis_3;l_32;ir_1","vis_2;vis_1;vis_3","","","l_32;ir_1","","ok","",FALSE
1214,"uniform_t_ir_1_weak.csv","uniform_t_vis_2_mid.csv",1000,1000,0.29,109773.712025158,3,3,0.6,0.6,5,3,0.583333333333333,0.75,0.375,0.5,0.461538461538462,0.545454545454545,0.591666666666667,0.675,0.167359670348801,0.333711906235957,2,TRUE,TRUE,TRUE,TRUE,FALSE,"red;green;blue","red;green;blue","vis_2;ir_1;current;vis_1;ir_3","vis_2;ir_1;current","","","vis_1;ir_3","","ok","",FALSE
1271,"uniform_t_ir_3_weak.csv","uniform_v_angle_2_strong.csv",1000,1000,0.46,30848.7102746822,3,3,0.6,0.6,5,3,0.583333333333333,0.75,0.375,0.5,0.461538461538462,0.545454545454545,0.591666666666667,0.675,0.167359670348801,0.333711906235957,2,TRUE,TRUE,TRUE,TRUE,FALSE,"red;blue;green","red;blue;green","vis_2;vis_1;ir_1;current;vis_3","vis_2;vis_1;ir_1","","","current;vis_3","","ok","",FALSE
1273,"uniform_t_ir_3_weak.csv","uniform_v_c_strong.csv",1000,1000,1.13,43416.2984387827,3,3,0.6,0.6,5,3,0.583333333333333,0.75,0.375,0.5,0.461538461538462,0.545454545454545,0.591666666666667,0.675,0.167359670348801,0.333711906235957,2,TRUE,TRUE,TRUE,TRUE,FALSE,"red;blue;green","red;blue;green","vis_2;current;vis_1;ir_1;vis_3","vis_2;current;vis_1","","","ir_1;vis_3","","ok","",FALSE
1353,"uniform_t_vis_3_strong.csv","uniform_v_angle_1_strong.csv",1000,1000,0.8,52785.4867980928,3,3,0.6,0.6,5,3,0.583333333333333,0.75,0.375,0.5,0.461538461538462,0.545454545454545,0.591666666666667,0.675,0.167359670348801,0.333711906235957,2,TRUE,TRUE,TRUE,TRUE,FALSE,"red;blue;green","red;blue;green","vis_2;current;ir_3;ir_1;vis_1","vis_2;current;ir_3","","","ir_1;vis_1","","ok","",FALSE
1377,"uniform_v_angle_2_strong.csv","uniform_v_c_strong.csv",1000,1000,0.35,62288.4475552856,3,3,0.6,0.6,5,3,0.583333333333333,0.75,0.375,0.5,0.461538461538462,0.545454545454545,0.591666666666667,0.675,0.167359670348801,0.333711906235957,2,TRUE,TRUE,TRUE,TRUE,FALSE,"red;blue;green","red;blue;green","vis_2;current;vis_3;ir_1;vis_1","vis_2;current;vis_3","","","ir_1;vis_1","","ok","",FALSE
273,"uniform_diode_ir_3_strong.csv","uniform_pol_2_mid.csv",1000,1000,0.16,52699.6931974908,3,3,0.6,0.6,6,4,0.5,0.666666666666667,0.333333333333333,0.428571428571429,0.428571428571429,0.5,0.55,0.633333333333333,0.0912870929175277,0.246885359939347,2,TRUE,TRUE,TRUE,TRUE,FALSE,"red;blue;green","red;blue;green","vis_2;ir_3;vis_1;vis_3;current;ir_1","vis_2;ir_3;vis_1;vis_3","","","current;ir_1","","ok","",FALSE
296,"uniform_diode_ir_3_strong.csv","uniform_v_c_mid.csv",1000,1000,0.12,48794.5200631201,3,3,0.6,0.6,6,4,0.5,0.666666666666667,0.333333333333333,0.428571428571429,0.428571428571429,0.5,0.55,0.633333333333333,0.0912870929175277,0.246885359939347,2,TRUE,TRUE,TRUE,TRUE,FALSE,"red;blue;green","red;blue;green","vis_2;vis_3;ir_1;vis_1;ir_3;l_11","vis_2;vis_3;ir_1;vis_1","","","ir_3;l_11","","ok","",FALSE
577,"uniform_l_12_mid.csv","uniform_red_strong.csv",1000,1000,0.2,54164.2299496289,3,3,0.6,0.6,6,4,0.5,0.666666666666667,0.333333333333333,0.428571428571429,0.428571428571429,0.5,0.55,0.633333333333333,0.0912870929175277,0.246885359939347,2,TRUE,TRUE,TRUE,TRUE,FALSE,"red;blue;green","red;blue;green","vis_2;vis_3;ir_3;l_12;ir_1;l_32","vis_2;vis_3;ir_3;l_12","","","ir_1;l_32","","ok","",FALSE
683,"uniform_l_31_mid.csv","uniform_osr_c_mid.csv",1000,1000,0.25,35410.4734175686,3,3,0.6,0.6,6,4,0.5,0.666666666666667,0.333333333333333,0.428571428571429,0.428571428571429,0.5,0.55,0.633333333333333,0.0912870929175277,0.246885359939347,2,TRUE,TRUE,TRUE,TRUE,FALSE,"red;blue;green","red;blue;green","vis_2;ir_1;vis_1;vis_3;ir_3;current","vis_2;ir_1;vis_1;vis_3","","","ir_3;current","","ok","",FALSE
892,"uniform_osr_angle_2_strong.csv","uniform_red_strong.csv",1000,1000,0.3,70471.1904038468,3,3,0.6,0.6,6,4,0.5,0.666666666666667,0.333333333333333,0.428571428571429,0.428571428571429,0.5,0.55,0.633333333333333,0.0912870929175277,0.246885359939347,2,TRUE,TRUE,TRUE,TRUE,FALSE,"red;blue;green","red;blue;green","vis_2;vis_3;ir_3;current;ir_1;vis_1","vis_2;vis_3;ir_3;current","","","ir_1;vis_1","","ok","",FALSE
1154,"uniform_red_strong.csv","uniform_t_vis_1_mid.csv",1000,1000,0.66,44807.1990905316,3,3,0.6,0.6,6,4,0.5,0.666666666666667,0.333333333333333,0.428571428571429,0.428571428571429,0.5,0.55,0.633333333333333,0.0912870929175277,0.246885359939347,2,TRUE,TRUE,TRUE,TRUE,FALSE,"red;blue;green","red;blue;green","vis_2;current;ir_3;vis_3;vis_1;ir_1","vis_2;current;ir_3;vis_3","","","vis_1;ir_1","","ok","",FALSE
1230,"uniform_t_ir_3_mid.csv","uniform_t_vis_1_weak.csv",1000,1000,0.19,47652.8534792695,3,3,0.6,0.6,6,4,0.5,0.666666666666667,0.333333333333333,0.428571428571429,0.428571428571429,0.5,0.55,0.633333333333333,0.0912870929175277,0.246885359939347,2,TRUE,TRUE,TRUE,TRUE,FALSE,"red;blue;green","red;blue;green","vis_2;ir_1;l_32;ir_3;vis_3;vis_1","vis_2;ir_1;l_32;ir_3","","","vis_3;vis_1","","ok","",FALSE
1365,"uniform_v_angle_1_mid.csv","uniform_v_angle_2_mid.csv",1000,1000,0.15,48355.663393497,3,3,0.6,0.6,6,4,0.5,0.666666666666667,0.333333333333333,0.428571428571429,0.428571428571429,0.5,0.55,0.633333333333333,0.0912870929175277,0.246885359939347,2,TRUE,TRUE,TRUE,TRUE,FALSE,"red;blue;green","red;blue;green","vis_2;current;vis_3;ir_1;ir_3;vis_1","vis_2;current;vis_3;ir_1","","","ir_3;vis_1","","ok","",FALSE
374,"uniform_diode_vis_2_mid.csv","uniform_t_vis_1_mid.csv",1000,1000,0.3,79308.5323650435,3,3,0.6,0.6,7,5,0.416666666666667,0.583333333333333,0.3,0.375,0.4,0.461538461538462,0.508333333333333,0.591666666666667,0.0154303349962092,0.167359670348801,2,TRUE,TRUE,TRUE,TRUE,FALSE,"red;green;blue","red;green;blue","vis_2;vis_1;ir_1;vis_3;ir_3;current;pol_1","vis_2;vis_1;ir_1;vis_3;ir_3","","","current;pol_1","","ok","",FALSE
815,"uniform_osr_angle_1_strong.csv","uniform_v_angle_2_strong.csv",1000,1000,0.16,61648.651082009,3,3,0.6,0.6,7,5,0.416666666666667,0.583333333333333,0.3,0.375,0.4,0.461538461538462,0.508333333333333,0.591666666666667,0.0154303349962092,0.167359670348801,2,TRUE,TRUE,TRUE,TRUE,FALSE,"red;blue;green","red;blue;green","vis_2;vis_1;ir_1;current;vis_3;ir_3;pol_2","vis_2;vis_1;ir_1;current;vis_3","","","ir_3;pol_2","","ok","",FALSE
151,"uniform_diode_ir_1_mid.csv","uniform_v_angle_2_strong.csv",1000,1000,0.16,41693.8968158995,3,3,0.6,0.6,8,6,0.333333333333333,0.5,0.272727272727273,0.333333333333333,0.375,0.428571428571429,0.466666666666667,0.55,-0.0635641726163728,0.0912870929175277,2,TRUE,TRUE,TRUE,TRUE,FALSE,"red;blue;green","red;blue;green","vis_2;current;vis_1;ir_3;l_32;l_12;vis_3;l_11","vis_2;current;vis_1;ir_3;l_32;l_12","","","vis_3;l_11","","ok","",FALSE
252,"uniform_diode_ir_3_strong.csv","uniform_diode_vis_2_mid.csv",1000,1000,0.26,66409.8242390672,3,3,0.6,0.6,8,6,0.333333333333333,0.5,0.272727272727273,0.333333333333333,0.375,0.428571428571429,0.466666666666667,0.55,-0.0635641726163728,0.0912870929175277,2,TRUE,TRUE,TRUE,TRUE,FALSE,"red;green;blue","red;green;blue","vis_2;ir_3;vis_3;ir_1;current;vis_1;pol_2;l_11","vis_2;ir_3;vis_3;ir_1;current;vis_1","","","pol_2;l_11","","ok","",FALSE
536,"uniform_l_11_mid.csv","uniform_red_mid.csv",1000,1000,0.25,95768.521642227,2,2,0.4,0.4,3,1,0.75,0.916666666666667,0.4,0.666666666666667,0.4,0.5,0.575,0.658333333333333,0.15,0.378489059622558,2,TRUE,TRUE,TRUE,TRUE,FALSE,"red;blue","red;blue","vis_2;ir_1;vis_3","vis_2","","","ir_1;vis_3","","ok","",FALSE
950,"uniform_osr_c_mid.csv","uniform_red_mid.csv",1000,1000,0.22,388242.159220769,2,2,0.4,0.4,3,1,0.75,0.916666666666667,0.4,0.666666666666667,0.4,0.5,0.575,0.658333333333333,0.15,0.378489059622558,2,TRUE,TRUE,TRUE,TRUE,FALSE,"red;blue","red;blue","vis_2;ir_1;current","vis_2","","","ir_1;current","","ok","",FALSE
1127,"uniform_red_mid.csv","uniform_t_ir_1_mid.csv",1000,1000,0.37,166481.617626402,2,2,0.4,0.4,4,2,0.666666666666667,0.833333333333333,0.333333333333333,0.5,0.363636363636364,0.444444444444444,0.533333333333333,0.616666666666667,0.0635641726163728,0.250640205913802,2,TRUE,TRUE,TRUE,TRUE,FALSE,"red;blue","red;blue","vis_2;current;ir_1;vis_3","vis_2;current","","","ir_1;vis_3","","ok","",FALSE
1140,"uniform_red_mid.csv","uniform_t_vis_3_strong.csv",1000,1000,0.29,1647371.76431801,2,2,0.4,0.4,4,2,0.666666666666667,0.833333333333333,0.333333333333333,0.5,0.363636363636364,0.444444444444444,0.533333333333333,0.616666666666667,0.0635641726163728,0.250640205913802,2,TRUE,TRUE,TRUE,TRUE,FALSE,"red;blue","red;blue","vis_2;vis_3;current;ir_1","vis_2;vis_3","","","current;ir_1","","ok","",FALSE
1143,"uniform_red_mid.csv","uniform_v_angle_1_strong.csv",1000,1000,0.36,66984.6809612613,2,2,0.4,0.4,4,2,0.666666666666667,0.833333333333333,0.333333333333333,0.5,0.363636363636364,0.444444444444444,0.533333333333333,0.616666666666667,0.0635641726163728,0.250640205913802,2,TRUE,TRUE,TRUE,TRUE,FALSE,"red;blue","red;blue","vis_2;ir_1;ir_3;vis_3","vis_2;ir_1","","","ir_3;vis_3","","ok","",FALSE
1005,"uniform_osr_c_weak.csv","uniform_red_mid.csv",1000,1000,0.07,77445.1626323478,2,2,0.4,0.4,5,3,0.583333333333333,0.75,0.285714285714286,0.4,0.333333333333333,0.4,0.491666666666667,0.575,-0.0154303349962092,0.15,2,TRUE,TRUE,TRUE,TRUE,FALSE,"red;blue","red;blue","vis_2;ir_1;vis_1;vis_3;ir_3","vis_2;ir_1;vis_1","","","vis_3;ir_3","","ok","",FALSE
1139,"uniform_red_mid.csv","uniform_t_vis_3_mid.csv",1000,1000,0.19,67807.7539032335,2,2,0.4,0.4,6,4,0.5,0.666666666666667,0.25,0.333333333333333,0.307692307692308,0.363636363636364,0.45,0.533333333333333,-0.0912870929175277,0.0635641726163728,2,TRUE,TRUE,TRUE,TRUE,FALSE,"red;blue","red;blue","vis_2;ir_1;pol_2;current;vis_1;vis_3","vis_2;ir_1;pol_2;current","","","vis_1;vis_3","","ok","",FALSE
990,"uniform_osr_c_strong.csv","uniform_t_vis_2_strong.csv",1000,1000,0.24,123762.39135792,4,4,0.8,0.8,2,1,0.833333333333333,0.916666666666667,0.666666666666667,0.8,0.727272727272727,0.8,0.816666666666667,0.858333333333333,0.603859639855542,0.716666666666667,1,TRUE,TRUE,TRUE,TRUE,FALSE,"green;red;blue;l_22","green;red;blue;l_22","vis_2;vis_1","vis_2","","","vis_1","","ok","",FALSE
350,"uniform_diode_vis_2_mid.csv","uniform_l_22_mid.csv",1000,1000,0.63,152677.098936024,4,4,0.8,0.8,3,2,0.75,0.833333333333333,0.571428571428571,0.666666666666667,0.666666666666667,0.727272727272727,0.775,0.816666666666667,0.509201054874903,0.603859639855542,1,TRUE,TRUE,TRUE,TRUE,FALSE,"green;red;l_22;blue","green;red;l_22;blue","vis_2;vis_1;ir_1","vis_2;vis_1","","","ir_1","","ok","",FALSE
839,"uniform_osr_angle_1_weak.csv","uniform_t_vis_2_mid.csv",1000,1000,0.34,95688.6168826407,4,4,0.8,0.8,3,2,0.75,0.833333333333333,0.571428571428571,0.666666666666667,0.666666666666667,0.727272727272727,0.775,0.816666666666667,0.509201054874903,0.603859639855542,1,TRUE,TRUE,TRUE,TRUE,FALSE,"red;green;blue;l_22","red;green;blue;l_22","vis_2;ir_1;vis_1","vis_2;ir_3","","","ir_1;vis_1","ir_3","ok","",FALSE
128,"uniform_diode_ir_1_mid.csv","uniform_pol_1_strong.csv",1000,1000,0.17,36529.6526668891,4,4,0.8,0.8,4,3,0.666666666666667,0.75,0.5,0.571428571428571,0.615384615384615,0.666666666666667,0.733333333333333,0.775,0.426006433615129,0.509201054874903,1,TRUE,TRUE,TRUE,TRUE,FALSE,"red;green;blue;l_21","red;green;blue;l_21","vis_2;current;vis_1;pol_2","vis_2;current;vis_1","","","pol_2","","ok","",FALSE
554,"uniform_l_11_mid.csv","uniform_v_angle_1_strong.csv",1000,1000,0.25,36238.0247645968,4,4,0.8,0.8,4,3,0.666666666666667,0.75,0.5,0.571428571428571,0.615384615384615,0.666666666666667,0.733333333333333,0.775,0.426006433615129,0.509201054874903,1,TRUE,TRUE,TRUE,TRUE,FALSE,"red;blue;green;l_22","red;blue;green;l_22","vis_2;vis_3;current;ir_1","vis_2;vis_3;current","","","ir_1","","ok","",FALSE
682,"uniform_l_31_mid.csv","uniform_osr_angle_2_weak.csv",1000,1000,0.34,60685.4998231109,4,4,0.8,0.8,4,3,0.666666666666667,0.75,0.5,0.571428571428571,0.615384615384615,0.666666666666667,0.733333333333333,0.775,0.426006433615129,0.509201054874903,1,TRUE,TRUE,TRUE,TRUE,FALSE,"red;blue;green;l_21","red;blue;green;l_21","vis_2;ir_1;vis_1;current","vis_2;ir_1;vis_1","","","current","","ok","",FALSE
808,"uniform_osr_angle_1_strong.csv","uniform_t_vis_2_weak.csv",1000,1000,0.48,112622.637610607,4,4,0.8,0.8,4,3,0.666666666666667,0.75,0.5,0.571428571428571,0.615384615384615,0.666666666666667,0.733333333333333,0.775,0.426006433615129,0.509201054874903,1,TRUE,TRUE,TRUE,TRUE,FALSE,"red;green;blue;l_22","red;green;blue;l_22","vis_2;ir_3;current;ir_1","vis_2;vis_3;ir_3","","","current;ir_1","vis_3","ok","",FALSE
1207,"uniform_t_ir_1_strong.csv","uniform_v_c_strong.csv",1000,1000,0.25,44391.9283118421,4,4,0.8,0.8,4,3,0.666666666666667,0.75,0.5,0.571428571428571,0.615384615384615,0.666666666666667,0.733333333333333,0.775,0.426006433615129,0.509201054874903,1,TRUE,TRUE,TRUE,TRUE,FALSE,"red;blue;green;l_21","red;blue;green;l_21","vis_2;current;vis_3;vis_1","vis_2;current;vis_3","","","vis_1","","ok","",FALSE
127,"uniform_diode_ir_1_mid.csv","uniform_pol_1_mid.csv",1000,1000,0.39,70719.3371118679,4,4,0.8,0.8,5,4,0.583333333333333,0.666666666666667,0.444444444444444,0.5,0.571428571428571,0.615384615384615,0.691666666666667,0.733333333333333,0.349933856183856,0.426006433615129,1,TRUE,TRUE,TRUE,TRUE,FALSE,"red;blue;green;l_21","red;blue;green;l_21","vis_2;vis_1;current;l_12;ir_3","vis_2;vis_1;current;l_12","","","ir_3","","ok","",FALSE
135,"uniform_diode_ir_1_mid.csv","uniform_t_ir_1_weak.csv",1000,1000,0.56,98029.7724093389,4,4,0.8,0.8,5,4,0.583333333333333,0.666666666666667,0.444444444444444,0.5,0.571428571428571,0.615384615384615,0.691666666666667,0.733333333333333,0.349933856183856,0.426006433615129,1,TRUE,TRUE,TRUE,TRUE,FALSE,"red;green;blue;l_21","red;green;blue;l_21","vis_2;vis_1;l_32;ir_1;current","vis_2;vis_1;l_32;ir_1","","","current","","ok","",FALSE
184,"uniform_diode_ir_1_strong.csv","uniform_t_ir_1_weak.csv",1000,1000,0.13,290293.523271143,4,4,0.8,0.8,5,4,0.583333333333333,0.666666666666667,0.444444444444444,0.5,0.571428571428571,0.615384615384615,0.691666666666667,0.733333333333333,0.349933856183856,0.426006433615129,1,TRUE,TRUE,TRUE,TRUE,FALSE,"red;blue;green;l_22","red;blue;green;l_22","vis_2;vis_1;l_32;pol_1;current","vis_2;vis_1;l_32;pol_1","","","current","","ok","",FALSE
532,"uniform_l_11_mid.csv","uniform_pol_1_mid.csv",1000,1000,0.07,40427.603828137,4,4,0.8,0.8,5,4,0.583333333333333,0.666666666666667,0.444444444444444,0.5,0.571428571428571,0.615384615384615,0.691666666666667,0.733333333333333,0.349933856183856,0.426006433615129,1,TRUE,TRUE,TRUE,TRUE,FALSE,"red;blue;green;l_22","red;blue;green;l_22","vis_2;vis_1;ir_1;current;vis_3","vis_2;vis_1;ir_1;current","","","vis_3","","ok","",FALSE
630,"uniform_l_21_mid.csv","uniform_t_vis_3_strong.csv",1000,1000,0.51,30764.5632023438,4,4,0.8,0.8,5,4,0.583333333333333,0.666666666666667,0.444444444444444,0.5,0.571428571428571,0.615384615384615,0.691666666666667,0.733333333333333,0.349933856183856,0.426006433615129,1,TRUE,TRUE,TRUE,TRUE,FALSE,"red;l_21;blue;green","red;l_21;blue;green","vis_2;current;ir_1;vis_1;ir_3","vis_2;current;ir_1;vis_1","","","ir_3","","ok","",FALSE
632,"uniform_l_21_mid.csv","uniform_v_angle_1_mid.csv",1000,1000,0.28,73729.3837363871,4,4,0.8,0.8,5,4,0.583333333333333,0.666666666666667,0.444444444444444,0.5,0.571428571428571,0.615384615384615,0.691666666666667,0.733333333333333,0.349933856183856,0.426006433615129,1,TRUE,TRUE,TRUE,TRUE,FALSE,"red;l_21;blue;green","red;l_21;blue;green","vis_2;current;ir_1;vis_1;vis_3","vis_2;current;ir_1;l_12","","","vis_1;vis_3","l_12","ok","",FALSE
655,"uniform_l_22_mid.csv","uniform_t_ir_1_mid.csv",1000,1000,0.16,46541.985073136,4,4,0.8,0.8,5,4,0.583333333333333,0.666666666666667,0.444444444444444,0.5,0.571428571428571,0.615384615384615,0.691666666666667,0.733333333333333,0.349933856183856,0.426006433615129,1,TRUE,TRUE,TRUE,TRUE,FALSE,"red;blue;green;l_22","red;blue;green;l_22","vis_2;vis_3;current;ir_3;vis_1","vis_2;vis_3;current;ir_3","","","vis_1","","ok","",FALSE
661,"uniform_l_22_mid.csv","uniform_t_vis_1_mid.csv",1000,1000,0.07,87580.8253721689,4,4,0.8,0.8,5,4,0.583333333333333,0.666666666666667,0.444444444444444,0.5,0.571428571428571,0.615384615384615,0.691666666666667,0.733333333333333,0.349933856183856,0.426006433615129,1,TRUE,TRUE,TRUE,TRUE,FALSE,"red;blue;green;l_22","red;blue;green;l_22","vis_2;vis_3;current;ir_1;ir_3","vis_2;vis_3;current;ir_1","","","ir_3","","ok","",FALSE
717,"uniform_l_32_mid.csv","uniform_osr_angle_2_strong.csv",1000,1000,0.04,30473.9746849827,4,4,0.8,0.8,5,4,0.583333333333333,0.666666666666667,0.444444444444444,0.5,0.571428571428571,0.615384615384615,0.691666666666667,0.733333333333333,0.349933856183856,0.426006433615129,1,TRUE,TRUE,TRUE,TRUE,FALSE,"red;blue;green;l_21","red;blue;green;l_21","vis_2;current;vis_3;ir_3;ir_1","vis_2;current;vis_3;ir_3","","","ir_1","","ok","",FALSE
733,"uniform_l_32_mid.csv","uniform_t_ir_3_weak.csv",1000,1000,0.14,73265.1957502227,4,4,0.8,0.8,5,4,0.583333333333333,0.666666666666667,0.444444444444444,0.5,0.571428571428571,0.615384615384615,0.691666666666667,0.733333333333333,0.349933856183856,0.426006433615129,1,TRUE,TRUE,TRUE,TRUE,FALSE,"red;blue;green;l_21","red;blue;green;l_21","vis_2;ir_1;vis_1;vis_3;current","vis_2;ir_1;vis_1;vis_3","","","current","","ok","",FALSE
799,"uniform_osr_angle_1_strong.csv","uniform_t_ir_1_weak.csv",1000,1000,0.09,55586.5123538107,4,4,0.8,0.8,5,4,0.583333333333333,0.666666666666667,0.444444444444444,0.5,0.571428571428571,0.615384615384615,0.691666666666667,0.733333333333333,0.349933856183856,0.426006433615129,1,TRUE,TRUE,TRUE,TRUE,FALSE,"red;blue;green;l_22","red;blue;green;l_22","vis_2;vis_1;current;ir_1;vis_3","vis_2;vis_1;current;ir_1","","","vis_3","","ok","",FALSE
824,"uniform_osr_angle_1_weak.csv","uniform_pol_1_mid.csv",1000,1000,0.17,45004.789777972,4,4,0.8,0.8,5,4,0.583333333333333,0.666666666666667,0.444444444444444,0.5,0.571428571428571,0.615384615384615,0.691666666666667,0.733333333333333,0.349933856183856,0.426006433615129,1,TRUE,TRUE,TRUE,TRUE,FALSE,"red;blue;green;l_22","red;blue;green;l_22","vis_2;vis_1;ir_1;current;vis_3","vis_2;vis_1;ir_1;current","","","vis_3","","ok","",FALSE
863,"uniform_osr_angle_2_mid.csv","uniform_t_ir_1_strong.csv",1000,1000,0.14,137264.027777144,4,4,0.8,0.8,5,4,0.583333333333333,0.666666666666667,0.444444444444444,0.5,0.571428571428571,0.615384615384615,0.691666666666667,0.733333333333333,0.349933856183856,0.426006433615129,1,TRUE,TRUE,TRUE,TRUE,FALSE,"red;blue;green;l_21","red;blue;green;l_21","vis_2;vis_3;vis_1;ir_3;current","vis_2;vis_3;vis_1;ir_3","","","current","","ok","",FALSE
1189,"uniform_t_ir_1_strong.csv","uniform_t_ir_1_weak.csv",1000,1000,0.17,61689.3531196246,4,4,0.8,0.8,5,4,0.583333333333333,0.666666666666667,0.444444444444444,0.5,0.571428571428571,0.615384615384615,0.691666666666667,0.733333333333333,0.349933856183856,0.426006433615129,1,TRUE,TRUE,TRUE,TRUE,FALSE,"red;blue;green;l_22","red;blue;green;l_22","vis_2;vis_1;current;vis_3;ir_3","vis_2;vis_1;current;vis_3","","","ir_3","","ok","",FALSE
380,"uniform_diode_vis_2_mid.csv","uniform_t_vis_3_mid.csv",1000,1000,0.22,104105.292627668,4,4,0.8,0.8,6,5,0.5,0.583333333333333,0.4,0.444444444444444,0.533333333333333,0.571428571428571,0.65,0.691666666666667,0.277746029931765,0.349933856183856,1,TRUE,TRUE,TRUE,TRUE,FALSE,"red;green;blue;l_22","red;green;blue;l_22","vis_2;vis_3;ir_3;vis_1;ir_1;current","vis_2;vis_3;ir_3;vis_1;ir_1","","","current","","ok","",FALSE
478,"uniform_green_strong.csv","uniform_l_21_mid.csv",1000,1000,0.19,41275.1420039817,4,4,0.8,0.8,6,5,0.5,0.583333333333333,0.4,0.444444444444444,0.533333333333333,0.571428571428571,0.65,0.691666666666667,0.277746029931765,0.349933856183856,1,TRUE,TRUE,TRUE,TRUE,FALSE,"red;l_21;blue;green","red;l_21;blue;green","vis_2;vis_1;ir_1;current;vis_3;ir_3","vis_2;vis_1;ir_1;current;vis_3","","","ir_3","","ok","",FALSE
559,"uniform_l_12_mid.csv","uniform_l_21_mid.csv",1000,1000,0.37,50608.3448016203,4,4,0.8,0.8,6,5,0.5,0.583333333333333,0.4,0.444444444444444,0.533333333333333,0.571428571428571,0.65,0.691666666666667,0.277746029931765,0.349933856183856,1,TRUE,TRUE,TRUE,TRUE,FALSE,"red;l_21;blue;green","red;l_21;blue;green","vis_2;current;ir_1;l_12;vis_3;vis_1","vis_2;current;ir_1;l_12;vis_3","","","vis_1","","ok","",FALSE
613,"uniform_l_21_mid.csv","uniform_pol_2_mid.csv",1000,1000,0.03,32605.1145110781,4,4,0.8,0.8,6,5,0.5,0.583333333333333,0.4,0.444444444444444,0.533333333333333,0.571428571428571,0.65,0.691666666666667,0.277746029931765,0.349933856183856,1,TRUE,TRUE,TRUE,TRUE,FALSE,"red;blue;l_21;green","red;blue;l_21;green","vis_2;vis_1;current;pol_2;ir_1;ir_3","vis_2;vis_1;current;pol_2;ir_1","","","ir_3","","ok","",FALSE
617,"uniform_l_21_mid.csv","uniform_t_ir_1_mid.csv",1000,1000,0.33,40626.5204330279,4,4,0.8,0.8,6,5,0.5,0.583333333333333,0.4,0.444444444444444,0.533333333333333,0.571428571428571,0.65,0.691666666666667,0.277746029931765,0.349933856183856,1,TRUE,TRUE,TRUE,TRUE,FALSE,"red;l_21;blue;green","red;l_21;blue;green","vis_2;current;vis_3;ir_1;ir_3;vis_1","vis_2;current;vis_3;ir_1;ir_3","","","vis_1","","ok","",FALSE
645,"uniform_l_22_mid.csv","uniform_osr_angle_2_weak.csv",1000,1000,0.18,57413.7188270386,4,4,0.8,0.8,6,5,0.5,0.583333333333333,0.4,0.444444444444444,0.533333333333333,0.571428571428571,0.65,0.691666666666667,0.277746029931765,0.349933856183856,1,TRUE,TRUE,TRUE,TRUE,FALSE,"red;blue;green;l_22","red;blue;green;l_22","vis_2;ir_1;vis_1;current;l_11;ir_3","vis_2;ir_1;vis_1;current;l_31","","","l_11;ir_3","l_31","ok","",FALSE
672,"uniform_l_22_mid.csv","uniform_v_angle_2_mid.csv",1000,1000,0.16,44087.050638512,4,4,0.8,0.8,6,5,0.5,0.583333333333333,0.4,0.444444444444444,0.533333333333333,0.571428571428571,0.65,0.691666666666667,0.277746029931765,0.349933856183856,1,TRUE,TRUE,TRUE,TRUE,FALSE,"red;blue;green;l_22","red;blue;green;l_22","vis_2;ir_1;vis_1;vis_3;ir_3;current","vis_2;ir_1;vis_1;vis_3;ir_3","","","current","","ok","",FALSE
727,"uniform_l_32_mid.csv","uniform_red_strong.csv",1000,1000,0.18,30090.8371586878,4,4,0.8,0.8,6,5,0.5,0.583333333333333,0.4,0.444444444444444,0.533333333333333,0.571428571428571,0.65,0.691666666666667,0.277746029931765,0.349933856183856,1,TRUE,TRUE,TRUE,TRUE,FALSE,"red;blue;green;l_21","red;blue;green;l_21","vis_2;ir_1;vis_3;vis_1;ir_3;current","vis_2;ir_1;vis_3;vis_1;ir_3","","","current","","ok","",FALSE
729,"uniform_l_32_mid.csv","uniform_t_ir_1_strong.csv",1000,1000,0.35,28860.9879936132,4,4,0.8,0.8,6,5,0.5,0.583333333333333,0.4,0.444444444444444,0.533333333333333,0.571428571428571,0.65,0.691666666666667,0.277746029931765,0.349933856183856,1,TRUE,TRUE,TRUE,TRUE,FALSE,"red;blue;green;l_21","red;blue;green;l_21","vis_2;current;vis_3;l_31;vis_1;ir_3","vis_2;current;vis_3;l_31;l_11","","","vis_1;ir_3","l_11","ok","",FALSE
753,"uniform_osr_angle_1_mid.csv","uniform_osr_angle_2_weak.csv",1000,1000,0.11,61282.5241114288,4,4,0.8,0.8,6,5,0.5,0.583333333333333,0.4,0.444444444444444,0.533333333333333,0.571428571428571,0.65,0.691666666666667,0.277746029931765,0.349933856183856,1,TRUE,TRUE,TRUE,TRUE,FALSE,"red;blue;green;l_21","red;blue;green;l_21","vis_2;vis_1;ir_1;current;vis_3;l_12","vis_2;vis_1;ir_1;current;vis_3","","","l_12","","ok","",FALSE
777,"uniform_osr_angle_1_mid.csv","uniform_t_vis_3_weak.csv",1000,1000,0.33,39063.563753508,4,4,0.8,0.8,6,5,0.5,0.583333333333333,0.4,0.444444444444444,0.533333333333333,0.571428571428571,0.65,0.691666666666667,0.277746029931765,0.349933856183856,1,TRUE,TRUE,TRUE,TRUE,FALSE,"red;blue;green;l_22","red;blue;green;l_22","vis_2;ir_1;vis_1;current;pol_1;vis_3","vis_2;ir_1;vis_1;current;pol_1","","","vis_3","","ok","",FALSE
811,"uniform_osr_angle_1_strong.csv","uniform_t_vis_3_weak.csv",1000,1000,0.23,66705.0877907613,4,4,0.8,0.8,6,5,0.5,0.583333333333333,0.4,0.444444444444444,0.533333333333333,0.571428571428571,0.65,0.691666666666667,0.277746029931765,0.349933856183856,1,TRUE,TRUE,TRUE,TRUE,FALSE,"red;green;blue;l_22","red;green;blue;l_22","vis_2;ir_1;vis_1;ir_3;vis_3;current","vis_2;ir_1;vis_1;ir_3;vis_3","","","current","","ok","",FALSE
848,"uniform_osr_angle_1_weak.csv","uniform_v_angle_2_strong.csv",1000,1000,0.25,57471.6855382409,4,4,0.8,0.8,6,5,0.5,0.583333333333333,0.4,0.444444444444444,0.533333333333333,0.571428571428571,0.65,0.691666666666667,0.277746029931765,0.349933856183856,1,TRUE,TRUE,TRUE,TRUE,FALSE,"red;blue;green;l_22","red;blue;green;l_22","vis_2;current;ir_1;vis_1;vis_3;ir_3","vis_2;current;ir_1;vis_1;vis_3","","","ir_3","","ok","",FALSE
1006,"uniform_osr_c_weak.csv","uniform_red_strong.csv",1000,1000,0.38,44143.173693645,4,4,0.8,0.8,6,5,0.5,0.583333333333333,0.4,0.444444444444444,0.533333333333333,0.571428571428571,0.65,0.691666666666667,0.277746029931765,0.349933856183856,1,TRUE,TRUE,TRUE,TRUE,FALSE,"red;blue;l_21;green","red;blue;l_21;green","vis_2;ir_1;vis_3;ir_3;vis_1;l_32","vis_2;ir_1;vis_3;ir_3;vis_1","","","l_32","","ok","",FALSE
373,"uniform_diode_vis_2_mid.csv","uniform_t_ir_3_weak.csv",1000,1000,0.23,119795.646570755,4,4,0.8,0.8,7,6,0.416666666666667,0.5,0.363636363636364,0.4,0.5,0.533333333333333,0.608333333333333,0.65,0.206583561003212,0.277746029931765,1,TRUE,TRUE,TRUE,TRUE,FALSE,"red;green;blue;l_21","red;green;blue;l_21","vis_2;ir_3;vis_3;ir_1;l_32;pol_2;pol_1","vis_2;ir_3;vis_3;ir_1;l_32;pol_2","","","pol_1","","ok","",FALSE
667,"uniform_l_22_mid.csv","uniform_t_vis_3_mid.csv",1000,1000,0.11,37646.5769391357,4,4,0.8,0.8,7,6,0.416666666666667,0.5,0.363636363636364,0.4,0.5,0.533333333333333,0.608333333333333,0.65,0.206583561003212,0.277746029931765,1,TRUE,TRUE,TRUE,TRUE,FALSE,"red;green;blue;l_22","red;green;blue;l_22","vis_2;current;ir_1;vis_1;ir_3;pol_2;pol_1","vis_2;current;ir_1;vis_1;ir_3;pol_2","","","pol_1","","ok","",FALSE
1238,"uniform_t_ir_3_mid.csv","uniform_v_angle_1_strong.csv",1000,1000,0.45,85828.3629192491,3,3,0.6,0.6,2,1,0.833333333333333,0.916666666666667,0.6,0.75,0.6,0.666666666666667,0.716666666666667,0.758333333333333,0.433333333333333,0.554989027380561,1,TRUE,TRUE,TRUE,TRUE,FALSE,"red;blue;green","red;blue;green","vis_2;vis_3","vis_2","","","vis_3","","ok","",FALSE
1319,"uniform_t_vis_2_mid.csv","uniform_v_angle_1_strong.csv",1000,1000,0.2,158341.170273916,3,3,0.6,0.6,2,1,0.833333333333333,0.916666666666667,0.6,0.75,0.6,0.666666666666667,0.716666666666667,0.758333333333333,0.433333333333333,0.554989027380561,1,TRUE,TRUE,TRUE,TRUE,FALSE,"red;green;blue","red;green;blue","vis_2;vis_1","vis_2","","","vis_1","","ok","",FALSE
43,"uniform_blue_mid.csv","uniform_t_vis_2_weak.csv",1000,1000,0.21,109543.904692791,3,3,0.6,0.6,3,2,0.75,0.833333333333333,0.5,0.6,0.545454545454545,0.6,0.675,0.716666666666667,0.333711906235957,0.433333333333333,1,TRUE,TRUE,TRUE,TRUE,FALSE,"red;green;blue","red;green;blue","vis_2;current;vis_3","vis_2;current","","","vis_3","","ok","",FALSE
447,"uniform_green_mid.csv","uniform_osr_c_strong.csv",1000,1000,0.1,87438.097550566,3,3,0.6,0.6,3,2,0.75,0.833333333333333,0.5,0.6,0.545454545454545,0.6,0.675,0.716666666666667,0.333711906235957,0.433333333333333,1,TRUE,TRUE,TRUE,TRUE,FALSE,"red;blue;green","red;blue;green","vis_2;vis_1;ir_1","vis_2;vis_1","","","ir_1","","ok","",FALSE
902,"uniform_osr_angle_2_strong.csv","uniform_t_vis_2_mid.csv",1000,1000,0.27,107060.69806009,3,3,0.6,0.6,3,2,0.75,0.833333333333333,0.5,0.6,0.545454545454545,0.6,0.675,0.716666666666667,0.333711906235957,0.433333333333333,1,TRUE,TRUE,TRUE,TRUE,FALSE,"red;green;blue","red;green;blue","vis_2;ir_3;ir_1","vis_2;ir_3","","","ir_1","","ok","",FALSE
1055,"uniform_pol_1_strong.csv","uniform_pol_2_strong.csv",1000,1000,0.07,66719.2760035029,3,3,0.6,0.6,3,2,0.75,0.833333333333333,0.5,0.6,0.545454545454545,0.6,0.675,0.716666666666667,0.333711906235957,0.433333333333333,1,TRUE,TRUE,TRUE,TRUE,FALSE,"red;blue;green","red;blue;green","vis_2;current;vis_1","vis_2;current","","","vis_1","","ok","",FALSE
1062,"uniform_pol_1_strong.csv","uniform_t_ir_3_strong.csv",1000,1000,0.17,80594.691090868,3,3,0.6,0.6,3,2,0.75,0.833333333333333,0.5,0.6,0.545454545454545,0.6,0.675,0.716666666666667,0.333711906235957,0.433333333333333,1,TRUE,TRUE,TRUE,TRUE,FALSE,"red;green;blue","red;green;blue","vis_2;vis_1;vis_3","vis_2;vis_1","","","vis_3","","ok","",FALSE
1063,"uniform_pol_1_strong.csv","uniform_t_ir_3_weak.csv",1000,1000,0.44,127693.871095695,3,3,0.6,0.6,3,2,0.75,0.833333333333333,0.5,0.6,0.545454545454545,0.6,0.675,0.716666666666667,0.333711906235957,0.433333333333333,1,TRUE,TRUE,TRUE,TRUE,FALSE,"red;blue;green","red;blue;green","vis_2;vis_1;vis_3","vis_2;vis_1","","","vis_3","","ok","",FALSE
1073,"uniform_pol_1_strong.csv","uniform_v_angle_1_mid.csv",1000,1000,0.63,32347.7104096683,3,3,0.6,0.6,3,2,0.75,0.833333333333333,0.5,0.6,0.545454545454545,0.6,0.675,0.716666666666667,0.333711906235957,0.433333333333333,1,TRUE,TRUE,TRUE,TRUE,FALSE,"red;green;blue","red;green;blue","vis_2;current;vis_1","vis_2;current","","","vis_1","","ok","",FALSE
1078,"uniform_pol_1_strong.csv","uniform_v_c_strong.csv",1000,1000,0.97,39872.8968444113,3,3,0.6,0.6,3,2,0.75,0.833333333333333,0.5,0.6,0.545454545454545,0.6,0.675,0.716666666666667,0.333711906235957,0.433333333333333,1,TRUE,TRUE,TRUE,TRUE,FALSE,"red;blue;green","red;blue;green","vis_2;current;vis_1","vis_2;current","","","vis_1","","ok","",FALSE
1098,"uniform_pol_2_mid.csv","uniform_v_angle_1_strong.csv",1000,1000,0.14,26081.5158911705,3,3,0.6,0.6,3,2,0.75,0.833333333333333,0.5,0.6,0.545454545454545,0.6,0.675,0.716666666666667,0.333711906235957,0.433333333333333,1,TRUE,TRUE,TRUE,TRUE,FALSE,"red;blue;green","red;blue;green","vis_2;vis_1;ir_1","vis_2;vis_1","","","ir_1","","ok","",FALSE
1190,"uniform_t_ir_1_strong.csv","uniform_t_ir_3_mid.csv",1000,1000,0.13,33745.989038025,3,3,0.6,0.6,3,2,0.75,0.833333333333333,0.5,0.6,0.545454545454545,0.6,0.675,0.716666666666667,0.333711906235957,0.433333333333333,1,TRUE,TRUE,TRUE,TRUE,FALSE,"red;blue;green","red;blue;green","vis_2;vis_1;ir_1","vis_2;vis_1","","","ir_1","","ok","",FALSE
1197,"uniform_t_ir_1_strong.csv","uniform_t_vis_2_strong.csv",1000,1000,0.84,94806.0826502395,3,3,0.6,0.6,3,2,0.75,0.833333333333333,0.5,0.6,0.545454545454545,0.6,0.675,0.716666666666667,0.333711906235957,0.433333333333333,1,TRUE,TRUE,TRUE,TRUE,FALSE,"red;green;blue","red;green;blue","vis_2;vis_1;ir_1","vis_2;vis_1","","","ir_1","","ok","",FALSE
1228,"uniform_t_ir_3_mid.csv","uniform_t_vis_1_mid.csv",1000,1000,0.18,47100.7492754827,3,3,0.6,0.6,3,2,0.75,0.833333333333333,0.5,0.6,0.545454545454545,0.6,0.675,0.716666666666667,0.333711906235957,0.433333333333333,1,TRUE,TRUE,TRUE,TRUE,FALSE,"red;blue;green","red;blue;green","vis_2;l_31;vis_3","vis_2;l_31","","","vis_3","","ok","",FALSE
1246,"uniform_t_ir_3_strong.csv","uniform_t_vis_1_weak.csv",1000,1000,0.12,39625.7535683301,3,3,0.6,0.6,3,2,0.75,0.833333333333333,0.5,0.6,0.545454545454545,0.6,0.675,0.716666666666667,0.333711906235957,0.433333333333333,1,TRUE,TRUE,TRUE,TRUE,FALSE,"red;blue;green","red;blue;green","vis_2;vis_3;vis_1","vis_2;vis_3","","","vis_1","","ok","",FALSE
1321,"uniform_t_vis_2_mid.csv","uniform_v_angle_2_strong.csv",1000,1000,0.17,80729.855785947,3,3,0.6,0.6,3,2,0.75,0.833333333333333,0.5,0.6,0.545454545454545,0.6,0.675,0.716666666666667,0.333711906235957,0.433333333333333,1,TRUE,TRUE,TRUE,TRUE,FALSE,"red;green;blue","red;green;blue","vis_2;ir_3;ir_1","vis_2;ir_3","","","ir_1","","ok","",FALSE
1337,"uniform_t_vis_2_weak.csv","uniform_v_angle_1_mid.csv",1000,1000,0.35,128114.626687697,3,3,0.6,0.6,3,2,0.75,0.833333333333333,0.5,0.6,0.545454545454545,0.6,0.675,0.716666666666667,0.333711906235957,0.433333333333333,1,TRUE,TRUE,TRUE,TRUE,FALSE,"red;green;blue","red;green;blue","vis_2;ir_1;vis_3","vis_2;ir_1","","","vis_3","","ok","",FALSE
1371,"uniform_v_angle_1_strong.csv","uniform_v_c_mid.csv",1000,1000,0.16,165178.869053477,3,3,0.6,0.6,3,2,0.75,0.833333333333333,0.5,0.6,0.545454545454545,0.6,0.675,0.716666666666667,0.333711906235957,0.433333333333333,1,TRUE,TRUE,TRUE,TRUE,FALSE,"red;blue;green","red;blue;green","vis_2;vis_3;ir_1","vis_2;vis_3","","","ir_1","","ok","",FALSE
207,"uniform_diode_ir_3_mid.csv","uniform_green_mid.csv",1000,1000,0.71,308494.29131069,3,3,0.6,0.6,4,3,0.666666666666667,0.75,0.428571428571429,0.5,0.5,0.545454545454545,0.633333333333333,0.675,0.246885359939347,0.333711906235957,1,TRUE,TRUE,TRUE,TRUE,FALSE,"red;green;blue","red;green;blue","vis_2;vis_3;vis_1;ir_3","vis_2;vis_3;vis_1","","","ir_3","","ok","",FALSE
249,"uniform_diode_ir_3_mid.csv","uniform_v_c_mid.csv",1000,1000,0.75,80023.9448149774,3,3,0.6,0.6,4,3,0.666666666666667,0.75,0.428571428571429,0.5,0.5,0.545454545454545,0.633333333333333,0.675,0.246885359939347,0.333711906235957,1,TRUE,TRUE,TRUE,TRUE,FALSE,"red;green;blue","red;green;blue","vis_2;vis_3;ir_1;vis_1","vis_2;vis_3;ir_1","","","vis_1","","ok","",FALSE
342,"uniform_diode_vis_1_mid.csv","uniform_v_c_mid.csv",1000,1000,0.18,57715.5813420234,3,3,0.6,0.6,4,3,0.666666666666667,0.75,0.428571428571429,0.5,0.5,0.545454545454545,0.633333333333333,0.675,0.246885359939347,0.333711906235957,1,TRUE,TRUE,TRUE,TRUE,FALSE,"red;green;blue","red;green;blue","vis_2;vis_3;ir_1;ir_3","vis_2;vis_3;ir_1","","","ir_3","","ok","",FALSE
351,"uniform_diode_vis_2_mid.csv","uniform_l_31_mid.csv",1000,1000,0.72,103754.336213241,3,3,0.6,0.6,4,3,0.666666666666667,0.75,0.428571428571429,0.5,0.5,0.545454545454545,0.633333333333333,0.675,0.246885359939347,0.333711906235957,1,TRUE,TRUE,TRUE,TRUE,FALSE,"red;green;blue","red;green;blue","vis_2;l_31;ir_1;current","vis_2;l_31;ir_1","","","current","","ok","",FALSE
360,"uniform_diode_vis_2_mid.csv","uniform_osr_c_strong.csv",1000,1000,0.22,161147.868441621,3,3,0.6,0.6,4,3,0.666666666666667,0.75,0.428571428571429,0.5,0.5,0.545454545454545,0.633333333333333,0.675,0.246885359939347,0.333711906235957,1,TRUE,TRUE,TRUE,TRUE,FALSE,"green;red;blue","green;red;blue","vis_2;ir_3;vis_1;pol_1","vis_2;ir_3;vis_1","","","pol_1","","ok","",FALSE
418,"uniform_diode_vis_3_mid.csv","uniform_t_vis_1_mid.csv",1000,1000,0.79,34043.2582118387,3,3,0.6,0.6,4,3,0.666666666666667,0.75,0.428571428571429,0.5,0.5,0.545454545454545,0.633333333333333,0.675,0.246885359939347,0.333711906235957,1,TRUE,TRUE,TRUE,TRUE,FALSE,"red;blue;green","red;blue;green","vis_2;pol_2;current;vis_3","vis_2;pol_2;current","","","vis_3","","ok","",FALSE
443,"uniform_green_mid.csv","uniform_osr_angle_2_mid.csv",1000,1000,0.32,55829.4852137843,3,3,0.6,0.6,4,3,0.666666666666667,0.75,0.428571428571429,0.5,0.5,0.545454545454545,0.633333333333333,0.675,0.246885359939347,0.333711906235957,1,TRUE,TRUE,TRUE,TRUE,FALSE,"red;blue;green","red;blue;green","vis_2;vis_1;ir_1;ir_3","vis_2;vis_1;ir_1","","","ir_3","","ok","",FALSE
463,"uniform_green_mid.csv","uniform_t_vis_1_weak.csv",1000,1000,0.69,102823.200918785,3,3,0.6,0.6,4,3,0.666666666666667,0.75,0.428571428571429,0.5,0.5,0.545454545454545,0.633333333333333,0.675,0.246885359939347,0.333711906235957,1,TRUE,TRUE,TRUE,TRUE,FALSE,"red;blue;green","red;blue;green","vis_2;vis_3;ir_3;vis_1","vis_2;vis_3;ir_3","","","vis_1","","ok","",FALSE
543,"uniform_l_11_mid.csv","uniform_t_ir_3_weak.csv",1000,1000,0.36,82469.8577663943,3,3,0.6,0.6,4,3,0.666666666666667,0.75,0.428571428571429,0.5,0.5,0.545454545454545,0.633333333333333,0.675,0.246885359939347,0.333711906235957,1,TRUE,TRUE,TRUE,TRUE,FALSE,"red;blue;green","red;blue;green","vis_2;ir_1;vis_1;vis_3","vis_2;ir_1;vis_1","","","vis_3","","ok","",FALSE
587,"uniform_l_12_mid.csv","uniform_t_vis_2_mid.csv",1000,1000,0.4,123853.57295327,3,3,0.6,0.6,4,3,0.666666666666667,0.75,0.428571428571429,0.5,0.5,0.545454545454545,0.633333333333333,0.675,0.246885359939347,0.333711906235957,1,TRUE,TRUE,TRUE,TRUE,FALSE,"red;green;blue","red;green;blue","vis_2;l_12;ir_1;vis_1","vis_2;l_12;ir_1","","","vis_1","","ok","",FALSE
615,"uniform_l_21_mid.csv","uniform_red_mid.csv",1000,1000,0.24,103683.051919194,3,3,0.6,0.6,4,3,0.666666666666667,0.75,0.428571428571429,0.5,0.5,0.545454545454545,0.633333333333333,0.675,0.246885359939347,0.333711906235957,1,TRUE,TRUE,TRUE,TRUE,FALSE,"red;l_21;blue","red;l_21;blue","vis_2;vis_1;ir_1;current","vis_2;vis_1;l_12","","","ir_1;current","l_12","ok","",FALSE
762,"uniform_osr_angle_1_mid.csv","uniform_red_strong.csv",1000,1000,0.65,28858.8512697904,3,3,0.6,0.6,4,3,0.666666666666667,0.75,0.428571428571429,0.5,0.5,0.545454545454545,0.633333333333333,0.675,0.246885359939347,0.333711906235957,1,TRUE,TRUE,TRUE,TRUE,FALSE,"red;blue;green","red;blue;green","vis_2;vis_3;ir_3;ir_1","vis_2;vis_3;ir_3","","","ir_1","","ok","",FALSE
774,"uniform_osr_angle_1_mid.csv","uniform_t_vis_2_weak.csv",1000,1000,0.12,107528.160270944,3,3,0.6,0.6,4,3,0.666666666666667,0.75,0.428571428571429,0.5,0.5,0.545454545454545,0.633333333333333,0.675,0.246885359939347,0.333711906235957,1,TRUE,TRUE,TRUE,TRUE,FALSE,"red;green;blue","red;green;blue","vis_2;ir_1;current;vis_1","vis_2;ir_1;current","","","vis_1","","ok","",FALSE
800,"uniform_osr_angle_1_strong.csv","uniform_t_ir_3_mid.csv",1000,1000,0.27,43233.0970271641,3,3,0.6,0.6,4,3,0.666666666666667,0.75,0.428571428571429,0.5,0.5,0.545454545454545,0.633333333333333,0.675,0.246885359939347,0.333711906235957,1,TRUE,TRUE,TRUE,TRUE,FALSE,"red;blue;green","red;blue;green","vis_2;vis_1;vis_3;ir_1","vis_2;vis_1;vis_3","","","ir_1","","ok","",FALSE
836,"uniform_osr_angle_1_weak.csv","uniform_t_vis_1_mid.csv",1000,1000,0.85,33230.3051445976,3,3,0.6,0.6,4,3,0.666666666666667,0.75,0.428571428571429,0.5,0.5,0.545454545454545,0.633333333333333,0.675,0.246885359939347,0.333711906235957,1,TRUE,TRUE,TRUE,TRUE,FALSE,"red;blue;green","red;blue;green","vis_2;current;vis_3;ir_3","vis_2;current;vis_3","","","ir_3","","ok","",FALSE
945,"uniform_osr_c_mid.csv","uniform_osr_c_weak.csv",1000,1000,0.13,86457.268952338,3,3,0.6,0.6,4,3,0.666666666666667,0.75,0.428571428571429,0.5,0.5,0.545454545454545,0.633333333333333,0.675,0.246885359939347,0.333711906235957,1,TRUE,TRUE,TRUE,TRUE,FALSE,"red;blue;green","red;blue;green","vis_2;vis_3;ir_3;vis_1","vis_2;vis_3;ir_3","","","vis_1","","ok","",FALSE
957,"uniform_osr_c_mid.csv","uniform_t_ir_3_weak.csv",1000,1000,0.19,41923.5979736144,3,3,0.6,0.6,4,3,0.666666666666667,0.75,0.428571428571429,0.5,0.5,0.545454545454545,0.633333333333333,0.675,0.246885359939347,0.333711906235957,1,TRUE,TRUE,TRUE,TRUE,FALSE,"red;blue;green","red;blue;green","vis_2;vis_1;ir_1;vis_3","vis_2;vis_1;ir_1","","","vis_3","","ok","",FALSE
962,"uniform_osr_c_mid.csv","uniform_t_vis_2_strong.csv",1000,1000,0.18,100226.643732095,3,3,0.6,0.6,4,3,0.666666666666667,0.75,0.428571428571429,0.5,0.5,0.545454545454545,0.633333333333333,0.675,0.246885359939347,0.333711906235957,1,TRUE,TRUE,TRUE,TRUE,FALSE,"red;green;blue","red;green;blue","vis_2;pol_2;ir_1;vis_1","vis_2;pol_2;vis_3","","","ir_1;vis_1","vis_3","ok","",FALSE
1053,"uniform_pol_1_mid.csv","uniform_v_c_strong.csv",1000,1000,0.15,53243.7082311826,3,3,0.6,0.6,4,3,0.666666666666667,0.75,0.428571428571429,0.5,0.5,0.545454545454545,0.633333333333333,0.675,0.246885359939347,0.333711906235957,1,TRUE,TRUE,TRUE,TRUE,FALSE,"red;blue;green","red;blue;green","vis_2;vis_1;current;ir_1","vis_2;vis_1;current","","","ir_1","","ok","",FALSE
1057,"uniform_pol_1_strong.csv","uniform_red_strong.csv",1000,1000,0.49,28441.0239639139,3,3,0.6,0.6,4,3,0.666666666666667,0.75,0.428571428571429,0.5,0.5,0.545454545454545,0.633333333333333,0.675,0.246885359939347,0.333711906235957,1,TRUE,TRUE,TRUE,TRUE,FALSE,"red;blue;green","red;blue;green","vis_2;vis_1;ir_1;pol_1","vis_2;vis_1;ir_1","","","pol_1","","ok","",FALSE
1170,"uniform_t_ir_1_mid.csv","uniform_t_ir_1_weak.csv",1000,1000,0.26,67254.2113058211,3,3,0.6,0.6,4,3,0.666666666666667,0.75,0.428571428571429,0.5,0.5,0.545454545454545,0.633333333333333,0.675,0.246885359939347,0.333711906235957,1,TRUE,TRUE,TRUE,TRUE,FALSE,"red;blue;green","red;blue;green","vis_2;current;vis_1;vis_3","vis_2;current;vis_1","","","vis_3","","ok","",FALSE
1227,"uniform_t_ir_3_mid.csv","uniform_t_ir_3_weak.csv",1000,1000,0.15,50628.0356347124,3,3,0.6,0.6,4,3,0.666666666666667,0.75,0.428571428571429,0.5,0.5,0.545454545454545,0.633333333333333,0.675,0.246885359939347,0.333711906235957,1,TRUE,TRUE,TRUE,TRUE,FALSE,"red;blue;green","red;blue;green","vis_2;vis_3;vis_1;ir_1","vis_2;vis_3;vis_1","","","ir_1","","ok","",FALSE
1247,"uniform_t_ir_3_strong.csv","uniform_t_vis_2_mid.csv",1000,1000,0.37,112477.915539807,3,3,0.6,0.6,4,3,0.666666666666667,0.75,0.428571428571429,0.5,0.5,0.545454545454545,0.633333333333333,0.675,0.246885359939347,0.333711906235957,1,TRUE,TRUE,TRUE,TRUE,FALSE,"red;green;blue","red;green;blue","vis_2;ir_3;vis_3;ir_1","vis_2;ir_3;l_12","","","vis_3;ir_1","l_12","ok","",FALSE
1266,"uniform_t_ir_3_weak.csv","uniform_t_vis_3_strong.csv",1000,1000,0.04,57025.0286549864,3,3,0.6,0.6,4,3,0.666666666666667,0.75,0.428571428571429,0.5,0.5,0.545454545454545,0.633333333333333,0.675,0.246885359939347,0.333711906235957,1,TRUE,TRUE,TRUE,TRUE,FALSE,"red;blue;green","red;blue;green","vis_2;vis_1;ir_1;ir_3","vis_2;vis_1;ir_1","","","ir_3","","ok","",FALSE
1286,"uniform_t_vis_1_mid.csv","uniform_v_c_mid.csv",1000,1000,0.1,36842.3568729326,3,3,0.6,0.6,4,3,0.666666666666667,0.75,0.428571428571429,0.5,0.5,0.545454545454545,0.633333333333333,0.675,0.246885359939347,0.333711906235957,1,TRUE,TRUE,TRUE,TRUE,FALSE,"red;blue;green","red;blue;green","vis_2;vis_3;vis_1;ir_1","vis_2;vis_3;vis_1","","","ir_1","","ok","",FALSE
1364,"uniform_v_angle_1_mid.csv","uniform_v_angle_1_strong.csv",1000,1000,0.16,69594.1205484501,3,3,0.6,0.6,4,3,0.666666666666667,0.75,0.428571428571429,0.5,0.5,0.545454545454545,0.633333333333333,0.675,0.246885359939347,0.333711906235957,1,TRUE,TRUE,TRUE,TRUE,FALSE,"red;blue;green","red;blue;green","vis_2;current;ir_1;vis_3","vis_2;current;ir_1","","","vis_3","","ok","",FALSE
56,"uniform_blue_strong.csv","uniform_diode_ir_3_strong.csv",1000,1000,0.02,68184.9663033545,3,3,0.6,0.6,5,4,0.583333333333333,0.666666666666667,0.375,0.428571428571429,0.461538461538462,0.5,0.591666666666667,0.633333333333333,0.167359670348801,0.246885359939347,1,TRUE,TRUE,TRUE,TRUE,FALSE,"red;green;blue","red;green;blue","vis_2;vis_1;ir_1;vis_3;ir_3","vis_2;vis_1;ir_1;vis_3","","","ir_3","","ok","",FALSE
67,"uniform_blue_strong.csv","uniform_l_32_mid.csv",1000,1000,0.66,133903.045823466,3,3,0.6,0.6,5,4,0.583333333333333,0.666666666666667,0.375,0.428571428571429,0.461538461538462,0.5,0.591666666666667,0.633333333333333,0.167359670348801,0.246885359939347,1,TRUE,TRUE,TRUE,TRUE,FALSE,"red;green;blue","red;green;blue","vis_2;vis_1;vis_3;ir_3;ir_1","vis_2;vis_1;vis_3;ir_3","","","ir_1","","ok","",FALSE
80,"uniform_blue_strong.csv","uniform_pol_2_strong.csv",1000,1000,0.25,107296.60390969,3,3,0.6,0.6,5,4,0.583333333333333,0.666666666666667,0.375,0.428571428571429,0.461538461538462,0.5,0.591666666666667,0.633333333333333,0.167359670348801,0.246885359939347,1,TRUE,TRUE,TRUE,TRUE,FALSE,"red;green;blue","red;green;blue","vis_2;vis_1;current;ir_3;vis_3","vis_2;vis_1;ir_1;current","","","ir_3;vis_3","ir_1","ok","",FALSE
94,"uniform_blue_strong.csv","uniform_t_vis_2_weak.csv",1000,1000,0.14,84166.3418380879,3,3,0.6,0.6,5,4,0.583333333333333,0.666666666666667,0.375,0.428571428571429,0.461538461538462,0.5,0.591666666666667,0.633333333333333,0.167359670348801,0.246885359939347,1,TRUE,TRUE,TRUE,TRUE,FALSE,"red;green;blue","red;green;blue","ir_3;vis_2;vis_1;vis_3;ir_1","ir_3;vis_2;vis_1;vis_3","","","ir_1","","ok","",FALSE
96,"uniform_blue_strong.csv","uniform_t_vis_3_strong.csv",1000,1000,0.31,83971.7502661731,3,3,0.6,0.6,5,4,0.583333333333333,0.666666666666667,0.375,0.428571428571429,0.461538461538462,0.5,0.591666666666667,0.633333333333333,0.167359670348801,0.246885359939347,1,TRUE,TRUE,TRUE,TRUE,FALSE,"red;green;blue","red;green;blue","vis_2;vis_1;vis_3;ir_3;ir_1","vis_2;vis_1;vis_3;ir_3","","","ir_1","","ok","",FALSE
156,"uniform_diode_ir_1_strong.csv","uniform_diode_vis_1_mid.csv",1000,1000,0.11,45866.6957294274,3,3,0.6,0.6,5,4,0.583333333333333,0.666666666666667,0.375,0.428571428571429,0.461538461538462,0.5,0.591666666666667,0.633333333333333,0.167359670348801,0.246885359939347,1,TRUE,TRUE,TRUE,TRUE,FALSE,"red;blue;green","red;blue;green","vis_2;vis_3;vis_1;ir_3;ir_1","vis_2;vis_3;vis_1;ir_3","","","ir_1","","ok","",FALSE
262,"uniform_diode_ir_3_strong.csv","uniform_osr_angle_1_mid.csv",1000,1000,0.36,58937.2168156174,3,3,0.6,0.6,5,4,0.583333333333333,0.666666666666667,0.375,0.428571428571429,0.461538461538462,0.5,0.591666666666667,0.633333333333333,0.167359670348801,0.246885359939347,1,TRUE,TRUE,TRUE,TRUE,FALSE,"red;blue;green","red;blue;green","vis_2;current;vis_3;ir_1;vis_1","vis_2;current;vis_3;ir_1","","","vis_1","","ok","",FALSE
279,"uniform_diode_ir_3_strong.csv","uniform_t_ir_1_weak.csv",1000,1000,0.5,53272.1159180992,3,3,0.6,0.6,5,4,0.583333333333333,0.666666666666667,0.375,0.428571428571429,0.461538461538462,0.5,0.591666666666667,0.633333333333333,0.167359670348801,0.246885359939347,1,TRUE,TRUE,TRUE,TRUE,FALSE,"red;blue;green","red;blue;green","vis_2;current;vis_1;vis_3;l_11","vis_2;current;vis_1;l_31","","","vis_3;l_11","l_31","ok","",FALSE
281,"uniform_diode_ir_3_strong.csv","uniform_t_ir_3_strong.csv",1000,1000,0.19,49168.9450588158,3,3,0.6,0.6,5,4,0.583333333333333,0.666666666666667,0.375,0.428571428571429,0.461538461538462,0.5,0.591666666666667,0.633333333333333,0.167359670348801,0.246885359939347,1,TRUE,TRUE,TRUE,TRUE,FALSE,"red;blue;green","red;blue;green","vis_2;vis_3;pol_2;l_11;current","vis_2;vis_3;pol_2;l_11","","","current","","ok","",FALSE
311,"uniform_diode_vis_1_mid.csv","uniform_osr_angle_2_mid.csv",1000,1000,0.34,67784.5758193594,3,3,0.6,0.6,5,4,0.583333333333333,0.666666666666667,0.375,0.428571428571429,0.461538461538462,0.5,0.591666666666667,0.633333333333333,0.167359670348801,0.246885359939347,1,TRUE,TRUE,TRUE,TRUE,FALSE,"red;blue;green","red;blue;green","vis_2;ir_3;vis_3;ir_1;current","vis_2;ir_3;vis_3;ir_1","","","current","","ok","",FALSE
346,"uniform_diode_vis_2_mid.csv","uniform_green_strong.csv",1000,1000,0.29,38717.5692339292,3,3,0.6,0.6,5,4,0.583333333333333,0.666666666666667,0.375,0.428571428571429,0.461538461538462,0.5,0.591666666666667,0.633333333333333,0.167359670348801,0.246885359939347,1,TRUE,TRUE,TRUE,TRUE,FALSE,"green;red;blue","green;red;blue","vis_2;ir_1;ir_3;vis_3;vis_1","vis_2;ir_1;ir_3;vis_3","","","vis_1","","ok","",FALSE
388,"uniform_diode_vis_2_mid.csv","uniform_v_c_strong.csv",1000,1000,0.41,98573.0899927191,3,3,0.6,0.6,5,4,0.583333333333333,0.666666666666667,0.375,0.428571428571429,0.461538461538462,0.5,0.591666666666667,0.633333333333333,0.167359670348801,0.246885359939347,1,TRUE,TRUE,TRUE,TRUE,FALSE,"red;green;blue","red;green;blue","current;vis_2;vis_1;ir_1;vis_3","current;vis_2;vis_1;ir_1","","","vis_3","","ok","",FALSE
390,"uniform_diode_vis_3_mid.csv","uniform_green_strong.csv",1000,1000,0.18,38290.1999612365,3,3,0.6,0.6,5,4,0.583333333333333,0.666666666666667,0.375,0.428571428571429,0.461538461538462,0.5,0.591666666666667,0.633333333333333,0.167359670348801,0.246885359939347,1,TRUE,TRUE,TRUE,TRUE,FALSE,"red;green;blue","red;green;blue","vis_2;vis_1;ir_1;pol_2;vis_3","vis_2;vis_1;ir_1;pol_2","","","vis_3","","ok","",FALSE
408,"uniform_diode_vis_3_mid.csv","uniform_pol_2_mid.csv",1000,1000,0.18,45764.8731697688,3,3,0.6,0.6,5,4,0.583333333333333,0.666666666666667,0.375,0.428571428571429,0.461538461538462,0.5,0.591666666666667,0.633333333333333,0.167359670348801,0.246885359939347,1,TRUE,TRUE,TRUE,TRUE,FALSE,"red;blue;green","red;blue;green","vis_2;current;vis_1;vis_3;ir_1","vis_2;current;vis_1;vis_3","","","ir_1","","ok","",FALSE
461,"uniform_green_mid.csv","uniform_t_vis_1_mid.csv",1000,1000,0.13,108913.561059529,3,3,0.6,0.6,5,4,0.583333333333333,0.666666666666667,0.375,0.428571428571429,0.461538461538462,0.5,0.591666666666667,0.633333333333333,0.167359670348801,0.246885359939347,1,TRUE,TRUE,TRUE,TRUE,FALSE,"red;blue;green","red;blue;green","vis_2;vis_3;vis_1;ir_3;current","vis_2;vis_3;vis_1;ir_3","","","current","","ok","",FALSE
482,"uniform_green_strong.csv","uniform_osr_angle_1_mid.csv",1000,1000,1.23,35810.3097139429,3,3,0.6,0.6,5,4,0.583333333333333,0.666666666666667,0.375,0.428571428571429,0.461538461538462,0.5,0.591666666666667,0.633333333333333,0.167359670348801,0.246885359939347,1,TRUE,TRUE,TRUE,TRUE,FALSE,"red;green;blue","red;green;blue","vis_2;ir_1;vis_3;vis_1;ir_3","vis_2;ir_1;vis_3;vis_1","","","ir_3","","ok","",FALSE
499,"uniform_green_strong.csv","uniform_t_ir_1_weak.csv",1000,1000,0.38,39505.2515444179,3,3,0.6,0.6,5,4,0.583333333333333,0.666666666666667,0.375,0.428571428571429,0.461538461538462,0.5,0.591666666666667,0.633333333333333,0.167359670348801,0.246885359939347,1,TRUE,TRUE,TRUE,TRUE,FALSE,"red;green;blue","red;green;blue","vis_2;vis_1;vis_3;ir_1;ir_3","vis_2;vis_1;vis_3;ir_1","","","ir_3","","ok","",FALSE
501,"uniform_green_strong.csv","uniform_t_ir_3_strong.csv",1000,1000,0.44,89116.9433429629,3,3,0.6,0.6,5,4,0.583333333333333,0.666666666666667,0.375,0.428571428571429,0.461538461538462,0.5,0.591666666666667,0.633333333333333,0.167359670348801,0.246885359939347,1,TRUE,TRUE,TRUE,TRUE,FALSE,"red;blue;green","red;blue;green","vis_2;vis_3;vis_1;ir_1;ir_3","vis_2;vis_3;vis_1;ir_1","","","ir_3","","ok","",FALSE
512,"uniform_green_strong.csv","uniform_v_angle_1_mid.csv",1000,1000,0.51,24427.4606206002,3,3,0.6,0.6,5,4,0.583333333333333,0.666666666666667,0.375,0.428571428571429,0.461538461538462,0.5,0.591666666666667,0.633333333333333,0.167359670348801,0.246885359939347,1,TRUE,TRUE,TRUE,TRUE,FALSE,"red;green;blue","red;green;blue","vis_2;ir_1;vis_1;vis_3;ir_3","vis_2;ir_1;vis_1;vis_3","","","ir_3","","ok","",FALSE
517,"uniform_green_strong.csv","uniform_v_c_strong.csv",1000,1000,0.84,38726.7313608888,3,3,0.6,0.6,5,4,0.583333333333333,0.666666666666667,0.375,0.428571428571429,0.461538461538462,0.5,0.591666666666667,0.633333333333333,0.167359670348801,0.246885359939347,1,TRUE,TRUE,TRUE,TRUE,FALSE,"red;green;blue","red;green;blue","vis_2;vis_1;vis_3;ir_1;current","vis_2;vis_1;vis_3;ir_1","","","current","","ok","",FALSE
534,"uniform_l_11_mid.csv","uniform_pol_2_mid.csv",1000,1000,0.47,42589.7931286897,3,3,0.6,0.6,5,4,0.583333333333333,0.666666666666667,0.375,0.428571428571429,0.461538461538462,0.5,0.591666666666667,0.633333333333333,0.167359670348801,0.246885359939347,1,TRUE,TRUE,TRUE,TRUE,FALSE,"red;blue;green","red;blue;green","vis_2;vis_1;ir_1;vis_3;ir_3","vis_2;vis_1;ir_1;vis_3","","","ir_3","","ok","",FALSE
567,"uniform_l_12_mid.csv","uniform_osr_angle_2_strong.csv",1000,1000,0.05,49313.8727471494,3,3,0.6,0.6,5,4,0.583333333333333,0.666666666666667,0.375,0.428571428571429,0.461538461538462,0.5,0.591666666666667,0.633333333333333,0.167359670348801,0.246885359939347,1,TRUE,TRUE,TRUE,TRUE,FALSE,"red;blue;green","red;blue;green","vis_2;vis_3;l_12;ir_1;vis_1","vis_2;vis_3;l_12;ir_1","","","vis_1","","ok","",FALSE
694,"uniform_l_31_mid.csv","uniform_t_ir_1_weak.csv",1000,1000,0.11,51667.9518383499,3,3,0.6,0.6,5,4,0.583333333333333,0.666666666666667,0.375,0.428571428571429,0.461538461538462,0.5,0.591666666666667,0.633333333333333,0.167359670348801,0.246885359939347,1,TRUE,TRUE,TRUE,TRUE,FALSE,"red;blue;green","red;blue;green","vis_2;current;ir_1;vis_1;vis_3","vis_2;current;ir_1;vis_1","","","vis_3","","ok","",FALSE
700,"uniform_l_31_mid.csv","uniform_t_vis_1_weak.csv",1000,1000,0.04,57767.4997829198,3,3,0.6,0.6,5,4,0.583333333333333,0.666666666666667,0.375,0.428571428571429,0.461538461538462,0.5,0.591666666666667,0.633333333333333,0.167359670348801,0.246885359939347,1,TRUE,TRUE,TRUE,TRUE,FALSE,"red;blue;green","red;blue;green","vis_2;vis_3;ir_1;current;vis_1","vis_2;vis_3;ir_1;current","","","vis_1","","ok","",FALSE
778,"uniform_osr_angle_1_mid.csv","uniform_v_angle_1_mid.csv",1000,1000,0.44,50171.3376615079,3,3,0.6,0.6,5,4,0.583333333333333,0.666666666666667,0.375,0.428571428571429,0.461538461538462,0.5,0.591666666666667,0.633333333333333,0.167359670348801,0.246885359939347,1,TRUE,TRUE,TRUE,TRUE,FALSE,"red;blue;green","red;blue;green","vis_2;current;ir_1;vis_1;vis_3","vis_2;current;ir_1;vis_1","","","vis_3","","ok","",FALSE
810,"uniform_osr_angle_1_strong.csv","uniform_t_vis_3_strong.csv",1000,1000,0.67,38162.4199729054,3,3,0.6,0.6,5,4,0.583333333333333,0.666666666666667,0.375,0.428571428571429,0.461538461538462,0.5,0.591666666666667,0.633333333333333,0.167359670348801,0.246885359939347,1,TRUE,TRUE,TRUE,TRUE,FALSE,"red;blue;green","red;blue;green","vis_2;ir_3;vis_1;current;ir_1","vis_2;ir_3;vis_1;current","","","ir_1","","ok","",FALSE
854,"uniform_osr_angle_2_mid.csv","uniform_osr_c_strong.csv",1000,1000,0.16,81756.7024505986,3,3,0.6,0.6,5,4,0.583333333333333,0.666666666666667,0.375,0.428571428571429,0.461538461538462,0.5,0.591666666666667,0.633333333333333,0.167359670348801,0.246885359939347,1,TRUE,TRUE,TRUE,TRUE,FALSE,"red;blue;green","red;blue;green","vis_2;vis_1;current;ir_1;l_32","vis_2;vis_1;current;ir_1","","","l_32","","ok","",FALSE
868,"uniform_osr_angle_2_mid.csv","uniform_t_vis_1_mid.csv",1000,1000,0.13,45115.0437524398,3,3,0.6,0.6,5,4,0.583333333333333,0.666666666666667,0.375,0.428571428571429,0.461538461538462,0.5,0.591666666666667,0.633333333333333,0.167359670348801,0.246885359939347,1,TRUE,TRUE,TRUE,TRUE,FALSE,"red;blue;green","red;blue;green","vis_2;vis_3;current;vis_1;ir_3","vis_2;vis_3;current;vis_1","","","ir_3","","ok","",FALSE
885,"uniform_osr_angle_2_strong.csv","uniform_osr_c_strong.csv",1000,1000,0.1,56735.1737867684,3,3,0.6,0.6,5,4,0.583333333333333,0.666666666666667,0.375,0.428571428571429,0.461538461538462,0.5,0.591666666666667,0.633333333333333,0.167359670348801,0.246885359939347,1,TRUE,TRUE,TRUE,TRUE,FALSE,"red;green;blue","red;green;blue","vis_2;current;ir_3;vis_1;l_32","vis_2;current;ir_3;vis_1","","","l_32","","ok","",FALSE
906,"uniform_osr_angle_2_strong.csv","uniform_t_vis_3_strong.csv",1000,1000,0.39,70462.9367389278,3,3,0.6,0.6,5,4,0.583333333333333,0.666666666666667,0.375,0.428571428571429,0.461538461538462,0.5,0.591666666666667,0.633333333333333,0.167359670348801,0.246885359939347,1,TRUE,TRUE,TRUE,TRUE,FALSE,"red;blue;green","red;blue;green","vis_2;ir_3;vis_1;current;ir_1","vis_2;ir_3;vis_1;current","","","ir_1","","ok","",FALSE
1070,"uniform_pol_1_strong.csv","uniform_t_vis_3_mid.csv",1000,1000,0.11,35981.7445662126,3,3,0.6,0.6,5,4,0.583333333333333,0.666666666666667,0.375,0.428571428571429,0.461538461538462,0.5,0.591666666666667,0.633333333333333,0.167359670348801,0.246885359939347,1,TRUE,TRUE,TRUE,TRUE,FALSE,"red;green;blue","red;green;blue","vis_2;current;vis_1;pol_2;ir_1","vis_2;current;vis_1;pol_2","","","ir_1","","ok","",FALSE
1095,"uniform_pol_2_mid.csv","uniform_t_vis_3_strong.csv",1000,1000,0.42,48895.0680601527,3,3,0.6,0.6,5,4,0.583333333333333,0.666666666666667,0.375,0.428571428571429,0.461538461538462,0.5,0.591666666666667,0.633333333333333,0.167359670348801,0.246885359939347,1,TRUE,TRUE,TRUE,TRUE,FALSE,"red;blue;green","red;blue;green","vis_2;vis_3;vis_1;ir_1;ir_3","vis_2;vis_3;vis_1;ir_1","","","ir_3","","ok","",FALSE
1119,"uniform_pol_2_strong.csv","uniform_t_vis_3_weak.csv",1000,1000,0.31,46437.9675714303,3,3,0.6,0.6,5,4,0.583333333333333,0.666666666666667,0.375,0.428571428571429,0.461538461538462,0.5,0.591666666666667,0.633333333333333,0.167359670348801,0.246885359939347,1,TRUE,TRUE,TRUE,TRUE,FALSE,"red;blue;green","red;blue;green","vis_2;ir_1;current;ir_3;vis_1","vis_2;ir_1;current;ir_3","","","vis_1","","ok","",FALSE
1134,"uniform_red_mid.csv","uniform_t_vis_1_strong.csv",1000,1000,0.22,141990.201654057,3,3,0.6,0.6,5,4,0.583333333333333,0.666666666666667,0.375,0.428571428571429,0.461538461538462,0.5,0.591666666666667,0.633333333333333,0.167359670348801,0.246885359939347,1,TRUE,TRUE,TRUE,TRUE,FALSE,"red;blue;green","red;blue;green","vis_2;vis_3;ir_3;ir_1;vis_1","vis_2;vis_3;ir_3;current","","","ir_1;vis_1","current","ok","",FALSE
1173,"uniform_t_ir_1_mid.csv","uniform_t_ir_3_weak.csv",1000,1000,0.12,98647.6596510818,3,3,0.6,0.6,5,4,0.583333333333333,0.666666666666667,0.375,0.428571428571429,0.461538461538462,0.5,0.591666666666667,0.633333333333333,0.167359670348801,0.246885359939347,1,TRUE,TRUE,TRUE,TRUE,FALSE,"red;blue;green","red;blue;green","vis_2;vis_1;ir_1;vis_3;l_11","vis_2;vis_1;ir_1;vis_3","","","l_11","","ok","",FALSE
1202,"uniform_t_ir_1_strong.csv","uniform_v_angle_1_mid.csv",1000,1000,0.08,30259.9113626766,3,3,0.6,0.6,5,4,0.583333333333333,0.666666666666667,0.375,0.428571428571429,0.461538461538462,0.5,0.591666666666667,0.633333333333333,0.167359670348801,0.246885359939347,1,TRUE,TRUE,TRUE,TRUE,FALSE,"red;blue;green","red;blue;green","vis_2;current;vis_3;ir_3;vis_1","vis_2;current;vis_3;ir_3","","","vis_1","","ok","",FALSE
1240,"uniform_t_ir_3_mid.csv","uniform_v_angle_2_strong.csv",1000,1000,0.09,104107.902864549,3,3,0.6,0.6,5,4,0.583333333333333,0.666666666666667,0.375,0.428571428571429,0.461538461538462,0.5,0.591666666666667,0.633333333333333,0.167359670348801,0.246885359939347,1,TRUE,TRUE,TRUE,TRUE,FALSE,"red;blue;green","red;blue;green","vis_2;vis_1;ir_1;l_32;current","vis_2;vis_1;ir_1;l_32","","","current","","ok","",FALSE
1253,"uniform_t_ir_3_strong.csv","uniform_v_angle_1_mid.csv",1000,1000,0.02,57816.3334598011,3,3,0.6,0.6,5,4,0.583333333333333,0.666666666666667,0.375,0.428571428571429,0.461538461538462,0.5,0.591666666666667,0.633333333333333,0.167359670348801,0.246885359939347,1,TRUE,TRUE,TRUE,TRUE,FALSE,"red;blue;green","red;blue;green","vis_2;vis_3;current;ir_1;vis_1","vis_2;vis_3;current;ir_1","","","vis_1","","ok","",FALSE
1284,"uniform_t_vis_1_mid.csv","uniform_v_angle_2_mid.csv",1000,1000,0.28,38024.5570121955,3,3,0.6,0.6,5,4,0.583333333333333,0.666666666666667,0.375,0.428571428571429,0.461538461538462,0.5,0.591666666666667,0.633333333333333,0.167359670348801,0.246885359939347,1,TRUE,TRUE,TRUE,TRUE,FALSE,"red;blue;green","red;blue;green","vis_2;current;vis_3;pol_1;ir_3","vis_2;current;vis_3;pol_1","","","ir_3","","ok","",FALSE
1325,"uniform_t_vis_2_strong.csv","uniform_t_vis_3_mid.csv",1000,1000,0.1,197265.223348636,3,3,0.6,0.6,5,4,0.583333333333333,0.666666666666667,0.375,0.428571428571429,0.461538461538462,0.5,0.591666666666667,0.633333333333333,0.167359670348801,0.246885359939347,1,TRUE,TRUE,TRUE,TRUE,FALSE,"red;green;blue","red;green;blue","vis_2;vis_3;ir_3;ir_1;current","vis_2;vis_3;ir_3;ir_1","","","current","","ok","",FALSE
1354,"uniform_t_vis_3_strong.csv","uniform_v_angle_2_mid.csv",1000,1000,0.13,34664.7502751615,3,3,0.6,0.6,5,4,0.583333333333333,0.666666666666667,0.375,0.428571428571429,0.461538461538462,0.5,0.591666666666667,0.633333333333333,0.167359670348801,0.246885359939347,1,TRUE,TRUE,TRUE,TRUE,FALSE,"red;blue;green","red;blue;green","vis_2;ir_3;current;ir_1;vis_1","vis_2;ir_3;current;ir_1","","","vis_1","","ok","",FALSE
69,"uniform_blue_strong.csv","uniform_osr_angle_1_strong.csv",1000,1000,0.09,138797.13083502,3,3,0.6,0.6,6,5,0.5,0.583333333333333,0.333333333333333,0.375,0.428571428571429,0.461538461538462,0.55,0.591666666666667,0.0912870929175277,0.167359670348801,1,TRUE,TRUE,TRUE,TRUE,FALSE,"red;green;blue","red;green;blue","vis_2;vis_1;vis_3;current;ir_3;ir_1","vis_2;vis_1;vis_3;current;ir_3","","","ir_1","","ok","",FALSE
144,"uniform_diode_ir_1_mid.csv","uniform_t_vis_2_weak.csv",1000,1000,0.33,147894.099331481,3,3,0.6,0.6,6,5,0.5,0.583333333333333,0.333333333333333,0.375,0.428571428571429,0.461538461538462,0.55,0.591666666666667,0.0912870929175277,0.167359670348801,1,TRUE,TRUE,TRUE,TRUE,FALSE,"red;green;blue","red;green;blue","vis_2;ir_1;vis_1;ir_3;pol_2;l_11","vis_2;ir_1;vis_1;ir_3;pol_2","","","l_11","","ok","",FALSE
193,"uniform_diode_ir_1_strong.csv","uniform_t_vis_2_weak.csv",1000,1000,0.19,134072.250358745,3,3,0.6,0.6,6,5,0.5,0.583333333333333,0.333333333333333,0.375,0.428571428571429,0.461538461538462,0.55,0.591666666666667,0.0912870929175277,0.167359670348801,1,TRUE,TRUE,TRUE,TRUE,FALSE,"red;green;blue","red;green;blue","vis_2;ir_1;ir_3;vis_1;vis_3;l_11","vis_2;ir_1;ir_3;vis_1;vis_3","","","l_11","","ok","",FALSE
215,"uniform_diode_ir_3_mid.csv","uniform_osr_angle_1_mid.csv",1000,1000,0.05,50603.2982878101,3,3,0.6,0.6,6,5,0.5,0.583333333333333,0.333333333333333,0.375,0.428571428571429,0.461538461538462,0.55,0.591666666666667,0.0912870929175277,0.167359670348801,1,TRUE,TRUE,TRUE,TRUE,FALSE,"red;blue;green","red;blue;green","vis_2;vis_3;vis_1;ir_1;ir_3;current","vis_2;vis_3;vis_1;ir_1;ir_3","","","current","","ok","",FALSE
263,"uniform_diode_ir_3_strong.csv","uniform_osr_angle_1_strong.csv",1000,1000,0.05,43551.5646594938,3,3,0.6,0.6,6,5,0.5,0.583333333333333,0.333333333333333,0.375,0.428571428571429,0.461538461538462,0.55,0.591666666666667,0.0912870929175277,0.167359670348801,1,TRUE,TRUE,TRUE,TRUE,FALSE,"red;blue;green","red;blue;green","vis_2;vis_3;vis_1;ir_1;current;pol_2","vis_2;vis_3;vis_1;ir_1;current","","","pol_2","","ok","",FALSE
267,"uniform_diode_ir_3_strong.csv","uniform_osr_angle_2_weak.csv",1000,1000,0.01,54472.5998655653,3,3,0.6,0.6,6,5,0.5,0.583333333333333,0.333333333333333,0.375,0.428571428571429,0.461538461538462,0.55,0.591666666666667,0.0912870929175277,0.167359670348801,1,TRUE,TRUE,TRUE,TRUE,FALSE,"red;blue;green","red;blue;green","vis_2;current;ir_1;l_11;ir_3;pol_2","vis_2;current;ir_1;l_11;ir_3","","","pol_2","","ok","",FALSE
332,"uniform_diode_vis_1_mid.csv","uniform_t_vis_2_mid.csv",1000,1000,0.21,93641.5619417699,3,3,0.6,0.6,6,5,0.5,0.583333333333333,0.333333333333333,0.375,0.428571428571429,0.461538461538462,0.55,0.591666666666667,0.0912870929175277,0.167359670348801,1,TRUE,TRUE,TRUE,TRUE,FALSE,"red;green;blue","red;green;blue","vis_2;vis_1;ir_1;ir_3;vis_3;current","vis_2;vis_1;ir_1;ir_3;vis_3","","","current","","ok","",FALSE
387,"uniform_diode_vis_2_mid.csv","uniform_v_c_mid.csv",1000,1000,0.18,116276.569889709,3,3,0.6,0.6,6,5,0.5,0.583333333333333,0.333333333333333,0.375,0.428571428571429,0.461538461538462,0.55,0.591666666666667,0.0912870929175277,0.167359670348801,1,TRUE,TRUE,TRUE,TRUE,FALSE,"red;green;blue","red;green;blue","vis_2;current;vis_1;vis_3;ir_1;ir_3","vis_2;current;vis_1;vis_3;ir_1","","","ir_3","","ok","",FALSE
429,"uniform_diode_vis_3_mid.csv","uniform_v_angle_2_mid.csv",1000,1000,0.25,32386.5271038476,3,3,0.6,0.6,6,5,0.5,0.583333333333333,0.333333333333333,0.375,0.428571428571429,0.461538461538462,0.55,0.591666666666667,0.0912870929175277,0.167359670348801,1,TRUE,TRUE,TRUE,TRUE,FALSE,"red;blue;green","red;blue;green","vis_2;current;ir_1;pol_2;vis_1;pol_1","vis_2;current;ir_1;pol_2;ir_3","","","vis_1;pol_1","ir_3","ok","",FALSE
555,"uniform_l_11_mid.csv","uniform_v_angle_2_mid.csv",1000,1000,0.09,52861.0721068666,3,3,0.6,0.6,6,5,0.5,0.583333333333333,0.333333333333333,0.375,0.428571428571429,0.461538461538462,0.55,0.591666666666667,0.0912870929175277,0.167359670348801,1,TRUE,TRUE,TRUE,TRUE,FALSE,"red;blue;green","red;blue;green","vis_2;vis_3;ir_3;ir_1;current;vis_1","vis_2;vis_3;ir_3;ir_1;current","","","vis_1","","ok","",FALSE
572,"uniform_l_12_mid.csv","uniform_pol_1_mid.csv",1000,1000,0.02,78921.7452502105,3,3,0.6,0.6,6,5,0.5,0.583333333333333,0.333333333333333,0.375,0.428571428571429,0.461538461538462,0.55,0.591666666666667,0.0912870929175277,0.167359670348801,1,TRUE,TRUE,TRUE,TRUE,FALSE,"red;blue;green","red;blue;green","vis_2;vis_1;ir_1;l_12;current;vis_3","vis_2;vis_1;ir_1;l_12;current","","","vis_3","","ok","",FALSE
812,"uniform_osr_angle_1_strong.csv","uniform_v_angle_1_mid.csv",1000,1000,0.61,46877.7661461181,3,3,0.6,0.6,6,5,0.5,0.583333333333333,0.333333333333333,0.375,0.428571428571429,0.461538461538462,0.55,0.591666666666667,0.0912870929175277,0.167359670348801,1,TRUE,TRUE,TRUE,TRUE,FALSE,"red;blue;green","red;blue;green","vis_2;vis_1;current;ir_1;vis_3;ir_3","vis_2;vis_1;current;ir_1;vis_3","","","ir_3","","ok","",FALSE
884,"uniform_osr_angle_2_strong.csv","uniform_osr_c_mid.csv",1000,1000,0.18,38265.8325238286,3,3,0.6,0.6,6,5,0.5,0.583333333333333,0.333333333333333,0.375,0.428571428571429,0.461538461538462,0.55,0.591666666666667,0.0912870929175277,0.167359670348801,1,TRUE,TRUE,TRUE,TRUE,FALSE,"red;blue;green","red;blue;green","vis_2;ir_3;vis_3;current;vis_1;ir_1","vis_2;ir_3;vis_3;current;vis_1","","","ir_1","","ok","",FALSE
967,"uniform_osr_c_mid.csv","uniform_v_angle_1_mid.csv",1000,1000,0.24,32294.1372200049,3,3,0.6,0.6,6,5,0.5,0.583333333333333,0.333333333333333,0.375,0.428571428571429,0.461538461538462,0.55,0.591666666666667,0.0912870929175277,0.167359670348801,1,TRUE,TRUE,TRUE,TRUE,FALSE,"red;blue;green","red;blue;green","vis_2;ir_3;current;vis_1;vis_3;ir_1","vis_2;ir_3;current;vis_1;vis_3","","","ir_1","","ok","",FALSE
1039,"uniform_pol_1_mid.csv","uniform_t_vis_1_mid.csv",1000,1000,0.1,31934.5724441744,3,3,0.6,0.6,6,5,0.5,0.583333333333333,0.333333333333333,0.375,0.428571428571429,0.461538461538462,0.55,0.591666666666667,0.0912870929175277,0.167359670348801,1,TRUE,TRUE,TRUE,TRUE,FALSE,"red;blue;green","red;blue;green","vis_2;current;vis_1;vis_3;ir_1;ir_3","vis_2;current;vis_1;vis_3;ir_1","","","ir_3","","ok","",FALSE
1315,"uniform_t_vis_2_mid.csv","uniform_t_vis_3_mid.csv",1000,1000,0.1,121059.113651441,3,3,0.6,0.6,6,5,0.5,0.583333333333333,0.333333333333333,0.375,0.428571428571429,0.461538461538462,0.55,0.591666666666667,0.0912870929175277,0.167359670348801,1,TRUE,TRUE,TRUE,TRUE,FALSE,"red;green;l_22","red;green;l_22","vis_2;vis_3;ir_3;ir_1;vis_1;current","vis_2;vis_3;ir_3;ir_1;vis_1","","","current","","ok","",FALSE
1350,"uniform_t_vis_3_mid.csv","uniform_v_c_strong.csv",1000,1000,0.15,90397.2034894358,3,3,0.6,0.6,6,5,0.5,0.583333333333333,0.333333333333333,0.375,0.428571428571429,0.461538461538462,0.55,0.591666666666667,0.0912870929175277,0.167359670348801,1,TRUE,TRUE,TRUE,TRUE,FALSE,"red;blue;green","red;blue;green","vis_2;vis_1;ir_1;ir_3;current;pol_2","vis_2;vis_1;ir_1;ir_3;current","","","pol_2","","ok","",FALSE
1363,"uniform_t_vis_3_weak.csv","uniform_v_c_strong.csv",1000,1000,0.08,48238.479648782,3,3,0.6,0.6,6,5,0.5,0.583333333333333,0.333333333333333,0.375,0.428571428571429,0.461538461538462,0.55,0.591666666666667,0.0912870929175277,0.167359670348801,1,TRUE,TRUE,TRUE,TRUE,FALSE,"red;blue;green","red;blue;green","vis_2;vis_1;ir_1;current;vis_3;pol_1","vis_2;vis_1;ir_1;current;vis_3","","","pol_1","","ok","",FALSE
231,"uniform_diode_ir_3_mid.csv","uniform_t_ir_1_strong.csv",1000,1000,0.15,38776.4457257961,3,3,0.6,0.6,7,6,0.416666666666667,0.5,0.3,0.333333333333333,0.4,0.428571428571429,0.508333333333333,0.55,0.0154303349962092,0.0912870929175277,1,TRUE,TRUE,TRUE,TRUE,FALSE,"red;blue;green","red;blue;green","vis_2;vis_3;ir_3;vis_1;ir_1;l_11;pol_2","vis_2;vis_3;ir_3;vis_1;ir_1;l_11","","","pol_2","","ok","",FALSE
713,"uniform_l_32_mid.csv","uniform_osr_angle_1_mid.csv",1000,1000,0.18,81066.7352634109,3,3,0.6,0.6,7,6,0.416666666666667,0.5,0.3,0.333333333333333,0.4,0.428571428571429,0.508333333333333,0.55,0.0154303349962092,0.0912870929175277,1,TRUE,TRUE,TRUE,TRUE,FALSE,"red;blue;green","red;blue;green","vis_2;vis_1;current;ir_1;vis_3;pol_1;ir_3","vis_2;vis_1;current;ir_1;vis_3;pol_1","","","ir_3","","ok","",FALSE
775,"uniform_osr_angle_1_mid.csv","uniform_t_vis_3_mid.csv",1000,1000,0.46,42843.2285981754,3,3,0.6,0.6,7,6,0.416666666666667,0.5,0.3,0.333333333333333,0.4,0.428571428571429,0.508333333333333,0.55,0.0154303349962092,0.0912870929175277,1,TRUE,TRUE,TRUE,TRUE,FALSE,"red;blue;green","red;blue;green","vis_2;ir_1;current;ir_3;vis_1;pol_1;pol_2","vis_2;ir_1;current;ir_3;vis_1;pol_1","","","pol_2","","ok","",FALSE
1114,"uniform_pol_2_strong.csv","uniform_t_vis_2_mid.csv",1000,1000,0.21,150901.851470421,3,3,0.6,0.6,7,6,0.416666666666667,0.5,0.3,0.333333333333333,0.4,0.428571428571429,0.508333333333333,0.55,0.0154303349962092,0.0912870929175277,1,TRUE,FALSE,TRUE,TRUE,FALSE,"red;green;blue","red;green;l_22","vis_2;pol_2;vis_3;current;vis_1;ir_3;ir_1","vis_2;pol_2;vis_3;current;vis_1;ir_3","blue","l_22","ir_1","","ok","",FALSE
1176,"uniform_t_ir_1_mid.csv","uniform_t_vis_1_weak.csv",1000,1000,0.12,38437.1977577107,3,3,0.6,0.6,7,6,0.416666666666667,0.5,0.3,0.333333333333333,0.4,0.428571428571429,0.508333333333333,0.55,0.0154303349962092,0.0912870929175277,1,TRUE,TRUE,TRUE,TRUE,FALSE,"red;blue;green","red;blue;green","vis_2;vis_3;current;ir_1;pol_1;ir_3;vis_1","vis_2;vis_3;current;ir_1;pol_1;ir_3","","","vis_1","","ok","",FALSE
155,"uniform_diode_ir_1_strong.csv","uniform_diode_ir_3_strong.csv",1000,1000,0.17,31155.7740899224,3,3,0.6,0.6,8,7,0.333333333333333,0.416666666666667,0.272727272727273,0.3,0.375,0.4,0.466666666666667,0.508333333333333,-0.0635641726163728,0.0154303349962092,1,TRUE,TRUE,TRUE,TRUE,FALSE,"red;blue;green","red;blue;green","vis_2;ir_3;vis_3;vis_1;current;ir_1;pol_2;l_11","vis_2;ir_3;vis_3;vis_1;current;ir_1;pol_2","","","l_11","","ok","",FALSE
10,"uniform_blue_mid.csv","uniform_green_strong.csv",1000,1000,0.16,94890.0767211231,2,2,0.4,0.4,2,1,0.833333333333333,0.916666666666667,0.5,0.666666666666667,0.444444444444444,0.5,0.616666666666667,0.658333333333333,0.250640205913802,0.378489059622558,1,TRUE,TRUE,TRUE,TRUE,FALSE,"red;green","red;green","vis_2;ir_1","vis_2","","","ir_1","","ok","",FALSE
761,"uniform_osr_angle_1_mid.csv","uniform_red_mid.csv",1000,1000,0.26,1691590.34112702,2,2,0.4,0.4,3,2,0.75,0.833333333333333,0.4,0.5,0.4,0.444444444444444,0.575,0.616666666666667,0.15,0.250640205913802,1,TRUE,TRUE,TRUE,TRUE,FALSE,"red;blue","red;blue","vis_2;ir_1;current","vis_2;ir_1","","","current","","ok","",FALSE
860,"uniform_osr_angle_2_mid.csv","uniform_red_mid.csv",1000,1000,0.4,64381.1498784649,2,2,0.4,0.4,3,2,0.75,0.833333333333333,0.4,0.5,0.4,0.444444444444444,0.575,0.616666666666667,0.15,0.250640205913802,1,TRUE,TRUE,TRUE,TRUE,FALSE,"red;blue","red;blue","vis_2;ir_1;current","vis_2;ir_1","","","current","","ok","",FALSE
921,"uniform_osr_angle_2_weak.csv","uniform_red_mid.csv",1000,1000,0.36,61279.9131341357,2,2,0.4,0.4,3,2,0.75,0.833333333333333,0.4,0.5,0.4,0.444444444444444,0.575,0.616666666666667,0.15,0.250640205913802,1,TRUE,TRUE,TRUE,TRUE,FALSE,"red;blue","red;blue","vis_2;current;ir_1","vis_2;pol_2","","","current;ir_1","pol_2","ok","",FALSE
1144,"uniform_red_mid.csv","uniform_v_angle_2_mid.csv",1000,1000,0.19,216219.067674999,2,2,0.4,0.4,3,2,0.75,0.833333333333333,0.4,0.5,0.4,0.444444444444444,0.575,0.616666666666667,0.15,0.250640205913802,1,TRUE,TRUE,TRUE,TRUE,FALSE,"red;blue","red;blue","vis_2;ir_1;current","vis_2;ir_1","","","current","","ok","",FALSE
466,"uniform_green_mid.csv","uniform_t_vis_2_weak.csv",1000,1000,0.19,154456.09289264,2,2,0.4,0.4,4,3,0.666666666666667,0.75,0.333333333333333,0.4,0.363636363636364,0.4,0.533333333333333,0.575,0.0635641726163728,0.15,1,TRUE,TRUE,TRUE,TRUE,FALSE,"red;green","red;green","vis_2;vis_3;vis_1;ir_1","vis_2;vis_3;vis_1","","","ir_1","","ok","",FALSE
795,"uniform_osr_angle_1_strong.csv","uniform_red_mid.csv",1000,1000,0.2,62021.991557186,2,2,0.4,0.4,4,3,0.666666666666667,0.75,0.333333333333333,0.4,0.363636363636364,0.4,0.533333333333333,0.575,0.0635641726163728,0.15,1,TRUE,TRUE,TRUE,TRUE,FALSE,"red;blue","red;blue","vis_2;l_12;current;ir_1","vis_2;l_12;current","","","ir_1","","ok","",FALSE
891,"uniform_osr_angle_2_strong.csv","uniform_red_mid.csv",1000,1000,0.31,56701.3119449438,2,2,0.4,0.4,4,3,0.666666666666667,0.75,0.333333333333333,0.4,0.363636363636364,0.4,0.533333333333333,0.575,0.0635641726163728,0.15,1,TRUE,TRUE,TRUE,TRUE,FALSE,"red;blue","red;blue","vis_2;current;vis_3;ir_1","vis_2;current;vis_3","","","ir_1","","ok","",FALSE
1323,"uniform_t_vis_2_mid.csv","uniform_v_c_strong.csv",1000,1000,0.19,118942.197610192,2,2,0.4,0.4,4,3,0.666666666666667,0.75,0.333333333333333,0.4,0.363636363636364,0.4,0.533333333333333,0.575,0.0635641726163728,0.15,1,TRUE,TRUE,TRUE,TRUE,FALSE,"red;green","red;green","vis_2;current;ir_1;vis_1","vis_2;current;l_12","","","ir_1;vis_1","l_12","ok","",FALSE
1069,"uniform_pol_1_strong.csv","uniform_t_vis_2_weak.csv",1000,1000,0.14,124606.72769849,2,2,0.4,0.4,5,4,0.583333333333333,0.666666666666667,0.285714285714286,0.333333333333333,0.333333333333333,0.363636363636364,0.491666666666667,0.533333333333333,-0.0154303349962092,0.0635641726163728,1,TRUE,TRUE,TRUE,TRUE,FALSE,"red;green","red;green","vis_2;vis_3;pol_1;ir_1;ir_3","vis_2;vis_3;pol_1;ir_1","","","ir_3","","ok","",FALSE
623,"uniform_l_21_mid.csv","uniform_t_vis_1_mid.csv",1000,1000,0,40025.550690511,5,5,1,1,3,3,0.75,0.75,0.625,0.625,0.769230769230769,0.769230769230769,0.875,0.875,0.684653196881458,0.684653196881458,0,TRUE,TRUE,FALSE,FALSE,TRUE,"red;blue;l_21;green;l_22","red;blue;l_21;green;l_22","vis_2;current;vis_3","vis_2;current;vis_3","","","","","ok","",TRUE
1308,"uniform_t_vis_1_weak.csv","uniform_v_angle_1_strong.csv",1000,1000,0,74285.5238631148,5,5,1,1,3,3,0.75,0.75,0.625,0.625,0.769230769230769,0.769230769230769,0.875,0.875,0.684653196881458,0.684653196881458,0,TRUE,TRUE,FALSE,FALSE,TRUE,"red;blue;green;l_22;l_21","red;blue;green;l_22;l_21","vis_2;vis_3;ir_1","vis_2;vis_3;ir_1","","","","","ok","",TRUE
426,"uniform_diode_vis_3_mid.csv","uniform_t_vis_3_weak.csv",1000,1000,0.19,60240.5936596442,5,5,1,1,4,4,0.666666666666667,0.666666666666667,0.555555555555556,0.555555555555556,0.714285714285714,0.714285714285714,0.833333333333333,0.833333333333333,0.608580619450185,0.608580619450185,0,TRUE,TRUE,FALSE,FALSE,TRUE,"red;blue;green;l_21;l_22","red;blue;green;l_21;l_22","vis_2;vis_1;ir_1;current","vis_2;vis_1;ir_1;current","","","","","ok","",FALSE
428,"uniform_diode_vis_3_mid.csv","uniform_v_angle_1_strong.csv",1000,1000,0,46167.1584280145,5,5,1,1,4,4,0.666666666666667,0.666666666666667,0.555555555555556,0.555555555555556,0.714285714285714,0.714285714285714,0.833333333333333,0.833333333333333,0.608580619450185,0.608580619450185,0,TRUE,TRUE,FALSE,FALSE,TRUE,"red;blue;green;l_21;l_22","red;blue;green;l_21;l_22","vis_2;current;pol_2;ir_1","vis_2;current;pol_2;ir_1","","","","","ok","",TRUE
633,"uniform_l_21_mid.csv","uniform_v_angle_1_strong.csv",1000,1000,0,107709.28937227,5,5,1,1,4,4,0.666666666666667,0.666666666666667,0.555555555555556,0.555555555555556,0.714285714285714,0.714285714285714,0.833333333333333,0.833333333333333,0.608580619450185,0.608580619450185,0,TRUE,TRUE,FALSE,FALSE,TRUE,"red;l_21;blue;green;l_22","red;l_21;blue;green;l_22","vis_2;current;vis_3;ir_1","vis_2;current;vis_3;ir_1","","","","","ok","",TRUE
744,"uniform_l_32_mid.csv","uniform_v_angle_1_strong.csv",1000,1000,0,39167.9939768324,5,5,1,1,4,4,0.666666666666667,0.666666666666667,0.555555555555556,0.555555555555556,0.714285714285714,0.714285714285714,0.833333333333333,0.833333333333333,0.608580619450185,0.608580619450185,0,TRUE,TRUE,FALSE,FALSE,TRUE,"red;blue;green;l_22;l_21","red;blue;green;l_22;l_21","vis_2;current;vis_3;ir_1","vis_2;current;vis_3;ir_1","","","","","ok","",TRUE
829,"uniform_osr_angle_1_weak.csv","uniform_red_strong.csv",1000,1000,0.03,27931.3159093817,5,5,1,1,4,4,0.666666666666667,0.666666666666667,0.555555555555556,0.555555555555556,0.714285714285714,0.714285714285714,0.833333333333333,0.833333333333333,0.608580619450185,0.608580619450185,0,TRUE,TRUE,FALSE,FALSE,TRUE,"red;blue;green;l_22;l_21","red;blue;green;l_22;l_21","vis_2;ir_1;vis_3;ir_3","vis_2;ir_1;vis_3;ir_3","","","","","ok","",FALSE
831,"uniform_osr_angle_1_weak.csv","uniform_t_ir_1_strong.csv",1000,1000,0,34387.6587476638,5,5,1,1,4,4,0.666666666666667,0.666666666666667,0.555555555555556,0.555555555555556,0.714285714285714,0.714285714285714,0.833333333333333,0.833333333333333,0.608580619450185,0.608580619450185,0,TRUE,TRUE,FALSE,FALSE,TRUE,"red;blue;green;l_22;l_21","red;blue;green;l_22;l_21","vis_2;vis_1;vis_3;ir_3","vis_2;vis_1;vis_3;ir_3","","","","","ok","",TRUE
611,"uniform_l_21_mid.csv","uniform_pol_1_mid.csv",1000,1000,0.24,34294.1364781679,5,5,1,1,5,5,0.583333333333333,0.583333333333333,0.5,0.5,0.666666666666667,0.666666666666667,0.791666666666667,0.791666666666667,0.540061724867322,0.540061724867322,0,TRUE,TRUE,FALSE,FALSE,TRUE,"red;l_21;blue;green;l_22","red;l_21;blue;green;l_22","vis_2;current;vis_1;l_12;ir_1","vis_2;current;vis_1;l_12;ir_1","","","","","ok","",FALSE
622,"uniform_l_21_mid.csv","uniform_t_ir_3_weak.csv",1000,1000,0,39091.6490969386,5,5,1,1,5,5,0.583333333333333,0.583333333333333,0.5,0.5,0.666666666666667,0.666666666666667,0.791666666666667,0.791666666666667,0.540061724867322,0.540061724867322,0,TRUE,TRUE,FALSE,FALSE,TRUE,"red;l_21;blue;green;l_22","red;l_21;blue;green;l_22","vis_2;ir_1;vis_1;vis_3;current","vis_2;ir_1;vis_1;vis_3;current","","","","","ok","",TRUE
631,"uniform_l_21_mid.csv","uniform_t_vis_3_weak.csv",1000,1000,0,54468.3366105217,5,5,1,1,5,5,0.583333333333333,0.583333333333333,0.5,0.5,0.666666666666667,0.666666666666667,0.791666666666667,0.791666666666667,0.540061724867322,0.540061724867322,0,TRUE,TRUE,FALSE,FALSE,TRUE,"red;l_21;blue;green;l_22","red;l_21;blue;green;l_22","vis_2;vis_1;ir_1;current;vis_3","vis_2;vis_1;ir_1;current;vis_3","","","","","ok","",TRUE
132,"uniform_diode_ir_1_mid.csv","uniform_red_strong.csv",1000,1000,0.18,29212.0806921824,5,5,1,1,6,6,0.5,0.5,0.454545454545455,0.454545454545455,0.625,0.625,0.75,0.75,0.476731294622796,0.476731294622796,0,TRUE,TRUE,FALSE,FALSE,TRUE,"red;blue;green;l_22;l_21","red;blue;green;l_22;l_21","vis_2;vis_3;ir_3;ir_1;current;l_32","vis_2;vis_3;ir_3;ir_1;current;vis_1","","","l_32","vis_1","ok","",FALSE
147,"uniform_diode_ir_1_mid.csv","uniform_t_vis_3_weak.csv",1000,1000,0,449063.060489604,5,5,1,1,6,6,0.5,0.5,0.454545454545455,0.454545454545455,0.625,0.625,0.75,0.75,0.476731294622796,0.476731294622796,0,TRUE,TRUE,FALSE,FALSE,TRUE,"red;blue;green;l_22;l_21","red;blue;green;l_22;l_21","vis_2;ir_1;vis_1;vis_3;current;l_11","vis_2;ir_1;vis_1;vis_3;current;l_11","","","","","ok","",TRUE
258,"uniform_diode_ir_3_strong.csv","uniform_l_21_mid.csv",1000,1000,0,56298.8153368179,5,5,1,1,6,6,0.5,0.5,0.454545454545455,0.454545454545455,0.625,0.625,0.75,0.75,0.476731294622796,0.476731294622796,0,TRUE,TRUE,FALSE,FALSE,TRUE,"red;l_21;blue;green;l_22","red;l_21;blue;green;l_22","vis_2;current;vis_3;ir_1;pol_2;vis_1","vis_2;current;vis_3;ir_1;pol_2;vis_1","","","","","ok","",TRUE
519,"uniform_l_11_mid.csv","uniform_l_21_mid.csv",1000,1000,0,56012.5941773262,5,5,1,1,6,6,0.5,0.5,0.454545454545455,0.454545454545455,0.625,0.625,0.75,0.75,0.476731294622796,0.476731294622796,0,TRUE,TRUE,FALSE,FALSE,TRUE,"red;blue;l_21;green;l_22","red;blue;l_21;green;l_22","vis_2;current;vis_3;ir_1;vis_1;ir_3","vis_2;current;vis_3;ir_1;vis_1;ir_3","","","","","ok","",TRUE
604,"uniform_l_21_mid.csv","uniform_osr_angle_1_weak.csv",1000,1000,0,37882.7055487598,5,5,1,1,6,6,0.5,0.5,0.454545454545455,0.454545454545455,0.625,0.625,0.75,0.75,0.476731294622796,0.476731294622796,0,TRUE,TRUE,FALSE,FALSE,TRUE,"red;l_21;blue;green;l_22","red;l_21;blue;green;l_22","vis_2;vis_1;current;vis_3;ir_1;l_12","vis_2;vis_1;current;vis_3;ir_1;l_12","","","","","ok","",TRUE
629,"uniform_l_21_mid.csv","uniform_t_vis_3_mid.csv",1000,1000,0.01,87024.4435430243,5,5,1,1,6,6,0.5,0.5,0.454545454545455,0.454545454545455,0.625,0.625,0.75,0.75,0.476731294622796,0.476731294622796,0,TRUE,TRUE,FALSE,FALSE,TRUE,"red;l_21;blue;green;l_22","red;l_21;blue;green;l_22","vis_2;current;ir_1;vis_1;ir_3;pol_1","vis_2;current;ir_1;vis_1;ir_3;pol_1","","","","","ok","",FALSE
114,"uniform_diode_ir_1_mid.csv","uniform_l_21_mid.csv",1000,1000,0.12,34194.6006590633,5,5,1,1,7,7,0.416666666666667,0.416666666666667,0.416666666666667,0.416666666666667,0.588235294117647,0.588235294117647,0.708333333333333,0.708333333333333,0.416666666666667,0.416666666666667,0,TRUE,TRUE,FALSE,FALSE,TRUE,"red;l_21;blue;green;l_22","red;l_21;blue;green;l_22","vis_2;current;ir_3;ir_1;vis_3;l_11;l_12","vis_2;current;ir_3;ir_1;vis_3;l_11;l_12","","","","","ok","",FALSE
599,"uniform_l_21_mid.csv","uniform_l_22_mid.csv",1000,1000,0.1,85845.4592048921,5,5,1,1,7,7,0.416666666666667,0.416666666666667,0.416666666666667,0.416666666666667,0.588235294117647,0.588235294117647,0.708333333333333,0.708333333333333,0.416666666666667,0.416666666666667,0,TRUE,TRUE,FALSE,FALSE,TRUE,"red;l_21;blue;green;l_22","red;l_21;blue;green;l_22","vis_2;vis_1;current;ir_1;vis_3;l_12;ir_3","vis_2;vis_1;current;ir_1;vis_3;l_12;ir_3","","","","","ok","",FALSE
639,"uniform_l_22_mid.csv","uniform_l_32_mid.csv",1000,1000,0.1,50360.3665923177,5,5,1,1,7,7,0.416666666666667,0.416666666666667,0.416666666666667,0.416666666666667,0.588235294117647,0.588235294117647,0.708333333333333,0.708333333333333,0.416666666666667,0.416666666666667,0,TRUE,TRUE,FALSE,FALSE,TRUE,"red;blue;green;l_22;l_21","red;blue;green;l_22;l_21","vis_2;ir_1;vis_1;vis_3;current;ir_3;l_31","vis_2;ir_1;vis_1;vis_3;current;ir_3;l_31","","","","","ok","",FALSE
1092,"uniform_pol_2_mid.csv","uniform_t_vis_2_strong.csv",1000,1000,0.21,133018.888759907,5,5,1,1,4,5,0.666666666666667,0.583333333333333,0.555555555555556,0.5,0.714285714285714,0.666666666666667,0.833333333333333,0.791666666666667,0.608580619450185,0.540061724867322,-1,TRUE,TRUE,FALSE,FALSE,TRUE,"red;green;blue;l_22;l_21","red;green;blue;l_22;l_21","vis_2;vis_3;vis_1;pol_2","vis_2;vis_3;vis_1;pol_2;current","","","","current","ok","",FALSE
1378,"uniform_v_c_mid.csv","uniform_v_c_strong.csv",1000,1000,0.66,53804.2199646212,4,3,0.8,0.6,5,1,0.583333333333333,0.916666666666667,0.444444444444444,0.75,0.571428571428571,0.666666666666667,0.691666666666667,0.758333333333333,0.349933856183856,0.554989027380561,4,FALSE,FALSE,TRUE,FALSE,FALSE,"red;blue;green;l_21","red;blue;green","vis_2;vis_1;ir_1;vis_3;current","vis_2","l_21","","vis_1;ir_1;vis_3;current","","ok","",FALSE
654,"uniform_l_22_mid.csv","uniform_red_strong.csv",1000,1000,1.88,47233.256188873,4,3,0.8,0.6,6,2,0.5,0.833333333333333,0.4,0.6,0.533333333333333,0.6,0.65,0.716666666666667,0.277746029931765,0.433333333333333,4,FALSE,FALSE,TRUE,FALSE,FALSE,"red;blue;l_22;green","red;blue;l_22","vis_2;vis_3;ir_1;vis_1;ir_3;l_12","vis_2;vis_3","green","","ir_1;vis_1;ir_3;l_12","","ok","",FALSE
1322,"uniform_t_vis_2_mid.csv","uniform_v_c_mid.csv",1000,1000,0.41,112604.263443321,2,3,0.4,0.6,6,2,0.5,0.833333333333333,0.25,0.6,0.307692307692308,0.6,0.45,0.716666666666667,-0.0912870929175277,0.433333333333333,4,FALSE,FALSE,TRUE,FALSE,FALSE,"red;green","red;green;blue","vis_2;current;ir_1;vis_3;ir_3;vis_1","vis_2;current","","blue","ir_1;vis_3;ir_3;vis_1","","ok","",FALSE
626,"uniform_l_21_mid.csv","uniform_t_vis_2_mid.csv",1000,1000,1.12,148280.037871186,5,4,1,0.8,3,0,0.75,1,0.625,1,0.769230769230769,0.888888888888889,0.875,0.9,0.684653196881458,0.85933784884732,3,FALSE,FALSE,TRUE,FALSE,FALSE,"l_21;green;red;blue;l_22","l_21;green;red;blue","ir_3;vis_2;current","","l_22","","ir_3;vis_2;current","","ok","",FALSE
665,"uniform_l_22_mid.csv","uniform_t_vis_2_strong.csv",1000,1000,0.4,108879.188834277,5,4,1,0.8,5,2,0.583333333333333,0.833333333333333,0.5,0.666666666666667,0.666666666666667,0.727272727272727,0.791666666666667,0.816666666666667,0.540061724867322,0.603859639855542,3,FALSE,FALSE,TRUE,FALSE,FALSE,"green;red;blue;l_22;l_21","green;red;blue;l_22","vis_2;vis_1;pol_2;vis_3;ir_1","vis_2;vis_1","l_21","","pol_2;vis_3;ir_1","","ok","",FALSE
1150,"uniform_red_strong.csv","uniform_t_ir_1_weak.csv",1000,1000,0.58,55563.2361728475,3,4,0.6,0.8,6,3,0.5,0.75,0.333333333333333,0.571428571428571,0.428571428571429,0.666666666666667,0.55,0.775,0.0912870929175277,0.509201054874903,3,FALSE,FALSE,TRUE,FALSE,FALSE,"red;blue;green","red;blue;green;l_21","vis_2;vis_1;current;ir_3;vis_3;ir_1","vis_2;vis_1;current","","l_21","ir_3;vis_3;ir_1","","ok","",FALSE
771,"uniform_osr_angle_1_mid.csv","uniform_t_vis_1_weak.csv",1000,1000,0.96,84643.5980670045,4,3,0.8,0.6,5,2,0.583333333333333,0.833333333333333,0.444444444444444,0.6,0.571428571428571,0.6,0.691666666666667,0.716666666666667,0.349933856183856,0.433333333333333,3,FALSE,FALSE,TRUE,FALSE,FALSE,"red;blue;green;l_21","red;blue;green","vis_2;vis_3;ir_1;current;pol_1","vis_2;vis_3","l_21","","ir_1;current;pol_1","","ok","",FALSE
930,"uniform_osr_angle_2_weak.csv","uniform_t_vis_1_strong.csv",1000,1000,0.55,374300.550063449,4,3,0.8,0.6,5,2,0.583333333333333,0.833333333333333,0.444444444444444,0.6,0.571428571428571,0.6,0.691666666666667,0.716666666666667,0.349933856183856,0.433333333333333,3,FALSE,FALSE,TRUE,FALSE,FALSE,"red;blue;green;l_21","red;blue;green","vis_2;vis_3;ir_1;current;ir_3","vis_2;vis_3","l_21","","ir_1;current;ir_3","","ok","",FALSE
1332,"uniform_t_vis_2_strong.csv","uniform_v_c_mid.csv",1000,1000,0.4,197655.871712231,5,3,1,0.6,5,2,0.583333333333333,0.833333333333333,0.5,0.6,0.666666666666667,0.6,0.791666666666667,0.716666666666667,0.540061724867322,0.433333333333333,3,FALSE,FALSE,TRUE,FALSE,FALSE,"red;green;blue;l_21;l_22","red;green;blue","vis_2;current;ir_1;vis_1;vis_3","vis_2;current","l_21;l_22","","ir_1;vis_1;vis_3","","ok","",FALSE
951,"uniform_osr_c_mid.csv","uniform_red_strong.csv",1000,1000,1.31,61814.389004201,3,2,0.6,0.4,4,1,0.666666666666667,0.916666666666667,0.428571428571429,0.666666666666667,0.5,0.5,0.633333333333333,0.658333333333333,0.246885359939347,0.378489059622558,3,FALSE,FALSE,TRUE,FALSE,FALSE,"red;blue;green","red;blue","vis_2;vis_3;ir_1;vis_1","vis_2","green","","vis_3;ir_1;vis_1","","ok","",FALSE
850,"uniform_osr_angle_1_weak.csv","uniform_v_c_strong.csv",1000,1000,0.73,54521.4163202754,4,2,0.8,0.4,5,2,0.583333333333333,0.833333333333333,0.444444444444444,0.5,0.571428571428571,0.444444444444444,0.691666666666667,0.616666666666667,0.349933856183856,0.250640205913802,3,FALSE,FALSE,TRUE,FALSE,FALSE,"red;blue;green;l_22","red;blue","vis_2;vis_3;current;vis_1;ir_1","vis_2;vis_3","green;l_22","","current;vis_1;ir_1","","ok","",FALSE
160,"uniform_diode_ir_1_strong.csv","uniform_green_strong.csv",1000,1000,2.06,49409.2038953466,3,1,0.6,0.2,5,2,0.583333333333333,0.833333333333333,0.375,0.333333333333333,0.461538461538462,0.25,0.591666666666667,0.516666666666667,0.167359670348801,0.0398409536444798,3,FALSE,FALSE,TRUE,FALSE,FALSE,"red;blue;green","red","vis_2;vis_3;vis_1;ir_1;ir_3","vis_2;vis_3","blue;green","","vis_1;ir_1;ir_3","","ok","",FALSE
411,"uniform_diode_vis_3_mid.csv","uniform_red_strong.csv",1000,1000,0.5,40146.5192940559,3,5,0.6,1,6,4,0.5,0.666666666666667,0.333333333333333,0.555555555555556,0.428571428571429,0.714285714285714,0.55,0.833333333333333,0.0912870929175277,0.608580619450185,2,FALSE,FALSE,TRUE,FALSE,FALSE,"red;blue;green","red;blue;green;l_22;l_21","vis_2;ir_1;pol_2;vis_1;vis_3;ir_3","vis_2;ir_1;pol_2;vis_1","","l_22;l_21","vis_3;ir_3","","ok","",FALSE
1101,"uniform_pol_2_mid.csv","uniform_v_c_mid.csv",1000,1000,0.48,49538.3107307848,3,4,0.6,0.8,4,2,0.666666666666667,0.833333333333333,0.428571428571429,0.666666666666667,0.5,0.727272727272727,0.633333333333333,0.816666666666667,0.246885359939347,0.603859639855542,2,FALSE,FALSE,TRUE,FALSE,FALSE,"red;blue;green","red;blue;green;l_22","vis_2;vis_3;vis_1;ir_1","vis_2;vis_3","","l_22","vis_1;ir_1","","ok","",FALSE
1168,"uniform_red_strong.csv","uniform_v_c_strong.csv",1000,1000,0.29,33312.7473427877,3,4,0.6,0.8,6,4,0.5,0.666666666666667,0.333333333333333,0.5,0.428571428571429,0.615384615384615,0.55,0.733333333333333,0.0912870929175277,0.426006433615129,2,FALSE,FALSE,TRUE,FALSE,FALSE,"red;blue;green","red;blue;green;l_21","vis_2;current;vis_3;ir_1;ir_3;vis_1","vis_2;current;vis_3;ir_1","","l_21","ir_3;vis_1","","ok","",FALSE
1167,"uniform_red_strong.csv","uniform_v_c_mid.csv",1000,1000,0.11,55698.5206388015,3,4,0.6,0.8,7,5,0.416666666666667,0.583333333333333,0.3,0.444444444444444,0.4,0.571428571428571,0.508333333333333,0.691666666666667,0.0154303349962092,0.349933856183856,2,FALSE,FALSE,TRUE,FALSE,FALSE,"red;blue;green","red;blue;green;l_21","vis_2;ir_1;ir_3;vis_1;pol_2;vis_3;current","vis_2;ir_1;ir_3;vis_1;pol_2","","l_21","vis_3;current","","ok","",FALSE
823,"uniform_osr_angle_1_weak.csv","uniform_osr_c_weak.csv",1000,1000,0.68,43795.7254491951,5,3,1,0.6,3,1,0.75,0.916666666666667,0.625,0.75,0.769230769230769,0.666666666666667,0.875,0.758333333333333,0.684653196881458,0.554989027380561,2,FALSE,FALSE,TRUE,FALSE,FALSE,"red;blue;green;l_22;l_21","red;blue;green","vis_2;vis_3;vis_1","vis_2","l_22;l_21","","vis_3;vis_1","","ok","",FALSE
835,"uniform_osr_angle_1_weak.csv","uniform_t_ir_3_weak.csv",1000,1000,0.75,45915.1509239032,4,3,0.8,0.6,4,2,0.666666666666667,0.833333333333333,0.5,0.6,0.615384615384615,0.6,0.733333333333333,0.716666666666667,0.426006433615129,0.433333333333333,2,FALSE,FALSE,TRUE,FALSE,FALSE,"red;blue;green;l_22","red;blue;green","vis_2;vis_1;ir_1;vis_3","vis_2;vis_1","l_22","","ir_1;vis_3","","ok","",FALSE
337,"uniform_diode_vis_1_mid.csv","uniform_t_vis_3_weak.csv",1000,1000,0.53,60215.7398091154,4,3,0.8,0.6,5,3,0.583333333333333,0.75,0.444444444444444,0.5,0.571428571428571,0.545454545454545,0.691666666666667,0.675,0.349933856183856,0.333711906235957,2,FALSE,FALSE,TRUE,FALSE,FALSE,"red;green;blue;l_21","red;green;blue","vis_2;vis_3;vis_1;ir_3;ir_1","vis_2;vis_3;vis_1","l_21","","ir_3;ir_1","","ok","",FALSE
845,"uniform_osr_angle_1_weak.csv","uniform_v_angle_1_mid.csv",1000,1000,0.43,85162.0677102396,4,3,0.8,0.6,5,3,0.583333333333333,0.75,0.444444444444444,0.5,0.571428571428571,0.545454545454545,0.691666666666667,0.675,0.349933856183856,0.333711906235957,2,FALSE,FALSE,TRUE,FALSE,FALSE,"red;blue;green;l_22","red;blue;green","vis_2;current;vis_3;ir_1;vis_1","vis_2;current;vis_3","l_22","","ir_1;vis_1","","ok","",FALSE
847,"uniform_osr_angle_1_weak.csv","uniform_v_angle_2_mid.csv",1000,1000,0.24,36070.2587117769,4,3,0.8,0.6,5,3,0.583333333333333,0.75,0.444444444444444,0.5,0.571428571428571,0.545454545454545,0.691666666666667,0.675,0.349933856183856,0.333711906235957,2,FALSE,FALSE,TRUE,FALSE,FALSE,"red;blue;green;l_22","red;blue;green","vis_2;vis_3;ir_1;vis_1;current","vis_2;vis_3;ir_1","l_22","","vis_1;current","","ok","",FALSE
1196,"uniform_t_ir_1_strong.csv","uniform_t_vis_2_mid.csv",1000,1000,0.2,323983.739237807,2,3,0.4,0.6,5,3,0.583333333333333,0.75,0.285714285714286,0.5,0.333333333333333,0.545454545454545,0.491666666666667,0.675,-0.0154303349962092,0.333711906235957,2,FALSE,FALSE,TRUE,FALSE,FALSE,"red;green","red;green;blue","vis_2;ir_1;ir_3;vis_3;vis_1","vis_2;ir_1;ir_3","","blue","vis_3;vis_1","","ok","",FALSE
59,"uniform_blue_strong.csv","uniform_diode_vis_3_mid.csv",1000,1000,0.72,90566.0852293823,4,3,0.8,0.6,6,4,0.5,0.666666666666667,0.4,0.428571428571429,0.533333333333333,0.5,0.65,0.633333333333333,0.277746029931765,0.246885359939347,2,FALSE,FALSE,TRUE,FALSE,FALSE,"red;green;blue;l_21","red;green;blue","vis_2;vis_1;vis_3;pol_2;ir_3;ir_1","vis_2;vis_1;vis_3;pol_2","l_21","","ir_3;ir_1","","ok","",FALSE
286,"uniform_diode_ir_3_strong.csv","uniform_t_vis_2_mid.csv",1000,1000,0.43,106741.644703903,4,3,0.8,0.6,6,4,0.5,0.666666666666667,0.4,0.428571428571429,0.533333333333333,0.5,0.65,0.633333333333333,0.277746029931765,0.246885359939347,2,FALSE,FALSE,TRUE,FALSE,FALSE,"red;green;blue;l_22","red;green;blue","vis_2;ir_3;vis_3;current;l_11;ir_1","vis_2;ir_3;vis_3;current","l_22","","l_11;ir_1","","ok","",FALSE
333,"uniform_diode_vis_1_mid.csv","uniform_t_vis_2_strong.csv",1000,1000,0.97,146340.209336546,2,3,0.4,0.6,6,4,0.5,0.666666666666667,0.25,0.428571428571429,0.307692307692308,0.5,0.45,0.633333333333333,-0.0912870929175277,0.246885359939347,2,FALSE,FALSE,TRUE,FALSE,FALSE,"red;green","red;green;blue","vis_2;ir_1;vis_1;vis_3;pol_2;ir_3","vis_2;ir_1;vis_1;vis_3","","blue","pol_2;ir_3","","ok","",FALSE
422,"uniform_diode_vis_3_mid.csv","uniform_t_vis_2_strong.csv",1000,1000,1.04,108623.958705766,4,3,0.8,0.6,6,4,0.5,0.666666666666667,0.4,0.428571428571429,0.533333333333333,0.5,0.65,0.633333333333333,0.277746029931765,0.246885359939347,2,FALSE,FALSE,TRUE,FALSE,FALSE,"red;green;blue;l_22","red;green;blue","vis_2;ir_3;vis_3;pol_2;current;vis_1","vis_2;ir_3;vis_3;pol_2","l_22","","current;vis_1","","ok","",FALSE
1317,"uniform_t_vis_2_mid.csv","uniform_t_vis_3_weak.csv",1000,1000,0.57,137699.050510365,2,3,0.4,0.6,6,4,0.5,0.666666666666667,0.25,0.428571428571429,0.307692307692308,0.5,0.45,0.633333333333333,-0.0912870929175277,0.246885359939347,2,FALSE,FALSE,TRUE,FALSE,FALSE,"red;green","red;green;blue","vis_2;vis_3;ir_3;current;ir_1;vis_1","vis_2;vis_3;ir_3;current","","blue","ir_1;vis_1","","ok","",FALSE
1217,"uniform_t_ir_1_weak.csv","uniform_t_vis_3_mid.csv",1000,1000,0.33,44988.4931365273,4,3,0.8,0.6,7,5,0.416666666666667,0.583333333333333,0.363636363636364,0.375,0.5,0.461538461538462,0.608333333333333,0.591666666666667,0.206583561003212,0.167359670348801,2,FALSE,FALSE,TRUE,FALSE,FALSE,"red;blue;green;l_22","red;blue;green","vis_2;current;vis_1;pol_1;pol_2;ir_1;ir_3","vis_2;current;vis_1;pol_1;pol_2","l_22","","ir_1;ir_3","","ok","",FALSE
1056,"uniform_pol_1_strong.csv","uniform_red_mid.csv",1000,1000,0.19,54129.0727345301,3,2,0.6,0.4,4,2,0.666666666666667,0.833333333333333,0.428571428571429,0.5,0.5,0.444444444444444,0.633333333333333,0.616666666666667,0.246885359939347,0.250640205913802,2,FALSE,FALSE,TRUE,FALSE,FALSE,"red;blue;green","red;blue","vis_2;ir_1;vis_1;ir_3","vis_2;ir_1","green","","vis_1;ir_3","","ok","",FALSE
454,"uniform_green_mid.csv","uniform_red_strong.csv",1000,1000,0.29,62083.6697504476,3,5,0.6,1,3,2,0.75,0.833333333333333,0.5,0.714285714285714,0.545454545454545,0.833333333333333,0.675,0.916666666666667,0.333711906235957,0.77151674981046,1,FALSE,FALSE,TRUE,FALSE,FALSE,"red;blue;green","red;blue;green;l_21;l_22","vis_2;vis_1;ir_1","vis_2;vis_1","","l_21;l_22","ir_1","","ok","",FALSE
109,"uniform_diode_ir_1_mid.csv","uniform_diode_vis_3_mid.csv",1000,1000,1.11,123167.28299077,4,5,0.8,1,5,4,0.583333333333333,0.666666666666667,0.444444444444444,0.555555555555556,0.571428571428571,0.714285714285714,0.691666666666667,0.833333333333333,0.349933856183856,0.608580619450185,1,FALSE,FALSE,TRUE,FALSE,FALSE,"red;blue;green;l_21","red;blue;green;l_22;l_21","vis_2;l_12;current;vis_1;pol_2","vis_2;l_12;current;ir_3","","l_22","vis_1;pol_2","ir_3","ok","",FALSE
618,"uniform_l_21_mid.csv","uniform_t_ir_1_strong.csv",1000,1000,0.29,65602.7526430488,4,5,0.8,1,7,6,0.416666666666667,0.5,0.363636363636364,0.454545454545455,0.5,0.625,0.608333333333333,0.75,0.206583561003212,0.476731294622796,1,FALSE,FALSE,TRUE,FALSE,FALSE,"red;l_21;blue;green","red;l_21;blue;green;l_22","vis_2;current;vis_3;ir_3;ir_1;l_12;vis_1","vis_2;current;vis_3;ir_3;ir_1;l_12","","l_22","vis_1","","ok","",FALSE
1320,"uniform_t_vis_2_mid.csv","uniform_v_angle_2_mid.csv",1000,1000,0.16,108016.880217447,3,4,0.6,0.8,3,2,0.75,0.833333333333333,0.5,0.666666666666667,0.545454545454545,0.727272727272727,0.675,0.816666666666667,0.333711906235957,0.603859639855542,1,FALSE,FALSE,TRUE,FALSE,FALSE,"red;green;blue","red;green;blue;l_22","vis_2;current;ir_1","vis_2;current","","l_22","ir_1","","ok","",FALSE
459,"uniform_green_mid.csv","uniform_t_ir_3_strong.csv",1000,1000,0.29,729071.723572,3,4,0.6,0.8,4,3,0.666666666666667,0.75,0.428571428571429,0.571428571428571,0.5,0.666666666666667,0.633333333333333,0.775,0.246885359939347,0.509201054874903,1,FALSE,FALSE,TRUE,FALSE,FALSE,"red;blue;green","red;blue;green;l_21","vis_2;vis_3;vis_1;ir_1","vis_2;vis_3;vis_1","","l_21","ir_1","","ok","",FALSE
548,"uniform_l_11_mid.csv","uniform_t_vis_2_strong.csv",1000,1000,0.59,191733.06334128,3,4,0.6,0.8,4,3,0.666666666666667,0.75,0.428571428571429,0.571428571428571,0.5,0.666666666666667,0.633333333333333,0.775,0.246885359939347,0.509201054874903,1,FALSE,FALSE,TRUE,FALSE,FALSE,"red;green;blue","red;green;blue;l_22","vis_2;l_11;current;vis_1","vis_2;l_11;ir_3","","l_22","current;vis_1","ir_3","ok","",FALSE
628,"uniform_l_21_mid.csv","uniform_t_vis_2_weak.csv",1000,1000,0.12,144217.08854009,5,4,1,0.8,4,3,0.666666666666667,0.75,0.555555555555556,0.571428571428571,0.714285714285714,0.666666666666667,0.833333333333333,0.775,0.608580619450185,0.509201054874903,1,FALSE,FALSE,TRUE,FALSE,FALSE,"red;green;l_21;blue;l_22","red;green;l_21;blue","vis_2;ir_3;vis_3;current","vis_2;ir_3;vis_3","l_22","","current","","ok","",FALSE
874,"uniform_osr_angle_2_mid.csv","uniform_t_vis_3_mid.csv",1000,1000,0.31,67364.1719649659,3,4,0.6,0.8,4,3,0.666666666666667,0.75,0.428571428571429,0.571428571428571,0.5,0.666666666666667,0.633333333333333,0.775,0.246885359939347,0.509201054874903,1,FALSE,FALSE,TRUE,FALSE,FALSE,"red;blue;green","red;blue;green;l_22","vis_2;current;vis_1;ir_1","vis_2;current;vis_1","","l_22","ir_1","","ok","",FALSE
1275,"uniform_t_vis_1_mid.csv","uniform_t_vis_1_weak.csv",1000,1000,0.4,44568.7022691988,3,4,0.6,0.8,4,3,0.666666666666667,0.75,0.428571428571429,0.571428571428571,0.5,0.666666666666667,0.633333333333333,0.775,0.246885359939347,0.509201054874903,1,FALSE,FALSE,TRUE,FALSE,FALSE,"red;blue;green","red;blue;green;l_21","vis_2;vis_3;current;ir_1","vis_2;vis_3;pol_1","","l_21","current;ir_1","pol_1","ok","",FALSE
1299,"uniform_t_vis_1_strong.csv","uniform_v_c_mid.csv",1000,1000,0.51,66148.092879302,3,4,0.6,0.8,4,3,0.666666666666667,0.75,0.428571428571429,0.571428571428571,0.5,0.666666666666667,0.633333333333333,0.775,0.246885359939347,0.509201054874903,1,FALSE,FALSE,TRUE,FALSE,FALSE,"red;blue;green","red;blue;green;l_21","vis_2;vis_3;vis_1;ir_1","vis_2;vis_3;vis_1","","l_21","ir_1","","ok","",FALSE
362,"uniform_diode_vis_2_mid.csv","uniform_pol_1_mid.csv",1000,1000,0.49,107086.186815338,3,4,0.6,0.8,5,4,0.583333333333333,0.666666666666667,0.375,0.5,0.461538461538462,0.615384615384615,0.591666666666667,0.733333333333333,0.167359670348801,0.426006433615129,1,FALSE,FALSE,TRUE,FALSE,FALSE,"red;green;blue","red;green;blue;l_22","vis_2;pol_1;vis_3;current;vis_1","vis_2;pol_1;ir_3;vis_3","","l_22","current;vis_1","ir_3","ok","",FALSE
656,"uniform_l_22_mid.csv","uniform_t_ir_1_strong.csv",1000,1000,0.34,80741.7017927985,5,4,1,0.8,5,4,0.583333333333333,0.666666666666667,0.5,0.5,0.666666666666667,0.615384615384615,0.791666666666667,0.733333333333333,0.540061724867322,0.426006433615129,1,FALSE,FALSE,TRUE,FALSE,FALSE,"red;blue;green;l_22;l_21","red;blue;green;l_22","vis_2;vis_3;vis_1;ir_1;ir_3","vis_2;vis_3;vis_1;current","l_21","","ir_1;ir_3","current","ok","",FALSE
697,"uniform_l_31_mid.csv","uniform_t_ir_3_weak.csv",1000,1000,0.04,36188.370014495,3,4,0.6,0.8,5,4,0.583333333333333,0.666666666666667,0.375,0.5,0.461538461538462,0.615384615384615,0.591666666666667,0.733333333333333,0.167359670348801,0.426006433615129,1,FALSE,FALSE,TRUE,FALSE,FALSE,"red;blue;green","red;blue;green;l_21","vis_2;ir_1;vis_1;l_32;vis_3","vis_2;ir_1;vis_1;l_32","","l_21","vis_3","","ok","",FALSE
1264,"uniform_t_ir_3_weak.csv","uniform_t_vis_2_weak.csv",1000,1000,0.86,93563.5931911347,3,4,0.6,0.8,5,4,0.583333333333333,0.666666666666667,0.375,0.5,0.461538461538462,0.615384615384615,0.591666666666667,0.733333333333333,0.167359670348801,0.426006433615129,1,FALSE,FALSE,TRUE,FALSE,FALSE,"red;green;blue","red;green;blue;l_21","vis_2;ir_3;vis_3;l_32;ir_1","vis_2;ir_3;vis_3;l_11","","l_21","l_32;ir_1","l_11","ok","",FALSE
341,"uniform_diode_vis_1_mid.csv","uniform_v_angle_2_strong.csv",1000,1000,0.2,27569.3001236708,3,4,0.6,0.8,6,5,0.5,0.583333333333333,0.333333333333333,0.444444444444444,0.428571428571429,0.571428571428571,0.55,0.691666666666667,0.0912870929175277,0.349933856183856,1,FALSE,FALSE,TRUE,FALSE,FALSE,"red;blue;green","red;blue;green;l_22","vis_2;ir_3;vis_3;ir_1;current;l_12","vis_2;ir_3;vis_3;ir_1;current","","l_22","l_12","","ok","",FALSE
545,"uniform_l_11_mid.csv","uniform_t_vis_1_strong.csv",1000,1000,0.12,36717.7211943605,3,4,0.6,0.8,6,5,0.5,0.583333333333333,0.333333333333333,0.444444444444444,0.428571428571429,0.571428571428571,0.55,0.691666666666667,0.0912870929175277,0.349933856183856,1,FALSE,FALSE,TRUE,FALSE,FALSE,"red;blue;green","red;blue;green;l_21","vis_2;vis_3;ir_1;ir_3;current;vis_1","vis_2;vis_3;ir_1;ir_3;current","","l_21","vis_1","","ok","",FALSE
750,"uniform_osr_angle_1_mid.csv","uniform_osr_angle_1_weak.csv",1000,1000,0.18,102151.905552626,3,4,0.6,0.8,6,5,0.5,0.583333333333333,0.333333333333333,0.444444444444444,0.428571428571429,0.571428571428571,0.55,0.691666666666667,0.0912870929175277,0.349933856183856,1,FALSE,FALSE,TRUE,FALSE,FALSE,"red;blue;green","red;blue;green;l_21","vis_2;vis_3;ir_1;vis_1;current;ir_3","vis_2;vis_3;ir_1;vis_1;current","","l_21","ir_3","","ok","",FALSE
1263,"uniform_t_ir_3_weak.csv","uniform_t_vis_2_strong.csv",1000,1000,0.1,225716.68704076,3,4,0.6,0.8,6,5,0.5,0.583333333333333,0.333333333333333,0.444444444444444,0.428571428571429,0.571428571428571,0.55,0.691666666666667,0.0912870929175277,0.349933856183856,1,FALSE,FALSE,TRUE,FALSE,FALSE,"red;green;blue","red;green;blue;l_21","vis_2;ir_3;current;vis_3;l_32;ir_1","vis_2;ir_3;current;vis_3;pol_2","","l_21","l_32;ir_1","pol_2","ok","",FALSE
1293,"uniform_t_vis_1_strong.csv","uniform_t_vis_3_strong.csv",1000,1000,0.28,38677.9107220896,3,4,0.6,0.8,6,5,0.5,0.583333333333333,0.333333333333333,0.444444444444444,0.428571428571429,0.571428571428571,0.55,0.691666666666667,0.0912870929175277,0.349933856183856,1,FALSE,FALSE,TRUE,FALSE,FALSE,"red;blue;green","red;blue;green;l_21","vis_2;vis_3;vis_1;current;ir_3;ir_1","vis_2;vis_3;vis_1;current;ir_3","","l_21","ir_1","","ok","",FALSE
703,"uniform_l_31_mid.csv","uniform_t_vis_2_weak.csv",1000,1000,0.2,122296.596134593,3,4,0.6,0.8,7,6,0.416666666666667,0.5,0.3,0.4,0.4,0.533333333333333,0.508333333333333,0.65,0.0154303349962092,0.277746029931765,1,FALSE,FALSE,TRUE,FALSE,FALSE,"red;green;blue","red;green;blue;l_21","vis_2;l_31;vis_3;current;ir_3;ir_1;vis_1","vis_2;l_31;vis_3;current;ir_3;ir_1","","l_21","vis_1","","ok","",FALSE
378,"uniform_diode_vis_2_mid.csv","uniform_t_vis_2_strong.csv",1000,1000,0.69,105247.751231522,4,3,0.8,0.6,2,1,0.833333333333333,0.916666666666667,0.666666666666667,0.75,0.727272727272727,0.666666666666667,0.816666666666667,0.758333333333333,0.603859639855542,0.554989027380561,1,FALSE,FALSE,TRUE,FALSE,FALSE,"red;green;blue;l_22","red;green;blue","vis_2;l_32","vis_2","l_22","","l_32","","ok","",FALSE
354,"uniform_diode_vis_2_mid.csv","uniform_osr_angle_1_strong.csv",1000,1000,0.27,104546.755550912,4,3,0.8,0.6,3,2,0.75,0.833333333333333,0.571428571428571,0.6,0.666666666666667,0.6,0.775,0.716666666666667,0.509201054874903,0.433333333333333,1,FALSE,FALSE,TRUE,FALSE,FALSE,"red;green;blue;l_22","red;green;blue","vis_2;current;l_32","vis_2;current","l_22","","l_32","","ok","",FALSE
507,"uniform_green_strong.csv","uniform_t_vis_2_strong.csv",1000,1000,1.35,140260.482872563,4,3,0.8,0.6,3,2,0.75,0.833333333333333,0.571428571428571,0.6,0.666666666666667,0.6,0.775,0.716666666666667,0.509201054874903,0.433333333333333,1,FALSE,FALSE,TRUE,FALSE,FALSE,"green;red;l_22;blue","green;red;l_21","vis_1;vis_2;ir_1","vis_1;vis_2","l_22;blue","l_21","ir_1","","ok","",FALSE
773,"uniform_osr_angle_1_mid.csv","uniform_t_vis_2_strong.csv",1000,1000,0.27,205446.136991026,4,3,0.8,0.6,3,2,0.75,0.833333333333333,0.571428571428571,0.6,0.666666666666667,0.6,0.775,0.716666666666667,0.509201054874903,0.433333333333333,1,FALSE,FALSE,TRUE,FALSE,FALSE,"red;green;blue;l_22","red;green;blue","vis_2;vis_1;current","vis_2;vis_1","l_22","","current","","ok","",FALSE
999,"uniform_osr_c_strong.csv","uniform_v_c_mid.csv",1000,1000,0.19,55862.0865997671,4,3,0.8,0.6,3,2,0.75,0.833333333333333,0.571428571428571,0.6,0.666666666666667,0.6,0.775,0.716666666666667,0.509201054874903,0.433333333333333,1,FALSE,FALSE,TRUE,FALSE,FALSE,"red;green;blue;l_21","red;green;blue","vis_2;ir_1;vis_1","vis_2;ir_1","l_21","","vis_1","","ok","",FALSE
391,"uniform_diode_vis_3_mid.csv","uniform_l_11_mid.csv",1000,1000,0.15,58543.9583761017,4,3,0.8,0.6,4,3,0.666666666666667,0.75,0.5,0.5,0.615384615384615,0.545454545454545,0.733333333333333,0.675,0.426006433615129,0.333711906235957,1,FALSE,FALSE,TRUE,FALSE,FALSE,"red;blue;green;l_21","red;blue;green","vis_2;current;vis_1;vis_3","vis_2;current;vis_1","l_21","","vis_3","","ok","",FALSE
1027,"uniform_osr_c_weak.csv","uniform_v_c_strong.csv",1000,1000,0.71,55108.0897137954,4,3,0.8,0.6,4,3,0.666666666666667,0.75,0.5,0.5,0.615384615384615,0.545454545454545,0.733333333333333,0.675,0.426006433615129,0.333711906235957,1,FALSE,FALSE,TRUE,FALSE,FALSE,"red;blue;green;l_21","red;blue;green","vis_2;current;vis_1;vis_3","vis_2;current;vis_1","l_21","","vis_3","","ok","",FALSE
345,"uniform_diode_vis_2_mid.csv","uniform_green_mid.csv",1000,1000,0.39,187558.924278831,2,3,0.4,0.6,5,4,0.583333333333333,0.666666666666667,0.285714285714286,0.428571428571429,0.333333333333333,0.5,0.491666666666667,0.633333333333333,-0.0154303349962092,0.246885359939347,1,FALSE,FALSE,TRUE,FALSE,FALSE,"green;red","green;red;l_22","vis_2;vis_3;ir_1;l_31;vis_1","vis_2;vis_3;ir_1;l_31","","l_22","vis_1","","ok","",FALSE
369,"uniform_diode_vis_2_mid.csv","uniform_t_ir_1_strong.csv",1000,1000,0.3,85691.3195862876,4,3,0.8,0.6,5,4,0.583333333333333,0.666666666666667,0.444444444444444,0.428571428571429,0.571428571428571,0.5,0.691666666666667,0.633333333333333,0.349933856183856,0.246885359939347,1,FALSE,FALSE,TRUE,FALSE,FALSE,"red;green;l_21;blue","red;green;l_21","vis_2;ir_1;vis_1;ir_3;vis_3","vis_2;ir_1;vis_1;ir_3","blue","","vis_3","","ok","",FALSE
846,"uniform_osr_angle_1_weak.csv","uniform_v_angle_1_strong.csv",1000,1000,0.21,56769.162668794,4,3,0.8,0.6,5,4,0.583333333333333,0.666666666666667,0.444444444444444,0.428571428571429,0.571428571428571,0.5,0.691666666666667,0.633333333333333,0.349933856183856,0.246885359939347,1,FALSE,FALSE,TRUE,FALSE,FALSE,"red;blue;green;l_22","red;blue;green","vis_2;vis_1;ir_1;current;vis_3","vis_2;vis_1;ir_1;current","l_22","","vis_3","","ok","",FALSE
424,"uniform_diode_vis_3_mid.csv","uniform_t_vis_3_mid.csv",1000,1000,0.23,2986883.53886129,4,3,0.8,0.6,6,5,0.5,0.583333333333333,0.4,0.375,0.533333333333333,0.461538461538462,0.65,0.591666666666667,0.277746029931765,0.167359670348801,1,FALSE,FALSE,TRUE,FALSE,FALSE,"red;blue;green;l_21","red;blue;green","vis_2;current;ir_1;pol_2;vis_1;vis_3","vis_2;current;ir_1;pol_2;vis_1","l_21","","vis_3","","ok","",FALSE
922,"uniform_osr_angle_2_weak.csv","uniform_red_strong.csv",1000,1000,0.29,30717.8882116176,4,3,0.8,0.6,6,5,0.5,0.583333333333333,0.4,0.375,0.533333333333333,0.461538461538462,0.65,0.591666666666667,0.277746029931765,0.167359670348801,1,FALSE,FALSE,TRUE,FALSE,FALSE,"red;blue;green;l_21","red;blue;green","vis_2;pol_1;current;pol_2;ir_1;vis_1","vis_2;pol_1;current;pol_2;ir_1","l_21","","vis_1","","ok","",FALSE
325,"uniform_diode_vis_1_mid.csv","uniform_t_ir_1_weak.csv",1000,1000,0.07,58887.0861494529,4,3,0.8,0.6,7,6,0.416666666666667,0.5,0.363636363636364,0.333333333333333,0.5,0.428571428571429,0.608333333333333,0.55,0.206583561003212,0.0912870929175277,1,FALSE,FALSE,TRUE,FALSE,FALSE,"red;blue;green;l_22","red;blue;green","vis_2;vis_3;vis_1;ir_1;current;pol_2;ir_3","vis_2;vis_3;vis_1;ir_1;current;pol_2","l_22","","ir_3","","ok","",FALSE
78,"uniform_blue_strong.csv","uniform_pol_1_strong.csv",1000,1000,0.31,52494.0575346524,3,2,0.6,0.4,5,4,0.583333333333333,0.666666666666667,0.375,0.333333333333333,0.461538461538462,0.363636363636364,0.591666666666667,0.533333333333333,0.167359670348801,0.0635641726163728,1,FALSE,FALSE,TRUE,FALSE,FALSE,"red;green;blue","red;green","vis_2;vis_1;ir_1;vis_3;ir_3","vis_2;vis_1;ir_1;vis_3","blue","","ir_3","","ok","",FALSE
83,"uniform_blue_strong.csv","uniform_t_ir_1_mid.csv",1000,1000,0.35,44071.6209965184,3,2,0.6,0.4,5,4,0.583333333333333,0.666666666666667,0.375,0.333333333333333,0.461538461538462,0.363636363636364,0.591666666666667,0.533333333333333,0.167359670348801,0.0635641726163728,1,FALSE,FALSE,TRUE,FALSE,FALSE,"red;green;blue","red;green","vis_2;vis_1;vis_3;ir_3;current","vis_2;vis_1;vis_3;ir_3","blue","","current","","ok","",FALSE
98,"uniform_blue_strong.csv","uniform_v_angle_1_mid.csv",1000,1000,0.18,68192.3642062227,3,2,0.6,0.4,5,4,0.583333333333333,0.666666666666667,0.375,0.333333333333333,0.461538461538462,0.363636363636364,0.591666666666667,0.533333333333333,0.167359670348801,0.0635641726163728,1,FALSE,FALSE,TRUE,FALSE,FALSE,"red;green;blue","red;green","vis_2;vis_1;vis_3;ir_3;current","vis_2;vis_1;vis_3;ir_3","blue","","current","","ok","",FALSE
37,"uniform_blue_mid.csv","uniform_t_ir_3_weak.csv",1000,1000,0.31,70507.3976206338,3,2,0.6,0.4,6,5,0.5,0.583333333333333,0.333333333333333,0.285714285714286,0.428571428571429,0.333333333333333,0.55,0.491666666666667,0.0912870929175277,-0.0154303349962092,1,FALSE,FALSE,TRUE,FALSE,FALSE,"red;green;blue","red;green","vis_2;vis_1;vis_3;ir_1;ir_3;l_32","vis_2;vis_1;vis_3;ir_1;ir_3","blue","","l_32","","ok","",FALSE
112,"uniform_diode_ir_1_mid.csv","uniform_l_11_mid.csv",1000,1000,0.11,48331.4543584267,4,5,0.8,1,4,4,0.666666666666667,0.666666666666667,0.5,0.555555555555556,0.615384615384615,0.714285714285714,0.733333333333333,0.833333333333333,0.426006433615129,0.608580619450185,0,FALSE,FALSE,FALSE,FALSE,FALSE,"red;blue;green;l_22","red;blue;green;l_22;l_21","vis_2;vis_3;current;vis_1","vis_2;vis_3;current;vis_1","","l_21","","","ok","",FALSE
393,"uniform_diode_vis_3_mid.csv","uniform_l_21_mid.csv",1000,1000,0.34,39640.3919833035,4,5,0.8,1,5,5,0.583333333333333,0.583333333333333,0.444444444444444,0.5,0.571428571428571,0.666666666666667,0.691666666666667,0.791666666666667,0.349933856183856,0.540061724867322,0,FALSE,FALSE,FALSE,FALSE,FALSE,"red;l_21;blue;green","red;l_21;blue;green;l_22","vis_2;current;pol_2;vis_1;ir_1","vis_2;current;pol_2;l_12;vis_1","","l_22","ir_1","l_12","ok","",FALSE
355,"uniform_diode_vis_2_mid.csv","uniform_osr_angle_1_weak.csv",1000,1000,0.01,179123.922149203,4,4,0.8,0.8,1,1,0.916666666666667,0.916666666666667,0.8,0.8,0.8,0.8,0.858333333333333,0.858333333333333,0.716666666666667,0.716666666666667,0,TRUE,TRUE,FALSE,FALSE,FALSE,"red;green;blue;l_22","red;green;blue;l_22","vis_2","vis_2","","","","","ok","",FALSE
807,"uniform_osr_angle_1_strong.csv","uniform_t_vis_2_strong.csv",1000,1000,0.14,129920.746061383,4,4,0.8,0.8,1,1,0.916666666666667,0.916666666666667,0.8,0.8,0.8,0.8,0.858333333333333,0.858333333333333,0.716666666666667,0.716666666666667,0,TRUE,TRUE,FALSE,FALSE,FALSE,"green;red;blue;l_22","green;red;blue;l_22","vis_2","vis_2","","","","","ok","",FALSE
164,"uniform_diode_ir_1_strong.csv","uniform_l_22_mid.csv",1000,1000,0,75011.587051544,4,4,0.8,0.8,2,2,0.833333333333333,0.833333333333333,0.666666666666667,0.666666666666667,0.727272727272727,0.727272727272727,0.816666666666667,0.816666666666667,0.603859639855542,0.603859639855542,0,TRUE,TRUE,FALSE,FALSE,FALSE,"red;blue;green;l_22","red;blue;green;l_22","vis_2;vis_1","vis_2;vis_1","","","","","ok","",TRUE
989,"uniform_osr_c_strong.csv","uniform_t_vis_2_mid.csv",1000,1000,0.47,90926.9612088978,3,4,0.6,0.8,2,2,0.833333333333333,0.833333333333333,0.6,0.666666666666667,0.6,0.727272727272727,0.716666666666667,0.816666666666667,0.433333333333333,0.603859639855542,0,FALSE,FALSE,FALSE,FALSE,FALSE,"green;red;blue","green;red;blue;l_22","vis_2;ir_3","vis_2;ir_3","","l_22","","","ok","",FALSE
1329,"uniform_t_vis_2_strong.csv","uniform_v_angle_1_strong.csv",1000,1000,0.18,238596.296853417,4,4,0.8,0.8,2,2,0.833333333333333,0.833333333333333,0.666666666666667,0.666666666666667,0.727272727272727,0.727272727272727,0.816666666666667,0.816666666666667,0.603859639855542,0.603859639855542,0,TRUE,TRUE,FALSE,FALSE,FALSE,"red;green;blue;l_22","red;green;blue;l_22","vis_2;vis_1","vis_2;current","","","vis_1","current","ok","",FALSE
137,"uniform_diode_ir_1_mid.csv","uniform_t_ir_3_strong.csv",1000,1000,0,46600.4759402904,4,4,0.8,0.8,3,3,0.75,0.75,0.571428571428571,0.571428571428571,0.666666666666667,0.666666666666667,0.775,0.775,0.509201054874903,0.509201054874903,0,TRUE,TRUE,FALSE,FALSE,FALSE,"red;blue;green;l_21","red;blue;green;l_21","vis_2;vis_3;l_11","vis_2;vis_3;l_11","","","","","ok","",TRUE
612,"uniform_l_21_mid.csv","uniform_pol_1_strong.csv",1000,1000,0,37101.8744857387,4,4,0.8,0.8,3,3,0.75,0.75,0.571428571428571,0.571428571428571,0.666666666666667,0.666666666666667,0.775,0.775,0.509201054874903,0.509201054874903,0,TRUE,TRUE,FALSE,FALSE,FALSE,"red;l_21;blue;green","red;l_21;blue;green","vis_2;vis_1;current","vis_2;vis_1;current","","","","","ok","",TRUE
624,"uniform_l_21_mid.csv","uniform_t_vis_1_strong.csv",1000,1000,0.16,172807.791523603,4,4,0.8,0.8,3,3,0.75,0.75,0.571428571428571,0.571428571428571,0.666666666666667,0.666666666666667,0.775,0.775,0.509201054874903,0.509201054874903,0,TRUE,TRUE,FALSE,FALSE,FALSE,"red;blue;l_21;green","red;blue;l_21;green","vis_2;vis_3;current","vis_2;vis_3;current","","","","","ok","",FALSE
650,"uniform_l_22_mid.csv","uniform_pol_1_strong.csv",1000,1000,0.22,60580.8518322248,4,4,0.8,0.8,3,3,0.75,0.75,0.571428571428571,0.571428571428571,0.666666666666667,0.666666666666667,0.775,0.775,0.509201054874903,0.509201054874903,0,TRUE,TRUE,FALSE,FALSE,FALSE,"red;green;blue;l_22","red;green;blue;l_22","vis_2;vis_1;current","vis_2;vis_1;current","","","","","ok","",FALSE
664,"uniform_l_22_mid.csv","uniform_t_vis_2_mid.csv",1000,1000,0.22,96283.2957123546,4,4,0.8,0.8,3,3,0.75,0.75,0.571428571428571,0.571428571428571,0.666666666666667,0.666666666666667,0.775,0.775,0.509201054874903,0.509201054874903,0,TRUE,TRUE,FALSE,FALSE,FALSE,"red;green;blue;l_22","red;green;blue;l_22","vis_2;vis_1;ir_1","vis_2;vis_1;ir_1","","","","","ok","",FALSE
735,"uniform_l_32_mid.csv","uniform_t_vis_1_strong.csv",1000,1000,0.01,40566.6776341526,4,4,0.8,0.8,3,3,0.75,0.75,0.571428571428571,0.571428571428571,0.666666666666667,0.666666666666667,0.775,0.775,0.509201054874903,0.509201054874903,0,TRUE,TRUE,FALSE,FALSE,FALSE,"red;blue;green;l_21","red;blue;green;l_21","vis_2;vis_3;current","vis_2;vis_3;current","","","","","ok","",FALSE
770,"uniform_osr_angle_1_mid.csv","uniform_t_vis_1_strong.csv",1000,1000,0,42656.8508851166,4,4,0.8,0.8,3,3,0.75,0.75,0.571428571428571,0.571428571428571,0.666666666666667,0.666666666666667,0.775,0.775,0.509201054874903,0.509201054874903,0,TRUE,TRUE,FALSE,FALSE,FALSE,"red;blue;green;l_21","red;blue;green;l_21","vis_2;vis_3;current","vis_2;vis_3;current","","","","","ok","",TRUE
833,"uniform_osr_angle_1_weak.csv","uniform_t_ir_3_mid.csv",1000,1000,0.03,75586.8231598556,4,4,0.8,0.8,3,3,0.75,0.75,0.571428571428571,0.571428571428571,0.666666666666667,0.666666666666667,0.775,0.775,0.509201054874903,0.509201054874903,0,TRUE,TRUE,FALSE,FALSE,FALSE,"red;blue;green;l_22","red;blue;green;l_22","vis_2;ir_1;vis_1","vis_2;ir_1;vis_1","","","","","ok","",FALSE
939,"uniform_osr_angle_2_weak.csv","uniform_v_angle_1_strong.csv",1000,1000,0,68042.5051455978,4,4,0.8,0.8,3,3,0.75,0.75,0.571428571428571,0.571428571428571,0.666666666666667,0.666666666666667,0.775,0.775,0.509201054874903,0.509201054874903,0,TRUE,TRUE,FALSE,FALSE,FALSE,"red;blue;green;l_21","red;blue;green;l_21","vis_2;ir_1;current","vis_2;ir_1;current","","","","","ok","",TRUE
961,"uniform_osr_c_mid.csv","uniform_t_vis_2_mid.csv",1000,1000,0.22,109486.834236639,3,4,0.6,0.8,3,3,0.75,0.75,0.5,0.571428571428571,0.545454545454545,0.666666666666667,0.675,0.775,0.333711906235957,0.509201054874903,0,FALSE,FALSE,FALSE,FALSE,FALSE,"green;red;blue","green;red;blue;l_22","vis_2;ir_3;ir_1","vis_2;ir_3;ir_1","","l_22","","","ok","",FALSE
1011,"uniform_osr_c_weak.csv","uniform_t_ir_3_strong.csv",1000,1000,0,46647.2039107533,4,4,0.8,0.8,3,3,0.75,0.75,0.571428571428571,0.571428571428571,0.666666666666667,0.666666666666667,0.775,0.775,0.509201054874903,0.509201054874903,0,TRUE,TRUE,FALSE,FALSE,FALSE,"red;blue;green;l_21","red;blue;green;l_21","vis_2;vis_3;ir_3","vis_2;vis_3;ir_3","","","","","ok","",TRUE
1012,"uniform_osr_c_weak.csv","uniform_t_ir_3_weak.csv",1000,1000,0.05,30374.5547678012,3,4,0.6,0.8,3,3,0.75,0.75,0.5,0.571428571428571,0.545454545454545,0.666666666666667,0.675,0.775,0.333711906235957,0.509201054874903,0,FALSE,FALSE,FALSE,FALSE,FALSE,"red;blue;green","red;blue;green;l_21","vis_2;vis_1;vis_3","vis_2;vis_1;vis_3","","l_21","","","ok","",FALSE
1035,"uniform_pol_1_mid.csv","uniform_t_ir_1_weak.csv",1000,1000,0.1,90273.9011829828,4,4,0.8,0.8,3,3,0.75,0.75,0.571428571428571,0.571428571428571,0.666666666666667,0.666666666666667,0.775,0.775,0.509201054874903,0.509201054874903,0,TRUE,TRUE,FALSE,FALSE,FALSE,"red;blue;green;l_22","red;blue;green;l_22","vis_2;vis_1;current","vis_2;vis_1;current","","","","","ok","",FALSE
1068,"uniform_pol_1_strong.csv","uniform_t_vis_2_strong.csv",1000,1000,0.11,145506.420907275,4,4,0.8,0.8,3,3,0.75,0.75,0.571428571428571,0.571428571428571,0.666666666666667,0.666666666666667,0.775,0.775,0.509201054874903,0.509201054874903,0,TRUE,TRUE,FALSE,FALSE,FALSE,"red;green;blue;l_22","red;green;blue;l_22","vis_2;vis_3;pol_1","vis_2;vis_3;pol_1","","","","","ok","",FALSE
1194,"uniform_t_ir_1_strong.csv","uniform_t_vis_1_strong.csv",1000,1000,0,82340.3702521013,4,4,0.8,0.8,3,3,0.75,0.75,0.571428571428571,0.571428571428571,0.666666666666667,0.666666666666667,0.775,0.775,0.509201054874903,0.509201054874903,0,TRUE,TRUE,FALSE,FALSE,FALSE,"red;blue;green;l_21","red;blue;green;l_21","vis_2;vis_3;current","vis_2;vis_3;current","","","","","ok","",TRUE
1369,"uniform_v_angle_1_strong.csv","uniform_v_angle_2_mid.csv",1000,1000,0,89224.291725155,4,4,0.8,0.8,3,3,0.75,0.75,0.571428571428571,0.571428571428571,0.666666666666667,0.666666666666667,0.775,0.775,0.509201054874903,0.509201054874903,0,TRUE,TRUE,FALSE,FALSE,FALSE,"red;blue;green;l_22","red;blue;green;l_22","vis_2;vis_3;ir_1","vis_2;vis_3;ir_1","","","","","ok","",TRUE
14,"uniform_blue_mid.csv","uniform_l_22_mid.csv",1000,1000,0.01,109865.446028867,4,4,0.8,0.8,4,4,0.666666666666667,0.666666666666667,0.5,0.5,0.615384615384615,0.615384615384615,0.733333333333333,0.733333333333333,0.426006433615129,0.426006433615129,0,TRUE,TRUE,FALSE,FALSE,FALSE,"red;green;l_22;blue","red;green;l_22;blue","vis_2;vis_1;vis_3;current","vis_2;vis_1;vis_3;current","","","","","ok","",FALSE
65,"uniform_blue_strong.csv","uniform_l_22_mid.csv",1000,1000,0.17,55674.2074303088,4,4,0.8,0.8,4,4,0.666666666666667,0.666666666666667,0.5,0.5,0.615384615384615,0.615384615384615,0.733333333333333,0.733333333333333,0.426006433615129,0.426006433615129,0,TRUE,TRUE,FALSE,FALSE,FALSE,"red;green;blue;l_22","red;green;blue;l_22","vis_2;vis_1;vis_3;ir_3","vis_2;vis_1;vis_3;ir_3","","","","","ok","",FALSE
70,"uniform_blue_strong.csv","uniform_osr_angle_1_weak.csv",1000,1000,0.26,130817.484432108,4,4,0.8,0.8,4,4,0.666666666666667,0.666666666666667,0.5,0.5,0.615384615384615,0.615384615384615,0.733333333333333,0.733333333333333,0.426006433615129,0.426006433615129,0,TRUE,TRUE,FALSE,FALSE,FALSE,"red;green;blue;l_22","red;green;blue;l_22","vis_2;vis_1;vis_3;ir_3","vis_2;vis_1;vis_3;ir_3","","","","","ok","",FALSE
93,"uniform_blue_strong.csv","uniform_t_vis_2_strong.csv",1000,1000,0,74041.2298891922,4,4,0.8,0.8,4,4,0.666666666666667,0.666666666666667,0.5,0.5,0.615384615384615,0.615384615384615,0.733333333333333,0.733333333333333,0.426006433615129,0.426006433615129,0,TRUE,TRUE,FALSE,FALSE,FALSE,"red;green;blue;l_22","red;green;blue;l_22","vis_1;vis_2;ir_3;vis_3","vis_1;vis_2;ir_3;vis_3","","","","","ok","",TRUE
126,"uniform_diode_ir_1_mid.csv","uniform_osr_c_weak.csv",1000,1000,0,35659.9757170337,4,4,0.8,0.8,4,4,0.666666666666667,0.666666666666667,0.5,0.5,0.615384615384615,0.615384615384615,0.733333333333333,0.733333333333333,0.426006433615129,0.426006433615129,0,TRUE,TRUE,FALSE,FALSE,FALSE,"red;blue;green;l_21","red;blue;green;l_21","vis_2;ir_1;vis_1;vis_3","vis_2;ir_1;vis_1;vis_3","","","","","ok","",TRUE
149,"uniform_diode_ir_1_mid.csv","uniform_v_angle_1_strong.csv",1000,1000,0,117211.284248507,4,4,0.8,0.8,4,4,0.666666666666667,0.666666666666667,0.5,0.5,0.615384615384615,0.615384615384615,0.733333333333333,0.733333333333333,0.426006433615129,0.426006433615129,0,TRUE,TRUE,FALSE,FALSE,FALSE,"red;blue;green;l_22","red;blue;green;l_22","vis_2;current;l_11;vis_3","vis_2;current;l_11;vis_3","","","","","ok","",TRUE
319,"uniform_diode_vis_1_mid.csv","uniform_pol_2_mid.csv",1000,1000,0.35,65482.9201824984,3,4,0.6,0.8,4,4,0.666666666666667,0.666666666666667,0.428571428571429,0.5,0.5,0.615384615384615,0.633333333333333,0.733333333333333,0.246885359939347,0.426006433615129,0,FALSE,FALSE,FALSE,FALSE,FALSE,"red;blue;green","red;blue;green;l_21","vis_2;ir_3;vis_3;ir_1","vis_2;ir_3;vis_1;vis_3","","l_21","ir_1","vis_1","ok","",FALSE
367,"uniform_diode_vis_2_mid.csv","uniform_red_strong.csv",1000,1000,0.05,875304.633936323,4,4,0.8,0.8,4,4,0.666666666666667,0.666666666666667,0.5,0.5,0.615384615384615,0.615384615384615,0.733333333333333,0.733333333333333,0.426006433615129,0.426006433615129,0,TRUE,TRUE,FALSE,FALSE,FALSE,"red;green;blue;l_22","red;green;blue;l_22","vis_2;vis_1;ir_1;ir_3","vis_2;vis_1;ir_1;ir_3","","","","","ok","",FALSE
396,"uniform_diode_vis_3_mid.csv","uniform_l_32_mid.csv",1000,1000,0.02,50950.0980335725,4,4,0.8,0.8,4,4,0.666666666666667,0.666666666666667,0.5,0.5,0.615384615384615,0.615384615384615,0.733333333333333,0.733333333333333,0.426006433615129,0.426006433615129,0,TRUE,TRUE,FALSE,FALSE,FALSE,"red;blue;green;l_21","red;blue;green;l_21","vis_2;current;vis_1;ir_1","vis_2;current;vis_1;ir_1","","","","","ok","",FALSE
399,"uniform_diode_vis_3_mid.csv","uniform_osr_angle_1_weak.csv",1000,1000,0,37110.6028088663,4,4,0.8,0.8,4,4,0.666666666666667,0.666666666666667,0.5,0.5,0.615384615384615,0.615384615384615,0.733333333333333,0.733333333333333,0.426006433615129,0.426006433615129,0,TRUE,TRUE,FALSE,FALSE,FALSE,"red;blue;green;l_21","red;blue;green;l_21","vis_2;current;vis_1;ir_1","vis_2;current;vis_1;ir_1","","","","","ok","",TRUE
405,"uniform_diode_vis_3_mid.csv","uniform_osr_c_weak.csv",1000,1000,0,44415.7029458174,4,4,0.8,0.8,4,4,0.666666666666667,0.666666666666667,0.5,0.5,0.615384615384615,0.615384615384615,0.733333333333333,0.733333333333333,0.426006433615129,0.426006433615129,0,TRUE,TRUE,FALSE,FALSE,FALSE,"red;blue;green;l_21","red;blue;green;l_21","vis_2;vis_1;current;pol_2","vis_2;vis_1;current;pol_2","","","","","ok","",TRUE
413,"uniform_diode_vis_3_mid.csv","uniform_t_ir_1_strong.csv",1000,1000,0,47451.6205086546,4,4,0.8,0.8,4,4,0.666666666666667,0.666666666666667,0.5,0.5,0.615384615384615,0.615384615384615,0.733333333333333,0.733333333333333,0.426006433615129,0.426006433615129,0,TRUE,TRUE,FALSE,FALSE,FALSE,"red;blue;green;l_21","red;blue;green;l_21","vis_2;current;vis_1;pol_2","vis_2;current;vis_1;pol_2","","","","","ok","",TRUE
417,"uniform_diode_vis_3_mid.csv","uniform_t_ir_3_weak.csv",1000,1000,0,26701.5829265612,4,4,0.8,0.8,4,4,0.666666666666667,0.666666666666667,0.5,0.5,0.615384615384615,0.615384615384615,0.733333333333333,0.733333333333333,0.426006433615129,0.426006433615129,0,TRUE,TRUE,FALSE,FALSE,FALSE,"red;blue;green;l_21","red;blue;green;l_21","vis_2;ir_1;vis_1;current","vis_2;ir_1;vis_1;current","","","","","ok","",TRUE
419,"uniform_diode_vis_3_mid.csv","uniform_t_vis_1_strong.csv",1000,1000,0,76392.668439582,4,4,0.8,0.8,4,4,0.666666666666667,0.666666666666667,0.5,0.5,0.615384615384615,0.615384615384615,0.733333333333333,0.733333333333333,0.426006433615129,0.426006433615129,0,TRUE,TRUE,FALSE,FALSE,FALSE,"red;blue;green;l_21","red;blue;green;l_21","vis_2;vis_3;current;vis_1","vis_2;vis_3;current;vis_1","","","","","ok","",TRUE
423,"uniform_diode_vis_3_mid.csv","uniform_t_vis_2_weak.csv",1000,1000,0.04,124789.763933553,3,4,0.6,0.8,4,4,0.666666666666667,0.666666666666667,0.428571428571429,0.5,0.5,0.615384615384615,0.633333333333333,0.733333333333333,0.246885359939347,0.426006433615129,0,FALSE,FALSE,FALSE,FALSE,FALSE,"red;green;blue","red;green;blue;l_21","vis_2;vis_3;ir_3;ir_1","vis_2;vis_3;ir_3;ir_1","","l_21","","","ok","",FALSE
437,"uniform_green_mid.csv","uniform_l_22_mid.csv",1000,1000,0,74500.7888558753,4,4,0.8,0.8,4,4,0.666666666666667,0.666666666666667,0.5,0.5,0.615384615384615,0.615384615384615,0.733333333333333,0.733333333333333,0.426006433615129,0.426006433615129,0,TRUE,TRUE,FALSE,FALSE,FALSE,"red;blue;green;l_22","red;blue;green;l_22","vis_2;ir_1;ir_3;vis_1","vis_2;ir_1;ir_3;vis_1","","","","","ok","",TRUE
457,"uniform_green_mid.csv","uniform_t_ir_1_weak.csv",1000,1000,0.26,97955.812905063,3,4,0.6,0.8,4,4,0.666666666666667,0.666666666666667,0.428571428571429,0.5,0.5,0.615384615384615,0.633333333333333,0.733333333333333,0.246885359939347,0.426006433615129,0,FALSE,FALSE,FALSE,FALSE,FALSE,"red;blue;green","red;blue;green;l_21","vis_2;ir_1;vis_1;vis_3","vis_2;ir_1;vis_1;vis_3","","l_21","","","ok","",FALSE
539,"uniform_l_11_mid.csv","uniform_t_ir_1_strong.csv",1000,1000,0,51539.2238466563,4,4,0.8,0.8,4,4,0.666666666666667,0.666666666666667,0.5,0.5,0.615384615384615,0.615384615384615,0.733333333333333,0.733333333333333,0.426006433615129,0.426006433615129,0,TRUE,TRUE,FALSE,FALSE,FALSE,"red;blue;green;l_21","red;blue;green;l_21","vis_2;vis_3;ir_3;vis_1","vis_2;vis_3;ir_3;vis_1","","","","","ok","",TRUE
540,"uniform_l_11_mid.csv","uniform_t_ir_1_weak.csv",1000,1000,0.11,50036.5760580434,4,4,0.8,0.8,4,4,0.666666666666667,0.666666666666667,0.5,0.5,0.615384615384615,0.615384615384615,0.733333333333333,0.733333333333333,0.426006433615129,0.426006433615129,0,TRUE,TRUE,FALSE,FALSE,FALSE,"red;blue;green;l_22","red;blue;green;l_22","vis_2;vis_1;current;vis_3","vis_2;vis_1;current;vis_3","","","","","ok","",FALSE
614,"uniform_l_21_mid.csv","uniform_pol_2_strong.csv",1000,1000,0.04,619892.223491234,4,4,0.8,0.8,4,4,0.666666666666667,0.666666666666667,0.5,0.5,0.615384615384615,0.615384615384615,0.733333333333333,0.733333333333333,0.426006433615129,0.426006433615129,0,TRUE,TRUE,FALSE,FALSE,FALSE,"red;l_21;blue;green","red;l_21;blue;green","vis_2;current;vis_1;ir_1","vis_2;current;vis_1;ir_1","","","","","ok","",FALSE
625,"uniform_l_21_mid.csv","uniform_t_vis_1_weak.csv",1000,1000,0,56596.8887380302,4,4,0.8,0.8,4,4,0.666666666666667,0.666666666666667,0.5,0.5,0.615384615384615,0.615384615384615,0.733333333333333,0.733333333333333,0.426006433615129,0.426006433615129,0,TRUE,TRUE,FALSE,FALSE,FALSE,"red;l_21;blue;green","red;l_21;blue;green","vis_2;vis_3;current;ir_1","vis_2;vis_3;current;ir_1","","","","","ok","",TRUE
647,"uniform_l_22_mid.csv","uniform_osr_c_strong.csv",1000,1000,0,37259.4096745314,4,4,0.8,0.8,4,4,0.666666666666667,0.666666666666667,0.5,0.5,0.615384615384615,0.615384615384615,0.733333333333333,0.733333333333333,0.426006433615129,0.426006433615129,0,TRUE,TRUE,FALSE,FALSE,FALSE,"red;green;blue;l_22","red;green;blue;l_22","vis_2;vis_1;ir_1;ir_3","vis_2;vis_1;ir_1;ir_3","","","","","ok","",TRUE
652,"uniform_l_22_mid.csv","uniform_pol_2_strong.csv",1000,1000,0,40152.5064999198,4,4,0.8,0.8,4,4,0.666666666666667,0.666666666666667,0.5,0.5,0.615384615384615,0.615384615384615,0.733333333333333,0.733333333333333,0.426006433615129,0.426006433615129,0,TRUE,TRUE,FALSE,FALSE,FALSE,"red;blue;green;l_22","red;blue;green;l_22","vis_2;ir_1;vis_1;current","vis_2;ir_1;vis_1;current","","","","","ok","",TRUE
658,"uniform_l_22_mid.csv","uniform_t_ir_3_mid.csv",1000,1000,0,56406.5343465652,4,4,0.8,0.8,4,4,0.666666666666667,0.666666666666667,0.5,0.5,0.615384615384615,0.615384615384615,0.733333333333333,0.733333333333333,0.426006433615129,0.426006433615129,0,TRUE,TRUE,FALSE,FALSE,FALSE,"red;blue;green;l_22","red;blue;green;l_22","vis_2;ir_1;vis_1;vis_3","vis_2;ir_1;vis_1;vis_3","","","","","ok","",TRUE
659,"uniform_l_22_mid.csv","uniform_t_ir_3_strong.csv",1000,1000,0.06,81516.4232886009,4,4,0.8,0.8,4,4,0.666666666666667,0.666666666666667,0.5,0.5,0.615384615384615,0.615384615384615,0.733333333333333,0.733333333333333,0.426006433615129,0.426006433615129,0,TRUE,TRUE,FALSE,FALSE,FALSE,"red;blue;green;l_22","red;blue;green;l_22","vis_2;vis_3;vis_1;ir_1","vis_2;vis_3;vis_1;ir_1","","","","","ok","",FALSE
660,"uniform_l_22_mid.csv","uniform_t_ir_3_weak.csv",1000,1000,0.01,105952.086971155,4,4,0.8,0.8,4,4,0.666666666666667,0.666666666666667,0.5,0.5,0.615384615384615,0.615384615384615,0.733333333333333,0.733333333333333,0.426006433615129,0.426006433615129,0,TRUE,TRUE,FALSE,FALSE,FALSE,"red;blue;green;l_22","red;blue;green;l_22","vis_2;ir_1;vis_1;vis_3","vis_2;ir_1;vis_1;vis_3","","","","","ok","",FALSE
663,"uniform_l_22_mid.csv","uniform_t_vis_1_weak.csv",1000,1000,0.08,51677.5579407175,5,4,1,0.8,4,4,0.666666666666667,0.666666666666667,0.555555555555556,0.5,0.714285714285714,0.615384615384615,0.833333333333333,0.733333333333333,0.608580619450185,0.426006433615129,0,FALSE,FALSE,FALSE,FALSE,FALSE,"red;blue;green;l_22;l_21","red;blue;green;l_22","vis_2;ir_1;vis_3;vis_1","vis_2;ir_1;vis_3;vis_1","l_21","","","","ok","",FALSE
722,"uniform_l_32_mid.csv","uniform_pol_1_mid.csv",1000,1000,0.13,50090.8952094223,3,4,0.6,0.8,4,4,0.666666666666667,0.666666666666667,0.428571428571429,0.5,0.5,0.615384615384615,0.633333333333333,0.733333333333333,0.246885359939347,0.426006433615129,0,FALSE,FALSE,FALSE,FALSE,FALSE,"red;blue;green","red;blue;green;l_22","vis_2;vis_1;current;ir_1","vis_2;vis_1;current;ir_1","","l_22","","","ok","",FALSE
820,"uniform_osr_angle_1_weak.csv","uniform_osr_angle_2_weak.csv",1000,1000,0,34367.4818856512,4,4,0.8,0.8,4,4,0.666666666666667,0.666666666666667,0.5,0.5,0.615384615384615,0.615384615384615,0.733333333333333,0.733333333333333,0.426006433615129,0.426006433615129,0,TRUE,TRUE,FALSE,FALSE,FALSE,"red;blue;green;l_21","red;blue;green;l_21","vis_2;ir_1;vis_1;current","vis_2;ir_1;vis_1;current","","","","","ok","",TRUE
834,"uniform_osr_angle_1_weak.csv","uniform_t_ir_3_strong.csv",1000,1000,0,41407.5282085985,4,4,0.8,0.8,4,4,0.666666666666667,0.666666666666667,0.5,0.5,0.615384615384615,0.615384615384615,0.733333333333333,0.733333333333333,0.426006433615129,0.426006433615129,0,TRUE,TRUE,FALSE,FALSE,FALSE,"red;blue;green;l_21","red;blue;green;l_21","vis_2;vis_3;vis_1;ir_1","vis_2;vis_3;vis_1;ir_1","","","","","ok","",TRUE
837,"uniform_osr_angle_1_weak.csv","uniform_t_vis_1_strong.csv",1000,1000,0.11,48462.249150031,4,4,0.8,0.8,4,4,0.666666666666667,0.666666666666667,0.5,0.5,0.615384615384615,0.615384615384615,0.733333333333333,0.733333333333333,0.426006433615129,0.426006433615129,0,TRUE,TRUE,FALSE,FALSE,FALSE,"red;blue;green;l_21","red;blue;green;l_21","vis_2;vis_3;ir_1;current","vis_2;vis_3;ir_1;current","","","","","ok","",FALSE
855,"uniform_osr_angle_2_mid.csv","uniform_osr_c_weak.csv",1000,1000,0.04,43902.2329706533,4,4,0.8,0.8,4,4,0.666666666666667,0.666666666666667,0.5,0.5,0.615384615384615,0.615384615384615,0.733333333333333,0.733333333333333,0.426006433615129,0.426006433615129,0,TRUE,TRUE,FALSE,FALSE,FALSE,"red;blue;green;l_21","red;blue;green;l_21","vis_2;vis_1;ir_1;vis_3","vis_2;vis_1;ir_1;vis_3","","","","","ok","",FALSE
881,"uniform_osr_angle_2_mid.csv","uniform_v_c_mid.csv",1000,1000,0,108639.574148849,4,4,0.8,0.8,4,4,0.666666666666667,0.666666666666667,0.5,0.5,0.615384615384615,0.615384615384615,0.733333333333333,0.733333333333333,0.426006433615129,0.426006433615129,0,TRUE,TRUE,FALSE,FALSE,FALSE,"red;blue;green;l_21","red;blue;green;l_21","vis_2;vis_1;ir_1;vis_3","vis_2;vis_1;ir_1;vis_3","","","","","ok","",TRUE
900,"uniform_osr_angle_2_strong.csv","uniform_t_vis_1_strong.csv",1000,1000,0.09,108372.994947512,4,4,0.8,0.8,4,4,0.666666666666667,0.666666666666667,0.5,0.5,0.615384615384615,0.615384615384615,0.733333333333333,0.733333333333333,0.426006433615129,0.426006433615129,0,TRUE,TRUE,FALSE,FALSE,FALSE,"red;blue;green;l_21","red;blue;green;l_21","vis_2;vis_3;ir_1;ir_3","vis_2;vis_3;ir_1;ir_3","","","","","ok","",FALSE
923,"uniform_osr_angle_2_weak.csv","uniform_t_ir_1_mid.csv",1000,1000,0,41260.8815347378,4,4,0.8,0.8,4,4,0.666666666666667,0.666666666666667,0.5,0.5,0.615384615384615,0.615384615384615,0.733333333333333,0.733333333333333,0.426006433615129,0.426006433615129,0,TRUE,TRUE,FALSE,FALSE,FALSE,"red;blue;green;l_21","red;blue;green;l_21","vis_2;current;vis_1;pol_1","vis_2;current;vis_1;pol_1","","","","","ok","",TRUE
925,"uniform_osr_angle_2_weak.csv","uniform_t_ir_1_weak.csv",1000,1000,0,35426.8362108694,4,4,0.8,0.8,4,4,0.666666666666667,0.666666666666667,0.5,0.5,0.615384615384615,0.615384615384615,0.733333333333333,0.733333333333333,0.426006433615129,0.426006433615129,0,TRUE,TRUE,FALSE,FALSE,FALSE,"red;blue;green;l_21","red;blue;green;l_21","vis_2;vis_1;current;ir_1","vis_2;vis_1;current;ir_1","","","","","ok","",TRUE
931,"uniform_osr_angle_2_weak.csv","uniform_t_vis_1_weak.csv",1000,1000,0.01,269882.838973215,4,4,0.8,0.8,4,4,0.666666666666667,0.666666666666667,0.5,0.5,0.615384615384615,0.615384615384615,0.733333333333333,0.733333333333333,0.426006433615129,0.426006433615129,0,TRUE,TRUE,FALSE,FALSE,FALSE,"red;blue;green;l_21","red;blue;green;l_21","vis_2;ir_1;vis_3;current","vis_2;ir_1;vis_3;current","","","","","ok","",FALSE
943,"uniform_osr_angle_2_weak.csv","uniform_v_c_strong.csv",1000,1000,0,75839.9953337941,4,4,0.8,0.8,4,4,0.666666666666667,0.666666666666667,0.5,0.5,0.615384615384615,0.615384615384615,0.733333333333333,0.733333333333333,0.426006433615129,0.426006433615129,0,TRUE,TRUE,FALSE,FALSE,FALSE,"red;blue;green;l_21","red;blue;green;l_21","vis_2;current;ir_1;vis_1","vis_2;current;ir_1;vis_1","","","","","ok","",TRUE
1014,"uniform_osr_c_weak.csv","uniform_t_vis_1_strong.csv",1000,1000,0,40636.7598955705,4,4,0.8,0.8,4,4,0.666666666666667,0.666666666666667,0.5,0.5,0.615384615384615,0.615384615384615,0.733333333333333,0.733333333333333,0.426006433615129,0.426006433615129,0,TRUE,TRUE,FALSE,FALSE,FALSE,"red;blue;green;l_21","red;blue;green;l_21","vis_2;vis_3;ir_3;ir_1","vis_2;vis_3;ir_3;ir_1","","","","","ok","",TRUE
1049,"uniform_pol_1_mid.csv","uniform_v_angle_1_strong.csv",1000,1000,0.02,42325.1451270841,4,4,0.8,0.8,4,4,0.666666666666667,0.666666666666667,0.5,0.5,0.615384615384615,0.615384615384615,0.733333333333333,0.733333333333333,0.426006433615129,0.426006433615129,0,TRUE,TRUE,FALSE,FALSE,FALSE,"red;blue;green;l_22","red;blue;green;l_22","vis_2;ir_1;vis_1;current","vis_2;ir_1;vis_1;current","","","","","ok","",FALSE
1158,"uniform_red_strong.csv","uniform_t_vis_2_strong.csv",1000,1000,0.22,82519.8032395872,4,4,0.8,0.8,4,4,0.666666666666667,0.666666666666667,0.5,0.5,0.615384615384615,0.615384615384615,0.733333333333333,0.733333333333333,0.426006433615129,0.426006433615129,0,TRUE,TRUE,FALSE,FALSE,FALSE,"red;green;blue;l_22","red;green;blue;l_22","vis_2;vis_1;current;ir_3","vis_2;vis_1;vis_3;current","","","ir_3","vis_3","ok","",FALSE
1192,"uniform_t_ir_1_strong.csv","uniform_t_ir_3_weak.csv",1000,1000,0.05,47603.2189632566,4,4,0.8,0.8,4,4,0.666666666666667,0.666666666666667,0.5,0.5,0.615384615384615,0.615384615384615,0.733333333333333,0.733333333333333,0.426006433615129,0.426006433615129,0,TRUE,TRUE,FALSE,FALSE,FALSE,"red;blue;green;l_21","red;blue;green;l_21","vis_2;ir_1;vis_1;vis_3","vis_2;ir_1;vis_1;vis_3","","","","","ok","",FALSE
1193,"uniform_t_ir_1_strong.csv","uniform_t_vis_1_mid.csv",1000,1000,0.21,25836.3904868106,3,4,0.6,0.8,4,4,0.666666666666667,0.666666666666667,0.428571428571429,0.5,0.5,0.615384615384615,0.633333333333333,0.733333333333333,0.246885359939347,0.426006433615129,0,FALSE,FALSE,FALSE,FALSE,FALSE,"red;blue;green","red;blue;green;l_21","vis_2;current;vis_3;ir_3","vis_2;current;vis_3;ir_3","","l_21","","","ok","",FALSE
1195,"uniform_t_ir_1_strong.csv","uniform_t_vis_1_weak.csv",1000,1000,0,30097.1220927069,4,4,0.8,0.8,4,4,0.666666666666667,0.666666666666667,0.5,0.5,0.615384615384615,0.615384615384615,0.733333333333333,0.733333333333333,0.426006433615129,0.426006433615129,0,TRUE,TRUE,FALSE,FALSE,FALSE,"red;blue;green;l_21","red;blue;green;l_21","vis_2;vis_3;pol_2;current","vis_2;vis_3;pol_2;current","","","","","ok","",TRUE
1206,"uniform_t_ir_1_strong.csv","uniform_v_c_mid.csv",1000,1000,0,48973.1723536726,4,4,0.8,0.8,4,4,0.666666666666667,0.666666666666667,0.5,0.5,0.615384615384615,0.615384615384615,0.733333333333333,0.733333333333333,0.426006433615129,0.426006433615129,0,TRUE,TRUE,FALSE,FALSE,FALSE,"red;blue;green;l_21","red;blue;green;l_21","vis_2;vis_1;vis_3;l_31","vis_2;vis_1;vis_3;l_31","","","","","ok","",TRUE
1232,"uniform_t_ir_3_mid.csv","uniform_t_vis_2_strong.csv",1000,1000,0.56,132942.086052489,4,4,0.8,0.8,4,4,0.666666666666667,0.666666666666667,0.5,0.5,0.615384615384615,0.615384615384615,0.733333333333333,0.733333333333333,0.426006433615129,0.426006433615129,0,TRUE,TRUE,FALSE,FALSE,FALSE,"green;red;blue;l_22","green;red;blue;l_22","vis_2;vis_3;ir_3;vis_1","vis_2;vis_3;ir_3;vis_1","","","","","ok","",FALSE
1252,"uniform_t_ir_3_strong.csv","uniform_t_vis_3_weak.csv",1000,1000,0.12,149562.427593805,4,4,0.8,0.8,4,4,0.666666666666667,0.666666666666667,0.5,0.5,0.615384615384615,0.615384615384615,0.733333333333333,0.733333333333333,0.426006433615129,0.426006433615129,0,TRUE,TRUE,FALSE,FALSE,FALSE,"red;blue;green;l_21","red;blue;green;l_21","vis_2;vis_1;ir_1;vis_3","vis_2;vis_1;ir_1;vis_3","","","","","ok","",FALSE
1260,"uniform_t_ir_3_weak.csv","uniform_t_vis_1_strong.csv",1000,1000,0.14,35599.7105133932,4,4,0.8,0.8,4,4,0.666666666666667,0.666666666666667,0.5,0.5,0.615384615384615,0.615384615384615,0.733333333333333,0.733333333333333,0.426006433615129,0.426006433615129,0,TRUE,TRUE,FALSE,FALSE,FALSE,"red;blue;green;l_21","red;blue;green;l_21","vis_2;vis_3;l_32;ir_1","vis_2;vis_3;l_32;ir_1","","","","","ok","",FALSE
1269,"uniform_t_ir_3_weak.csv","uniform_v_angle_1_strong.csv",1000,1000,0,47973.3662942174,4,4,0.8,0.8,4,4,0.666666666666667,0.666666666666667,0.5,0.5,0.615384615384615,0.615384615384615,0.733333333333333,0.733333333333333,0.426006433615129,0.426006433615129,0,TRUE,TRUE,FALSE,FALSE,FALSE,"red;blue;green;l_22","red;blue;green;l_22","vis_2;ir_1;vis_3;vis_1","vis_2;ir_1;vis_3;vis_1","","","","","ok","",TRUE
1288,"uniform_t_vis_1_strong.csv","uniform_t_vis_1_weak.csv",1000,1000,0.11,64724.6413096372,4,4,0.8,0.8,4,4,0.666666666666667,0.666666666666667,0.5,0.5,0.615384615384615,0.615384615384615,0.733333333333333,0.733333333333333,0.426006433615129,0.426006433615129,0,TRUE,TRUE,FALSE,FALSE,FALSE,"red;blue;green;l_21","red;blue;green;l_21","vis_2;vis_3;ir_1;vis_1","vis_2;vis_3;ir_1;vis_1","","","","","ok","",FALSE
1296,"uniform_t_vis_1_strong.csv","uniform_v_angle_1_strong.csv",1000,1000,0.2,82000.5972139312,4,4,0.8,0.8,4,4,0.666666666666667,0.666666666666667,0.5,0.5,0.615384615384615,0.615384615384615,0.733333333333333,0.733333333333333,0.426006433615129,0.426006433615129,0,TRUE,TRUE,FALSE,FALSE,FALSE,"red;blue;green;l_21","red;blue;green;l_21","vis_2;vis_3;ir_1;current","vis_2;vis_3;ir_1;current","","","","","ok","",FALSE
1300,"uniform_t_vis_1_strong.csv","uniform_v_c_strong.csv",1000,1000,0.01,60067.5940730229,4,4,0.8,0.8,4,4,0.666666666666667,0.666666666666667,0.5,0.5,0.615384615384615,0.615384615384615,0.733333333333333,0.733333333333333,0.426006433615129,0.426006433615129,0,TRUE,TRUE,FALSE,FALSE,FALSE,"red;blue;green;l_21","red;blue;green;l_21","vis_2;vis_3;current;ir_1","vis_2;vis_3;current;ir_1","","","","","ok","",FALSE
1311,"uniform_t_vis_1_weak.csv","uniform_v_c_mid.csv",1000,1000,0,54126.6081688893,4,4,0.8,0.8,4,4,0.666666666666667,0.666666666666667,0.5,0.5,0.615384615384615,0.615384615384615,0.733333333333333,0.733333333333333,0.426006433615129,0.426006433615129,0,TRUE,TRUE,FALSE,FALSE,FALSE,"red;blue;green;l_21","red;blue;green;l_21","vis_2;vis_3;ir_1;vis_1","vis_2;vis_3;ir_1;vis_1","","","","","ok","",TRUE
1312,"uniform_t_vis_1_weak.csv","uniform_v_c_strong.csv",1000,1000,0,54657.4830606201,4,4,0.8,0.8,4,4,0.666666666666667,0.666666666666667,0.5,0.5,0.615384615384615,0.615384615384615,0.733333333333333,0.733333333333333,0.426006433615129,0.426006433615129,0,TRUE,TRUE,FALSE,FALSE,FALSE,"red;blue;green;l_21","red;blue;green;l_21","vis_2;vis_3;current;ir_1","vis_2;vis_3;current;ir_1","","","","","ok","",TRUE
1334,"uniform_t_vis_2_weak.csv","uniform_t_vis_3_mid.csv",1000,1000,0.13,83686.0401559931,4,4,0.8,0.8,4,4,0.666666666666667,0.666666666666667,0.5,0.5,0.615384615384615,0.615384615384615,0.733333333333333,0.733333333333333,0.426006433615129,0.426006433615129,0,TRUE,TRUE,FALSE,FALSE,FALSE,"red;green;blue;l_22","red;green;blue;l_22","vis_2;vis_3;ir_3;ir_1","vis_2;vis_3;ir_3;ir_1","","","","","ok","",FALSE
1362,"uniform_t_vis_3_weak.csv","uniform_v_c_mid.csv",1000,1000,0,45791.311812689,4,4,0.8,0.8,4,4,0.666666666666667,0.666666666666667,0.5,0.5,0.615384615384615,0.615384615384615,0.733333333333333,0.733333333333333,0.426006433615129,0.426006433615129,0,TRUE,TRUE,FALSE,FALSE,FALSE,"red;blue;green;l_22","red;blue;green;l_22","vis_2;ir_1;vis_1;vis_3","vis_2;ir_1;vis_1;vis_3","","","","","ok","",TRUE
13,"uniform_blue_mid.csv","uniform_l_21_mid.csv",1000,1000,0,66189.453905349,4,4,0.8,0.8,5,5,0.583333333333333,0.583333333333333,0.444444444444444,0.444444444444444,0.571428571428571,0.571428571428571,0.691666666666667,0.691666666666667,0.349933856183856,0.349933856183856,0,TRUE,TRUE,FALSE,FALSE,FALSE,"red;l_21;green;blue","red;l_21;green;blue","vis_2;vis_1;vis_3;ir_3;ir_1","vis_2;vis_1;vis_3;ir_3;ir_1","","","","","ok","",TRUE
73,"uniform_blue_strong.csv","uniform_osr_angle_2_weak.csv",1000,1000,0.12,85732.5202823075,4,4,0.8,0.8,5,5,0.583333333333333,0.583333333333333,0.444444444444444,0.444444444444444,0.571428571428571,0.571428571428571,0.691666666666667,0.691666666666667,0.349933856183856,0.349933856183856,0,TRUE,TRUE,FALSE,FALSE,FALSE,"red;green;blue;l_21","red;green;blue;l_21","vis_2;vis_1;vis_3;ir_3;current","vis_2;vis_1;vis_3;ir_3;current","","","","","ok","",FALSE
90,"uniform_blue_strong.csv","uniform_t_vis_1_strong.csv",1000,1000,0.16,91467.7705694522,4,4,0.8,0.8,5,5,0.583333333333333,0.583333333333333,0.444444444444444,0.444444444444444,0.571428571428571,0.571428571428571,0.691666666666667,0.691666666666667,0.349933856183856,0.349933856183856,0,TRUE,TRUE,FALSE,FALSE,FALSE,"red;green;blue;l_21","red;green;blue;l_21","vis_2;vis_1;vis_3;ir_3;ir_1","vis_2;vis_1;vis_3;ir_3;ir_1","","","","","ok","",FALSE
99,"uniform_blue_strong.csv","uniform_v_angle_1_strong.csv",1000,1000,0,66451.9190226178,4,4,0.8,0.8,5,5,0.583333333333333,0.583333333333333,0.444444444444444,0.444444444444444,0.571428571428571,0.571428571428571,0.691666666666667,0.691666666666667,0.349933856183856,0.349933856183856,0,TRUE,TRUE,FALSE,FALSE,FALSE,"red;green;blue;l_22","red;green;blue;l_22","vis_2;vis_1;vis_3;ir_3;current","vis_2;vis_1;vis_3;ir_3;current","","","","","ok","",TRUE
101,"uniform_blue_strong.csv","uniform_v_angle_2_strong.csv",1000,1000,0,50889.2970126197,4,4,0.8,0.8,5,5,0.583333333333333,0.583333333333333,0.444444444444444,0.444444444444444,0.571428571428571,0.571428571428571,0.691666666666667,0.691666666666667,0.349933856183856,0.349933856183856,0,TRUE,TRUE,FALSE,FALSE,FALSE,"red;green;blue;l_22","red;green;blue;l_22","vis_2;vis_1;vis_3;ir_3;current","vis_2;vis_1;vis_3;ir_3;current","","","","","ok","",TRUE
116,"uniform_diode_ir_1_mid.csv","uniform_l_31_mid.csv",1000,1000,0.05,13564780.3465933,3,4,0.6,0.8,5,5,0.583333333333333,0.583333333333333,0.375,0.444444444444444,0.461538461538462,0.571428571428571,0.591666666666667,0.691666666666667,0.167359670348801,0.349933856183856,0,FALSE,FALSE,FALSE,FALSE,FALSE,"red;blue;green","red;blue;green;l_21","vis_2;current;ir_1;vis_1;l_12","vis_2;current;ir_1;vis_1;l_12","","l_21","","","ok","",FALSE
120,"uniform_diode_ir_1_mid.csv","uniform_osr_angle_1_weak.csv",1000,1000,0.05,65065.4071094,4,4,0.8,0.8,5,5,0.583333333333333,0.583333333333333,0.444444444444444,0.444444444444444,0.571428571428571,0.571428571428571,0.691666666666667,0.691666666666667,0.349933856183856,0.349933856183856,0,TRUE,TRUE,FALSE,FALSE,FALSE,"red;blue;green;l_21","red;blue;green;l_21","vis_2;current;vis_1;l_11;vis_3","vis_2;current;vis_1;l_11;vis_3","","","","","ok","",FALSE
143,"uniform_diode_ir_1_mid.csv","uniform_t_vis_2_strong.csv",1000,1000,0.44,274145.67112066,5,4,1,0.8,5,5,0.583333333333333,0.583333333333333,0.5,0.444444444444444,0.666666666666667,0.571428571428571,0.791666666666667,0.691666666666667,0.540061724867322,0.349933856183856,0,FALSE,FALSE,FALSE,FALSE,FALSE,"red;green;blue;l_22;l_21","red;green;blue;l_22","vis_2;vis_1;ir_1;l_11;vis_3","vis_2;vis_1;ir_1;current;l_11","l_21","","vis_3","current","ok","",FALSE
212,"uniform_diode_ir_3_mid.csv","uniform_l_22_mid.csv",1000,1000,0.03,34518.9618704547,4,4,0.8,0.8,5,5,0.583333333333333,0.583333333333333,0.444444444444444,0.444444444444444,0.571428571428571,0.571428571428571,0.691666666666667,0.691666666666667,0.349933856183856,0.349933856183856,0,TRUE,TRUE,FALSE,FALSE,FALSE,"red;blue;green;l_22","red;blue;green;l_22","vis_2;ir_1;vis_3;vis_1;ir_3","vis_2;ir_1;vis_3;vis_1;ir_3","","","","","ok","",FALSE
316,"uniform_diode_vis_1_mid.csv","uniform_osr_c_weak.csv",1000,1000,0,76959.0349430282,4,4,0.8,0.8,5,5,0.583333333333333,0.583333333333333,0.444444444444444,0.444444444444444,0.571428571428571,0.571428571428571,0.691666666666667,0.691666666666667,0.349933856183856,0.349933856183856,0,TRUE,TRUE,FALSE,FALSE,FALSE,"red;blue;green;l_21","red;blue;green;l_21","vis_2;vis_3;vis_1;ir_3;ir_1","vis_2;vis_3;vis_1;ir_3;ir_1","","","","","ok","",TRUE
324,"uniform_diode_vis_1_mid.csv","uniform_t_ir_1_strong.csv",1000,1000,0.02,49920.5244370859,4,4,0.8,0.8,5,5,0.583333333333333,0.583333333333333,0.444444444444444,0.444444444444444,0.571428571428571,0.571428571428571,0.691666666666667,0.691666666666667,0.349933856183856,0.349933856183856,0,TRUE,TRUE,FALSE,FALSE,FALSE,"red;blue;green;l_21","red;blue;green;l_21","vis_2;vis_3;ir_3;vis_1;pol_2","vis_2;vis_3;ir_3;vis_1;pol_2","","","","","ok","",FALSE
394,"uniform_diode_vis_3_mid.csv","uniform_l_22_mid.csv",1000,1000,0,108794.657548274,4,4,0.8,0.8,5,5,0.583333333333333,0.583333333333333,0.444444444444444,0.444444444444444,0.571428571428571,0.571428571428571,0.691666666666667,0.691666666666667,0.349933856183856,0.349933856183856,0,TRUE,TRUE,FALSE,FALSE,FALSE,"red;blue;green;l_22","red;blue;green;l_22","vis_2;current;vis_1;ir_1;pol_2","vis_2;current;vis_1;ir_1;pol_2","","","","","ok","",TRUE
395,"uniform_diode_vis_3_mid.csv","uniform_l_31_mid.csv",1000,1000,0,44630.257195123,4,4,0.8,0.8,5,5,0.583333333333333,0.583333333333333,0.444444444444444,0.444444444444444,0.571428571428571,0.571428571428571,0.691666666666667,0.691666666666667,0.349933856183856,0.349933856183856,0,TRUE,TRUE,FALSE,FALSE,FALSE,"red;blue;green;l_21","red;blue;green;l_21","vis_2;current;vis_1;ir_1;pol_2","vis_2;current;vis_1;ir_1;pol_2","","","","","ok","",TRUE
397,"uniform_diode_vis_3_mid.csv","uniform_osr_angle_1_mid.csv",1000,1000,0.04,44010.64913947,4,4,0.8,0.8,5,5,0.583333333333333,0.583333333333333,0.444444444444444,0.444444444444444,0.571428571428571,0.571428571428571,0.691666666666667,0.691666666666667,0.349933856183856,0.349933856183856,0,TRUE,TRUE,FALSE,FALSE,FALSE,"red;blue;green;l_21","red;blue;green;l_21","vis_2;current;vis_1;ir_1;pol_2","vis_2;current;vis_1;ir_1;pol_2","","","","","ok","",FALSE
402,"uniform_diode_vis_3_mid.csv","uniform_osr_angle_2_weak.csv",1000,1000,0,49534.9648735969,4,4,0.8,0.8,5,5,0.583333333333333,0.583333333333333,0.444444444444444,0.444444444444444,0.571428571428571,0.571428571428571,0.691666666666667,0.691666666666667,0.349933856183856,0.349933856183856,0,TRUE,TRUE,FALSE,FALSE,FALSE,"red;blue;green;l_21","red;blue;green;l_21","vis_2;current;vis_1;ir_1;pol_2","vis_2;current;vis_1;ir_1;pol_2","","","","","ok","",TRUE
469,"uniform_green_mid.csv","uniform_t_vis_3_weak.csv",1000,1000,0,59818.4449358295,4,4,0.8,0.8,5,5,0.583333333333333,0.583333333333333,0.444444444444444,0.444444444444444,0.571428571428571,0.571428571428571,0.691666666666667,0.691666666666667,0.349933856183856,0.349933856183856,0,TRUE,TRUE,FALSE,FALSE,FALSE,"red;blue;green;l_22","red;blue;green;l_22","vis_2;vis_1;ir_1;ir_3;vis_3","vis_2;vis_1;ir_1;ir_3;vis_3","","","","","ok","",TRUE
479,"uniform_green_strong.csv","uniform_l_22_mid.csv",1000,1000,0.08,38723.4500265371,4,4,0.8,0.8,5,5,0.583333333333333,0.583333333333333,0.444444444444444,0.444444444444444,0.571428571428571,0.571428571428571,0.691666666666667,0.691666666666667,0.349933856183856,0.349933856183856,0,TRUE,TRUE,FALSE,FALSE,FALSE,"red;green;blue;l_22","red;green;blue;l_22","vis_2;ir_1;vis_3;vis_1;ir_3","vis_2;ir_1;vis_3;vis_1;ir_3","","","","","ok","",FALSE
484,"uniform_green_strong.csv","uniform_osr_angle_1_weak.csv",1000,1000,0,39501.1569997836,4,4,0.8,0.8,5,5,0.583333333333333,0.583333333333333,0.444444444444444,0.444444444444444,0.571428571428571,0.571428571428571,0.691666666666667,0.691666666666667,0.349933856183856,0.349933856183856,0,TRUE,TRUE,FALSE,FALSE,FALSE,"red;green;blue;l_22","red;green;blue;l_22","vis_2;ir_1;vis_3;vis_1;ir_3","vis_2;ir_1;vis_3;vis_1;ir_3","","","","","ok","",TRUE
513,"uniform_green_strong.csv","uniform_v_angle_1_strong.csv",1000,1000,0,41006.1290143227,4,4,0.8,0.8,5,5,0.583333333333333,0.583333333333333,0.444444444444444,0.444444444444444,0.571428571428571,0.571428571428571,0.691666666666667,0.691666666666667,0.349933856183856,0.349933856183856,0,TRUE,TRUE,FALSE,FALSE,FALSE,"red;green;blue;l_22","red;green;blue;l_22","vis_2;ir_1;vis_1;vis_3;ir_3","vis_2;ir_1;vis_1;vis_3;ir_3","","","","","ok","",TRUE
525,"uniform_l_11_mid.csv","uniform_osr_angle_1_weak.csv",1000,1000,0,128983.083091484,4,4,0.8,0.8,5,5,0.583333333333333,0.583333333333333,0.444444444444444,0.444444444444444,0.571428571428571,0.571428571428571,0.691666666666667,0.691666666666667,0.349933856183856,0.349933856183856,0,TRUE,TRUE,FALSE,FALSE,FALSE,"red;blue;green;l_22","red;blue;green;l_22","vis_2;vis_3;vis_1;ir_1;ir_3","vis_2;vis_3;vis_1;ir_1;ir_3","","","","","ok","",TRUE
528,"uniform_l_11_mid.csv","uniform_osr_angle_2_weak.csv",1000,1000,0.02,39517.8683972928,4,4,0.8,0.8,5,5,0.583333333333333,0.583333333333333,0.444444444444444,0.444444444444444,0.571428571428571,0.571428571428571,0.691666666666667,0.691666666666667,0.349933856183856,0.349933856183856,0,TRUE,TRUE,FALSE,FALSE,FALSE,"red;blue;green;l_21","red;blue;green;l_21","vis_2;ir_1;vis_1;current;vis_3","vis_2;ir_1;vis_1;current;vis_3","","","","","ok","",FALSE
552,"uniform_l_11_mid.csv","uniform_t_vis_3_weak.csv",1000,1000,0.48,45385.4936804808,4,4,0.8,0.8,5,5,0.583333333333333,0.583333333333333,0.444444444444444,0.444444444444444,0.571428571428571,0.571428571428571,0.691666666666667,0.691666666666667,0.349933856183856,0.349933856183856,0,TRUE,TRUE,FALSE,FALSE,FALSE,"red;blue;green;l_22","red;blue;green;l_22","vis_2;ir_1;vis_1;vis_3;current","vis_2;ir_1;vis_1;vis_3;current","","","","","ok","",FALSE
560,"uniform_l_12_mid.csv","uniform_l_22_mid.csv",1000,1000,0,34713.7019912864,4,4,0.8,0.8,5,5,0.583333333333333,0.583333333333333,0.444444444444444,0.444444444444444,0.571428571428571,0.571428571428571,0.691666666666667,0.691666666666667,0.349933856183856,0.349933856183856,0,TRUE,TRUE,FALSE,FALSE,FALSE,"red;blue;green;l_22","red;blue;green;l_22","vis_2;ir_1;vis_1;vis_3;l_12","vis_2;ir_1;vis_1;vis_3;l_12","","","","","ok","",TRUE
568,"uniform_l_12_mid.csv","uniform_osr_angle_2_weak.csv",1000,1000,0,99794.9819558124,4,4,0.8,0.8,5,5,0.583333333333333,0.583333333333333,0.444444444444444,0.444444444444444,0.571428571428571,0.571428571428571,0.691666666666667,0.691666666666667,0.349933856183856,0.349933856183856,0,TRUE,TRUE,FALSE,FALSE,FALSE,"red;blue;green;l_21","red;blue;green;l_21","vis_2;ir_1;vis_1;l_12;current","vis_2;ir_1;vis_1;l_12;current","","","","","ok","",TRUE
600,"uniform_l_21_mid.csv","uniform_l_31_mid.csv",1000,1000,0,51858.7287783776,4,4,0.8,0.8,5,5,0.583333333333333,0.583333333333333,0.444444444444444,0.444444444444444,0.571428571428571,0.571428571428571,0.691666666666667,0.691666666666667,0.349933856183856,0.349933856183856,0,TRUE,TRUE,FALSE,FALSE,FALSE,"red;l_21;blue;green","red;l_21;blue;green","vis_2;current;ir_1;vis_1;vis_3","vis_2;current;ir_1;vis_1;vis_3","","","","","ok","",TRUE
605,"uniform_l_21_mid.csv","uniform_osr_angle_2_mid.csv",1000,1000,0.19,64828.9135514185,4,4,0.8,0.8,5,5,0.583333333333333,0.583333333333333,0.444444444444444,0.444444444444444,0.571428571428571,0.571428571428571,0.691666666666667,0.691666666666667,0.349933856183856,0.349933856183856,0,TRUE,TRUE,FALSE,FALSE,FALSE,"red;l_21;blue;green","red;l_21;blue;green","vis_2;current;vis_1;ir_1;vis_3","vis_2;current;vis_1;ir_1;vis_3","","","","","ok","",FALSE
610,"uniform_l_21_mid.csv","uniform_osr_c_weak.csv",1000,1000,0.08,50382.3022587041,4,4,0.8,0.8,5,5,0.583333333333333,0.583333333333333,0.444444444444444,0.444444444444444,0.571428571428571,0.571428571428571,0.691666666666667,0.691666666666667,0.349933856183856,0.349933856183856,0,TRUE,TRUE,FALSE,FALSE,FALSE,"red;l_21;blue;green","red;l_21;blue;green","vis_2;current;vis_3;vis_1;pol_2","vis_2;current;vis_3;vis_1;pol_2","","","","","ok","",FALSE
619,"uniform_l_21_mid.csv","uniform_t_ir_1_weak.csv",1000,1000,0,44597.7174924188,4,4,0.8,0.8,5,5,0.583333333333333,0.583333333333333,0.444444444444444,0.444444444444444,0.571428571428571,0.571428571428571,0.691666666666667,0.691666666666667,0.349933856183856,0.349933856183856,0,TRUE,TRUE,FALSE,FALSE,FALSE,"red;l_21;blue;green","red;l_21;blue;green","vis_2;current;vis_1;vis_3;ir_1","vis_2;current;vis_1;vis_3;ir_1","","","","","ok","",TRUE
620,"uniform_l_21_mid.csv","uniform_t_ir_3_mid.csv",1000,1000,0,62935.1862590936,4,4,0.8,0.8,5,5,0.583333333333333,0.583333333333333,0.444444444444444,0.444444444444444,0.571428571428571,0.571428571428571,0.691666666666667,0.691666666666667,0.349933856183856,0.349933856183856,0,TRUE,TRUE,FALSE,FALSE,FALSE,"red;l_21;blue;green","red;l_21;blue;green","vis_2;vis_3;vis_1;ir_1;current","vis_2;vis_3;vis_1;ir_1;current","","","","","ok","",TRUE
621,"uniform_l_21_mid.csv","uniform_t_ir_3_strong.csv",1000,1000,0,58603.661507978,4,4,0.8,0.8,5,5,0.583333333333333,0.583333333333333,0.444444444444444,0.444444444444444,0.571428571428571,0.571428571428571,0.691666666666667,0.691666666666667,0.349933856183856,0.349933856183856,0,TRUE,TRUE,FALSE,FALSE,FALSE,"red;l_21;blue;green","red;l_21;blue;green","vis_2;vis_3;pol_2;current;ir_1","vis_2;vis_3;pol_2;current;ir_1","","","","","ok","",TRUE
637,"uniform_l_21_mid.csv","uniform_v_c_strong.csv",1000,1000,0,40173.9364852369,4,4,0.8,0.8,5,5,0.583333333333333,0.583333333333333,0.444444444444444,0.444444444444444,0.571428571428571,0.571428571428571,0.691666666666667,0.691666666666667,0.349933856183856,0.349933856183856,0,TRUE,TRUE,FALSE,FALSE,FALSE,"red;l_21;blue;green","red;l_21;blue;green","vis_2;current;vis_1;vis_3;l_12","vis_2;current;vis_1;vis_3;l_12","","","","","ok","",TRUE
644,"uniform_l_22_mid.csv","uniform_osr_angle_2_strong.csv",1000,1000,0.64,129156.972176858,4,4,0.8,0.8,5,5,0.583333333333333,0.583333333333333,0.444444444444444,0.444444444444444,0.571428571428571,0.571428571428571,0.691666666666667,0.691666666666667,0.349933856183856,0.349933856183856,0,TRUE,TRUE,FALSE,FALSE,FALSE,"red;blue;green;l_22","red;blue;green;l_22","vis_2;vis_3;vis_1;ir_3;ir_1","vis_2;vis_3;vis_1;l_32;ir_3","","","ir_1","l_32","ok","",FALSE
646,"uniform_l_22_mid.csv","uniform_osr_c_mid.csv",1000,1000,0.18,45395.5994772167,4,4,0.8,0.8,5,5,0.583333333333333,0.583333333333333,0.444444444444444,0.444444444444444,0.571428571428571,0.571428571428571,0.691666666666667,0.691666666666667,0.349933856183856,0.349933856183856,0,TRUE,TRUE,FALSE,FALSE,FALSE,"red;blue;green;l_22","red;blue;green;l_22","vis_2;ir_1;ir_3;vis_1;vis_3","vis_2;ir_1;ir_3;vis_1;vis_3","","","","","ok","",FALSE
648,"uniform_l_22_mid.csv","uniform_osr_c_weak.csv",1000,1000,0.07,62627.676011288,4,4,0.8,0.8,5,5,0.583333333333333,0.583333333333333,0.444444444444444,0.444444444444444,0.571428571428571,0.571428571428571,0.691666666666667,0.691666666666667,0.349933856183856,0.349933856183856,0,TRUE,TRUE,FALSE,FALSE,FALSE,"red;blue;green;l_22","red;blue;green;l_22","vis_2;vis_1;ir_1;vis_3;ir_3","vis_2;vis_1;ir_1;vis_3;ir_3","","","","","ok","",FALSE
649,"uniform_l_22_mid.csv","uniform_pol_1_mid.csv",1000,1000,0,47521.2605548934,4,4,0.8,0.8,5,5,0.583333333333333,0.583333333333333,0.444444444444444,0.444444444444444,0.571428571428571,0.571428571428571,0.691666666666667,0.691666666666667,0.349933856183856,0.349933856183856,0,TRUE,TRUE,FALSE,FALSE,FALSE,"red;blue;green;l_22","red;blue;green;l_22","vis_2;ir_1;vis_1;ir_3;current","vis_2;ir_1;vis_1;ir_3;current","","","","","ok","",TRUE
651,"uniform_l_22_mid.csv","uniform_pol_2_mid.csv",1000,1000,0,39351.2123548488,4,4,0.8,0.8,5,5,0.583333333333333,0.583333333333333,0.444444444444444,0.444444444444444,0.571428571428571,0.571428571428571,0.691666666666667,0.691666666666667,0.349933856183856,0.349933856183856,0,TRUE,TRUE,FALSE,FALSE,FALSE,"red;blue;green;l_22","red;blue;green;l_22","vis_2;vis_1;ir_1;ir_3;vis_3","vis_2;vis_1;ir_1;ir_3;vis_3","","","","","ok","",TRUE
657,"uniform_l_22_mid.csv","uniform_t_ir_1_weak.csv",1000,1000,0.37,48240.2729788896,4,4,0.8,0.8,5,5,0.583333333333333,0.583333333333333,0.444444444444444,0.444444444444444,0.571428571428571,0.571428571428571,0.691666666666667,0.691666666666667,0.349933856183856,0.349933856183856,0,TRUE,TRUE,FALSE,FALSE,FALSE,"red;blue;green;l_22","red;blue;green;l_22","vis_2;vis_1;current;ir_1;vis_3","vis_2;vis_1;current;l_12;ir_3","","","ir_1;vis_3","l_12;ir_3","ok","",FALSE
668,"uniform_l_22_mid.csv","uniform_t_vis_3_strong.csv",1000,1000,0,85926.6006947824,4,4,0.8,0.8,5,5,0.583333333333333,0.583333333333333,0.444444444444444,0.444444444444444,0.571428571428571,0.571428571428571,0.691666666666667,0.691666666666667,0.349933856183856,0.349933856183856,0,TRUE,TRUE,FALSE,FALSE,FALSE,"red;blue;green;l_22","red;blue;green;l_22","vis_2;ir_1;vis_1;ir_3;current","vis_2;ir_1;vis_1;ir_3;current","","","","","ok","",TRUE
671,"uniform_l_22_mid.csv","uniform_v_angle_1_strong.csv",1000,1000,0.02,43315.0894734469,4,4,0.8,0.8,5,5,0.583333333333333,0.583333333333333,0.444444444444444,0.444444444444444,0.571428571428571,0.571428571428571,0.691666666666667,0.691666666666667,0.349933856183856,0.349933856183856,0,TRUE,TRUE,FALSE,FALSE,FALSE,"red;blue;green;l_22","red;blue;green;l_22","vis_2;vis_1;ir_1;vis_3;current","vis_2;vis_1;ir_1;vis_3;current","","","","","ok","",FALSE
675,"uniform_l_22_mid.csv","uniform_v_c_strong.csv",1000,1000,0.19,302869.804678756,4,4,0.8,0.8,5,5,0.583333333333333,0.583333333333333,0.444444444444444,0.444444444444444,0.571428571428571,0.571428571428571,0.691666666666667,0.691666666666667,0.349933856183856,0.349933856183856,0,TRUE,TRUE,FALSE,FALSE,FALSE,"red;blue;green;l_22","red;blue;green;l_22","vis_2;vis_3;vis_1;ir_1;current","vis_2;vis_3;vis_1;ir_1;current","","","","","ok","",FALSE
677,"uniform_l_31_mid.csv","uniform_osr_angle_1_mid.csv",1000,1000,0.09,38665.0895109999,4,4,0.8,0.8,5,5,0.583333333333333,0.583333333333333,0.444444444444444,0.444444444444444,0.571428571428571,0.571428571428571,0.691666666666667,0.691666666666667,0.349933856183856,0.349933856183856,0,TRUE,TRUE,FALSE,FALSE,FALSE,"red;blue;green;l_21","red;blue;green;l_21","vis_2;ir_1;vis_1;current;vis_3","vis_2;ir_1;vis_1;current;vis_3","","","","","ok","",FALSE
708,"uniform_l_31_mid.csv","uniform_v_angle_1_strong.csv",1000,1000,0,208196.94151143,4,4,0.8,0.8,5,5,0.583333333333333,0.583333333333333,0.444444444444444,0.444444444444444,0.571428571428571,0.571428571428571,0.691666666666667,0.691666666666667,0.349933856183856,0.349933856183856,0,TRUE,TRUE,FALSE,FALSE,FALSE,"red;blue;green;l_21","red;blue;green;l_21","vis_2;ir_1;current;vis_1;vis_3","vis_2;ir_1;current;vis_1;vis_3","","","","","ok","",TRUE
715,"uniform_l_32_mid.csv","uniform_osr_angle_1_weak.csv",1000,1000,0,37709.7918395402,4,4,0.8,0.8,5,5,0.583333333333333,0.583333333333333,0.444444444444444,0.444444444444444,0.571428571428571,0.571428571428571,0.691666666666667,0.691666666666667,0.349933856183856,0.349933856183856,0,TRUE,TRUE,FALSE,FALSE,FALSE,"red;blue;green;l_22","red;blue;green;l_22","vis_2;ir_1;vis_1;vis_3;current","vis_2;ir_1;vis_1;vis_3;current","","","","","ok","",TRUE
716,"uniform_l_32_mid.csv","uniform_osr_angle_2_mid.csv",1000,1000,0,90680.7348755622,4,4,0.8,0.8,5,5,0.583333333333333,0.583333333333333,0.444444444444444,0.444444444444444,0.571428571428571,0.571428571428571,0.691666666666667,0.691666666666667,0.349933856183856,0.349933856183856,0,TRUE,TRUE,FALSE,FALSE,FALSE,"red;blue;green;l_21","red;blue;green;l_21","vis_2;vis_1;current;vis_3;ir_1","vis_2;vis_1;current;vis_3;ir_1","","","","","ok","",TRUE
734,"uniform_l_32_mid.csv","uniform_t_vis_1_mid.csv",1000,1000,0.08,41419.5471631124,3,4,0.6,0.8,5,5,0.583333333333333,0.583333333333333,0.375,0.444444444444444,0.461538461538462,0.571428571428571,0.591666666666667,0.691666666666667,0.167359670348801,0.349933856183856,0,FALSE,FALSE,FALSE,FALSE,FALSE,"red;blue;green","red;blue;green;l_21","vis_2;vis_3;current;ir_3;pol_1","vis_2;vis_3;current;ir_3;pol_1","","l_21","","","ok","",FALSE
736,"uniform_l_32_mid.csv","uniform_t_vis_1_weak.csv",1000,1000,0.1,50355.0723816042,4,4,0.8,0.8,5,5,0.583333333333333,0.583333333333333,0.444444444444444,0.444444444444444,0.571428571428571,0.571428571428571,0.691666666666667,0.691666666666667,0.349933856183856,0.349933856183856,0,TRUE,TRUE,FALSE,FALSE,FALSE,"red;blue;green;l_21","red;blue;green;l_21","vis_2;vis_3;current;pol_1;ir_1","vis_2;vis_3;current;pol_1;ir_1","","","","","ok","",FALSE
748,"uniform_l_32_mid.csv","uniform_v_c_strong.csv",1000,1000,0,60315.3748863767,4,4,0.8,0.8,5,5,0.583333333333333,0.583333333333333,0.444444444444444,0.444444444444444,0.571428571428571,0.571428571428571,0.691666666666667,0.691666666666667,0.349933856183856,0.349933856183856,0,TRUE,TRUE,FALSE,FALSE,FALSE,"red;blue;green;l_21","red;blue;green;l_21","vis_2;current;vis_3;vis_1;ir_1","vis_2;current;vis_3;vis_1;ir_1","","","","","ok","",TRUE
779,"uniform_osr_angle_1_mid.csv","uniform_v_angle_1_strong.csv",1000,1000,0.21,67687.2932126435,4,4,0.8,0.8,5,5,0.583333333333333,0.583333333333333,0.444444444444444,0.444444444444444,0.571428571428571,0.571428571428571,0.691666666666667,0.691666666666667,0.349933856183856,0.349933856183856,0,TRUE,TRUE,FALSE,FALSE,FALSE,"red;blue;green;l_22","red;blue;green;l_22","vis_2;vis_3;current;vis_1;ir_1","vis_2;vis_3;current;vis_1;ir_1","","","","","ok","",FALSE
787,"uniform_osr_angle_1_strong.csv","uniform_osr_angle_2_weak.csv",1000,1000,0,71512.0208619727,4,4,0.8,0.8,5,5,0.583333333333333,0.583333333333333,0.444444444444444,0.444444444444444,0.571428571428571,0.571428571428571,0.691666666666667,0.691666666666667,0.349933856183856,0.349933856183856,0,TRUE,TRUE,FALSE,FALSE,FALSE,"red;blue;green;l_21","red;blue;green;l_21","vis_2;ir_1;vis_1;current;ir_3","vis_2;ir_1;vis_1;current;ir_3","","","","","ok","",TRUE
791,"uniform_osr_angle_1_strong.csv","uniform_pol_1_mid.csv",1000,1000,0,37903.0048745973,4,4,0.8,0.8,5,5,0.583333333333333,0.583333333333333,0.444444444444444,0.444444444444444,0.571428571428571,0.571428571428571,0.691666666666667,0.691666666666667,0.349933856183856,0.349933856183856,0,TRUE,TRUE,FALSE,FALSE,FALSE,"red;blue;green;l_22","red;blue;green;l_22","vis_2;vis_1;ir_1;ir_3;current","vis_2;vis_1;ir_1;ir_3;current","","","","","ok","",TRUE
792,"uniform_osr_angle_1_strong.csv","uniform_pol_1_strong.csv",1000,1000,0,40268.2479657187,4,4,0.8,0.8,5,5,0.583333333333333,0.583333333333333,0.444444444444444,0.444444444444444,0.571428571428571,0.571428571428571,0.691666666666667,0.691666666666667,0.349933856183856,0.349933856183856,0,TRUE,TRUE,FALSE,FALSE,FALSE,"red;blue;green;l_22","red;blue;green;l_22","vis_2;vis_1;current;vis_3;ir_3","vis_2;vis_1;current;vis_3;ir_3","","","","","ok","",TRUE
796,"uniform_osr_angle_1_strong.csv","uniform_red_strong.csv",1000,1000,0,29487.0218923823,4,4,0.8,0.8,5,5,0.583333333333333,0.583333333333333,0.444444444444444,0.444444444444444,0.571428571428571,0.571428571428571,0.691666666666667,0.691666666666667,0.349933856183856,0.349933856183856,0,TRUE,TRUE,FALSE,FALSE,FALSE,"red;blue;green;l_22","red;blue;green;l_22","vis_2;ir_1;vis_1;l_12;current","vis_2;ir_1;vis_1;l_12;current","","","","","ok","",TRUE
838,"uniform_osr_angle_1_weak.csv","uniform_t_vis_1_weak.csv",1000,1000,0,49478.002432863,4,4,0.8,0.8,5,5,0.583333333333333,0.583333333333333,0.444444444444444,0.444444444444444,0.571428571428571,0.571428571428571,0.691666666666667,0.691666666666667,0.349933856183856,0.349933856183856,0,TRUE,TRUE,FALSE,FALSE,FALSE,"red;blue;green;l_22","red;blue;green;l_22","vis_2;vis_3;ir_1;vis_1;pol_1","vis_2;vis_3;ir_1;vis_1;pol_1","","","","","ok","",TRUE
842,"uniform_osr_angle_1_weak.csv","uniform_t_vis_3_mid.csv",1000,1000,0,31377.3668958724,4,4,0.8,0.8,5,5,0.583333333333333,0.583333333333333,0.444444444444444,0.444444444444444,0.571428571428571,0.571428571428571,0.691666666666667,0.691666666666667,0.349933856183856,0.349933856183856,0,TRUE,TRUE,FALSE,FALSE,FALSE,"red;blue;green;l_22","red;blue;green;l_22","vis_2;current;ir_1;vis_1;ir_3","vis_2;current;ir_1;vis_1;ir_3","","","","","ok","",TRUE
844,"uniform_osr_angle_1_weak.csv","uniform_t_vis_3_weak.csv",1000,1000,0,51367.6938696866,4,4,0.8,0.8,5,5,0.583333333333333,0.583333333333333,0.444444444444444,0.444444444444444,0.571428571428571,0.571428571428571,0.691666666666667,0.691666666666667,0.349933856183856,0.349933856183856,0,TRUE,TRUE,FALSE,FALSE,FALSE,"red;blue;green;l_21","red;blue;green;l_21","vis_2;ir_1;vis_1;vis_3;ir_3","vis_2;ir_1;vis_1;vis_3;ir_3","","","","","ok","",TRUE
898,"uniform_osr_angle_2_strong.csv","uniform_t_ir_3_weak.csv",1000,1000,0,191272.481257737,4,4,0.8,0.8,5,5,0.583333333333333,0.583333333333333,0.444444444444444,0.444444444444444,0.571428571428571,0.571428571428571,0.691666666666667,0.691666666666667,0.349933856183856,0.349933856183856,0,TRUE,TRUE,FALSE,FALSE,FALSE,"red;blue;green;l_21","red;blue;green;l_21","vis_2;vis_3;ir_1;vis_1;current","vis_2;vis_3;ir_1;vis_1;current","","","","","ok","",TRUE
905,"uniform_osr_angle_2_strong.csv","uniform_t_vis_3_mid.csv",1000,1000,0,51904.8113861515,4,4,0.8,0.8,5,5,0.583333333333333,0.583333333333333,0.444444444444444,0.444444444444444,0.571428571428571,0.571428571428571,0.691666666666667,0.691666666666667,0.349933856183856,0.349933856183856,0,TRUE,TRUE,FALSE,FALSE,FALSE,"red;blue;green;l_22","red;blue;green;l_22","vis_2;vis_1;current;ir_1;ir_3","vis_2;vis_1;current;ir_1;ir_3","","","","","ok","",TRUE
913,"uniform_osr_angle_2_strong.csv","uniform_v_c_strong.csv",1000,1000,0,86190.8753595072,4,4,0.8,0.8,5,5,0.583333333333333,0.583333333333333,0.444444444444444,0.444444444444444,0.571428571428571,0.571428571428571,0.691666666666667,0.691666666666667,0.349933856183856,0.349933856183856,0,TRUE,TRUE,FALSE,FALSE,FALSE,"red;blue;green;l_21","red;blue;green;l_21","vis_2;vis_3;ir_3;vis_1;current","vis_2;vis_3;ir_3;vis_1;current","","","","","ok","",TRUE
916,"uniform_osr_angle_2_weak.csv","uniform_osr_c_weak.csv",1000,1000,0,62761.2091452694,4,4,0.8,0.8,5,5,0.583333333333333,0.583333333333333,0.444444444444444,0.444444444444444,0.571428571428571,0.571428571428571,0.691666666666667,0.691666666666667,0.349933856183856,0.349933856183856,0,TRUE,TRUE,FALSE,FALSE,FALSE,"red;blue;green;l_21","red;blue;green;l_21","vis_2;vis_1;ir_3;pol_1;current","vis_2;vis_1;ir_3;pol_1;current","","","","","ok","",TRUE
924,"uniform_osr_angle_2_weak.csv","uniform_t_ir_1_strong.csv",1000,1000,0,98384.1431690662,4,4,0.8,0.8,5,5,0.583333333333333,0.583333333333333,0.444444444444444,0.444444444444444,0.571428571428571,0.571428571428571,0.691666666666667,0.691666666666667,0.349933856183856,0.349933856183856,0,TRUE,TRUE,FALSE,FALSE,FALSE,"red;blue;green;l_21","red;blue;green;l_21","vis_2;vis_1;ir_1;current;ir_3","vis_2;vis_1;ir_1;current;ir_3","","","","","ok","",TRUE
928,"uniform_osr_angle_2_weak.csv","uniform_t_ir_3_weak.csv",1000,1000,0,33726.2358919058,4,4,0.8,0.8,5,5,0.583333333333333,0.583333333333333,0.444444444444444,0.444444444444444,0.571428571428571,0.571428571428571,0.691666666666667,0.691666666666667,0.349933856183856,0.349933856183856,0,TRUE,TRUE,FALSE,FALSE,FALSE,"red;blue;green;l_21","red;blue;green;l_21","vis_2;ir_1;vis_1;vis_3;l_32","vis_2;ir_1;vis_1;vis_3;l_32","","","","","ok","",TRUE
929,"uniform_osr_angle_2_weak.csv","uniform_t_vis_1_mid.csv",1000,1000,0.37,36130.3488834171,4,4,0.8,0.8,5,5,0.583333333333333,0.583333333333333,0.444444444444444,0.444444444444444,0.571428571428571,0.571428571428571,0.691666666666667,0.691666666666667,0.349933856183856,0.349933856183856,0,TRUE,TRUE,FALSE,FALSE,FALSE,"red;blue;green;l_21","red;blue;green;l_21","vis_2;current;vis_3;ir_3;ir_1","vis_2;current;vis_3;ir_3;l_31","","","ir_1","l_31","ok","",FALSE
936,"uniform_osr_angle_2_weak.csv","uniform_t_vis_3_strong.csv",1000,1000,0.14,56478.7706725718,4,4,0.8,0.8,5,5,0.583333333333333,0.583333333333333,0.444444444444444,0.444444444444444,0.571428571428571,0.571428571428571,0.691666666666667,0.691666666666667,0.349933856183856,0.349933856183856,0,TRUE,TRUE,FALSE,FALSE,FALSE,"red;blue;green;l_21","red;blue;green;l_21","vis_2;ir_1;vis_1;ir_3;current","vis_2;ir_1;vis_1;ir_3;current","","","","","ok","",FALSE
1008,"uniform_osr_c_weak.csv","uniform_t_ir_1_strong.csv",1000,1000,0,35230.3403559317,4,4,0.8,0.8,5,5,0.583333333333333,0.583333333333333,0.444444444444444,0.444444444444444,0.571428571428571,0.571428571428571,0.691666666666667,0.691666666666667,0.349933856183856,0.349933856183856,0,TRUE,TRUE,FALSE,FALSE,FALSE,"red;blue;green;l_21","red;blue;green;l_21","vis_2;vis_3;vis_1;ir_1;ir_3","vis_2;vis_3;vis_1;ir_1;ir_3","","","","","ok","",TRUE
1021,"uniform_osr_c_weak.csv","uniform_t_vis_3_weak.csv",1000,1000,0,107568.854022387,4,4,0.8,0.8,5,5,0.583333333333333,0.583333333333333,0.444444444444444,0.444444444444444,0.571428571428571,0.571428571428571,0.691666666666667,0.691666666666667,0.349933856183856,0.349933856183856,0,TRUE,TRUE,FALSE,FALSE,FALSE,"red;blue;green;l_21","red;blue;green;l_21","vis_2;vis_1;vis_3;ir_1;ir_3","vis_2;vis_1;vis_3;ir_1;ir_3","","","","","ok","",TRUE
1115,"uniform_pol_2_strong.csv","uniform_t_vis_2_strong.csv",1000,1000,0.1,149678.840099686,4,4,0.8,0.8,5,5,0.583333333333333,0.583333333333333,0.444444444444444,0.444444444444444,0.571428571428571,0.571428571428571,0.691666666666667,0.691666666666667,0.349933856183856,0.349933856183856,0,TRUE,TRUE,FALSE,FALSE,FALSE,"red;green;blue;l_21","red;green;blue;l_21","vis_2;vis_3;pol_2;current;ir_1","vis_2;vis_3;pol_2;current;ir_1","","","","","ok","",FALSE
1162,"uniform_red_strong.csv","uniform_t_vis_3_weak.csv",1000,1000,0.17,37302.9697818395,4,4,0.8,0.8,5,5,0.583333333333333,0.583333333333333,0.444444444444444,0.444444444444444,0.571428571428571,0.571428571428571,0.691666666666667,0.691666666666667,0.349933856183856,0.349933856183856,0,TRUE,TRUE,FALSE,FALSE,FALSE,"red;blue;green;l_22","red;blue;green;l_22","vis_2;vis_3;ir_1;ir_3;vis_1","vis_2;vis_3;ir_1;ir_3;vis_1","","","","","ok","",FALSE
1164,"uniform_red_strong.csv","uniform_v_angle_1_strong.csv",1000,1000,0.15,31693.749322398,4,4,0.8,0.8,5,5,0.583333333333333,0.583333333333333,0.444444444444444,0.444444444444444,0.571428571428571,0.571428571428571,0.691666666666667,0.691666666666667,0.349933856183856,0.349933856183856,0,TRUE,TRUE,FALSE,FALSE,FALSE,"red;blue;green;l_22","red;blue;green;l_22","vis_2;ir_1;ir_3;vis_3;vis_1","vis_2;ir_1;ir_3;vis_3;vis_1","","","","","ok","",FALSE
1203,"uniform_t_ir_1_strong.csv","uniform_v_angle_1_strong.csv",1000,1000,0.08,58400.6122014071,4,4,0.8,0.8,5,5,0.583333333333333,0.583333333333333,0.444444444444444,0.444444444444444,0.571428571428571,0.571428571428571,0.691666666666667,0.691666666666667,0.349933856183856,0.349933856183856,0,TRUE,TRUE,FALSE,FALSE,FALSE,"red;blue;green;l_21","red;blue;green;l_21","vis_2;vis_3;current;l_11;pol_2","vis_2;vis_3;current;l_11;pol_2","","","","","ok","",FALSE
1219,"uniform_t_ir_1_weak.csv","uniform_t_vis_3_weak.csv",1000,1000,0,131849.76327427,4,4,0.8,0.8,5,5,0.583333333333333,0.583333333333333,0.444444444444444,0.444444444444444,0.571428571428571,0.571428571428571,0.691666666666667,0.691666666666667,0.349933856183856,0.349933856183856,0,TRUE,TRUE,FALSE,FALSE,FALSE,"red;blue;green;l_21","red;blue;green;l_21","vis_2;vis_1;ir_1;current;pol_1","vis_2;vis_1;ir_1;current;pol_1","","","","","ok","",TRUE
1281,"uniform_t_vis_1_mid.csv","uniform_t_vis_3_weak.csv",1000,1000,0,55559.2834956565,4,4,0.8,0.8,5,5,0.583333333333333,0.583333333333333,0.444444444444444,0.444444444444444,0.571428571428571,0.571428571428571,0.691666666666667,0.691666666666667,0.349933856183856,0.349933856183856,0,TRUE,TRUE,FALSE,FALSE,FALSE,"red;blue;green;l_22","red;blue;green;l_22","vis_2;ir_1;current;vis_3;pol_1","vis_2;ir_1;current;vis_3;pol_1","","","","","ok","",TRUE
1347,"uniform_t_vis_3_mid.csv","uniform_v_angle_2_mid.csv",1000,1000,0.02,54024.0660756302,4,4,0.8,0.8,5,5,0.583333333333333,0.583333333333333,0.444444444444444,0.444444444444444,0.571428571428571,0.571428571428571,0.691666666666667,0.691666666666667,0.349933856183856,0.349933856183856,0,TRUE,TRUE,FALSE,FALSE,FALSE,"red;blue;green;l_22","red;blue;green;l_22","vis_2;ir_1;current;vis_1;ir_3","vis_2;ir_1;current;vis_1;ir_3","","","","","ok","",FALSE
1348,"uniform_t_vis_3_mid.csv","uniform_v_angle_2_strong.csv",1000,1000,0,30479.5515320416,4,4,0.8,0.8,5,5,0.583333333333333,0.583333333333333,0.444444444444444,0.444444444444444,0.571428571428571,0.571428571428571,0.691666666666667,0.691666666666667,0.349933856183856,0.349933856183856,0,TRUE,TRUE,FALSE,FALSE,FALSE,"red;blue;green;l_22","red;blue;green;l_22","vis_2;current;vis_1;ir_1;pol_2","vis_2;current;vis_1;ir_1;pol_2","","","","","ok","",TRUE
1359,"uniform_t_vis_3_weak.csv","uniform_v_angle_1_strong.csv",1000,1000,0,47620.5775699353,4,4,0.8,0.8,5,5,0.583333333333333,0.583333333333333,0.444444444444444,0.444444444444444,0.571428571428571,0.571428571428571,0.691666666666667,0.691666666666667,0.349933856183856,0.349933856183856,0,TRUE,TRUE,FALSE,FALSE,FALSE,"red;blue;green;l_22","red;blue;green;l_22","vis_2;ir_1;vis_1;vis_3;current","vis_2;ir_1;vis_1;vis_3;current","","","","","ok","",TRUE
72,"uniform_blue_strong.csv","uniform_osr_angle_2_strong.csv",1000,1000,0.4,54397.2109088372,3,4,0.6,0.8,6,6,0.5,0.5,0.333333333333333,0.4,0.428571428571429,0.533333333333333,0.55,0.65,0.0912870929175277,0.277746029931765,0,FALSE,FALSE,FALSE,FALSE,FALSE,"red;green;blue","red;green;blue;l_21","vis_2;vis_1;vis_3;ir_1;ir_3;current","vis_2;vis_1;vis_3;ir_1;ir_3;current","","l_21","","","ok","",FALSE
115,"uniform_diode_ir_1_mid.csv","uniform_l_22_mid.csv",1000,1000,0,47815.5599144303,4,4,0.8,0.8,6,6,0.5,0.5,0.4,0.4,0.533333333333333,0.533333333333333,0.65,0.65,0.277746029931765,0.277746029931765,0,TRUE,TRUE,FALSE,FALSE,FALSE,"red;blue;green;l_22","red;blue;green;l_22","vis_2;vis_3;current;ir_1;vis_1;ir_3","vis_2;vis_3;current;ir_1;vis_1;ir_3","","","","","ok","",TRUE
211,"uniform_diode_ir_3_mid.csv","uniform_l_21_mid.csv",1000,1000,0.09,41081.4280164719,4,4,0.8,0.8,6,6,0.5,0.5,0.4,0.4,0.533333333333333,0.533333333333333,0.65,0.65,0.277746029931765,0.277746029931765,0,TRUE,TRUE,FALSE,FALSE,FALSE,"red;l_21;blue;green","red;l_21;blue;green","vis_2;vis_3;ir_1;current;vis_1;ir_3","vis_2;vis_3;ir_1;current;vis_1;ir_3","","","","","ok","",FALSE
299,"uniform_diode_vis_1_mid.csv","uniform_diode_vis_3_mid.csv",1000,1000,0,41501.0817799174,4,4,0.8,0.8,6,6,0.5,0.5,0.4,0.4,0.533333333333333,0.533333333333333,0.65,0.65,0.277746029931765,0.277746029931765,0,TRUE,TRUE,FALSE,FALSE,FALSE,"red;blue;green;l_21","red;blue;green;l_21","vis_2;pol_2;vis_3;current;ir_3;ir_1","vis_2;pol_2;vis_3;current;ir_3;ir_1","","","","","ok","",TRUE
304,"uniform_diode_vis_1_mid.csv","uniform_l_21_mid.csv",1000,1000,0.26,32207.8565432228,4,4,0.8,0.8,6,6,0.5,0.5,0.4,0.4,0.533333333333333,0.533333333333333,0.65,0.65,0.277746029931765,0.277746029931765,0,TRUE,TRUE,FALSE,FALSE,FALSE,"red;l_21;blue;green","red;l_21;blue;green","vis_2;vis_3;vis_1;current;l_12;ir_3","vis_2;vis_3;vis_1;current;l_12;ir_3","","","","","ok","",FALSE
305,"uniform_diode_vis_1_mid.csv","uniform_l_22_mid.csv",1000,1000,0.08,33070.5504296183,4,4,0.8,0.8,6,6,0.5,0.5,0.4,0.4,0.533333333333333,0.533333333333333,0.65,0.65,0.277746029931765,0.277746029931765,0,TRUE,TRUE,FALSE,FALSE,FALSE,"red;blue;green;l_22","red;blue;green;l_22","vis_2;ir_1;vis_3;vis_1;ir_3;pol_2","vis_2;ir_1;vis_3;vis_1;ir_3;pol_2","","","","","ok","",FALSE
313,"uniform_diode_vis_1_mid.csv","uniform_osr_angle_2_weak.csv",1000,1000,0,60949.0090064284,4,4,0.8,0.8,6,6,0.5,0.5,0.4,0.4,0.533333333333333,0.533333333333333,0.65,0.65,0.277746029931765,0.277746029931765,0,TRUE,TRUE,FALSE,FALSE,FALSE,"red;blue;green;l_21","red;blue;green;l_21","vis_2;ir_1;vis_3;ir_3;current;l_12","vis_2;ir_1;vis_3;ir_3;current;l_12","","","","","ok","",TRUE
363,"uniform_diode_vis_2_mid.csv","uniform_pol_1_strong.csv",1000,1000,0.26,69996.5033564306,3,4,0.6,0.8,6,6,0.5,0.5,0.333333333333333,0.4,0.428571428571429,0.533333333333333,0.55,0.65,0.0912870929175277,0.277746029931765,0,FALSE,FALSE,FALSE,FALSE,FALSE,"red;green;blue","red;green;blue;l_22","vis_2;pol_1;vis_1;vis_3;ir_3;pol_2","vis_2;pol_1;vis_1;vis_3;ir_3;pol_2","","l_22","","","ok","",FALSE
416,"uniform_diode_vis_3_mid.csv","uniform_t_ir_3_strong.csv",1000,1000,0,93358.829062397,4,4,0.8,0.8,6,6,0.5,0.5,0.4,0.4,0.533333333333333,0.533333333333333,0.65,0.65,0.277746029931765,0.277746029931765,0,TRUE,TRUE,FALSE,FALSE,FALSE,"red;blue;green;l_21","red;blue;green;l_21","vis_2;vis_3;vis_1;pol_2;ir_1;current","vis_2;vis_3;vis_1;pol_2;ir_1;current","","","","","ok","",TRUE
520,"uniform_l_11_mid.csv","uniform_l_22_mid.csv",1000,1000,0,56543.4285249712,4,4,0.8,0.8,6,6,0.5,0.5,0.4,0.4,0.533333333333333,0.533333333333333,0.65,0.65,0.277746029931765,0.277746029931765,0,TRUE,TRUE,FALSE,FALSE,FALSE,"red;blue;green;l_22","red;blue;green;l_22","vis_2;ir_1;vis_3;vis_1;ir_3;current","vis_2;ir_1;vis_3;vis_1;ir_3;current","","","","","ok","",TRUE
601,"uniform_l_21_mid.csv","uniform_l_32_mid.csv",1000,1000,0,43316.5700536519,4,4,0.8,0.8,6,6,0.5,0.5,0.4,0.4,0.533333333333333,0.533333333333333,0.65,0.65,0.277746029931765,0.277746029931765,0,TRUE,TRUE,FALSE,FALSE,FALSE,"red;blue;l_21;green","red;blue;l_21;green","vis_2;current;vis_3;ir_1;vis_1;ir_3","vis_2;current;vis_3;ir_1;vis_1;ir_3","","","","","ok","",TRUE
602,"uniform_l_21_mid.csv","uniform_osr_angle_1_mid.csv",1000,1000,0,124655.47622713,4,4,0.8,0.8,6,6,0.5,0.5,0.4,0.4,0.533333333333333,0.533333333333333,0.65,0.65,0.277746029931765,0.277746029931765,0,TRUE,TRUE,FALSE,FALSE,FALSE,"red;l_21;blue;green","red;l_21;blue;green","vis_2;current;vis_3;ir_1;vis_1;ir_3","vis_2;current;vis_3;ir_1;vis_1;ir_3","","","","","ok","",TRUE
603,"uniform_l_21_mid.csv","uniform_osr_angle_1_strong.csv",1000,1000,0,66622.8802244438,4,4,0.8,0.8,6,6,0.5,0.5,0.4,0.4,0.533333333333333,0.533333333333333,0.65,0.65,0.277746029931765,0.277746029931765,0,TRUE,TRUE,FALSE,FALSE,FALSE,"red;l_21;blue;green","red;l_21;blue;green","vis_2;vis_3;current;vis_1;ir_1;l_12","vis_2;vis_3;current;vis_1;ir_1;l_12","","","","","ok","",TRUE
608,"uniform_l_21_mid.csv","uniform_osr_c_mid.csv",1000,1000,0.04,56063.9920280813,4,4,0.8,0.8,6,6,0.5,0.5,0.4,0.4,0.533333333333333,0.533333333333333,0.65,0.65,0.277746029931765,0.277746029931765,0,TRUE,TRUE,FALSE,FALSE,FALSE,"red;l_21;blue;green","red;l_21;blue;green","vis_2;current;vis_1;vis_3;ir_3;ir_1","vis_2;current;vis_1;vis_3;ir_3;ir_1","","","","","ok","",FALSE
609,"uniform_l_21_mid.csv","uniform_osr_c_strong.csv",1000,1000,0,49370.7693251878,4,4,0.8,0.8,6,6,0.5,0.5,0.4,0.4,0.533333333333333,0.533333333333333,0.65,0.65,0.277746029931765,0.277746029931765,0,TRUE,TRUE,FALSE,FALSE,FALSE,"red;l_21;blue;green","red;l_21;blue;green","vis_2;current;vis_1;vis_3;ir_1;ir_3","vis_2;current;vis_1;vis_3;ir_1;ir_3","","","","","ok","",TRUE
638,"uniform_l_22_mid.csv","uniform_l_31_mid.csv",1000,1000,0.24,37369.6838280418,4,4,0.8,0.8,6,6,0.5,0.5,0.4,0.4,0.533333333333333,0.533333333333333,0.65,0.65,0.277746029931765,0.277746029931765,0,TRUE,TRUE,FALSE,FALSE,FALSE,"red;blue;green;l_22","red;blue;green;l_22","vis_2;vis_1;ir_1;vis_3;current;l_11","vis_2;vis_1;ir_1;vis_3;current;l_11","","","","","ok","",FALSE
643,"uniform_l_22_mid.csv","uniform_osr_angle_2_mid.csv",1000,1000,0,39643.803437919,4,4,0.8,0.8,6,6,0.5,0.5,0.4,0.4,0.533333333333333,0.533333333333333,0.65,0.65,0.277746029931765,0.277746029931765,0,TRUE,TRUE,FALSE,FALSE,FALSE,"red;blue;green;l_22","red;blue;green;l_22","vis_2;vis_1;ir_1;vis_3;current;ir_3","vis_2;vis_1;ir_1;vis_3;current;ir_3","","","","","ok","",TRUE
662,"uniform_l_22_mid.csv","uniform_t_vis_1_strong.csv",1000,1000,0,49370.3482333582,4,4,0.8,0.8,6,6,0.5,0.5,0.4,0.4,0.533333333333333,0.533333333333333,0.65,0.65,0.277746029931765,0.277746029931765,0,TRUE,TRUE,FALSE,FALSE,FALSE,"red;blue;green;l_22","red;blue;green;l_22","vis_2;vis_3;ir_1;l_11;vis_1;current","vis_2;vis_3;ir_1;l_11;vis_1;current","","","","","ok","",TRUE
669,"uniform_l_22_mid.csv","uniform_t_vis_3_weak.csv",1000,1000,0,97881.3239480102,4,4,0.8,0.8,6,6,0.5,0.5,0.4,0.4,0.533333333333333,0.533333333333333,0.65,0.65,0.277746029931765,0.277746029931765,0,TRUE,TRUE,FALSE,FALSE,FALSE,"red;blue;green;l_22","red;blue;green;l_22","vis_2;ir_1;vis_1;vis_3;ir_3;current","vis_2;ir_1;vis_1;vis_3;ir_3;current","","","","","ok","",TRUE
670,"uniform_l_22_mid.csv","uniform_v_angle_1_mid.csv",1000,1000,0,46448.6087610535,4,4,0.8,0.8,6,6,0.5,0.5,0.4,0.4,0.533333333333333,0.533333333333333,0.65,0.65,0.277746029931765,0.277746029931765,0,TRUE,TRUE,FALSE,FALSE,FALSE,"red;blue;green;l_22","red;blue;green;l_22","vis_2;ir_1;vis_1;current;vis_3;ir_3","vis_2;ir_1;vis_1;current;vis_3;ir_3","","","","","ok","",TRUE
699,"uniform_l_31_mid.csv","uniform_t_vis_1_strong.csv",1000,1000,0,51230.3519557107,4,4,0.8,0.8,6,6,0.5,0.5,0.4,0.4,0.533333333333333,0.533333333333333,0.65,0.65,0.277746029931765,0.277746029931765,0,TRUE,TRUE,FALSE,FALSE,FALSE,"red;blue;green;l_21","red;blue;green;l_21","vis_2;vis_3;current;ir_1;l_11;ir_3","vis_2;vis_3;current;ir_1;l_11;ir_3","","","","","ok","",TRUE
719,"uniform_l_32_mid.csv","uniform_osr_c_mid.csv",1000,1000,0.11,36684.8563752403,3,4,0.6,0.8,6,6,0.5,0.5,0.333333333333333,0.4,0.428571428571429,0.533333333333333,0.55,0.65,0.0912870929175277,0.277746029931765,0,FALSE,FALSE,FALSE,FALSE,FALSE,"red;blue;green","red;blue;green;l_21","vis_2;vis_3;ir_3;vis_1;current;ir_1","vis_2;vis_3;ir_3;vis_1;current;ir_1","","l_21","","","ok","",FALSE
721,"uniform_l_32_mid.csv","uniform_osr_c_weak.csv",1000,1000,0.04,470363.034574655,4,4,0.8,0.8,6,6,0.5,0.5,0.4,0.4,0.533333333333333,0.533333333333333,0.65,0.65,0.277746029931765,0.277746029931765,0,TRUE,TRUE,FALSE,FALSE,FALSE,"red;blue;green;l_21","red;blue;green;l_21","vis_2;vis_1;current;vis_3;l_11;l_31","vis_2;vis_1;current;vis_3;l_11;l_31","","","","","ok","",FALSE
730,"uniform_l_32_mid.csv","uniform_t_ir_1_weak.csv",1000,1000,0.12,51271.3661344877,4,4,0.8,0.8,6,6,0.5,0.5,0.4,0.4,0.533333333333333,0.533333333333333,0.65,0.65,0.277746029931765,0.277746029931765,0,TRUE,TRUE,FALSE,FALSE,FALSE,"red;blue;green;l_22","red;blue;green;l_22","vis_2;current;vis_1;pol_1;ir_1;vis_3","vis_2;current;vis_1;pol_1;ir_1;vis_3","","","","","ok","",FALSE
784,"uniform_osr_angle_1_strong.csv","uniform_osr_angle_1_weak.csv",1000,1000,0,41620.9202916329,4,4,0.8,0.8,6,6,0.5,0.5,0.4,0.4,0.533333333333333,0.533333333333333,0.65,0.65,0.277746029931765,0.277746029931765,0,TRUE,TRUE,FALSE,FALSE,FALSE,"red;blue;green;l_22","red;blue;green;l_22","vis_2;vis_1;ir_1;vis_3;ir_3;current","vis_2;vis_1;ir_1;vis_3;ir_3;current","","","","","ok","",TRUE
790,"uniform_osr_angle_1_strong.csv","uniform_osr_c_weak.csv",1000,1000,0.09,45741.9440453539,3,4,0.6,0.8,6,6,0.5,0.5,0.333333333333333,0.4,0.428571428571429,0.533333333333333,0.55,0.65,0.0912870929175277,0.277746029931765,0,FALSE,FALSE,FALSE,FALSE,FALSE,"red;blue;green","red;blue;green;l_21","vis_2;ir_3;ir_1;vis_1;vis_3;l_31","vis_2;ir_3;ir_1;vis_1;vis_3;l_31","","l_21","","","ok","",FALSE
813,"uniform_osr_angle_1_strong.csv","uniform_v_angle_1_strong.csv",1000,1000,0,390819.599629777,4,4,0.8,0.8,6,6,0.5,0.5,0.4,0.4,0.533333333333333,0.533333333333333,0.65,0.65,0.277746029931765,0.277746029931765,0,TRUE,TRUE,FALSE,FALSE,FALSE,"red;blue;green;l_22","red;blue;green;l_22","vis_2;current;vis_3;ir_1;vis_1;l_12","vis_2;current;vis_3;ir_1;vis_1;l_12","","","","","ok","",TRUE
819,"uniform_osr_angle_1_weak.csv","uniform_osr_angle_2_strong.csv",1000,1000,0.06,38511.2475441977,4,4,0.8,0.8,6,6,0.5,0.5,0.4,0.4,0.533333333333333,0.533333333333333,0.65,0.65,0.277746029931765,0.277746029931765,0,TRUE,TRUE,FALSE,FALSE,FALSE,"red;blue;green;l_22","red;blue;green;l_22","vis_2;vis_3;ir_3;ir_1;vis_1;current","vis_2;vis_3;ir_3;ir_1;vis_1;current","","","","","ok","",FALSE
894,"uniform_osr_angle_2_strong.csv","uniform_t_ir_1_strong.csv",1000,1000,0,40573.1044739678,4,4,0.8,0.8,6,6,0.5,0.5,0.4,0.4,0.533333333333333,0.533333333333333,0.65,0.65,0.277746029931765,0.277746029931765,0,TRUE,TRUE,FALSE,FALSE,FALSE,"red;blue;green;l_21","red;blue;green;l_21","vis_2;vis_3;ir_3;l_31;vis_1;current","vis_2;vis_3;ir_3;l_31;vis_1;current","","","","","ok","",TRUE
908,"uniform_osr_angle_2_strong.csv","uniform_v_angle_1_mid.csv",1000,1000,0,68167.239632103,4,4,0.8,0.8,6,6,0.5,0.5,0.4,0.4,0.533333333333333,0.533333333333333,0.65,0.65,0.277746029931765,0.277746029931765,0,TRUE,TRUE,FALSE,FALSE,FALSE,"red;blue;green;l_22","red;blue;green;l_22","vis_2;ir_1;vis_3;ir_3;current;vis_1","vis_2;ir_1;vis_3;ir_3;current;vis_1","","","","","ok","",TRUE
935,"uniform_osr_angle_2_weak.csv","uniform_t_vis_3_mid.csv",1000,1000,0,27502.4567564111,4,4,0.8,0.8,6,6,0.5,0.5,0.4,0.4,0.533333333333333,0.533333333333333,0.65,0.65,0.277746029931765,0.277746029931765,0,TRUE,TRUE,FALSE,FALSE,FALSE,"red;blue;green;l_21","red;blue;green;l_21","vis_2;current;vis_1;ir_1;vis_3;pol_2","vis_2;current;vis_1;ir_1;vis_3;pol_2","","","","","ok","",TRUE
1043,"uniform_pol_1_mid.csv","uniform_t_vis_2_strong.csv",1000,1000,0.01,261031.828386352,4,4,0.8,0.8,6,6,0.5,0.5,0.4,0.4,0.533333333333333,0.533333333333333,0.65,0.65,0.277746029931765,0.277746029931765,0,TRUE,TRUE,FALSE,FALSE,FALSE,"red;green;blue;l_22","red;green;blue;l_22","vis_2;vis_3;vis_1;current;ir_1;pol_1","vis_2;vis_3;vis_1;current;ir_1;pol_1","","","","","ok","",FALSE
1045,"uniform_pol_1_mid.csv","uniform_t_vis_3_mid.csv",1000,1000,0.06,66092.8428441362,4,4,0.8,0.8,6,6,0.5,0.5,0.4,0.4,0.533333333333333,0.533333333333333,0.65,0.65,0.277746029931765,0.277746029931765,0,TRUE,TRUE,FALSE,FALSE,FALSE,"red;blue;green;l_22","red;blue;green;l_22","vis_2;current;ir_1;vis_1;vis_3;pol_2","vis_2;current;ir_1;vis_1;vis_3;pol_2","","","","","ok","",FALSE
1160,"uniform_red_strong.csv","uniform_t_vis_3_mid.csv",1000,1000,0.04,63328.8539309409,4,4,0.8,0.8,6,6,0.5,0.5,0.4,0.4,0.533333333333333,0.533333333333333,0.65,0.65,0.277746029931765,0.277746029931765,0,TRUE,TRUE,FALSE,FALSE,FALSE,"red;blue;green;l_22","red;blue;green;l_22","vis_2;ir_1;vis_3;vis_1;ir_3;current","vis_2;ir_1;vis_3;vis_1;ir_3;current","","","","","ok","",FALSE
1223,"uniform_t_ir_1_weak.csv","uniform_v_angle_2_strong.csv",1000,1000,0,34909.9752558894,4,4,0.8,0.8,6,6,0.5,0.5,0.4,0.4,0.533333333333333,0.533333333333333,0.65,0.65,0.277746029931765,0.277746029931765,0,TRUE,TRUE,FALSE,FALSE,FALSE,"red;blue;green;l_22","red;blue;green;l_22","vis_2;vis_1;current;l_32;vis_3;ir_3","vis_2;vis_1;current;l_32;vis_3;ir_3","","","","","ok","",TRUE
1265,"uniform_t_ir_3_weak.csv","uniform_t_vis_3_mid.csv",1000,1000,0,87025.606031831,4,4,0.8,0.8,6,6,0.5,0.5,0.4,0.4,0.533333333333333,0.533333333333333,0.65,0.65,0.277746029931765,0.277746029931765,0,TRUE,TRUE,FALSE,FALSE,FALSE,"red;blue;green;l_22","red;blue;green;l_22","vis_2;ir_1;vis_1;current;ir_3;vis_3","vis_2;ir_1;vis_1;current;ir_3;vis_3","","","","","ok","",TRUE
1301,"uniform_t_vis_1_weak.csv","uniform_t_vis_2_mid.csv",1000,1000,0.33,119717.325327568,3,4,0.6,0.8,6,6,0.5,0.5,0.333333333333333,0.4,0.428571428571429,0.533333333333333,0.55,0.65,0.0912870929175277,0.277746029931765,0,FALSE,FALSE,FALSE,FALSE,FALSE,"red;green;blue","red;green;blue;l_22","vis_2;vis_1;ir_1;vis_3;ir_3;current","vis_2;vis_1;ir_1;vis_3;ir_3;current","","l_22","","","ok","",FALSE
1346,"uniform_t_vis_3_mid.csv","uniform_v_angle_1_strong.csv",1000,1000,0.12,51214.9214310056,4,4,0.8,0.8,6,6,0.5,0.5,0.4,0.4,0.533333333333333,0.533333333333333,0.65,0.65,0.277746029931765,0.277746029931765,0,TRUE,TRUE,FALSE,FALSE,FALSE,"red;blue;green;l_22","red;blue;green;l_22","vis_2;current;ir_1;vis_1;pol_2;ir_3","vis_2;current;ir_1;vis_1;pol_2;ir_3","","","","","ok","",FALSE
64,"uniform_blue_strong.csv","uniform_l_21_mid.csv",1000,1000,0.1,59451.3417480236,4,4,0.8,0.8,7,7,0.416666666666667,0.416666666666667,0.363636363636364,0.363636363636364,0.5,0.5,0.608333333333333,0.608333333333333,0.206583561003212,0.206583561003212,0,TRUE,TRUE,FALSE,FALSE,FALSE,"red;l_21;green;blue","red;l_21;green;blue","vis_2;vis_1;vis_3;ir_1;current;ir_3;pol_2","vis_2;vis_1;vis_3;ir_1;current;ir_3;pol_2","","","","","ok","",FALSE
107,"uniform_diode_ir_1_mid.csv","uniform_diode_vis_1_mid.csv",1000,1000,0,33612.687334135,4,4,0.8,0.8,7,7,0.416666666666667,0.416666666666667,0.363636363636364,0.363636363636364,0.5,0.5,0.608333333333333,0.608333333333333,0.206583561003212,0.206583561003212,0,TRUE,TRUE,FALSE,FALSE,FALSE,"red;green;blue;l_21","red;green;blue;l_21","vis_2;vis_3;vis_1;ir_1;ir_3;current;pol_2","vis_2;vis_3;vis_1;ir_1;ir_3;current;pol_2","","","","","ok","",TRUE
392,"uniform_diode_vis_3_mid.csv","uniform_l_12_mid.csv",1000,1000,0,88019.6798706499,4,4,0.8,0.8,7,7,0.416666666666667,0.416666666666667,0.363636363636364,0.363636363636364,0.5,0.5,0.608333333333333,0.608333333333333,0.206583561003212,0.206583561003212,0,TRUE,TRUE,FALSE,FALSE,FALSE,"red;blue;green;l_21","red;blue;green;l_21","vis_2;current;ir_1;l_12;vis_1;vis_3;pol_2","vis_2;current;ir_1;l_12;vis_1;vis_3;pol_2","","","","","ok","",TRUE
524,"uniform_l_11_mid.csv","uniform_osr_angle_1_strong.csv",1000,1000,0,36676.2887958057,4,4,0.8,0.8,7,7,0.416666666666667,0.416666666666667,0.363636363636364,0.363636363636364,0.5,0.5,0.608333333333333,0.608333333333333,0.206583561003212,0.206583561003212,0,TRUE,TRUE,FALSE,FALSE,FALSE,"red;blue;green;l_22","red;blue;green;l_22","vis_2;vis_3;vis_1;ir_1;ir_3;current;l_12","vis_2;vis_3;vis_1;ir_1;ir_3;current;l_12","","","","","ok","",TRUE
607,"uniform_l_21_mid.csv","uniform_osr_angle_2_weak.csv",1000,1000,0.05,79760.2735175108,4,4,0.8,0.8,7,7,0.416666666666667,0.416666666666667,0.363636363636364,0.363636363636364,0.5,0.5,0.608333333333333,0.608333333333333,0.206583561003212,0.206583561003212,0,TRUE,TRUE,FALSE,FALSE,FALSE,"red;l_21;blue;green","red;l_21;blue;green","vis_2;current;ir_1;vis_1;vis_3;pol_2;l_12","vis_2;current;ir_1;vis_1;vis_3;pol_2;l_12","","","","","ok","",FALSE
635,"uniform_l_21_mid.csv","uniform_v_angle_2_strong.csv",1000,1000,0,35701.9238287788,4,4,0.8,0.8,7,7,0.416666666666667,0.416666666666667,0.363636363636364,0.363636363636364,0.5,0.5,0.608333333333333,0.608333333333333,0.206583561003212,0.206583561003212,0,TRUE,TRUE,FALSE,FALSE,FALSE,"red;l_21;blue;green","red;l_21;blue;green","vis_2;current;vis_3;vis_1;ir_1;l_12;ir_3","vis_2;current;vis_3;vis_1;ir_1;l_12;ir_3","","","","","ok","",TRUE
640,"uniform_l_22_mid.csv","uniform_osr_angle_1_mid.csv",1000,1000,0,65656.8172434077,4,4,0.8,0.8,7,7,0.416666666666667,0.416666666666667,0.363636363636364,0.363636363636364,0.5,0.5,0.608333333333333,0.608333333333333,0.206583561003212,0.206583561003212,0,TRUE,TRUE,FALSE,FALSE,FALSE,"red;blue;green;l_22","red;blue;green;l_22","vis_2;ir_1;vis_1;vis_3;current;ir_3;l_31","vis_2;ir_1;vis_1;vis_3;current;ir_3;l_31","","","","","ok","",TRUE
641,"uniform_l_22_mid.csv","uniform_osr_angle_1_strong.csv",1000,1000,0,49438.059079847,4,4,0.8,0.8,7,7,0.416666666666667,0.416666666666667,0.363636363636364,0.363636363636364,0.5,0.5,0.608333333333333,0.608333333333333,0.206583561003212,0.206583561003212,0,TRUE,TRUE,FALSE,FALSE,FALSE,"red;blue;green;l_22","red;blue;green;l_22","vis_2;ir_1;ir_3;vis_3;current;vis_1;l_12","vis_2;ir_1;ir_3;vis_3;current;vis_1;l_12","","","","","ok","",TRUE
642,"uniform_l_22_mid.csv","uniform_osr_angle_1_weak.csv",1000,1000,0,37385.9593733795,4,4,0.8,0.8,7,7,0.416666666666667,0.416666666666667,0.363636363636364,0.363636363636364,0.5,0.5,0.608333333333333,0.608333333333333,0.206583561003212,0.206583561003212,0,TRUE,TRUE,FALSE,FALSE,FALSE,"red;blue;green;l_22","red;blue;green;l_22","vis_2;ir_1;vis_1;vis_3;ir_3;current;l_12","vis_2;ir_1;vis_1;vis_3;ir_3;current;l_12","","","","","ok","",TRUE
673,"uniform_l_22_mid.csv","uniform_v_angle_2_strong.csv",1000,1000,0.04,48340.2406023077,4,4,0.8,0.8,7,7,0.416666666666667,0.416666666666667,0.363636363636364,0.363636363636364,0.5,0.5,0.608333333333333,0.608333333333333,0.206583561003212,0.206583561003212,0,TRUE,TRUE,FALSE,FALSE,FALSE,"red;blue;green;l_22","red;blue;green;l_22","vis_2;vis_1;ir_1;vis_3;current;ir_3;pol_2","vis_2;vis_1;ir_1;vis_3;current;ir_3;pol_2","","","","","ok","",FALSE
793,"uniform_osr_angle_1_strong.csv","uniform_pol_2_mid.csv",1000,1000,0.02,41892.2211056371,4,4,0.8,0.8,7,7,0.416666666666667,0.416666666666667,0.363636363636364,0.363636363636364,0.5,0.5,0.608333333333333,0.608333333333333,0.206583561003212,0.206583561003212,0,TRUE,TRUE,FALSE,FALSE,FALSE,"red;blue;green;l_22","red;blue;green;l_22","vis_2;vis_1;ir_3;l_12;vis_3;ir_1;current","vis_2;vis_1;ir_3;l_12;vis_3;ir_1;current","","","","","ok","",FALSE
883,"uniform_osr_angle_2_strong.csv","uniform_osr_angle_2_weak.csv",1000,1000,0,50121.6678440055,4,4,0.8,0.8,7,7,0.416666666666667,0.416666666666667,0.363636363636364,0.363636363636364,0.5,0.5,0.608333333333333,0.608333333333333,0.206583561003212,0.206583561003212,0,TRUE,TRUE,FALSE,FALSE,FALSE,"red;blue;green;l_21","red;blue;green;l_21","vis_2;ir_1;ir_3;vis_1;l_31;current;vis_3","vis_2;ir_1;ir_3;vis_1;l_31;current;vis_3","","","","","ok","",TRUE
1042,"uniform_pol_1_mid.csv","uniform_t_vis_2_mid.csv",1000,1000,0.05,375624.1754617,4,4,0.8,0.8,7,7,0.416666666666667,0.416666666666667,0.363636363636364,0.363636363636364,0.5,0.5,0.608333333333333,0.608333333333333,0.206583561003212,0.206583561003212,0,TRUE,TRUE,FALSE,FALSE,FALSE,"red;green;blue;l_22","red;green;blue;l_22","vis_2;pol_1;vis_3;ir_1;current;ir_3;vis_1","vis_2;pol_1;vis_3;ir_1;current;ir_3;vis_1","","","","","ok","",FALSE
335,"uniform_diode_vis_1_mid.csv","uniform_t_vis_3_mid.csv",1000,1000,0,36464.3508341702,4,4,0.8,0.8,8,8,0.333333333333333,0.333333333333333,0.333333333333333,0.333333333333333,0.470588235294118,0.470588235294118,0.566666666666667,0.566666666666667,0.133333333333333,0.133333333333333,0,TRUE,TRUE,FALSE,FALSE,FALSE,"red;blue;green;l_22","red;blue;green;l_22","vis_2;current;pol_2;ir_1;vis_3;vis_1;pol_1;ir_3","vis_2;current;pol_2;ir_1;vis_3;vis_1;pol_1;ir_3","","","","","ok","",TRUE
382,"uniform_diode_vis_2_mid.csv","uniform_t_vis_3_weak.csv",1000,1000,0.09,109947.017693967,4,4,0.8,0.8,8,8,0.333333333333333,0.333333333333333,0.333333333333333,0.333333333333333,0.470588235294118,0.470588235294118,0.566666666666667,0.566666666666667,0.133333333333333,0.133333333333333,0,TRUE,TRUE,FALSE,FALSE,FALSE,"red;green;blue;l_22","red;green;blue;l_22","vis_2;vis_3;ir_3;vis_1;ir_1;current;pol_2;pol_1","vis_2;vis_3;ir_3;vis_1;ir_1;current;pol_2;pol_1","","","","","ok","",FALSE
927,"uniform_osr_angle_2_weak.csv","uniform_t_ir_3_strong.csv",1000,1000,0,39196.4442674612,4,4,0.8,0.8,8,8,0.333333333333333,0.333333333333333,0.333333333333333,0.333333333333333,0.470588235294118,0.470588235294118,0.566666666666667,0.566666666666667,0.133333333333333,0.133333333333333,0,TRUE,TRUE,FALSE,FALSE,FALSE,"red;blue;green;l_21","red;blue;green;l_21","vis_2;vis_3;l_12;ir_1;pol_2;ir_3;vis_1;current","vis_2;vis_3;l_12;ir_1;pol_2;ir_3;vis_1;current","","","","","ok","",TRUE
872,"uniform_osr_angle_2_mid.csv","uniform_t_vis_2_strong.csv",1000,1000,0.13,156674.963457622,3,3,0.6,0.6,1,1,0.916666666666667,0.916666666666667,0.75,0.75,0.666666666666667,0.666666666666667,0.758333333333333,0.758333333333333,0.554989027380561,0.554989027380561,0,TRUE,TRUE,FALSE,FALSE,FALSE,"green;red;blue","green;red;blue","vis_2","vis_2","","","","","ok","",FALSE
1016,"uniform_osr_c_weak.csv","uniform_t_vis_2_mid.csv",1000,1000,0.31,164105.59706052,3,3,0.6,0.6,1,1,0.916666666666667,0.916666666666667,0.75,0.75,0.666666666666667,0.666666666666667,0.758333333333333,0.758333333333333,0.554989027380561,0.554989027380561,0,TRUE,TRUE,FALSE,FALSE,FALSE,"green;red;blue","green;red;blue","vis_2","vis_2","","","","","ok","",FALSE
1017,"uniform_osr_c_weak.csv","uniform_t_vis_2_strong.csv",1000,1000,0.14,160829.017862712,3,3,0.6,0.6,1,1,0.916666666666667,0.916666666666667,0.75,0.75,0.666666666666667,0.666666666666667,0.758333333333333,0.758333333333333,0.554989027380561,0.554989027380561,0,TRUE,TRUE,FALSE,FALSE,FALSE,"red;green;blue","red;green;blue","vis_2","vis_2","","","","","ok","",FALSE
1075,"uniform_pol_1_strong.csv","uniform_v_angle_2_mid.csv",1000,1000,0,37263.4038463173,3,3,0.6,0.6,1,1,0.916666666666667,0.916666666666667,0.75,0.75,0.666666666666667,0.666666666666667,0.758333333333333,0.758333333333333,0.554989027380561,0.554989027380561,0,TRUE,TRUE,FALSE,FALSE,FALSE,"red;blue;green","red;blue;green","vis_2","vis_2","","","","","ok","",TRUE
169,"uniform_diode_ir_1_strong.csv","uniform_osr_angle_1_weak.csv",1000,1000,0.52,46514.1722472619,4,3,0.8,0.6,2,2,0.833333333333333,0.833333333333333,0.666666666666667,0.6,0.727272727272727,0.6,0.816666666666667,0.716666666666667,0.603859639855542,0.433333333333333,0,FALSE,FALSE,FALSE,FALSE,FALSE,"red;blue;green;l_22","red;blue;green","vis_2;vis_1","vis_2;vis_1","l_22","","","","ok","",FALSE
170,"uniform_diode_ir_1_strong.csv","uniform_osr_angle_2_mid.csv",1000,1000,0.07,35619.2186343576,3,3,0.6,0.6,2,2,0.833333333333333,0.833333333333333,0.6,0.6,0.6,0.6,0.716666666666667,0.716666666666667,0.433333333333333,0.433333333333333,0,TRUE,TRUE,FALSE,FALSE,FALSE,"red;blue;green","red;blue;green","vis_2;vis_1","vis_2;vis_1","","","","","ok","",FALSE
234,"uniform_diode_ir_3_mid.csv","uniform_t_ir_3_strong.csv",1000,1000,0,96680.5929074003,3,3,0.6,0.6,2,2,0.833333333333333,0.833333333333333,0.6,0.6,0.6,0.6,0.716666666666667,0.716666666666667,0.433333333333333,0.433333333333333,0,TRUE,TRUE,FALSE,FALSE,FALSE,"red;blue;green","red;blue;green","vis_2;vis_3","vis_2;vis_3","","","","","ok","",TRUE
266,"uniform_diode_ir_3_strong.csv","uniform_osr_angle_2_strong.csv",1000,1000,0,39735.3040838669,3,3,0.6,0.6,2,2,0.833333333333333,0.833333333333333,0.6,0.6,0.6,0.6,0.716666666666667,0.716666666666667,0.433333333333333,0.433333333333333,0,TRUE,TRUE,FALSE,FALSE,FALSE,"red;blue;green","red;blue;green","vis_2;vis_3","vis_2;vis_3","","","","","ok","",TRUE
318,"uniform_diode_vis_1_mid.csv","uniform_pol_1_strong.csv",1000,1000,0,38916.7222762762,3,3,0.6,0.6,2,2,0.833333333333333,0.833333333333333,0.6,0.6,0.6,0.6,0.716666666666667,0.716666666666667,0.433333333333333,0.433333333333333,0,TRUE,TRUE,FALSE,FALSE,FALSE,"red;green;blue","red;green;blue","vis_2;pol_2","vis_2;pol_2","","","","","ok","",TRUE
353,"uniform_diode_vis_2_mid.csv","uniform_osr_angle_1_mid.csv",1000,1000,0.01,175038.505718384,3,3,0.6,0.6,2,2,0.833333333333333,0.833333333333333,0.6,0.6,0.6,0.6,0.716666666666667,0.716666666666667,0.433333333333333,0.433333333333333,0,TRUE,TRUE,FALSE,FALSE,FALSE,"red;green;blue","red;green;blue","vis_2;current","vis_2;current","","","","","ok","",FALSE
356,"uniform_diode_vis_2_mid.csv","uniform_osr_angle_2_mid.csv",1000,1000,0.4,223108.622001879,3,3,0.6,0.6,2,2,0.833333333333333,0.833333333333333,0.6,0.6,0.6,0.6,0.716666666666667,0.716666666666667,0.433333333333333,0.433333333333333,0,TRUE,TRUE,FALSE,FALSE,FALSE,"green;red;blue","green;red;blue","vis_2;ir_3","vis_2;ir_3","","","","","ok","",FALSE
361,"uniform_diode_vis_2_mid.csv","uniform_osr_c_weak.csv",1000,1000,0.05,209881.597607395,3,3,0.6,0.6,2,2,0.833333333333333,0.833333333333333,0.6,0.6,0.6,0.6,0.716666666666667,0.716666666666667,0.433333333333333,0.433333333333333,0,TRUE,TRUE,FALSE,FALSE,FALSE,"red;green;blue","red;green;blue","vis_2;l_31","vis_2;l_31","","","","","ok","",FALSE
383,"uniform_diode_vis_2_mid.csv","uniform_v_angle_1_mid.csv",1000,1000,0.37,345246.551261868,3,3,0.6,0.6,2,2,0.833333333333333,0.833333333333333,0.6,0.6,0.6,0.6,0.716666666666667,0.716666666666667,0.433333333333333,0.433333333333333,0,TRUE,TRUE,FALSE,FALSE,FALSE,"green;red;blue","green;red;blue","vis_2;ir_3","vis_2;l_31","","","ir_3","l_31","ok","",FALSE
384,"uniform_diode_vis_2_mid.csv","uniform_v_angle_1_strong.csv",1000,1000,0.07,103936.134221413,3,3,0.6,0.6,2,2,0.833333333333333,0.833333333333333,0.6,0.6,0.6,0.6,0.716666666666667,0.716666666666667,0.433333333333333,0.433333333333333,0,TRUE,TRUE,FALSE,FALSE,FALSE,"red;green;blue","red;green;blue","vis_2;vis_1","vis_2;vis_1","","","","","ok","",FALSE
386,"uniform_diode_vis_2_mid.csv","uniform_v_angle_2_strong.csv",1000,1000,0,78254.8897791523,3,3,0.6,0.6,2,2,0.833333333333333,0.833333333333333,0.6,0.6,0.6,0.6,0.716666666666667,0.716666666666667,0.433333333333333,0.433333333333333,0,TRUE,TRUE,FALSE,FALSE,FALSE,"red;green;blue","red;green;blue","vis_2;l_32","vis_2;l_32","","","","","ok","",TRUE
409,"uniform_diode_vis_3_mid.csv","uniform_pol_2_strong.csv",1000,1000,0.35,59467.2027412828,3,3,0.6,0.6,2,2,0.833333333333333,0.833333333333333,0.6,0.6,0.6,0.6,0.716666666666667,0.716666666666667,0.433333333333333,0.433333333333333,0,TRUE,TRUE,FALSE,FALSE,FALSE,"red;blue;green","red;blue;green","vis_2;current","vis_2;current","","","","","ok","",FALSE
433,"uniform_green_mid.csv","uniform_green_strong.csv",1000,1000,0.06,78210.0570642486,3,3,0.6,0.6,2,2,0.833333333333333,0.833333333333333,0.6,0.6,0.6,0.6,0.716666666666667,0.716666666666667,0.433333333333333,0.433333333333333,0,TRUE,TRUE,FALSE,FALSE,FALSE,"red;green;blue","red;green;blue","vis_2;vis_1","vis_2;vis_1","","","","","ok","",FALSE
440,"uniform_green_mid.csv","uniform_osr_angle_1_mid.csv",1000,1000,0,115741.256989058,3,3,0.6,0.6,2,2,0.833333333333333,0.833333333333333,0.6,0.6,0.6,0.6,0.716666666666667,0.716666666666667,0.433333333333333,0.433333333333333,0,TRUE,TRUE,FALSE,FALSE,FALSE,"red;blue;green","red;blue;green","vis_2;vis_1","vis_2;vis_1","","","","","ok","",TRUE
446,"uniform_green_mid.csv","uniform_osr_c_mid.csv",1000,1000,0,82536.7423031002,3,3,0.6,0.6,2,2,0.833333333333333,0.833333333333333,0.6,0.6,0.6,0.6,0.716666666666667,0.716666666666667,0.433333333333333,0.433333333333333,0,TRUE,TRUE,FALSE,FALSE,FALSE,"red;blue;green","red;blue;green","vis_2;vis_1","vis_2;vis_1","","","","","ok","",TRUE
448,"uniform_green_mid.csv","uniform_osr_c_weak.csv",1000,1000,0,46685.4702022154,3,3,0.6,0.6,2,2,0.833333333333333,0.833333333333333,0.6,0.6,0.6,0.6,0.716666666666667,0.716666666666667,0.433333333333333,0.433333333333333,0,TRUE,TRUE,FALSE,FALSE,FALSE,"red;blue;green","red;blue;green","vis_2;vis_1","vis_2;vis_1","","","","","ok","",TRUE
472,"uniform_green_mid.csv","uniform_v_angle_2_mid.csv",1000,1000,0,237942.305047721,3,3,0.6,0.6,2,2,0.833333333333333,0.833333333333333,0.6,0.6,0.6,0.6,0.716666666666667,0.716666666666667,0.433333333333333,0.433333333333333,0,TRUE,TRUE,FALSE,FALSE,FALSE,"red;blue;green","red;blue;green","vis_2;vis_1","vis_2;vis_1","","","","","ok","",TRUE
573,"uniform_l_12_mid.csv","uniform_pol_1_strong.csv",1000,1000,0.09,40592.2994727234,3,3,0.6,0.6,2,2,0.833333333333333,0.833333333333333,0.6,0.6,0.6,0.6,0.716666666666667,0.716666666666667,0.433333333333333,0.433333333333333,0,TRUE,TRUE,FALSE,FALSE,FALSE,"red;blue;green","red;blue;green","vis_2;l_12","vis_2;l_12","","","","","ok","",FALSE
822,"uniform_osr_angle_1_weak.csv","uniform_osr_c_strong.csv",1000,1000,0.1,57885.4479059514,4,3,0.8,0.6,2,2,0.833333333333333,0.833333333333333,0.666666666666667,0.6,0.727272727272727,0.6,0.816666666666667,0.716666666666667,0.603859639855542,0.433333333333333,0,FALSE,FALSE,FALSE,FALSE,FALSE,"red;green;blue;l_22","red;green;blue","vis_2;ir_1","vis_2;vis_1","l_22","","ir_1","vis_1","ok","",FALSE
825,"uniform_osr_angle_1_weak.csv","uniform_pol_1_strong.csv",1000,1000,0.03,33397.92574176,3,3,0.6,0.6,2,2,0.833333333333333,0.833333333333333,0.6,0.6,0.6,0.6,0.716666666666667,0.716666666666667,0.433333333333333,0.433333333333333,0,TRUE,TRUE,FALSE,FALSE,FALSE,"red;blue;green","red;blue;green","vis_2;vis_1","vis_2;vis_1","","","","","ok","",FALSE
828,"uniform_osr_angle_1_weak.csv","uniform_red_mid.csv",1000,1000,0.39,273811.058202415,2,3,0.4,0.6,2,2,0.833333333333333,0.833333333333333,0.5,0.6,0.444444444444444,0.6,0.616666666666667,0.716666666666667,0.250640205913802,0.433333333333333,0,FALSE,FALSE,FALSE,FALSE,FALSE,"red;blue","red;blue;l_22","vis_2;ir_1","vis_2;ir_1","","l_22","","","ok","",FALSE
840,"uniform_osr_angle_1_weak.csv","uniform_t_vis_2_strong.csv",1000,1000,0.51,124882.820996398,3,3,0.6,0.6,2,2,0.833333333333333,0.833333333333333,0.6,0.6,0.6,0.6,0.716666666666667,0.716666666666667,0.433333333333333,0.433333333333333,0,TRUE,TRUE,FALSE,FALSE,FALSE,"red;green;blue","red;green;blue","vis_2;vis_1","vis_2;vis_1","","","","","ok","",FALSE
871,"uniform_osr_angle_2_mid.csv","uniform_t_vis_2_mid.csv",1000,1000,0.26,141856.795488104,3,3,0.6,0.6,2,2,0.833333333333333,0.833333333333333,0.6,0.6,0.6,0.6,0.716666666666667,0.716666666666667,0.433333333333333,0.433333333333333,0,TRUE,TRUE,FALSE,FALSE,FALSE,"red;green;blue","red;green;blue","vis_2;ir_3","vis_2;ir_3","","","","","ok","",FALSE
897,"uniform_osr_angle_2_strong.csv","uniform_t_ir_3_strong.csv",1000,1000,0,40339.6172733128,3,3,0.6,0.6,2,2,0.833333333333333,0.833333333333333,0.6,0.6,0.6,0.6,0.716666666666667,0.716666666666667,0.433333333333333,0.433333333333333,0,TRUE,TRUE,FALSE,FALSE,FALSE,"red;blue;green","red;blue;green","vis_2;vis_3","vis_2;vis_3","","","","","ok","",TRUE
903,"uniform_osr_angle_2_strong.csv","uniform_t_vis_2_strong.csv",1000,1000,0.59,161935.383177075,4,3,0.8,0.6,2,2,0.833333333333333,0.833333333333333,0.666666666666667,0.6,0.727272727272727,0.6,0.816666666666667,0.716666666666667,0.603859639855542,0.433333333333333,0,FALSE,FALSE,FALSE,FALSE,FALSE,"green;red;blue;l_21","green;red;blue","vis_2;vis_1","vis_2;ir_3","l_21","","vis_1","ir_3","ok","",FALSE
944,"uniform_osr_c_mid.csv","uniform_osr_c_strong.csv",1000,1000,0.09,42112.6864697351,3,3,0.6,0.6,2,2,0.833333333333333,0.833333333333333,0.6,0.6,0.6,0.6,0.716666666666667,0.716666666666667,0.433333333333333,0.433333333333333,0,TRUE,TRUE,FALSE,FALSE,FALSE,"red;blue;green","red;blue;green","vis_2;ir_3","vis_2;ir_3","","","","","ok","",FALSE
947,"uniform_osr_c_mid.csv","uniform_pol_1_strong.csv",1000,1000,0,72500.9507390434,3,3,0.6,0.6,2,2,0.833333333333333,0.833333333333333,0.6,0.6,0.6,0.6,0.716666666666667,0.716666666666667,0.433333333333333,0.433333333333333,0,TRUE,TRUE,FALSE,FALSE,FALSE,"red;blue;green","red;blue;green","vis_2;vis_1","vis_2;vis_1","","","","","ok","",TRUE
973,"uniform_osr_c_strong.csv","uniform_osr_c_weak.csv",1000,1000,0,54107.5799769865,3,3,0.6,0.6,2,2,0.833333333333333,0.833333333333333,0.6,0.6,0.6,0.6,0.716666666666667,0.716666666666667,0.433333333333333,0.433333333333333,0,TRUE,TRUE,FALSE,FALSE,FALSE,"red;green;blue","red;green;blue","vis_2;vis_1","vis_2;vis_1","","","","","ok","",TRUE
975,"uniform_osr_c_strong.csv","uniform_pol_1_strong.csv",1000,1000,0,49271.7087404661,3,3,0.6,0.6,2,2,0.833333333333333,0.833333333333333,0.6,0.6,0.6,0.6,0.716666666666667,0.716666666666667,0.433333333333333,0.433333333333333,0,TRUE,TRUE,FALSE,FALSE,FALSE,"red;green;blue","red;green;blue","vis_2;vis_1","vis_2;vis_1","","","","","ok","",TRUE
984,"uniform_osr_c_strong.csv","uniform_t_ir_3_strong.csv",1000,1000,0,63126.2313673205,3,3,0.6,0.6,2,2,0.833333333333333,0.833333333333333,0.6,0.6,0.6,0.6,0.716666666666667,0.716666666666667,0.433333333333333,0.433333333333333,0,TRUE,TRUE,FALSE,FALSE,FALSE,"red;blue;green","red;blue;green","vis_2;vis_3","vis_2;vis_3","","","","","ok","",TRUE
996,"uniform_osr_c_strong.csv","uniform_v_angle_1_strong.csv",1000,1000,0.02,52358.2868651741,3,3,0.6,0.6,2,2,0.833333333333333,0.833333333333333,0.6,0.6,0.6,0.6,0.716666666666667,0.716666666666667,0.433333333333333,0.433333333333333,0,TRUE,TRUE,FALSE,FALSE,FALSE,"red;green;blue","red;green;blue","vis_2;current","vis_2;current","","","","","ok","",FALSE
1002,"uniform_osr_c_weak.csv","uniform_pol_1_strong.csv",1000,1000,0,46548.8674632557,3,3,0.6,0.6,2,2,0.833333333333333,0.833333333333333,0.6,0.6,0.6,0.6,0.716666666666667,0.716666666666667,0.433333333333333,0.433333333333333,0,TRUE,TRUE,FALSE,FALSE,FALSE,"red;green;blue","red;green;blue","vis_2;vis_1","vis_2;vis_1","","","","","ok","",TRUE
1018,"uniform_osr_c_weak.csv","uniform_t_vis_2_weak.csv",1000,1000,0,107165.931477884,3,3,0.6,0.6,2,2,0.833333333333333,0.833333333333333,0.6,0.6,0.6,0.6,0.716666666666667,0.716666666666667,0.433333333333333,0.433333333333333,0,TRUE,TRUE,FALSE,FALSE,FALSE,"red;green;blue","red;green;blue","vis_2;ir_3","vis_2;ir_3","","","","","ok","",TRUE
1061,"uniform_pol_1_strong.csv","uniform_t_ir_3_mid.csv",1000,1000,0.02,40938.8757714115,3,3,0.6,0.6,2,2,0.833333333333333,0.833333333333333,0.6,0.6,0.6,0.6,0.716666666666667,0.716666666666667,0.433333333333333,0.433333333333333,0,TRUE,TRUE,FALSE,FALSE,FALSE,"red;green;blue","red;green;blue","vis_2;vis_1","vis_2;vis_1","","","","","ok","",FALSE
1066,"uniform_pol_1_strong.csv","uniform_t_vis_1_weak.csv",1000,1000,0.25,113836.65258692,3,3,0.6,0.6,2,2,0.833333333333333,0.833333333333333,0.6,0.6,0.6,0.6,0.716666666666667,0.716666666666667,0.433333333333333,0.433333333333333,0,TRUE,TRUE,FALSE,FALSE,FALSE,"red;blue;green","red;blue;green","vis_2;vis_3","vis_2;vis_1","","","vis_3","vis_1","ok","",FALSE
1089,"uniform_pol_2_mid.csv","uniform_t_vis_1_strong.csv",1000,1000,0.09,49825.7834288456,3,3,0.6,0.6,2,2,0.833333333333333,0.833333333333333,0.6,0.6,0.6,0.6,0.716666666666667,0.716666666666667,0.433333333333333,0.433333333333333,0,TRUE,TRUE,FALSE,FALSE,FALSE,"red;blue;green","red;blue;green","vis_2;vis_3","vis_2;vis_3","","","","","ok","",FALSE
1226,"uniform_t_ir_3_mid.csv","uniform_t_ir_3_strong.csv",1000,1000,0.13,163388.036136905,3,3,0.6,0.6,2,2,0.833333333333333,0.833333333333333,0.6,0.6,0.6,0.6,0.716666666666667,0.716666666666667,0.433333333333333,0.433333333333333,0,TRUE,TRUE,FALSE,FALSE,FALSE,"red;blue;green","red;blue;green","vis_2;vis_3","vis_2;vis_3","","","","","ok","",FALSE
1248,"uniform_t_ir_3_strong.csv","uniform_t_vis_2_strong.csv",1000,1000,0.24,197428.445284271,3,3,0.6,0.6,2,2,0.833333333333333,0.833333333333333,0.6,0.6,0.6,0.6,0.716666666666667,0.716666666666667,0.433333333333333,0.433333333333333,0,TRUE,TRUE,FALSE,FALSE,FALSE,"red;green;blue","red;green;blue","vis_2;ir_3","vis_2;ir_3","","","","","ok","",FALSE
1251,"uniform_t_ir_3_strong.csv","uniform_t_vis_3_strong.csv",1000,1000,0.07,48265.8853927209,3,3,0.6,0.6,2,2,0.833333333333333,0.833333333333333,0.6,0.6,0.6,0.6,0.716666666666667,0.716666666666667,0.433333333333333,0.433333333333333,0,TRUE,TRUE,FALSE,FALSE,FALSE,"red;blue;green","red;blue;green","vis_2;vis_1","vis_2;vis_1","","","","","ok","",FALSE
1254,"uniform_t_ir_3_strong.csv","uniform_v_angle_1_strong.csv",1000,1000,0.18,105976.831819926,3,3,0.6,0.6,2,2,0.833333333333333,0.833333333333333,0.6,0.6,0.6,0.6,0.716666666666667,0.716666666666667,0.433333333333333,0.433333333333333,0,TRUE,TRUE,FALSE,FALSE,FALSE,"red;blue;green","red;blue;green","vis_2;vis_3","vis_2;vis_3","","","","","ok","",FALSE
1255,"uniform_t_ir_3_strong.csv","uniform_v_angle_2_mid.csv",1000,1000,0,42712.7378763799,3,3,0.6,0.6,2,2,0.833333333333333,0.833333333333333,0.6,0.6,0.6,0.6,0.716666666666667,0.716666666666667,0.433333333333333,0.433333333333333,0,TRUE,TRUE,FALSE,FALSE,FALSE,"red;blue;green","red;blue;green","vis_2;vis_3","vis_2;vis_3","","","","","ok","",TRUE
34,"uniform_blue_mid.csv","uniform_t_ir_1_weak.csv",1000,1000,0,86324.663376225,3,3,0.6,0.6,3,3,0.75,0.75,0.5,0.5,0.545454545454545,0.545454545454545,0.675,0.675,0.333711906235957,0.333711906235957,0,TRUE,TRUE,FALSE,FALSE,FALSE,"red;green;blue","red;green;blue","vis_2;vis_1;vis_3","vis_2;vis_1;vis_3","","","","","ok","",TRUE
41,"uniform_blue_mid.csv","uniform_t_vis_2_mid.csv",1000,1000,0.09,300279.534941263,3,3,0.6,0.6,3,3,0.75,0.75,0.5,0.5,0.545454545454545,0.545454545454545,0.675,0.675,0.333711906235957,0.333711906235957,0,TRUE,TRUE,FALSE,FALSE,FALSE,"red;green;blue","red;green;blue","vis_2;current;vis_1","vis_2;current;vis_1","","","","","ok","",FALSE
42,"uniform_blue_mid.csv","uniform_t_vis_2_strong.csv",1000,1000,0,180014.440734681,3,3,0.6,0.6,3,3,0.75,0.75,0.5,0.5,0.545454545454545,0.545454545454545,0.675,0.675,0.333711906235957,0.333711906235957,0,TRUE,TRUE,FALSE,FALSE,FALSE,"red;green;blue","red;green;blue","vis_2;current;vis_1","vis_2;current;vis_1","","","","","ok","",TRUE
46,"uniform_blue_mid.csv","uniform_t_vis_3_weak.csv",1000,1000,0.1,106307.335437522,3,3,0.6,0.6,3,3,0.75,0.75,0.5,0.5,0.545454545454545,0.545454545454545,0.675,0.675,0.333711906235957,0.333711906235957,0,TRUE,TRUE,FALSE,FALSE,FALSE,"red;green;blue","red;green;blue","vis_2;vis_1;vis_3","vis_2;vis_1;vis_3","","","","","ok","",FALSE
148,"uniform_diode_ir_1_mid.csv","uniform_v_angle_1_mid.csv",1000,1000,0.35,139159.801585311,3,3,0.6,0.6,3,3,0.75,0.75,0.5,0.5,0.545454545454545,0.545454545454545,0.675,0.675,0.333711906235957,0.333711906235957,0,TRUE,TRUE,FALSE,FALSE,FALSE,"red;blue;green","red;blue;green","vis_2;current;vis_3","vis_2;current;ir_3","","","vis_3","ir_3","ok","",FALSE
152,"uniform_diode_ir_1_mid.csv","uniform_v_c_mid.csv",1000,1000,0,54682.8310065661,3,3,0.6,0.6,3,3,0.75,0.75,0.5,0.5,0.545454545454545,0.545454545454545,0.675,0.675,0.333711906235957,0.333711906235957,0,TRUE,TRUE,FALSE,FALSE,FALSE,"red;blue;green","red;blue;green","vis_2;vis_3;l_11","vis_2;vis_3;l_11","","","","","ok","",TRUE
158,"uniform_diode_ir_1_strong.csv","uniform_diode_vis_3_mid.csv",1000,1000,0,55289.404021037,3,3,0.6,0.6,3,3,0.75,0.75,0.5,0.5,0.545454545454545,0.545454545454545,0.675,0.675,0.333711906235957,0.333711906235957,0,TRUE,TRUE,FALSE,FALSE,FALSE,"red;blue;green","red;blue;green","vis_2;vis_1;current","vis_2;vis_1;current","","","","","ok","",TRUE
161,"uniform_diode_ir_1_strong.csv","uniform_l_11_mid.csv",1000,1000,0,33235.3865594508,3,3,0.6,0.6,3,3,0.75,0.75,0.5,0.5,0.545454545454545,0.545454545454545,0.675,0.675,0.333711906235957,0.333711906235957,0,TRUE,TRUE,FALSE,FALSE,FALSE,"red;blue;green","red;blue;green","vis_2;vis_1;vis_3","vis_2;vis_1;vis_3","","","","","ok","",TRUE
166,"uniform_diode_ir_1_strong.csv","uniform_l_32_mid.csv",1000,1000,0,49513.5230301613,3,3,0.6,0.6,3,3,0.75,0.75,0.5,0.5,0.545454545454545,0.545454545454545,0.675,0.675,0.333711906235957,0.333711906235957,0,TRUE,TRUE,FALSE,FALSE,FALSE,"red;blue;green","red;blue;green","vis_2;vis_1;current","vis_2;vis_1;current","","","","","ok","",TRUE
168,"uniform_diode_ir_1_strong.csv","uniform_osr_angle_1_strong.csv",1000,1000,0,50995.2553866889,3,3,0.6,0.6,3,3,0.75,0.75,0.5,0.5,0.545454545454545,0.545454545454545,0.675,0.675,0.333711906235957,0.333711906235957,0,TRUE,TRUE,FALSE,FALSE,FALSE,"red;blue;green","red;blue;green","vis_2;vis_1;ir_3","vis_2;vis_1;ir_3","","","","","ok","",TRUE
173,"uniform_diode_ir_1_strong.csv","uniform_osr_c_mid.csv",1000,1000,0.04,61174.8175642306,3,3,0.6,0.6,3,3,0.75,0.75,0.5,0.5,0.545454545454545,0.545454545454545,0.675,0.675,0.333711906235957,0.333711906235957,0,TRUE,TRUE,FALSE,FALSE,FALSE,"red;blue;green","red;blue;green","vis_2;vis_1;ir_3","vis_2;vis_1;ir_3","","","","","ok","",FALSE
174,"uniform_diode_ir_1_strong.csv","uniform_osr_c_strong.csv",1000,1000,0.27,41836.8001678215,3,3,0.6,0.6,3,3,0.75,0.75,0.5,0.5,0.545454545454545,0.545454545454545,0.675,0.675,0.333711906235957,0.333711906235957,0,TRUE,TRUE,FALSE,FALSE,FALSE,"red;blue;green","red;blue;green","vis_2;vis_1;ir_1","vis_2;ir_3;vis_1","","","ir_1","ir_3","ok","",FALSE
177,"uniform_diode_ir_1_strong.csv","uniform_pol_1_strong.csv",1000,1000,0.56,139966.154121927,3,3,0.6,0.6,3,3,0.75,0.75,0.5,0.5,0.545454545454545,0.545454545454545,0.675,0.675,0.333711906235957,0.333711906235957,0,TRUE,TRUE,FALSE,FALSE,FALSE,"red;blue;green","red;blue;green","vis_2;vis_1;vis_3","vis_2;vis_1;ir_1","","","vis_3","ir_1","ok","",FALSE
183,"uniform_diode_ir_1_strong.csv","uniform_t_ir_1_strong.csv",1000,1000,0,42895.4531570455,3,3,0.6,0.6,3,3,0.75,0.75,0.5,0.5,0.545454545454545,0.545454545454545,0.675,0.675,0.333711906235957,0.333711906235957,0,TRUE,TRUE,FALSE,FALSE,FALSE,"red;blue;green","red;blue;green","vis_2;vis_1;l_11","vis_2;vis_1;l_11","","","","","ok","",TRUE
192,"uniform_diode_ir_1_strong.csv","uniform_t_vis_2_strong.csv",1000,1000,0.08,148653.570308501,4,3,0.8,0.6,3,3,0.75,0.75,0.571428571428571,0.5,0.666666666666667,0.545454545454545,0.775,0.675,0.509201054874903,0.333711906235957,0,FALSE,FALSE,FALSE,FALSE,FALSE,"red;green;blue;l_21","red;green;blue","vis_2;ir_1;vis_1","vis_2;ir_1;vis_1","l_21","","","","ok","",FALSE
197,"uniform_diode_ir_1_strong.csv","uniform_v_angle_1_mid.csv",1000,1000,0,52294.2731505191,3,3,0.6,0.6,3,3,0.75,0.75,0.5,0.5,0.545454545454545,0.545454545454545,0.675,0.675,0.333711906235957,0.333711906235957,0,TRUE,TRUE,FALSE,FALSE,FALSE,"red;blue;green","red;blue;green","vis_2;vis_1;current","vis_2;vis_1;current","","","","","ok","",TRUE
198,"uniform_diode_ir_1_strong.csv","uniform_v_angle_1_strong.csv",1000,1000,0,27476.7720325752,3,3,0.6,0.6,3,3,0.75,0.75,0.5,0.5,0.545454545454545,0.545454545454545,0.675,0.675,0.333711906235957,0.333711906235957,0,TRUE,TRUE,FALSE,FALSE,FALSE,"red;blue;green","red;blue;green","vis_2;vis_1;l_11","vis_2;vis_1;l_11","","","","","ok","",TRUE
201,"uniform_diode_ir_1_strong.csv","uniform_v_c_mid.csv",1000,1000,0,98223.2469838482,3,3,0.6,0.6,3,3,0.75,0.75,0.5,0.5,0.545454545454545,0.545454545454545,0.675,0.675,0.333711906235957,0.333711906235957,0,TRUE,TRUE,FALSE,FALSE,FALSE,"red;blue;green","red;blue;green","vis_2;vis_1;vis_3","vis_2;vis_1;vis_3","","","","","ok","",TRUE
237,"uniform_diode_ir_3_mid.csv","uniform_t_vis_1_strong.csv",1000,1000,0.09,45763.2531392093,3,3,0.6,0.6,3,3,0.75,0.75,0.5,0.5,0.545454545454545,0.545454545454545,0.675,0.675,0.333711906235957,0.333711906235957,0,TRUE,TRUE,FALSE,FALSE,FALSE,"red;blue;green","red;blue;green","vis_2;vis_3;ir_1","vis_2;vis_3;ir_1","","","","","ok","",FALSE
238,"uniform_diode_ir_3_mid.csv","uniform_t_vis_1_weak.csv",1000,1000,0.17,38834.578991779,3,3,0.6,0.6,3,3,0.75,0.75,0.5,0.5,0.545454545454545,0.545454545454545,0.675,0.675,0.333711906235957,0.333711906235957,0,TRUE,TRUE,FALSE,FALSE,FALSE,"red;blue;green","red;blue;green","vis_2;vis_3;ir_1","vis_2;vis_3;ir_1","","","","","ok","",FALSE
246,"uniform_diode_ir_3_mid.csv","uniform_v_angle_1_strong.csv",1000,1000,0.63,56442.3305911571,4,3,0.8,0.6,3,3,0.75,0.75,0.571428571428571,0.5,0.666666666666667,0.545454545454545,0.775,0.675,0.509201054874903,0.333711906235957,0,FALSE,FALSE,FALSE,FALSE,FALSE,"red;blue;green;l_22","red;blue;green","vis_2;vis_3;ir_1","vis_2;vis_3;ir_1","l_22","","","","ok","",FALSE
268,"uniform_diode_ir_3_strong.csv","uniform_osr_c_mid.csv",1000,1000,0,59545.2772283426,3,3,0.6,0.6,3,3,0.75,0.75,0.5,0.5,0.545454545454545,0.545454545454545,0.675,0.675,0.333711906235957,0.333711906235957,0,TRUE,TRUE,FALSE,FALSE,FALSE,"red;blue;green","red;blue;green","vis_2;vis_3;current","vis_2;vis_3;current","","","","","ok","",TRUE
272,"uniform_diode_ir_3_strong.csv","uniform_pol_1_strong.csv",1000,1000,0,38657.5106656487,3,3,0.6,0.6,3,3,0.75,0.75,0.5,0.5,0.545454545454545,0.545454545454545,0.675,0.675,0.333711906235957,0.333711906235957,0,TRUE,TRUE,FALSE,FALSE,FALSE,"red;blue;green","red;blue;green","vis_2;vis_1;current","vis_2;vis_1;current","","","","","ok","",TRUE
280,"uniform_diode_ir_3_strong.csv","uniform_t_ir_3_mid.csv",1000,1000,0,41124.0138769079,3,3,0.6,0.6,3,3,0.75,0.75,0.5,0.5,0.545454545454545,0.545454545454545,0.675,0.675,0.333711906235957,0.333711906235957,0,TRUE,TRUE,FALSE,FALSE,FALSE,"red;blue;green","red;blue;green","vis_2;ir_3;l_11","vis_2;ir_3;l_11","","","","","ok","",TRUE
297,"uniform_diode_ir_3_strong.csv","uniform_v_c_strong.csv",1000,1000,0,43051.5709319982,3,3,0.6,0.6,3,3,0.75,0.75,0.5,0.5,0.545454545454545,0.545454545454545,0.675,0.675,0.333711906235957,0.333711906235957,0,TRUE,TRUE,FALSE,FALSE,FALSE,"red;blue;green","red;blue;green","vis_2;current;vis_3","vis_2;current;vis_3","","","","","ok","",TRUE
328,"uniform_diode_vis_1_mid.csv","uniform_t_ir_3_weak.csv",1000,1000,0.17,46283.2366700797,3,3,0.6,0.6,3,3,0.75,0.75,0.5,0.5,0.545454545454545,0.545454545454545,0.675,0.675,0.333711906235957,0.333711906235957,0,TRUE,TRUE,FALSE,FALSE,FALSE,"red;blue;green","red;blue;green","vis_2;vis_3;ir_1","vis_2;vis_3;ir_1","","","","","ok","",FALSE
358,"uniform_diode_vis_2_mid.csv","uniform_osr_angle_2_weak.csv",1000,1000,0,120617.328445963,3,3,0.6,0.6,3,3,0.75,0.75,0.5,0.5,0.545454545454545,0.545454545454545,0.675,0.675,0.333711906235957,0.333711906235957,0,TRUE,TRUE,FALSE,FALSE,FALSE,"red;green;blue","red;green;blue","vis_2;pol_1;ir_1","vis_2;pol_1;ir_1","","","","","ok","",TRUE
385,"uniform_diode_vis_2_mid.csv","uniform_v_angle_2_mid.csv",1000,1000,0.25,135873.689448529,3,3,0.6,0.6,3,3,0.75,0.75,0.5,0.5,0.545454545454545,0.545454545454545,0.675,0.675,0.333711906235957,0.333711906235957,0,TRUE,TRUE,FALSE,FALSE,FALSE,"red;green;blue","red;green;blue","vis_2;current;pol_1","vis_2;current;l_31","","","pol_1","l_31","ok","",FALSE
412,"uniform_diode_vis_3_mid.csv","uniform_t_ir_1_mid.csv",1000,1000,0.1,48073.1328737933,4,3,0.8,0.6,3,3,0.75,0.75,0.571428571428571,0.5,0.666666666666667,0.545454545454545,0.775,0.675,0.509201054874903,0.333711906235957,0,FALSE,FALSE,FALSE,FALSE,FALSE,"red;blue;green;l_21","red;blue;green","vis_2;current;vis_1","vis_2;current;vis_1","l_21","","","","ok","",FALSE
415,"uniform_diode_vis_3_mid.csv","uniform_t_ir_3_mid.csv",1000,1000,0,34239.137886572,3,3,0.6,0.6,3,3,0.75,0.75,0.5,0.5,0.545454545454545,0.545454545454545,0.675,0.675,0.333711906235957,0.333711906235957,0,TRUE,TRUE,FALSE,FALSE,FALSE,"red;blue;green","red;blue;green","vis_2;pol_2;ir_3","vis_2;pol_2;ir_3","","","","","ok","",TRUE
434,"uniform_green_mid.csv","uniform_l_11_mid.csv",1000,1000,0.1,60826.8392961659,3,3,0.6,0.6,3,3,0.75,0.75,0.5,0.5,0.545454545454545,0.545454545454545,0.675,0.675,0.333711906235957,0.333711906235957,0,TRUE,TRUE,FALSE,FALSE,FALSE,"red;blue;green","red;blue;green","vis_2;vis_1;vis_3","vis_2;vis_1;vis_3","","","","","ok","",FALSE
435,"uniform_green_mid.csv","uniform_l_12_mid.csv",1000,1000,0,89963.146349052,3,3,0.6,0.6,3,3,0.75,0.75,0.5,0.5,0.545454545454545,0.545454545454545,0.675,0.675,0.333711906235957,0.333711906235957,0,TRUE,TRUE,FALSE,FALSE,FALSE,"red;blue;green","red;blue;green","vis_2;vis_1;vis_3","vis_2;vis_1;vis_3","","","","","ok","",TRUE
439,"uniform_green_mid.csv","uniform_l_32_mid.csv",1000,1000,0.23,84845.103438064,3,3,0.6,0.6,3,3,0.75,0.75,0.5,0.5,0.545454545454545,0.545454545454545,0.675,0.675,0.333711906235957,0.333711906235957,0,TRUE,TRUE,FALSE,FALSE,FALSE,"red;blue;green","red;blue;green","vis_2;vis_1;ir_1","vis_2;vis_1;ir_1","","","","","ok","",FALSE
449,"uniform_green_mid.csv","uniform_pol_1_mid.csv",1000,1000,0.33,72336.4485293138,3,3,0.6,0.6,3,3,0.75,0.75,0.5,0.5,0.545454545454545,0.545454545454545,0.675,0.675,0.333711906235957,0.333711906235957,0,TRUE,TRUE,FALSE,FALSE,FALSE,"red;blue;green","red;blue;green","vis_2;vis_1;ir_1","vis_2;vis_1;pol_2","","","ir_1","pol_2","ok","",FALSE
450,"uniform_green_mid.csv","uniform_pol_1_strong.csv",1000,1000,0,60648.0968402748,3,3,0.6,0.6,3,3,0.75,0.75,0.5,0.5,0.545454545454545,0.545454545454545,0.675,0.675,0.333711906235957,0.333711906235957,0,TRUE,TRUE,FALSE,FALSE,FALSE,"red;blue;green","red;blue;green","vis_2;vis_1;ir_1","vis_2;vis_1;ir_1","","","","","ok","",TRUE
451,"uniform_green_mid.csv","uniform_pol_2_mid.csv",1000,1000,0.07,197532.288733876,3,3,0.6,0.6,3,3,0.75,0.75,0.5,0.5,0.545454545454545,0.545454545454545,0.675,0.675,0.333711906235957,0.333711906235957,0,TRUE,TRUE,FALSE,FALSE,FALSE,"red;blue;green","red;blue;green","vis_2;vis_1;vis_3","vis_2;vis_1;vis_3","","","","","ok","",FALSE
458,"uniform_green_mid.csv","uniform_t_ir_3_mid.csv",1000,1000,0,53044.7920472403,3,3,0.6,0.6,3,3,0.75,0.75,0.5,0.5,0.545454545454545,0.545454545454545,0.675,0.675,0.333711906235957,0.333711906235957,0,TRUE,TRUE,FALSE,FALSE,FALSE,"red;blue;green","red;blue;green","vis_2;vis_1;ir_1","vis_2;vis_1;ir_1","","","","","ok","",TRUE
471,"uniform_green_mid.csv","uniform_v_angle_1_strong.csv",1000,1000,0.03,50865.0852277723,3,3,0.6,0.6,3,3,0.75,0.75,0.5,0.5,0.545454545454545,0.545454545454545,0.675,0.675,0.333711906235957,0.333711906235957,0,TRUE,TRUE,FALSE,FALSE,FALSE,"red;blue;green","red;blue;green","vis_2;vis_1;ir_1","vis_2;vis_1;ir_1","","","","","ok","",FALSE
496,"uniform_green_strong.csv","uniform_red_strong.csv",1000,1000,0.08,40223.2618881868,3,3,0.6,0.6,3,3,0.75,0.75,0.5,0.5,0.545454545454545,0.545454545454545,0.675,0.675,0.333711906235957,0.333711906235957,0,TRUE,TRUE,FALSE,FALSE,FALSE,"red;blue;green","red;blue;green","vis_2;vis_1;ir_1","vis_2;vis_1;ir_1","","","","","ok","",FALSE
541,"uniform_l_11_mid.csv","uniform_t_ir_3_mid.csv",1000,1000,0.07,66944.7105253614,3,3,0.6,0.6,3,3,0.75,0.75,0.5,0.5,0.545454545454545,0.545454545454545,0.675,0.675,0.333711906235957,0.333711906235957,0,TRUE,TRUE,FALSE,FALSE,FALSE,"red;blue;green","red;blue;green","vis_2;ir_1;vis_1","vis_2;ir_1;vis_1","","","","","ok","",FALSE
542,"uniform_l_11_mid.csv","uniform_t_ir_3_strong.csv",1000,1000,0,60144.5038786074,3,3,0.6,0.6,3,3,0.75,0.75,0.5,0.5,0.545454545454545,0.545454545454545,0.675,0.675,0.333711906235957,0.333711906235957,0,TRUE,TRUE,FALSE,FALSE,FALSE,"red;blue;green","red;blue;green","vis_2;vis_3;vis_1","vis_2;vis_3;vis_1","","","","","ok","",TRUE
558,"uniform_l_11_mid.csv","uniform_v_c_strong.csv",1000,1000,0.22,54238.5700204409,3,3,0.6,0.6,3,3,0.75,0.75,0.5,0.5,0.545454545454545,0.545454545454545,0.675,0.675,0.333711906235957,0.333711906235957,0,TRUE,TRUE,FALSE,FALSE,FALSE,"red;blue;green","red;blue;green","vis_2;vis_3;current","vis_2;vis_3;current","","","","","ok","",FALSE
698,"uniform_l_31_mid.csv","uniform_t_vis_1_mid.csv",1000,1000,0,43671.9388936085,3,3,0.6,0.6,3,3,0.75,0.75,0.5,0.5,0.545454545454545,0.545454545454545,0.675,0.675,0.333711906235957,0.333711906235957,0,TRUE,TRUE,FALSE,FALSE,FALSE,"red;blue;green","red;blue;green","vis_2;current;vis_3","vis_2;current;vis_3","","","","","ok","",TRUE
723,"uniform_l_32_mid.csv","uniform_pol_1_strong.csv",1000,1000,0.04,37206.4157679678,3,3,0.6,0.6,3,3,0.75,0.75,0.5,0.5,0.545454545454545,0.545454545454545,0.675,0.675,0.333711906235957,0.333711906235957,0,TRUE,TRUE,FALSE,FALSE,FALSE,"red;blue;green","red;blue;green","vis_2;current;vis_1","vis_2;current;vis_1","","","","","ok","",FALSE
756,"uniform_osr_angle_1_mid.csv","uniform_osr_c_weak.csv",1000,1000,0,48745.1252785469,3,3,0.6,0.6,3,3,0.75,0.75,0.5,0.5,0.545454545454545,0.545454545454545,0.675,0.675,0.333711906235957,0.333711906235957,0,TRUE,TRUE,FALSE,FALSE,FALSE,"red;blue;green","red;blue;green","vis_2;vis_3;vis_1","vis_2;vis_3;vis_1","","","","","ok","",TRUE
758,"uniform_osr_angle_1_mid.csv","uniform_pol_1_strong.csv",1000,1000,0.45,43434.0072709699,3,3,0.6,0.6,3,3,0.75,0.75,0.5,0.5,0.545454545454545,0.545454545454545,0.675,0.675,0.333711906235957,0.333711906235957,0,TRUE,TRUE,FALSE,FALSE,FALSE,"red;blue;green","red;blue;green","vis_2;vis_1;current","vis_2;vis_1;current","","","","","ok","",FALSE
801,"uniform_osr_angle_1_strong.csv","uniform_t_ir_3_strong.csv",1000,1000,0,60462.5124646232,3,3,0.6,0.6,3,3,0.75,0.75,0.5,0.5,0.545454545454545,0.545454545454545,0.675,0.675,0.333711906235957,0.333711906235957,0,TRUE,TRUE,FALSE,FALSE,FALSE,"red;blue;green","red;blue;green","vis_2;vis_3;vis_1","vis_2;vis_3;vis_1","","","","","ok","",TRUE
857,"uniform_osr_angle_2_mid.csv","uniform_pol_1_strong.csv",1000,1000,0,68567.4846851066,3,3,0.6,0.6,3,3,0.75,0.75,0.5,0.5,0.545454545454545,0.545454545454545,0.675,0.675,0.333711906235957,0.333711906235957,0,TRUE,TRUE,FALSE,FALSE,FALSE,"red;blue;green","red;blue;green","vis_2;vis_1;current","vis_2;vis_1;current","","","","","ok","",TRUE
864,"uniform_osr_angle_2_mid.csv","uniform_t_ir_1_weak.csv",1000,1000,0.13,46559.8369605739,3,3,0.6,0.6,3,3,0.75,0.75,0.5,0.5,0.545454545454545,0.545454545454545,0.675,0.675,0.333711906235957,0.333711906235957,0,TRUE,TRUE,FALSE,FALSE,FALSE,"red;blue;green","red;blue;green","vis_2;vis_1;current","vis_2;vis_1;current","","","","","ok","",FALSE
866,"uniform_osr_angle_2_mid.csv","uniform_t_ir_3_strong.csv",1000,1000,0,82764.5108306144,3,3,0.6,0.6,3,3,0.75,0.75,0.5,0.5,0.545454545454545,0.545454545454545,0.675,0.675,0.333711906235957,0.333711906235957,0,TRUE,TRUE,FALSE,FALSE,FALSE,"red;blue;green","red;blue;green","vis_2;vis_3;vis_1","vis_2;vis_3;vis_1","","","","","ok","",TRUE
873,"uniform_osr_angle_2_mid.csv","uniform_t_vis_2_weak.csv",1000,1000,0.04,141666.019979278,3,3,0.6,0.6,3,3,0.75,0.75,0.5,0.5,0.545454545454545,0.545454545454545,0.675,0.675,0.333711906235957,0.333711906235957,0,TRUE,TRUE,FALSE,FALSE,FALSE,"red;green;blue","red;green;blue","vis_2;ir_3;vis_3","vis_2;ir_3;vis_3","","","","","ok","",FALSE
888,"uniform_osr_angle_2_strong.csv","uniform_pol_1_strong.csv",1000,1000,0,26837.9347117563,3,3,0.6,0.6,3,3,0.75,0.75,0.5,0.5,0.545454545454545,0.545454545454545,0.675,0.675,0.333711906235957,0.333711906235957,0,TRUE,TRUE,FALSE,FALSE,FALSE,"red;blue;green","red;blue;green","vis_2;vis_1;current","vis_2;vis_1;current","","","","","ok","",TRUE
909,"uniform_osr_angle_2_strong.csv","uniform_v_angle_1_strong.csv",1000,1000,0.07,62675.7488581634,3,3,0.6,0.6,3,3,0.75,0.75,0.5,0.5,0.545454545454545,0.545454545454545,0.675,0.675,0.333711906235957,0.333711906235957,0,TRUE,TRUE,FALSE,FALSE,FALSE,"red;blue;green","red;blue;green","vis_2;current;vis_3","vis_2;current;vis_3","","","","","ok","",FALSE
915,"uniform_osr_angle_2_weak.csv","uniform_osr_c_strong.csv",1000,1000,0,26934.4410782715,3,3,0.6,0.6,3,3,0.75,0.75,0.5,0.5,0.545454545454545,0.545454545454545,0.675,0.675,0.333711906235957,0.333711906235957,0,TRUE,TRUE,FALSE,FALSE,FALSE,"red;green;blue","red;green;blue","vis_2;ir_1;current","vis_2;ir_1;current","","","","","ok","",TRUE
956,"uniform_osr_c_mid.csv","uniform_t_ir_3_strong.csv",1000,1000,0,307112.003350888,3,3,0.6,0.6,3,3,0.75,0.75,0.5,0.5,0.545454545454545,0.545454545454545,0.675,0.675,0.333711906235957,0.333711906235957,0,TRUE,TRUE,FALSE,FALSE,FALSE,"red;blue;green","red;blue;green","vis_2;vis_3;ir_3","vis_2;vis_3;ir_3","","","","","ok","",TRUE
968,"uniform_osr_c_mid.csv","uniform_v_angle_1_strong.csv",1000,1000,0,55214.8117622531,3,3,0.6,0.6,3,3,0.75,0.75,0.5,0.5,0.545454545454545,0.545454545454545,0.675,0.675,0.333711906235957,0.333711906235957,0,TRUE,TRUE,FALSE,FALSE,FALSE,"red;blue;green","red;blue;green","vis_2;vis_3;ir_3","vis_2;vis_3;ir_3","","","","","ok","",TRUE
976,"uniform_osr_c_strong.csv","uniform_pol_2_mid.csv",1000,1000,0,50862.0696733126,3,3,0.6,0.6,3,3,0.75,0.75,0.5,0.5,0.545454545454545,0.545454545454545,0.675,0.675,0.333711906235957,0.333711906235957,0,TRUE,TRUE,FALSE,FALSE,FALSE,"red;blue;green","red;blue;green","vis_2;pol_2;ir_3","vis_2;pol_2;ir_3","","","","","ok","",TRUE
982,"uniform_osr_c_strong.csv","uniform_t_ir_1_weak.csv",1000,1000,0,50574.3770214385,3,3,0.6,0.6,3,3,0.75,0.75,0.5,0.5,0.545454545454545,0.545454545454545,0.675,0.675,0.333711906235957,0.333711906235957,0,TRUE,TRUE,FALSE,FALSE,FALSE,"red;green;blue","red;green;blue","vis_2;vis_1;current","vis_2;vis_1;current","","","","","ok","",TRUE
985,"uniform_osr_c_strong.csv","uniform_t_ir_3_weak.csv",1000,1000,0.21,34603.7405714865,3,3,0.6,0.6,3,3,0.75,0.75,0.5,0.5,0.545454545454545,0.545454545454545,0.675,0.675,0.333711906235957,0.333711906235957,0,TRUE,TRUE,FALSE,FALSE,FALSE,"red;green;blue","red;green;blue","vis_2;vis_3;ir_1","vis_2;vis_3;ir_1","","","","","ok","",FALSE
987,"uniform_osr_c_strong.csv","uniform_t_vis_1_strong.csv",1000,1000,0,94316.1385069392,3,3,0.6,0.6,3,3,0.75,0.75,0.5,0.5,0.545454545454545,0.545454545454545,0.675,0.675,0.333711906235957,0.333711906235957,0,TRUE,TRUE,FALSE,FALSE,FALSE,"red;blue;green","red;blue;green","vis_2;vis_3;ir_1","vis_2;vis_3;ir_1","","","","","ok","",TRUE
995,"uniform_osr_c_strong.csv","uniform_v_angle_1_mid.csv",1000,1000,0,48400.2651260229,3,3,0.6,0.6,3,3,0.75,0.75,0.5,0.5,0.545454545454545,0.545454545454545,0.675,0.675,0.333711906235957,0.333711906235957,0,TRUE,TRUE,FALSE,FALSE,FALSE,"red;green;blue","red;green;blue","vis_2;current;ir_1","vis_2;current;ir_1","","","","","ok","",TRUE
1000,"uniform_osr_c_strong.csv","uniform_v_c_strong.csv",1000,1000,0,40093.7394867223,3,3,0.6,0.6,3,3,0.75,0.75,0.5,0.5,0.545454545454545,0.545454545454545,0.675,0.675,0.333711906235957,0.333711906235957,0,TRUE,TRUE,FALSE,FALSE,FALSE,"red;green;blue","red;green;blue","vis_2;current;vis_1","vis_2;current;vis_1","","","","","ok","",TRUE
1020,"uniform_osr_c_weak.csv","uniform_t_vis_3_strong.csv",1000,1000,0,68726.643054973,3,3,0.6,0.6,3,3,0.75,0.75,0.5,0.5,0.545454545454545,0.545454545454545,0.675,0.675,0.333711906235957,0.333711906235957,0,TRUE,TRUE,FALSE,FALSE,FALSE,"red;blue;green","red;blue;green","vis_2;vis_1;ir_3","vis_2;vis_1;ir_3","","","","","ok","",TRUE
1023,"uniform_osr_c_weak.csv","uniform_v_angle_1_strong.csv",1000,1000,0,60057.0013766384,3,3,0.6,0.6,3,3,0.75,0.75,0.5,0.5,0.545454545454545,0.545454545454545,0.675,0.675,0.333711906235957,0.333711906235957,0,TRUE,TRUE,FALSE,FALSE,FALSE,"red;blue;green","red;blue;green","vis_2;vis_3;vis_1","vis_2;vis_3;vis_1","","","","","ok","",TRUE
1028,"uniform_pol_1_mid.csv","uniform_pol_1_strong.csv",1000,1000,0.68,48908.9761115373,3,3,0.6,0.6,3,3,0.75,0.75,0.5,0.5,0.545454545454545,0.545454545454545,0.675,0.675,0.333711906235957,0.333711906235957,0,TRUE,TRUE,FALSE,FALSE,FALSE,"red;blue;green","red;blue;green","vis_2;current;vis_1","vis_2;current;l_12","","","vis_1","l_12","ok","",FALSE
1036,"uniform_pol_1_mid.csv","uniform_t_ir_3_mid.csv",1000,1000,0,93523.8835688442,3,3,0.6,0.6,3,3,0.75,0.75,0.5,0.5,0.545454545454545,0.545454545454545,0.675,0.675,0.333711906235957,0.333711906235957,0,TRUE,TRUE,FALSE,FALSE,FALSE,"red;blue;green","red;blue;green","vis_2;vis_1;ir_1","vis_2;vis_1;ir_1","","","","","ok","",TRUE
1037,"uniform_pol_1_mid.csv","uniform_t_ir_3_strong.csv",1000,1000,0,44288.5509264372,3,3,0.6,0.6,3,3,0.75,0.75,0.5,0.5,0.545454545454545,0.545454545454545,0.675,0.675,0.333711906235957,0.333711906235957,0,TRUE,TRUE,FALSE,FALSE,FALSE,"red;blue;green","red;blue;green","vis_2;vis_1;vis_3","vis_2;vis_1;vis_3","","","","","ok","",TRUE
1038,"uniform_pol_1_mid.csv","uniform_t_ir_3_weak.csv",1000,1000,0,28818.0645809783,3,3,0.6,0.6,3,3,0.75,0.75,0.5,0.5,0.545454545454545,0.545454545454545,0.675,0.675,0.333711906235957,0.333711906235957,0,TRUE,TRUE,FALSE,FALSE,FALSE,"red;blue;green","red;blue;green","vis_2;vis_1;ir_1","vis_2;vis_1;ir_1","","","","","ok","",TRUE
1058,"uniform_pol_1_strong.csv","uniform_t_ir_1_mid.csv",1000,1000,0.58,24903.7867246641,3,3,0.6,0.6,3,3,0.75,0.75,0.5,0.5,0.545454545454545,0.545454545454545,0.675,0.675,0.333711906235957,0.333711906235957,0,TRUE,TRUE,FALSE,FALSE,FALSE,"red;blue;green","red;blue;green","vis_2;current;vis_1","vis_2;current;vis_1","","","","","ok","",FALSE
1059,"uniform_pol_1_strong.csv","uniform_t_ir_1_strong.csv",1000,1000,0.24,49276.2673434988,3,3,0.6,0.6,3,3,0.75,0.75,0.5,0.5,0.545454545454545,0.545454545454545,0.675,0.675,0.333711906235957,0.333711906235957,0,TRUE,TRUE,FALSE,FALSE,FALSE,"red;blue;green","red;blue;green","vis_2;vis_1;current","vis_2;vis_1;current","","","","","ok","",FALSE
1060,"uniform_pol_1_strong.csv","uniform_t_ir_1_weak.csv",1000,1000,0,63210.7171991888,3,3,0.6,0.6,3,3,0.75,0.75,0.5,0.5,0.545454545454545,0.545454545454545,0.675,0.675,0.333711906235957,0.333711906235957,0,TRUE,TRUE,FALSE,FALSE,FALSE,"red;blue;green","red;blue;green","vis_2;vis_1;current","vis_2;vis_1;current","","","","","ok","",TRUE
1064,"uniform_pol_1_strong.csv","uniform_t_vis_1_mid.csv",1000,1000,0.02,31936.1645932111,3,3,0.6,0.6,3,3,0.75,0.75,0.5,0.5,0.545454545454545,0.545454545454545,0.675,0.675,0.333711906235957,0.333711906235957,0,TRUE,TRUE,FALSE,FALSE,FALSE,"red;blue;green","red;blue;green","vis_2;current;vis_3","vis_2;current;vis_3","","","","","ok","",FALSE
1102,"uniform_pol_2_mid.csv","uniform_v_c_strong.csv",1000,1000,0.24,33152.1721412991,3,3,0.6,0.6,3,3,0.75,0.75,0.5,0.5,0.545454545454545,0.545454545454545,0.675,0.675,0.333711906235957,0.333711906235957,0,TRUE,TRUE,FALSE,FALSE,FALSE,"red;blue;green","red;blue;green","vis_2;current;vis_1","vis_2;current;vis_1","","","","","ok","",FALSE
1106,"uniform_pol_2_strong.csv","uniform_t_ir_1_strong.csv",1000,1000,0,40195.8115548308,3,3,0.6,0.6,3,3,0.75,0.75,0.5,0.5,0.545454545454545,0.545454545454545,0.675,0.675,0.333711906235957,0.333711906235957,0,TRUE,TRUE,FALSE,FALSE,FALSE,"red;blue;green","red;blue;green","vis_2;current;vis_1","vis_2;current;vis_1","","","","","ok","",TRUE
1128,"uniform_red_mid.csv","uniform_t_ir_1_strong.csv",1000,1000,0.12,69753.4035661917,2,3,0.4,0.6,3,3,0.75,0.75,0.4,0.5,0.4,0.545454545454545,0.575,0.675,0.15,0.333711906235957,0,FALSE,FALSE,FALSE,FALSE,FALSE,"red;blue","red;blue;green","vis_2;ir_1;current","vis_2;ir_1;current","","green","","","ok","",FALSE
1171,"uniform_t_ir_1_mid.csv","uniform_t_ir_3_mid.csv",1000,1000,0,40353.7015966502,3,3,0.6,0.6,3,3,0.75,0.75,0.5,0.5,0.545454545454545,0.545454545454545,0.675,0.675,0.333711906235957,0.333711906235957,0,TRUE,TRUE,FALSE,FALSE,FALSE,"red;blue;green","red;blue;green","vis_2;vis_1;ir_1","vis_2;vis_1;ir_1","","","","","ok","",TRUE
1184,"uniform_t_ir_1_mid.csv","uniform_v_angle_1_strong.csv",1000,1000,0,61322.7543161497,3,3,0.6,0.6,3,3,0.75,0.75,0.5,0.5,0.545454545454545,0.545454545454545,0.675,0.675,0.333711906235957,0.333711906235957,0,TRUE,TRUE,FALSE,FALSE,FALSE,"red;blue;green","red;blue;green","vis_2;current;vis_3","vis_2;current;vis_3","","","","","ok","",TRUE
1187,"uniform_t_ir_1_mid.csv","uniform_v_c_mid.csv",1000,1000,0.46,73477.4136116715,3,3,0.6,0.6,3,3,0.75,0.75,0.5,0.5,0.545454545454545,0.545454545454545,0.675,0.675,0.333711906235957,0.333711906235957,0,TRUE,TRUE,FALSE,FALSE,FALSE,"red;blue;green","red;blue;green","vis_2;vis_3;vis_1","vis_2;vis_3;ir_3","","","vis_1","ir_3","ok","",FALSE
1191,"uniform_t_ir_1_strong.csv","uniform_t_ir_3_strong.csv",1000,1000,0,45560.4155381624,3,3,0.6,0.6,3,3,0.75,0.75,0.5,0.5,0.545454545454545,0.545454545454545,0.675,0.675,0.333711906235957,0.333711906235957,0,TRUE,TRUE,FALSE,FALSE,FALSE,"red;blue;green","red;blue;green","vis_2;vis_3;vis_1","vis_2;vis_3;vis_1","","","","","ok","",TRUE
1201,"uniform_t_ir_1_strong.csv","uniform_t_vis_3_weak.csv",1000,1000,0,123987.69439712,3,3,0.6,0.6,3,3,0.75,0.75,0.5,0.5,0.545454545454545,0.545454545454545,0.675,0.675,0.333711906235957,0.333711906235957,0,TRUE,TRUE,FALSE,FALSE,FALSE,"red;blue;green","red;blue;green","vis_2;vis_1;ir_1","vis_2;vis_1;ir_1","","","","","ok","",TRUE
1209,"uniform_t_ir_1_weak.csv","uniform_t_ir_3_strong.csv",1000,1000,0,50944.5528394731,3,3,0.6,0.6,3,3,0.75,0.75,0.5,0.5,0.545454545454545,0.545454545454545,0.675,0.675,0.333711906235957,0.333711906235957,0,TRUE,TRUE,FALSE,FALSE,FALSE,"red;blue;green","red;blue;green","vis_2;vis_3;vis_1","vis_2;vis_3;vis_1","","","","","ok","",TRUE
1220,"uniform_t_ir_1_weak.csv","uniform_v_angle_1_mid.csv",1000,1000,0.11,36180.6953196955,3,3,0.6,0.6,3,3,0.75,0.75,0.5,0.5,0.545454545454545,0.545454545454545,0.675,0.675,0.333711906235957,0.333711906235957,0,TRUE,TRUE,FALSE,FALSE,FALSE,"red;blue;green","red;blue;green","vis_2;current;vis_1","vis_2;current;vis_1","","","","","ok","",FALSE
1224,"uniform_t_ir_1_weak.csv","uniform_v_c_mid.csv",1000,1000,0,52334.0935029997,3,3,0.6,0.6,3,3,0.75,0.75,0.5,0.5,0.545454545454545,0.545454545454545,0.675,0.675,0.333711906235957,0.333711906235957,0,TRUE,TRUE,FALSE,FALSE,FALSE,"red;blue;green","red;blue;green","vis_2;vis_1;vis_3","vis_2;vis_1;vis_3","","","","","ok","",TRUE
1241,"uniform_t_ir_3_mid.csv","uniform_v_c_mid.csv",1000,1000,0.04,48368.5123910692,3,3,0.6,0.6,3,3,0.75,0.75,0.5,0.5,0.545454545454545,0.545454545454545,0.675,0.675,0.333711906235957,0.333711906235957,0,TRUE,TRUE,FALSE,FALSE,FALSE,"red;blue;green","red;blue;green","vis_2;ir_1;vis_1","vis_2;ir_1;vis_1","","","","","ok","",FALSE
1242,"uniform_t_ir_3_mid.csv","uniform_v_c_strong.csv",1000,1000,0,53047.358536119,3,3,0.6,0.6,3,3,0.75,0.75,0.5,0.5,0.545454545454545,0.545454545454545,0.675,0.675,0.333711906235957,0.333711906235957,0,TRUE,TRUE,FALSE,FALSE,FALSE,"red;blue;green","red;blue;green","vis_2;current;vis_1","vis_2;current;vis_1","","","","","ok","",TRUE
1244,"uniform_t_ir_3_strong.csv","uniform_t_vis_1_mid.csv",1000,1000,0,36802.6772168732,3,3,0.6,0.6,3,3,0.75,0.75,0.5,0.5,0.545454545454545,0.545454545454545,0.675,0.675,0.333711906235957,0.333711906235957,0,TRUE,TRUE,FALSE,FALSE,FALSE,"red;blue;green","red;blue;green","vis_2;vis_3;current","vis_2;vis_3;current","","","","","ok","",TRUE
1245,"uniform_t_ir_3_strong.csv","uniform_t_vis_1_strong.csv",1000,1000,0,43559.3981881405,3,3,0.6,0.6,3,3,0.75,0.75,0.5,0.5,0.545454545454545,0.545454545454545,0.675,0.675,0.333711906235957,0.333711906235957,0,TRUE,TRUE,FALSE,FALSE,FALSE,"red;blue;green","red;blue;green","vis_2;vis_3;vis_1","vis_2;vis_3;vis_1","","","","","ok","",TRUE
1258,"uniform_t_ir_3_strong.csv","uniform_v_c_strong.csv",1000,1000,0.1,78623.4699018868,3,3,0.6,0.6,3,3,0.75,0.75,0.5,0.5,0.545454545454545,0.545454545454545,0.675,0.675,0.333711906235957,0.333711906235957,0,TRUE,TRUE,FALSE,FALSE,FALSE,"red;blue;green","red;blue;green","vis_2;vis_3;current","vis_2;vis_3;current","","","","","ok","",FALSE
1259,"uniform_t_ir_3_weak.csv","uniform_t_vis_1_mid.csv",1000,1000,0.05,82406.45094724,3,3,0.6,0.6,3,3,0.75,0.75,0.5,0.5,0.545454545454545,0.545454545454545,0.675,0.675,0.333711906235957,0.333711906235957,0,TRUE,TRUE,FALSE,FALSE,FALSE,"red;blue;green","red;blue;green","vis_2;vis_3;ir_1","vis_2;vis_3;ir_1","","","","","ok","",FALSE
1282,"uniform_t_vis_1_mid.csv","uniform_v_angle_1_mid.csv",1000,1000,0,37170.1195655872,3,3,0.6,0.6,3,3,0.75,0.75,0.5,0.5,0.545454545454545,0.545454545454545,0.675,0.675,0.333711906235957,0.333711906235957,0,TRUE,TRUE,FALSE,FALSE,FALSE,"red;blue;green","red;blue;green","vis_2;current;vis_3","vis_2;current;vis_3","","","","","ok","",TRUE
1283,"uniform_t_vis_1_mid.csv","uniform_v_angle_1_strong.csv",1000,1000,0,68683.8194842799,3,3,0.6,0.6,3,3,0.75,0.75,0.5,0.5,0.545454545454545,0.545454545454545,0.675,0.675,0.333711906235957,0.333711906235957,0,TRUE,TRUE,FALSE,FALSE,FALSE,"red;blue;green","red;blue;green","vis_2;vis_3;current","vis_2;vis_3;current","","","","","ok","",TRUE
1287,"uniform_t_vis_1_mid.csv","uniform_v_c_strong.csv",1000,1000,0,79836.5131072302,3,3,0.6,0.6,3,3,0.75,0.75,0.5,0.5,0.545454545454545,0.545454545454545,0.675,0.675,0.333711906235957,0.333711906235957,0,TRUE,TRUE,FALSE,FALSE,FALSE,"red;blue;green","red;blue;green","vis_2;vis_3;current","vis_2;vis_3;current","","","","","ok","",TRUE
1313,"uniform_t_vis_2_mid.csv","uniform_t_vis_2_strong.csv",1000,1000,0,109657.631977993,3,3,0.6,0.6,3,3,0.75,0.75,0.5,0.5,0.545454545454545,0.545454545454545,0.675,0.675,0.333711906235957,0.333711906235957,0,TRUE,TRUE,FALSE,FALSE,FALSE,"red;green;blue","red;green;blue","vis_2;ir_1;vis_1","vis_2;ir_1;vis_1","","","","","ok","",TRUE
1331,"uniform_t_vis_2_strong.csv","uniform_v_angle_2_strong.csv",1000,1000,0.05,96526.6169890176,3,3,0.6,0.6,3,3,0.75,0.75,0.5,0.5,0.545454545454545,0.545454545454545,0.675,0.675,0.333711906235957,0.333711906235957,0,TRUE,TRUE,FALSE,FALSE,FALSE,"red;green;blue","red;green;blue","vis_2;vis_3;l_32","vis_2;vis_3;l_32","","","","","ok","",FALSE
1372,"uniform_v_angle_1_strong.csv","uniform_v_c_strong.csv",1000,1000,0.14,40521.6837555118,3,3,0.6,0.6,3,3,0.75,0.75,0.5,0.5,0.545454545454545,0.545454545454545,0.675,0.675,0.333711906235957,0.333711906235957,0,TRUE,TRUE,FALSE,FALSE,FALSE,"red;blue;green","red;blue;green","vis_2;current;vis_3","vis_2;current;vis_3","","","","","ok","",FALSE
3,"uniform_blue_mid.csv","uniform_diode_ir_1_strong.csv",1000,1000,0.04,122548.050287792,3,3,0.6,0.6,4,4,0.666666666666667,0.666666666666667,0.428571428571429,0.428571428571429,0.5,0.5,0.633333333333333,0.633333333333333,0.246885359939347,0.246885359939347,0,TRUE,TRUE,FALSE,FALSE,FALSE,"red;green;blue","red;green;blue","vis_2;vis_3;vis_1;ir_3","vis_2;vis_3;vis_1;ir_3","","","","","ok","",FALSE
9,"uniform_blue_mid.csv","uniform_green_mid.csv",1000,1000,0,124196.127200755,3,3,0.6,0.6,4,4,0.666666666666667,0.666666666666667,0.428571428571429,0.428571428571429,0.5,0.5,0.633333333333333,0.633333333333333,0.246885359939347,0.246885359939347,0,TRUE,TRUE,FALSE,FALSE,FALSE,"red;green;blue","red;green;blue","vis_2;vis_1;ir_3;ir_1","vis_2;vis_1;ir_3;ir_1","","","","","ok","",TRUE
12,"uniform_blue_mid.csv","uniform_l_12_mid.csv",1000,1000,0.16,167856.173288718,3,3,0.6,0.6,4,4,0.666666666666667,0.666666666666667,0.428571428571429,0.428571428571429,0.5,0.5,0.633333333333333,0.633333333333333,0.246885359939347,0.246885359939347,0,TRUE,TRUE,FALSE,FALSE,FALSE,"red;green;blue","red;green;blue","vis_2;vis_1;vis_3;ir_3","vis_2;vis_1;vis_3;ir_3","","","","","ok","",FALSE
23,"uniform_blue_mid.csv","uniform_osr_c_mid.csv",1000,1000,0.01,121754.830713319,3,3,0.6,0.6,4,4,0.666666666666667,0.666666666666667,0.428571428571429,0.428571428571429,0.5,0.5,0.633333333333333,0.633333333333333,0.246885359939347,0.246885359939347,0,TRUE,TRUE,FALSE,FALSE,FALSE,"red;green;blue","red;green;blue","vis_2;vis_1;vis_3;ir_3","vis_2;vis_1;vis_3;ir_3","","","","","ok","",FALSE
60,"uniform_blue_strong.csv","uniform_green_mid.csv",1000,1000,0,170159.588830525,3,3,0.6,0.6,4,4,0.666666666666667,0.666666666666667,0.428571428571429,0.428571428571429,0.5,0.5,0.633333333333333,0.633333333333333,0.246885359939347,0.246885359939347,0,TRUE,TRUE,FALSE,FALSE,FALSE,"red;green;blue","red;green;blue","vis_2;vis_1;ir_3;ir_1","vis_2;vis_1;ir_3;ir_1","","","","","ok","",TRUE
62,"uniform_blue_strong.csv","uniform_l_11_mid.csv",1000,1000,0.12,72145.358268872,3,3,0.6,0.6,4,4,0.666666666666667,0.666666666666667,0.428571428571429,0.428571428571429,0.5,0.5,0.633333333333333,0.633333333333333,0.246885359939347,0.246885359939347,0,TRUE,TRUE,FALSE,FALSE,FALSE,"red;green;blue","red;green;blue","vis_2;vis_1;vis_3;ir_3","vis_2;vis_1;vis_3;ir_3","","","","","ok","",FALSE
63,"uniform_blue_strong.csv","uniform_l_12_mid.csv",1000,1000,0.3,83533.3162174976,3,3,0.6,0.6,4,4,0.666666666666667,0.666666666666667,0.428571428571429,0.428571428571429,0.5,0.5,0.633333333333333,0.633333333333333,0.246885359939347,0.246885359939347,0,TRUE,TRUE,FALSE,FALSE,FALSE,"red;green;blue","red;green;blue","vis_2;vis_1;vis_3;ir_3","vis_2;vis_1;vis_3;ir_3","","","","","ok","",FALSE
66,"uniform_blue_strong.csv","uniform_l_31_mid.csv",1000,1000,0.09,80085.9765567873,3,3,0.6,0.6,4,4,0.666666666666667,0.666666666666667,0.428571428571429,0.428571428571429,0.5,0.5,0.633333333333333,0.633333333333333,0.246885359939347,0.246885359939347,0,TRUE,TRUE,FALSE,FALSE,FALSE,"red;green;blue","red;green;blue","vis_2;vis_1;vis_3;ir_3","vis_2;vis_1;vis_3;ir_3","","","","","ok","",FALSE
84,"uniform_blue_strong.csv","uniform_t_ir_1_strong.csv",1000,1000,0.57,71175.866932339,4,3,0.8,0.6,4,4,0.666666666666667,0.666666666666667,0.5,0.428571428571429,0.615384615384615,0.5,0.733333333333333,0.633333333333333,0.426006433615129,0.246885359939347,0,FALSE,FALSE,FALSE,FALSE,FALSE,"red;green;l_21;blue","red;green;l_21","vis_2;vis_1;ir_3;vis_3","vis_2;vis_1;ir_3;vis_3","blue","","","","ok","",FALSE
102,"uniform_blue_strong.csv","uniform_v_c_mid.csv",1000,1000,0.05,58546.9875136403,3,3,0.6,0.6,4,4,0.666666666666667,0.666666666666667,0.428571428571429,0.428571428571429,0.5,0.5,0.633333333333333,0.633333333333333,0.246885359939347,0.246885359939347,0,TRUE,TRUE,FALSE,FALSE,FALSE,"red;green;blue","red;green;blue","vis_2;vis_1;vis_3;ir_3","vis_2;vis_1;vis_3;ir_3","","","","","ok","",FALSE
110,"uniform_diode_ir_1_mid.csv","uniform_green_mid.csv",1000,1000,0.17,94581.5098603773,3,3,0.6,0.6,4,4,0.666666666666667,0.666666666666667,0.428571428571429,0.428571428571429,0.5,0.5,0.633333333333333,0.633333333333333,0.246885359939347,0.246885359939347,0,TRUE,TRUE,FALSE,FALSE,FALSE,"red;blue;green","red;blue;green","vis_2;vis_1;ir_1;vis_3","vis_2;vis_1;ir_1;vis_3","","","","","ok","",FALSE
124,"uniform_diode_ir_1_mid.csv","uniform_osr_c_mid.csv",1000,1000,0,48147.525211831,3,3,0.6,0.6,4,4,0.666666666666667,0.666666666666667,0.428571428571429,0.428571428571429,0.5,0.5,0.633333333333333,0.633333333333333,0.246885359939347,0.246885359939347,0,TRUE,TRUE,FALSE,FALSE,FALSE,"red;blue;green","red;blue;green","vis_2;ir_3;vis_1;current","vis_2;ir_3;vis_1;current","","","","","ok","",TRUE
125,"uniform_diode_ir_1_mid.csv","uniform_osr_c_strong.csv",1000,1000,0.11,55117.5572968918,3,3,0.6,0.6,4,4,0.666666666666667,0.666666666666667,0.428571428571429,0.428571428571429,0.5,0.5,0.633333333333333,0.633333333333333,0.246885359939347,0.246885359939347,0,TRUE,TRUE,FALSE,FALSE,FALSE,"red;green;blue","red;green;blue","vis_2;vis_1;current;ir_3","vis_2;vis_1;current;ir_3","","","","","ok","",FALSE
133,"uniform_diode_ir_1_mid.csv","uniform_t_ir_1_mid.csv",1000,1000,0.17,68035.3506796109,3,3,0.6,0.6,4,4,0.666666666666667,0.666666666666667,0.428571428571429,0.428571428571429,0.5,0.5,0.633333333333333,0.633333333333333,0.246885359939347,0.246885359939347,0,TRUE,TRUE,FALSE,FALSE,FALSE,"red;blue;green","red;blue;green","vis_2;current;vis_1;ir_3","vis_2;current;vis_1;ir_3","","","","","ok","",FALSE
146,"uniform_diode_ir_1_mid.csv","uniform_t_vis_3_strong.csv",1000,1000,0,34290.1934014816,3,3,0.6,0.6,4,4,0.666666666666667,0.666666666666667,0.428571428571429,0.428571428571429,0.5,0.5,0.633333333333333,0.633333333333333,0.246885359939347,0.246885359939347,0,TRUE,TRUE,FALSE,FALSE,FALSE,"red;blue;green","red;blue;green","vis_2;current;ir_3;vis_1","vis_2;current;ir_3;vis_1","","","","","ok","",TRUE
153,"uniform_diode_ir_1_mid.csv","uniform_v_c_strong.csv",1000,1000,0,45533.831798089,3,3,0.6,0.6,4,4,0.666666666666667,0.666666666666667,0.428571428571429,0.428571428571429,0.5,0.5,0.633333333333333,0.633333333333333,0.246885359939347,0.246885359939347,0,TRUE,TRUE,FALSE,FALSE,FALSE,"red;blue;green","red;blue;green","vis_2;current;vis_3;l_12","vis_2;current;vis_3;l_12","","","","","ok","",TRUE
162,"uniform_diode_ir_1_strong.csv","uniform_l_12_mid.csv",1000,1000,0,82891.808068769,3,3,0.6,0.6,4,4,0.666666666666667,0.666666666666667,0.428571428571429,0.428571428571429,0.5,0.5,0.633333333333333,0.633333333333333,0.246885359939347,0.246885359939347,0,TRUE,TRUE,FALSE,FALSE,FALSE,"red;blue;green","red;blue;green","vis_2;vis_1;l_12;vis_3","vis_2;vis_1;l_12;vis_3","","","","","ok","",TRUE
167,"uniform_diode_ir_1_strong.csv","uniform_osr_angle_1_mid.csv",1000,1000,0.02,51200.798756243,3,3,0.6,0.6,4,4,0.666666666666667,0.666666666666667,0.428571428571429,0.428571428571429,0.5,0.5,0.633333333333333,0.633333333333333,0.246885359939347,0.246885359939347,0,TRUE,TRUE,FALSE,FALSE,FALSE,"red;blue;green","red;blue;green","vis_2;vis_1;pol_1;current","vis_2;vis_1;pol_1;current","","","","","ok","",FALSE
171,"uniform_diode_ir_1_strong.csv","uniform_osr_angle_2_strong.csv",1000,1000,0.07,54384.3353346279,3,3,0.6,0.6,4,4,0.666666666666667,0.666666666666667,0.428571428571429,0.428571428571429,0.5,0.5,0.633333333333333,0.633333333333333,0.246885359939347,0.246885359939347,0,TRUE,TRUE,FALSE,FALSE,FALSE,"red;blue;green","red;blue;green","vis_2;vis_1;vis_3;ir_3","vis_2;vis_1;vis_3;ir_3","","","","","ok","",FALSE
172,"uniform_diode_ir_1_strong.csv","uniform_osr_angle_2_weak.csv",1000,1000,0,32749.6269283119,3,3,0.6,0.6,4,4,0.666666666666667,0.666666666666667,0.428571428571429,0.428571428571429,0.5,0.5,0.633333333333333,0.633333333333333,0.246885359939347,0.246885359939347,0,TRUE,TRUE,FALSE,FALSE,FALSE,"red;blue;green","red;blue;green","vis_2;vis_1;ir_1;current","vis_2;vis_1;ir_1;current","","","","","ok","",TRUE
179,"uniform_diode_ir_1_strong.csv","uniform_pol_2_strong.csv",1000,1000,0,38406.7806786555,3,3,0.6,0.6,4,4,0.666666666666667,0.666666666666667,0.428571428571429,0.428571428571429,0.5,0.5,0.633333333333333,0.633333333333333,0.246885359939347,0.246885359939347,0,TRUE,TRUE,FALSE,FALSE,FALSE,"red;blue;green","red;blue;green","vis_2;vis_1;ir_1;current","vis_2;vis_1;ir_1;current","","","","","ok","",TRUE
185,"uniform_diode_ir_1_strong.csv","uniform_t_ir_3_mid.csv",1000,1000,0.02,43351.3449034537,3,3,0.6,0.6,4,4,0.666666666666667,0.666666666666667,0.428571428571429,0.428571428571429,0.5,0.5,0.633333333333333,0.633333333333333,0.246885359939347,0.246885359939347,0,TRUE,TRUE,FALSE,FALSE,FALSE,"red;blue;green","red;blue;green","vis_2;vis_1;ir_1;ir_3","vis_2;vis_1;ir_1;ir_3","","","","","ok","",FALSE
190,"uniform_diode_ir_1_strong.csv","uniform_t_vis_1_weak.csv",1000,1000,0.15,82532.2414527995,3,3,0.6,0.6,4,4,0.666666666666667,0.666666666666667,0.428571428571429,0.428571428571429,0.5,0.5,0.633333333333333,0.633333333333333,0.246885359939347,0.246885359939347,0,TRUE,TRUE,FALSE,FALSE,FALSE,"red;blue;green","red;blue;green","vis_2;vis_3;pol_1;ir_1","vis_2;vis_3;pol_1;ir_1","","","","","ok","",FALSE
199,"uniform_diode_ir_1_strong.csv","uniform_v_angle_2_mid.csv",1000,1000,0,111855.502788402,3,3,0.6,0.6,4,4,0.666666666666667,0.666666666666667,0.428571428571429,0.428571428571429,0.5,0.5,0.633333333333333,0.633333333333333,0.246885359939347,0.246885359939347,0,TRUE,TRUE,FALSE,FALSE,FALSE,"red;blue;green","red;blue;green","vis_2;vis_1;pol_1;current","vis_2;vis_1;pol_1;current","","","","","ok","",TRUE
202,"uniform_diode_ir_1_strong.csv","uniform_v_c_strong.csv",1000,1000,0.38,48430.472061292,3,3,0.6,0.6,4,4,0.666666666666667,0.666666666666667,0.428571428571429,0.428571428571429,0.5,0.5,0.633333333333333,0.633333333333333,0.246885359939347,0.246885359939347,0,TRUE,TRUE,FALSE,FALSE,FALSE,"red;blue;green","red;blue;green","vis_2;current;vis_1;vis_3","vis_2;current;vis_1;vis_3","","","","","ok","",FALSE
209,"uniform_diode_ir_3_mid.csv","uniform_l_11_mid.csv",1000,1000,0.15,49558.784361956,3,3,0.6,0.6,4,4,0.666666666666667,0.666666666666667,0.428571428571429,0.428571428571429,0.5,0.5,0.633333333333333,0.633333333333333,0.246885359939347,0.246885359939347,0,TRUE,TRUE,FALSE,FALSE,FALSE,"red;blue;green","red;blue;green","vis_2;vis_3;ir_1;vis_1","vis_2;vis_3;ir_1;vis_1","","","","","ok","",FALSE
217,"uniform_diode_ir_3_mid.csv","uniform_osr_angle_1_weak.csv",1000,1000,0.13,37251.1367345715,4,3,0.8,0.6,4,4,0.666666666666667,0.666666666666667,0.5,0.428571428571429,0.615384615384615,0.5,0.733333333333333,0.633333333333333,0.426006433615129,0.246885359939347,0,FALSE,FALSE,FALSE,FALSE,FALSE,"red;blue;green;l_22","red;blue;green","vis_2;vis_3;ir_1;vis_1","vis_2;vis_3;ir_1;vis_1","l_22","","","","ok","",FALSE
218,"uniform_diode_ir_3_mid.csv","uniform_osr_angle_2_mid.csv",1000,1000,0.08,58285.3250636621,3,3,0.6,0.6,4,4,0.666666666666667,0.666666666666667,0.428571428571429,0.428571428571429,0.5,0.5,0.633333333333333,0.633333333333333,0.246885359939347,0.246885359939347,0,TRUE,TRUE,FALSE,FALSE,FALSE,"red;blue;green","red;blue;green","vis_2;vis_3;vis_1;ir_1","vis_2;vis_3;vis_1;ir_1","","","","","ok","",FALSE
223,"uniform_diode_ir_3_mid.csv","uniform_osr_c_weak.csv",1000,1000,0,132435.478455797,3,3,0.6,0.6,4,4,0.666666666666667,0.666666666666667,0.428571428571429,0.428571428571429,0.5,0.5,0.633333333333333,0.633333333333333,0.246885359939347,0.246885359939347,0,TRUE,TRUE,FALSE,FALSE,FALSE,"red;blue;green","red;blue;green","vis_2;vis_3;ir_3;vis_1","vis_2;vis_3;ir_3;vis_1","","","","","ok","",TRUE
225,"uniform_diode_ir_3_mid.csv","uniform_pol_1_strong.csv",1000,1000,0.01,28301.2846831918,3,3,0.6,0.6,4,4,0.666666666666667,0.666666666666667,0.428571428571429,0.428571428571429,0.5,0.5,0.633333333333333,0.633333333333333,0.246885359939347,0.246885359939347,0,TRUE,TRUE,FALSE,FALSE,FALSE,"red;blue;green","red;blue;green","vis_2;vis_3;vis_1;pol_1","vis_2;vis_3;vis_1;pol_1","","","","","ok","",FALSE
230,"uniform_diode_ir_3_mid.csv","uniform_t_ir_1_mid.csv",1000,1000,0,50879.3383201192,3,3,0.6,0.6,4,4,0.666666666666667,0.666666666666667,0.428571428571429,0.428571428571429,0.5,0.5,0.633333333333333,0.633333333333333,0.246885359939347,0.246885359939347,0,TRUE,TRUE,FALSE,FALSE,FALSE,"red;blue;green","red;blue;green","vis_2;vis_3;ir_3;vis_1","vis_2;vis_3;ir_3;vis_1","","","","","ok","",TRUE
232,"uniform_diode_ir_3_mid.csv","uniform_t_ir_1_weak.csv",1000,1000,0,51758.4756347467,3,3,0.6,0.6,4,4,0.666666666666667,0.666666666666667,0.428571428571429,0.428571428571429,0.5,0.5,0.633333333333333,0.633333333333333,0.246885359939347,0.246885359939347,0,TRUE,TRUE,FALSE,FALSE,FALSE,"red;blue;green","red;blue;green","vis_2;vis_3;vis_1;ir_1","vis_2;vis_3;vis_1;ir_1","","","","","ok","",TRUE
233,"uniform_diode_ir_3_mid.csv","uniform_t_ir_3_mid.csv",1000,1000,0,56638.0681889244,3,3,0.6,0.6,4,4,0.666666666666667,0.666666666666667,0.428571428571429,0.428571428571429,0.5,0.5,0.633333333333333,0.633333333333333,0.246885359939347,0.246885359939347,0,TRUE,TRUE,FALSE,FALSE,FALSE,"red;blue;green","red;blue;green","vis_2;vis_3;ir_1;vis_1","vis_2;vis_3;ir_1;vis_1","","","","","ok","",TRUE
241,"uniform_diode_ir_3_mid.csv","uniform_t_vis_2_weak.csv",1000,1000,0.21,139504.053887239,3,3,0.6,0.6,4,4,0.666666666666667,0.666666666666667,0.428571428571429,0.428571428571429,0.5,0.5,0.633333333333333,0.633333333333333,0.246885359939347,0.246885359939347,0,TRUE,TRUE,FALSE,FALSE,FALSE,"red;green;blue","red;green;blue","vis_2;ir_3;vis_3;ir_1","vis_2;ir_3;vis_3;ir_1","","","","","ok","",FALSE
245,"uniform_diode_ir_3_mid.csv","uniform_v_angle_1_mid.csv",1000,1000,0.04,749623.957663394,3,3,0.6,0.6,4,4,0.666666666666667,0.666666666666667,0.428571428571429,0.428571428571429,0.5,0.5,0.633333333333333,0.633333333333333,0.246885359939347,0.246885359939347,0,TRUE,TRUE,FALSE,FALSE,FALSE,"red;blue;green","red;blue;green","vis_2;vis_3;ir_1;vis_1","vis_2;vis_3;ir_1;vis_1","","","","","ok","",FALSE
253,"uniform_diode_ir_3_strong.csv","uniform_diode_vis_3_mid.csv",1000,1000,0,51567.874169225,3,3,0.6,0.6,4,4,0.666666666666667,0.666666666666667,0.428571428571429,0.428571428571429,0.5,0.5,0.633333333333333,0.633333333333333,0.246885359939347,0.246885359939347,0,TRUE,TRUE,FALSE,FALSE,FALSE,"red;blue;green","red;blue;green","vis_2;current;ir_1;l_11","vis_2;current;ir_1;l_11","","","","","ok","",TRUE
254,"uniform_diode_ir_3_strong.csv","uniform_green_mid.csv",1000,1000,0.04,69752.2923733469,3,3,0.6,0.6,4,4,0.666666666666667,0.666666666666667,0.428571428571429,0.428571428571429,0.5,0.5,0.633333333333333,0.633333333333333,0.246885359939347,0.246885359939347,0,TRUE,TRUE,FALSE,FALSE,FALSE,"red;blue;green","red;blue;green","vis_2;vis_1;ir_1;vis_3","vis_2;vis_1;ir_1;vis_3","","","","","ok","",FALSE
257,"uniform_diode_ir_3_strong.csv","uniform_l_12_mid.csv",1000,1000,0,48004.0458440275,3,3,0.6,0.6,4,4,0.666666666666667,0.666666666666667,0.428571428571429,0.428571428571429,0.5,0.5,0.633333333333333,0.633333333333333,0.246885359939347,0.246885359939347,0,TRUE,TRUE,FALSE,FALSE,FALSE,"red;blue;green","red;blue;green","vis_2;vis_3;ir_1;current","vis_2;vis_3;ir_1;current","","","","","ok","",TRUE
261,"uniform_diode_ir_3_strong.csv","uniform_l_32_mid.csv",1000,1000,0,52897.9944984926,3,3,0.6,0.6,4,4,0.666666666666667,0.666666666666667,0.428571428571429,0.428571428571429,0.5,0.5,0.633333333333333,0.633333333333333,0.246885359939347,0.246885359939347,0,TRUE,TRUE,FALSE,FALSE,FALSE,"red;blue;green","red;blue;green","vis_2;current;vis_3;ir_1","vis_2;current;vis_3;ir_1","","","","","ok","",TRUE
270,"uniform_diode_ir_3_strong.csv","uniform_osr_c_weak.csv",1000,1000,0,55026.4335706371,3,3,0.6,0.6,4,4,0.666666666666667,0.666666666666667,0.428571428571429,0.428571428571429,0.5,0.5,0.633333333333333,0.633333333333333,0.246885359939347,0.246885359939347,0,TRUE,TRUE,FALSE,FALSE,FALSE,"red;blue;green","red;blue;green","vis_2;vis_3;vis_1;current","vis_2;vis_3;vis_1;current","","","","","ok","",TRUE
271,"uniform_diode_ir_3_strong.csv","uniform_pol_1_mid.csv",1000,1000,0,84733.3120371565,3,3,0.6,0.6,4,4,0.666666666666667,0.666666666666667,0.428571428571429,0.428571428571429,0.5,0.5,0.633333333333333,0.633333333333333,0.246885359939347,0.246885359939347,0,TRUE,TRUE,FALSE,FALSE,FALSE,"red;blue;green","red;blue;green","vis_2;current;vis_1;ir_1","vis_2;current;vis_1;ir_1","","","","","ok","",TRUE
282,"uniform_diode_ir_3_strong.csv","uniform_t_ir_3_weak.csv",1000,1000,0.07,60555.3493147429,3,3,0.6,0.6,4,4,0.666666666666667,0.666666666666667,0.428571428571429,0.428571428571429,0.5,0.5,0.633333333333333,0.633333333333333,0.246885359939347,0.246885359939347,0,TRUE,TRUE,FALSE,FALSE,FALSE,"red;blue;green","red;blue;green","vis_2;ir_1;vis_3;vis_1","vis_2;ir_1;vis_3;vis_1","","","","","ok","",FALSE
283,"uniform_diode_ir_3_strong.csv","uniform_t_vis_1_mid.csv",1000,1000,0,44114.6593483319,3,3,0.6,0.6,4,4,0.666666666666667,0.666666666666667,0.428571428571429,0.428571428571429,0.5,0.5,0.633333333333333,0.633333333333333,0.246885359939347,0.246885359939347,0,TRUE,TRUE,FALSE,FALSE,FALSE,"red;blue;green","red;blue;green","vis_2;current;vis_3;l_11","vis_2;current;vis_3;l_11","","","","","ok","",TRUE
287,"uniform_diode_ir_3_strong.csv","uniform_t_vis_2_strong.csv",1000,1000,0.43,113459.366944423,3,3,0.6,0.6,4,4,0.666666666666667,0.666666666666667,0.428571428571429,0.428571428571429,0.5,0.5,0.633333333333333,0.633333333333333,0.246885359939347,0.246885359939347,0,TRUE,TRUE,FALSE,FALSE,FALSE,"red;green;blue","red;green;blue","vis_2;current;vis_3;ir_3","vis_2;current;vis_3;ir_3","","","","","ok","",FALSE
293,"uniform_diode_ir_3_strong.csv","uniform_v_angle_1_strong.csv",1000,1000,0.13,39775.4119931489,3,3,0.6,0.6,4,4,0.666666666666667,0.666666666666667,0.428571428571429,0.428571428571429,0.5,0.5,0.633333333333333,0.633333333333333,0.246885359939347,0.246885359939347,0,TRUE,TRUE,FALSE,FALSE,FALSE,"red;blue;green","red;blue;green","vis_2;vis_3;current;ir_1","vis_2;vis_3;current;ir_1","","","","","ok","",FALSE
294,"uniform_diode_ir_3_strong.csv","uniform_v_angle_2_mid.csv",1000,1000,0,40744.443260011,3,3,0.6,0.6,4,4,0.666666666666667,0.666666666666667,0.428571428571429,0.428571428571429,0.5,0.5,0.633333333333333,0.633333333333333,0.246885359939347,0.246885359939347,0,TRUE,TRUE,FALSE,FALSE,FALSE,"red;blue;green","red;blue;green","vis_2;current;vis_3;l_11","vis_2;current;vis_3;l_11","","","","","ok","",TRUE
300,"uniform_diode_vis_1_mid.csv","uniform_green_mid.csv",1000,1000,0,77222.9920098424,3,3,0.6,0.6,4,4,0.666666666666667,0.666666666666667,0.428571428571429,0.428571428571429,0.5,0.5,0.633333333333333,0.633333333333333,0.246885359939347,0.246885359939347,0,TRUE,TRUE,FALSE,FALSE,FALSE,"red;blue;green","red;blue;green","vis_2;vis_1;vis_3;ir_3","vis_2;vis_1;vis_3;ir_3","","","","","ok","",TRUE
302,"uniform_diode_vis_1_mid.csv","uniform_l_11_mid.csv",1000,1000,0,145463.042646643,3,3,0.6,0.6,4,4,0.666666666666667,0.666666666666667,0.428571428571429,0.428571428571429,0.5,0.5,0.633333333333333,0.633333333333333,0.246885359939347,0.246885359939347,0,TRUE,TRUE,FALSE,FALSE,FALSE,"red;blue;green","red;blue;green","vis_2;vis_3;ir_3;ir_1","vis_2;vis_3;ir_3;ir_1","","","","","ok","",TRUE
312,"uniform_diode_vis_1_mid.csv","uniform_osr_angle_2_strong.csv",1000,1000,0.1,48345.4442876707,3,3,0.6,0.6,4,4,0.666666666666667,0.666666666666667,0.428571428571429,0.428571428571429,0.5,0.5,0.633333333333333,0.633333333333333,0.246885359939347,0.246885359939347,0,TRUE,TRUE,FALSE,FALSE,FALSE,"red;blue;green","red;blue;green","vis_2;vis_3;ir_3;ir_1","vis_2;vis_3;ir_3;ir_1","","","","","ok","",FALSE
326,"uniform_diode_vis_1_mid.csv","uniform_t_ir_3_mid.csv",1000,1000,0.03,30797.5074005613,3,3,0.6,0.6,4,4,0.666666666666667,0.666666666666667,0.428571428571429,0.428571428571429,0.5,0.5,0.633333333333333,0.633333333333333,0.246885359939347,0.246885359939347,0,TRUE,TRUE,FALSE,FALSE,FALSE,"red;blue;green","red;blue;green","vis_2;ir_1;vis_3;pol_2","vis_2;ir_1;vis_3;pol_2","","","","","ok","",FALSE
366,"uniform_diode_vis_2_mid.csv","uniform_red_mid.csv",1000,1000,0.67,554522.197118636,3,3,0.6,0.6,4,4,0.666666666666667,0.666666666666667,0.428571428571429,0.428571428571429,0.5,0.5,0.633333333333333,0.633333333333333,0.246885359939347,0.246885359939347,0,TRUE,TRUE,FALSE,FALSE,FALSE,"red;green;l_22","red;green;l_22","vis_2;vis_1;current;ir_1","vis_2;vis_1;current;vis_3","","","ir_1","vis_3","ok","",FALSE
379,"uniform_diode_vis_2_mid.csv","uniform_t_vis_2_weak.csv",1000,1000,0,156958.787980515,3,3,0.6,0.6,4,4,0.666666666666667,0.666666666666667,0.428571428571429,0.428571428571429,0.5,0.5,0.633333333333333,0.633333333333333,0.246885359939347,0.246885359939347,0,TRUE,TRUE,FALSE,FALSE,FALSE,"red;green;blue","red;green;blue","vis_2;vis_3;ir_1;l_32","vis_2;vis_3;ir_1;l_32","","","","","ok","",TRUE
389,"uniform_diode_vis_3_mid.csv","uniform_green_mid.csv",1000,1000,0,86605.4628167005,3,3,0.6,0.6,4,4,0.666666666666667,0.666666666666667,0.428571428571429,0.428571428571429,0.5,0.5,0.633333333333333,0.633333333333333,0.246885359939347,0.246885359939347,0,TRUE,TRUE,FALSE,FALSE,FALSE,"red;blue;green","red;blue;green","vis_2;vis_1;ir_1;ir_3","vis_2;vis_1;ir_1;ir_3","","","","","ok","",TRUE
407,"uniform_diode_vis_3_mid.csv","uniform_pol_1_strong.csv",1000,1000,0.19,30209.4722926113,3,3,0.6,0.6,4,4,0.666666666666667,0.666666666666667,0.428571428571429,0.428571428571429,0.5,0.5,0.633333333333333,0.633333333333333,0.246885359939347,0.246885359939347,0,TRUE,TRUE,FALSE,FALSE,FALSE,"red;blue;green","red;blue;green","vis_2;current;pol_2;vis_1","vis_2;current;pol_2;vis_1","","","","","ok","",FALSE
414,"uniform_diode_vis_3_mid.csv","uniform_t_ir_1_weak.csv",1000,1000,0.29,77465.6029103299,3,3,0.6,0.6,4,4,0.666666666666667,0.666666666666667,0.428571428571429,0.428571428571429,0.5,0.5,0.633333333333333,0.633333333333333,0.246885359939347,0.246885359939347,0,TRUE,TRUE,FALSE,FALSE,FALSE,"red;blue;green","red;blue;green","vis_2;current;vis_1;pol_2","vis_2;current;vis_1;pol_2","","","","","ok","",FALSE
430,"uniform_diode_vis_3_mid.csv","uniform_v_angle_2_strong.csv",1000,1000,0.01,24867.2370275665,3,3,0.6,0.6,4,4,0.666666666666667,0.666666666666667,0.428571428571429,0.428571428571429,0.5,0.5,0.633333333333333,0.633333333333333,0.246885359939347,0.246885359939347,0,TRUE,TRUE,FALSE,FALSE,FALSE,"red;blue;green","red;blue;green","vis_2;current;vis_1;ir_1","vis_2;current;vis_1;ir_1","","","","","ok","",FALSE
452,"uniform_green_mid.csv","uniform_pol_2_strong.csv",1000,1000,0,64328.8247330301,3,3,0.6,0.6,4,4,0.666666666666667,0.666666666666667,0.428571428571429,0.428571428571429,0.5,0.5,0.633333333333333,0.633333333333333,0.246885359939347,0.246885359939347,0,TRUE,TRUE,FALSE,FALSE,FALSE,"red;blue;green","red;blue;green","vis_2;vis_1;current;ir_1","vis_2;vis_1;current;ir_1","","","","","ok","",TRUE
455,"uniform_green_mid.csv","uniform_t_ir_1_mid.csv",1000,1000,0,62675.5433862655,3,3,0.6,0.6,4,4,0.666666666666667,0.666666666666667,0.428571428571429,0.428571428571429,0.5,0.5,0.633333333333333,0.633333333333333,0.246885359939347,0.246885359939347,0,TRUE,TRUE,FALSE,FALSE,FALSE,"red;blue;green","red;blue;green","vis_2;vis_3;vis_1;ir_1","vis_2;vis_3;vis_1;ir_1","","","","","ok","",TRUE
460,"uniform_green_mid.csv","uniform_t_ir_3_weak.csv",1000,1000,0.37,52679.7816462353,3,3,0.6,0.6,4,4,0.666666666666667,0.666666666666667,0.428571428571429,0.428571428571429,0.5,0.5,0.633333333333333,0.633333333333333,0.246885359939347,0.246885359939347,0,TRUE,TRUE,FALSE,FALSE,FALSE,"red;blue;green","red;blue;green","vis_2;vis_1;ir_1;vis_3","vis_2;vis_1;ir_1;vis_3","","","","","ok","",FALSE
462,"uniform_green_mid.csv","uniform_t_vis_1_strong.csv",1000,1000,0,63372.8294573303,3,3,0.6,0.6,4,4,0.666666666666667,0.666666666666667,0.428571428571429,0.428571428571429,0.5,0.5,0.633333333333333,0.633333333333333,0.246885359939347,0.246885359939347,0,TRUE,TRUE,FALSE,FALSE,FALSE,"red;blue;green","red;blue;green","vis_2;vis_3;ir_3;vis_1","vis_2;vis_3;ir_3;vis_1","","","","","ok","",TRUE
468,"uniform_green_mid.csv","uniform_t_vis_3_strong.csv",1000,1000,0,118175.171410371,3,3,0.6,0.6,4,4,0.666666666666667,0.666666666666667,0.428571428571429,0.428571428571429,0.5,0.5,0.633333333333333,0.633333333333333,0.246885359939347,0.246885359939347,0,TRUE,TRUE,FALSE,FALSE,FALSE,"red;blue;green","red;blue;green","vis_2;vis_1;ir_1;ir_3","vis_2;vis_1;ir_1;ir_3","","","","","ok","",TRUE
473,"uniform_green_mid.csv","uniform_v_angle_2_strong.csv",1000,1000,0,85191.7631730936,3,3,0.6,0.6,4,4,0.666666666666667,0.666666666666667,0.428571428571429,0.428571428571429,0.5,0.5,0.633333333333333,0.633333333333333,0.246885359939347,0.246885359939347,0,TRUE,TRUE,FALSE,FALSE,FALSE,"red;blue;green","red;blue;green","vis_2;vis_1;vis_3;current","vis_2;vis_1;vis_3;current","","","","","ok","",TRUE
474,"uniform_green_mid.csv","uniform_v_c_mid.csv",1000,1000,0,206114.250797415,3,3,0.6,0.6,4,4,0.666666666666667,0.666666666666667,0.428571428571429,0.428571428571429,0.5,0.5,0.633333333333333,0.633333333333333,0.246885359939347,0.246885359939347,0,TRUE,TRUE,FALSE,FALSE,FALSE,"red;blue;green","red;blue;green","vis_2;vis_1;ir_1;ir_3","vis_2;vis_1;ir_1;ir_3","","","","","ok","",TRUE
502,"uniform_green_strong.csv","uniform_t_ir_3_weak.csv",1000,1000,0,32527.0811925043,3,3,0.6,0.6,4,4,0.666666666666667,0.666666666666667,0.428571428571429,0.428571428571429,0.5,0.5,0.633333333333333,0.633333333333333,0.246885359939347,0.246885359939347,0,TRUE,TRUE,FALSE,FALSE,FALSE,"red;green;blue","red;green;blue","vis_2;ir_1;vis_3;vis_1","vis_2;ir_1;vis_3;vis_1","","","","","ok","",TRUE
516,"uniform_green_strong.csv","uniform_v_c_mid.csv",1000,1000,0.18,74155.7823906993,3,3,0.6,0.6,4,4,0.666666666666667,0.666666666666667,0.428571428571429,0.428571428571429,0.5,0.5,0.633333333333333,0.633333333333333,0.246885359939347,0.246885359939347,0,TRUE,TRUE,FALSE,FALSE,FALSE,"red;green;blue","red;green;blue","vis_2;ir_1;vis_1;vis_3","vis_2;ir_1;vis_1;vis_3","","","","","ok","",FALSE
544,"uniform_l_11_mid.csv","uniform_t_vis_1_mid.csv",1000,1000,0.3,123041.721087666,3,3,0.6,0.6,4,4,0.666666666666667,0.666666666666667,0.428571428571429,0.428571428571429,0.5,0.5,0.633333333333333,0.633333333333333,0.246885359939347,0.246885359939347,0,TRUE,TRUE,FALSE,FALSE,FALSE,"red;blue;green","red;blue;green","vis_2;vis_3;current;ir_3","vis_2;vis_3;current;ir_3","","","","","ok","",FALSE
546,"uniform_l_11_mid.csv","uniform_t_vis_1_weak.csv",1000,1000,0.02,55137.458911777,3,3,0.6,0.6,4,4,0.666666666666667,0.666666666666667,0.428571428571429,0.428571428571429,0.5,0.5,0.633333333333333,0.633333333333333,0.246885359939347,0.246885359939347,0,TRUE,TRUE,FALSE,FALSE,FALSE,"red;blue;green","red;blue;green","vis_2;vis_3;ir_1;ir_3","vis_2;vis_3;ir_1;ir_3","","","","","ok","",FALSE
557,"uniform_l_11_mid.csv","uniform_v_c_mid.csv",1000,1000,0,57198.2901071817,3,3,0.6,0.6,4,4,0.666666666666667,0.666666666666667,0.428571428571429,0.428571428571429,0.5,0.5,0.633333333333333,0.633333333333333,0.246885359939347,0.246885359939347,0,TRUE,TRUE,FALSE,FALSE,FALSE,"red;blue;green","red;blue;green","vis_2;vis_3;vis_1;ir_1","vis_2;vis_3;vis_1;ir_1","","","","","ok","",TRUE
571,"uniform_l_12_mid.csv","uniform_osr_c_weak.csv",1000,1000,0,61857.5340882382,3,3,0.6,0.6,4,4,0.666666666666667,0.666666666666667,0.428571428571429,0.428571428571429,0.5,0.5,0.633333333333333,0.633333333333333,0.246885359939347,0.246885359939347,0,TRUE,TRUE,FALSE,FALSE,FALSE,"red;blue;green","red;blue;green","vis_2;vis_3;l_11;l_12","vis_2;vis_3;l_11;l_12","","","","","ok","",TRUE
574,"uniform_l_12_mid.csv","uniform_pol_2_mid.csv",1000,1000,0.03,146943.258466494,3,3,0.6,0.6,4,4,0.666666666666667,0.666666666666667,0.428571428571429,0.428571428571429,0.5,0.5,0.633333333333333,0.633333333333333,0.246885359939347,0.246885359939347,0,TRUE,TRUE,FALSE,FALSE,FALSE,"red;blue;green","red;blue;green","vis_2;ir_1;vis_1;vis_3","vis_2;ir_1;vis_1;vis_3","","","","","ok","",FALSE
583,"uniform_l_12_mid.csv","uniform_t_ir_3_weak.csv",1000,1000,0.15,54397.3725085307,3,3,0.6,0.6,4,4,0.666666666666667,0.666666666666667,0.428571428571429,0.428571428571429,0.5,0.5,0.633333333333333,0.633333333333333,0.246885359939347,0.246885359939347,0,TRUE,TRUE,FALSE,FALSE,FALSE,"red;blue;green","red;blue;green","vis_2;ir_1;vis_1;vis_3","vis_2;ir_1;vis_1;vis_3","","","","","ok","",FALSE
586,"uniform_l_12_mid.csv","uniform_t_vis_1_weak.csv",1000,1000,0,67823.1652802878,3,3,0.6,0.6,4,4,0.666666666666667,0.666666666666667,0.428571428571429,0.428571428571429,0.5,0.5,0.633333333333333,0.633333333333333,0.246885359939347,0.246885359939347,0,TRUE,TRUE,FALSE,FALSE,FALSE,"red;blue;green","red;blue;green","vis_2;vis_3;ir_1;l_12","vis_2;vis_3;ir_1;l_12","","","","","ok","",TRUE
592,"uniform_l_12_mid.csv","uniform_t_vis_3_weak.csv",1000,1000,0,53390.5799169682,3,3,0.6,0.6,4,4,0.666666666666667,0.666666666666667,0.428571428571429,0.428571428571429,0.5,0.5,0.633333333333333,0.633333333333333,0.246885359939347,0.246885359939347,0,TRUE,TRUE,FALSE,FALSE,FALSE,"red;blue;green","red;blue;green","vis_2;ir_1;vis_1;vis_3","vis_2;ir_1;vis_1;vis_3","","","","","ok","",TRUE
684,"uniform_l_31_mid.csv","uniform_osr_c_strong.csv",1000,1000,0,43091.8279600584,3,3,0.6,0.6,4,4,0.666666666666667,0.666666666666667,0.428571428571429,0.428571428571429,0.5,0.5,0.633333333333333,0.633333333333333,0.246885359939347,0.246885359939347,0,TRUE,TRUE,FALSE,FALSE,FALSE,"red;blue;green","red;blue;green","vis_2;ir_1;current;l_11","vis_2;ir_1;current;l_11","","","","","ok","",TRUE
685,"uniform_l_31_mid.csv","uniform_osr_c_weak.csv",1000,1000,0.07,46040.055533105,3,3,0.6,0.6,4,4,0.666666666666667,0.666666666666667,0.428571428571429,0.428571428571429,0.5,0.5,0.633333333333333,0.633333333333333,0.246885359939347,0.246885359939347,0,TRUE,TRUE,FALSE,FALSE,FALSE,"red;blue;green","red;blue;green","vis_2;vis_1;current;vis_3","vis_2;vis_1;current;ir_3","","","vis_3","ir_3","ok","",FALSE
686,"uniform_l_31_mid.csv","uniform_pol_1_mid.csv",1000,1000,0.09,37654.7912519051,3,3,0.6,0.6,4,4,0.666666666666667,0.666666666666667,0.428571428571429,0.428571428571429,0.5,0.5,0.633333333333333,0.633333333333333,0.246885359939347,0.246885359939347,0,TRUE,TRUE,FALSE,FALSE,FALSE,"red;blue;green","red;blue;green","vis_2;vis_1;ir_1;current","vis_2;vis_1;ir_1;current","","","","","ok","",FALSE
687,"uniform_l_31_mid.csv","uniform_pol_1_strong.csv",1000,1000,0,80873.7403136207,3,3,0.6,0.6,4,4,0.666666666666667,0.666666666666667,0.428571428571429,0.428571428571429,0.5,0.5,0.633333333333333,0.633333333333333,0.246885359939347,0.246885359939347,0,TRUE,TRUE,FALSE,FALSE,FALSE,"red;blue;green","red;blue;green","vis_2;vis_1;current;pol_2","vis_2;vis_1;current;pol_2","","","","","ok","",TRUE
688,"uniform_l_31_mid.csv","uniform_pol_2_mid.csv",1000,1000,0,66034.0184898684,3,3,0.6,0.6,4,4,0.666666666666667,0.666666666666667,0.428571428571429,0.428571428571429,0.5,0.5,0.633333333333333,0.633333333333333,0.246885359939347,0.246885359939347,0,TRUE,TRUE,FALSE,FALSE,FALSE,"red;blue;green","red;blue;green","vis_2;vis_1;ir_1;current","vis_2;vis_1;ir_1;current","","","","","ok","",TRUE
689,"uniform_l_31_mid.csv","uniform_pol_2_strong.csv",1000,1000,0,69973.2433344165,3,3,0.6,0.6,4,4,0.666666666666667,0.666666666666667,0.428571428571429,0.428571428571429,0.5,0.5,0.633333333333333,0.633333333333333,0.246885359939347,0.246885359939347,0,TRUE,TRUE,FALSE,FALSE,FALSE,"red;blue;green","red;blue;green","vis_2;current;ir_1;vis_1","vis_2;current;ir_1;vis_1","","","","","ok","",TRUE
711,"uniform_l_31_mid.csv","uniform_v_c_mid.csv",1000,1000,0.03,85092.8199899789,3,3,0.6,0.6,4,4,0.666666666666667,0.666666666666667,0.428571428571429,0.428571428571429,0.5,0.5,0.633333333333333,0.633333333333333,0.246885359939347,0.246885359939347,0,TRUE,TRUE,FALSE,FALSE,FALSE,"red;blue;green","red;blue;green","vis_2;ir_1;vis_1;vis_3","vis_2;ir_1;vis_1;vis_3","","","","","ok","",FALSE
724,"uniform_l_32_mid.csv","uniform_pol_2_mid.csv",1000,1000,0,45660.0641260097,3,3,0.6,0.6,4,4,0.666666666666667,0.666666666666667,0.428571428571429,0.428571428571429,0.5,0.5,0.633333333333333,0.633333333333333,0.246885359939347,0.246885359939347,0,TRUE,TRUE,FALSE,FALSE,FALSE,"red;blue;green","red;blue;green","vis_2;vis_1;ir_1;current","vis_2;vis_1;ir_1;current","","","","","ok","",TRUE
737,"uniform_l_32_mid.csv","uniform_t_vis_2_mid.csv",1000,1000,0.49,119557.460125167,3,3,0.6,0.6,4,4,0.666666666666667,0.666666666666667,0.428571428571429,0.428571428571429,0.5,0.5,0.633333333333333,0.633333333333333,0.246885359939347,0.246885359939347,0,TRUE,TRUE,FALSE,FALSE,FALSE,"red;green;blue","red;green;blue","vis_2;l_32;current;ir_1","vis_2;l_32;l_12;current","","","ir_1","l_12","ok","",FALSE
738,"uniform_l_32_mid.csv","uniform_t_vis_2_strong.csv",1000,1000,0.02,189644.405353354,3,3,0.6,0.6,4,4,0.666666666666667,0.666666666666667,0.428571428571429,0.428571428571429,0.5,0.5,0.633333333333333,0.633333333333333,0.246885359939347,0.246885359939347,0,TRUE,TRUE,FALSE,FALSE,FALSE,"red;green;blue","red;green;blue","vis_2;ir_1;l_32;current","vis_2;ir_1;l_32;current","","","","","ok","",FALSE
755,"uniform_osr_angle_1_mid.csv","uniform_osr_c_strong.csv",1000,1000,0,44702.9069909426,3,3,0.6,0.6,4,4,0.666666666666667,0.666666666666667,0.428571428571429,0.428571428571429,0.5,0.5,0.633333333333333,0.633333333333333,0.246885359939347,0.246885359939347,0,TRUE,TRUE,FALSE,FALSE,FALSE,"red;blue;green","red;blue;green","vis_2;ir_1;current;vis_3","vis_2;ir_1;current;vis_3","","","","","ok","",TRUE
763,"uniform_osr_angle_1_mid.csv","uniform_t_ir_1_mid.csv",1000,1000,0.06,66546.112408828,3,3,0.6,0.6,4,4,0.666666666666667,0.666666666666667,0.428571428571429,0.428571428571429,0.5,0.5,0.633333333333333,0.633333333333333,0.246885359939347,0.246885359939347,0,TRUE,TRUE,FALSE,FALSE,FALSE,"red;blue;green","red;blue;green","vis_2;vis_3;current;vis_1","vis_2;vis_3;current;vis_1","","","","","ok","",FALSE
766,"uniform_osr_angle_1_mid.csv","uniform_t_ir_3_mid.csv",1000,1000,0.11,234989.620212292,3,3,0.6,0.6,4,4,0.666666666666667,0.666666666666667,0.428571428571429,0.428571428571429,0.5,0.5,0.633333333333333,0.633333333333333,0.246885359939347,0.246885359939347,0,TRUE,TRUE,FALSE,FALSE,FALSE,"red;blue;green","red;blue;green","vis_2;ir_1;vis_3;vis_1","vis_2;ir_1;vis_3;vis_1","","","","","ok","",FALSE
769,"uniform_osr_angle_1_mid.csv","uniform_t_vis_1_mid.csv",1000,1000,0,40992.82734125,3,3,0.6,0.6,4,4,0.666666666666667,0.666666666666667,0.428571428571429,0.428571428571429,0.5,0.5,0.633333333333333,0.633333333333333,0.246885359939347,0.246885359939347,0,TRUE,TRUE,FALSE,FALSE,FALSE,"red;blue;green","red;blue;green","vis_2;vis_3;current;pol_1","vis_2;vis_3;current;pol_1","","","","","ok","",TRUE
782,"uniform_osr_angle_1_mid.csv","uniform_v_c_mid.csv",1000,1000,0,151867.687451548,3,3,0.6,0.6,4,4,0.666666666666667,0.666666666666667,0.428571428571429,0.428571428571429,0.5,0.5,0.633333333333333,0.633333333333333,0.246885359939347,0.246885359939347,0,TRUE,TRUE,FALSE,FALSE,FALSE,"red;blue;green","red;blue;green","vis_2;vis_1;ir_1;vis_3","vis_2;vis_1;ir_1;vis_3","","","","","ok","",TRUE
802,"uniform_osr_angle_1_strong.csv","uniform_t_ir_3_weak.csv",1000,1000,0.22,136422.114176692,4,3,0.8,0.6,4,4,0.666666666666667,0.666666666666667,0.5,0.428571428571429,0.615384615384615,0.5,0.733333333333333,0.633333333333333,0.426006433615129,0.246885359939347,0,FALSE,FALSE,FALSE,FALSE,FALSE,"red;blue;green;l_22","red;blue;green","vis_2;vis_1;ir_1;vis_3","vis_2;vis_1;ir_1;vis_3","l_22","","","","ok","",FALSE
841,"uniform_osr_angle_1_weak.csv","uniform_t_vis_2_weak.csv",1000,1000,0.06,147215.899192742,3,3,0.6,0.6,4,4,0.666666666666667,0.666666666666667,0.428571428571429,0.428571428571429,0.5,0.5,0.633333333333333,0.633333333333333,0.246885359939347,0.246885359939347,0,TRUE,TRUE,FALSE,FALSE,FALSE,"red;green;blue","red;green;blue","vis_2;ir_1;ir_3;vis_1","vis_2;ir_1;ir_3;vis_1","","","","","ok","",FALSE
849,"uniform_osr_angle_1_weak.csv","uniform_v_c_mid.csv",1000,1000,0,48677.389243734,3,3,0.6,0.6,4,4,0.666666666666667,0.666666666666667,0.428571428571429,0.428571428571429,0.5,0.5,0.633333333333333,0.633333333333333,0.246885359939347,0.246885359939347,0,TRUE,TRUE,FALSE,FALSE,FALSE,"red;blue;green","red;blue;green","vis_2;ir_1;vis_1;vis_3","vis_2;ir_1;vis_1;vis_3","","","","","ok","",TRUE
852,"uniform_osr_angle_2_mid.csv","uniform_osr_angle_2_weak.csv",1000,1000,0.07,285760.419109472,3,3,0.6,0.6,4,4,0.666666666666667,0.666666666666667,0.428571428571429,0.428571428571429,0.5,0.5,0.633333333333333,0.633333333333333,0.246885359939347,0.246885359939347,0,TRUE,TRUE,FALSE,FALSE,FALSE,"red;blue;green","red;blue;green","vis_2;ir_1;vis_1;current","vis_2;ir_1;vis_1;current","","","","","ok","",FALSE
858,"uniform_osr_angle_2_mid.csv","uniform_pol_2_mid.csv",1000,1000,0,44827.5268306664,3,3,0.6,0.6,4,4,0.666666666666667,0.666666666666667,0.428571428571429,0.428571428571429,0.5,0.5,0.633333333333333,0.633333333333333,0.246885359939347,0.246885359939347,0,TRUE,TRUE,FALSE,FALSE,FALSE,"red;blue;green","red;blue;green","vis_2;vis_1;ir_1;vis_3","vis_2;vis_1;ir_1;vis_3","","","","","ok","",TRUE
895,"uniform_osr_angle_2_strong.csv","uniform_t_ir_1_weak.csv",1000,1000,0,65304.3430319658,3,3,0.6,0.6,4,4,0.666666666666667,0.666666666666667,0.428571428571429,0.428571428571429,0.5,0.5,0.633333333333333,0.633333333333333,0.246885359939347,0.246885359939347,0,TRUE,TRUE,FALSE,FALSE,FALSE,"red;blue;green","red;blue;green","vis_2;vis_1;vis_3;current","vis_2;vis_1;vis_3;current","","","","","ok","",TRUE
904,"uniform_osr_angle_2_strong.csv","uniform_t_vis_2_weak.csv",1000,1000,0,94018.2185962763,3,3,0.6,0.6,4,4,0.666666666666667,0.666666666666667,0.428571428571429,0.428571428571429,0.5,0.5,0.633333333333333,0.633333333333333,0.246885359939347,0.246885359939347,0,TRUE,TRUE,FALSE,FALSE,FALSE,"red;green;blue","red;green;blue","vis_2;ir_3;ir_1;vis_3","vis_2;ir_3;ir_1;vis_3","","","","","ok","",TRUE
932,"uniform_osr_angle_2_weak.csv","uniform_t_vis_2_mid.csv",1000,1000,0.11,94636.2625322206,3,3,0.6,0.6,4,4,0.666666666666667,0.666666666666667,0.428571428571429,0.428571428571429,0.5,0.5,0.633333333333333,0.633333333333333,0.246885359939347,0.246885359939347,0,TRUE,TRUE,FALSE,FALSE,FALSE,"red;green;blue","red;green;blue","vis_2;ir_1;current;pol_1","vis_2;ir_1;current;pol_1","","","","","ok","",FALSE
938,"uniform_osr_angle_2_weak.csv","uniform_v_angle_1_mid.csv",1000,1000,0,41292.4782943797,3,3,0.6,0.6,4,4,0.666666666666667,0.666666666666667,0.428571428571429,0.428571428571429,0.5,0.5,0.633333333333333,0.633333333333333,0.246885359939347,0.246885359939347,0,TRUE,TRUE,FALSE,FALSE,FALSE,"red;blue;green","red;blue;green","vis_2;ir_1;current;vis_1","vis_2;ir_1;current;vis_1","","","","","ok","",TRUE
942,"uniform_osr_angle_2_weak.csv","uniform_v_c_mid.csv",1000,1000,0,45142.2008010698,3,3,0.6,0.6,4,4,0.666666666666667,0.666666666666667,0.428571428571429,0.428571428571429,0.5,0.5,0.633333333333333,0.633333333333333,0.246885359939347,0.246885359939347,0,TRUE,TRUE,FALSE,FALSE,FALSE,"red;blue;green","red;blue;green","vis_2;ir_1;vis_1;pol_2","vis_2;ir_1;vis_1;pol_2","","","","","ok","",TRUE
946,"uniform_osr_c_mid.csv","uniform_pol_1_mid.csv",1000,1000,0,35223.8870567047,3,3,0.6,0.6,4,4,0.666666666666667,0.666666666666667,0.428571428571429,0.428571428571429,0.5,0.5,0.633333333333333,0.633333333333333,0.246885359939347,0.246885359939347,0,TRUE,TRUE,FALSE,FALSE,FALSE,"red;blue;green","red;blue;green","vis_2;vis_1;ir_3;ir_1","vis_2;vis_1;ir_3;ir_1","","","","","ok","",TRUE
953,"uniform_osr_c_mid.csv","uniform_t_ir_1_strong.csv",1000,1000,0,98451.6402461926,3,3,0.6,0.6,4,4,0.666666666666667,0.666666666666667,0.428571428571429,0.428571428571429,0.5,0.5,0.633333333333333,0.633333333333333,0.246885359939347,0.246885359939347,0,TRUE,TRUE,FALSE,FALSE,FALSE,"red;blue;green","red;blue;green","vis_2;ir_3;vis_1;vis_3","vis_2;ir_3;vis_1;vis_3","","","","","ok","",TRUE
954,"uniform_osr_c_mid.csv","uniform_t_ir_1_weak.csv",1000,1000,0.08,56775.9667132471,3,3,0.6,0.6,4,4,0.666666666666667,0.666666666666667,0.428571428571429,0.428571428571429,0.5,0.5,0.633333333333333,0.633333333333333,0.246885359939347,0.246885359939347,0,TRUE,TRUE,FALSE,FALSE,FALSE,"red;blue;green","red;blue;green","vis_2;vis_1;current;ir_3","vis_2;vis_1;current;ir_3","","","","","ok","",FALSE
958,"uniform_osr_c_mid.csv","uniform_t_vis_1_mid.csv",1000,1000,0,78045.5088411397,3,3,0.6,0.6,4,4,0.666666666666667,0.666666666666667,0.428571428571429,0.428571428571429,0.5,0.5,0.633333333333333,0.633333333333333,0.246885359939347,0.246885359939347,0,TRUE,TRUE,FALSE,FALSE,FALSE,"red;blue;green","red;blue;green","vis_2;vis_3;ir_3;current","vis_2;vis_3;ir_3;current","","","","","ok","",TRUE
959,"uniform_osr_c_mid.csv","uniform_t_vis_1_strong.csv",1000,1000,0,41869.8508076212,3,3,0.6,0.6,4,4,0.666666666666667,0.666666666666667,0.428571428571429,0.428571428571429,0.5,0.5,0.633333333333333,0.633333333333333,0.246885359939347,0.246885359939347,0,TRUE,TRUE,FALSE,FALSE,FALSE,"red;blue;green","red;blue;green","vis_2;vis_3;ir_3;ir_1","vis_2;vis_3;ir_3;ir_1","","","","","ok","",TRUE
960,"uniform_osr_c_mid.csv","uniform_t_vis_1_weak.csv",1000,1000,0.18,72513.1774108552,3,3,0.6,0.6,4,4,0.666666666666667,0.666666666666667,0.428571428571429,0.428571428571429,0.5,0.5,0.633333333333333,0.633333333333333,0.246885359939347,0.246885359939347,0,TRUE,TRUE,FALSE,FALSE,FALSE,"red;blue;green","red;blue;green","vis_2;vis_3;ir_1;ir_3","vis_2;vis_3;ir_1;ir_3","","","","","ok","",FALSE
965,"uniform_osr_c_mid.csv","uniform_t_vis_3_strong.csv",1000,1000,0.03,37994.0668257519,3,3,0.6,0.6,4,4,0.666666666666667,0.666666666666667,0.428571428571429,0.428571428571429,0.5,0.5,0.633333333333333,0.633333333333333,0.246885359939347,0.246885359939347,0,TRUE,TRUE,FALSE,FALSE,FALSE,"red;blue;green","red;blue;green","vis_2;ir_3;vis_1;ir_1","vis_2;ir_3;vis_1;ir_1","","","","","ok","",FALSE
980,"uniform_osr_c_strong.csv","uniform_t_ir_1_mid.csv",1000,1000,0.3,59785.9354926222,3,3,0.6,0.6,4,4,0.666666666666667,0.666666666666667,0.428571428571429,0.428571428571429,0.5,0.5,0.633333333333333,0.633333333333333,0.246885359939347,0.246885359939347,0,TRUE,TRUE,FALSE,FALSE,FALSE,"red;blue;green","red;blue;green","vis_2;ir_1;current;ir_3","vis_2;ir_1;vis_1;current","","","ir_3","vis_1","ok","",FALSE
981,"uniform_osr_c_strong.csv","uniform_t_ir_1_strong.csv",1000,1000,0.15,115432.704668599,3,3,0.6,0.6,4,4,0.666666666666667,0.666666666666667,0.428571428571429,0.428571428571429,0.5,0.5,0.633333333333333,0.633333333333333,0.246885359939347,0.246885359939347,0,TRUE,TRUE,FALSE,FALSE,FALSE,"red;green;blue","red;green;blue","vis_2;vis_1;ir_1;ir_3","vis_2;vis_1;ir_1;ir_3","","","","","ok","",FALSE
983,"uniform_osr_c_strong.csv","uniform_t_ir_3_mid.csv",1000,1000,0,57660.0869374864,3,3,0.6,0.6,4,4,0.666666666666667,0.666666666666667,0.428571428571429,0.428571428571429,0.5,0.5,0.633333333333333,0.633333333333333,0.246885359939347,0.246885359939347,0,TRUE,TRUE,FALSE,FALSE,FALSE,"red;green;blue","red;green;blue","vis_2;vis_3;ir_1;ir_3","vis_2;vis_3;ir_1;ir_3","","","","","ok","",TRUE
997,"uniform_osr_c_strong.csv","uniform_v_angle_2_mid.csv",1000,1000,0,134596.979689471,3,3,0.6,0.6,4,4,0.666666666666667,0.666666666666667,0.428571428571429,0.428571428571429,0.5,0.5,0.633333333333333,0.633333333333333,0.246885359939347,0.246885359939347,0,TRUE,TRUE,FALSE,FALSE,FALSE,"red;green;blue","red;green;blue","vis_2;pol_1;current;ir_3","vis_2;pol_1;current;ir_3","","","","","ok","",TRUE
1001,"uniform_osr_c_weak.csv","uniform_pol_1_mid.csv",1000,1000,0.03,47321.372693695,3,3,0.6,0.6,4,4,0.666666666666667,0.666666666666667,0.428571428571429,0.428571428571429,0.5,0.5,0.633333333333333,0.633333333333333,0.246885359939347,0.246885359939347,0,TRUE,TRUE,FALSE,FALSE,FALSE,"red;blue;green","red;blue;green","vis_2;vis_1;ir_3;vis_3","vis_2;vis_1;ir_3;vis_3","","","","","ok","",FALSE
1004,"uniform_osr_c_weak.csv","uniform_pol_2_strong.csv",1000,1000,0,33800.7344991683,3,3,0.6,0.6,4,4,0.666666666666667,0.666666666666667,0.428571428571429,0.428571428571429,0.5,0.5,0.633333333333333,0.633333333333333,0.246885359939347,0.246885359939347,0,TRUE,TRUE,FALSE,FALSE,FALSE,"red;blue;green","red;blue;green","vis_2;current;vis_1;vis_3","vis_2;current;vis_1;vis_3","","","","","ok","",TRUE
1013,"uniform_osr_c_weak.csv","uniform_t_vis_1_mid.csv",1000,1000,0,43363.699562392,3,3,0.6,0.6,4,4,0.666666666666667,0.666666666666667,0.428571428571429,0.428571428571429,0.5,0.5,0.633333333333333,0.633333333333333,0.246885359939347,0.246885359939347,0,TRUE,TRUE,FALSE,FALSE,FALSE,"red;blue;green","red;blue;green","vis_2;vis_3;current;ir_3","vis_2;vis_3;current;ir_3","","","","","ok","",TRUE
1022,"uniform_osr_c_weak.csv","uniform_v_angle_1_mid.csv",1000,1000,0,55231.0181014496,3,3,0.6,0.6,4,4,0.666666666666667,0.666666666666667,0.428571428571429,0.428571428571429,0.5,0.5,0.633333333333333,0.633333333333333,0.246885359939347,0.246885359939347,0,TRUE,TRUE,FALSE,FALSE,FALSE,"red;blue;green","red;blue;green","vis_2;vis_1;vis_3;current","vis_2;vis_1;vis_3;current","","","","","ok","",TRUE
1026,"uniform_osr_c_weak.csv","uniform_v_c_mid.csv",1000,1000,0.01,54904.4324587377,3,3,0.6,0.6,4,4,0.666666666666667,0.666666666666667,0.428571428571429,0.428571428571429,0.5,0.5,0.633333333333333,0.633333333333333,0.246885359939347,0.246885359939347,0,TRUE,TRUE,FALSE,FALSE,FALSE,"red;blue;green","red;blue;green","vis_2;vis_1;vis_3;current","vis_2;vis_1;vis_3;current","","","","","ok","",FALSE
1029,"uniform_pol_1_mid.csv","uniform_pol_2_mid.csv",1000,1000,0.01,37953.6318669634,3,3,0.6,0.6,4,4,0.666666666666667,0.666666666666667,0.428571428571429,0.428571428571429,0.5,0.5,0.633333333333333,0.633333333333333,0.246885359939347,0.246885359939347,0,TRUE,TRUE,FALSE,FALSE,FALSE,"red;blue;green","red;blue;green","vis_2;vis_1;ir_3;ir_1","vis_2;vis_1;ir_3;ir_1","","","","","ok","",FALSE
1030,"uniform_pol_1_mid.csv","uniform_pol_2_strong.csv",1000,1000,0,83276.6046831236,3,3,0.6,0.6,4,4,0.666666666666667,0.666666666666667,0.428571428571429,0.428571428571429,0.5,0.5,0.633333333333333,0.633333333333333,0.246885359939347,0.246885359939347,0,TRUE,TRUE,FALSE,FALSE,FALSE,"red;blue;green","red;blue;green","vis_2;current;ir_1;vis_1","vis_2;current;ir_1;vis_1","","","","","ok","",TRUE
1033,"uniform_pol_1_mid.csv","uniform_t_ir_1_mid.csv",1000,1000,0,272677.416693468,3,3,0.6,0.6,4,4,0.666666666666667,0.666666666666667,0.428571428571429,0.428571428571429,0.5,0.5,0.633333333333333,0.633333333333333,0.246885359939347,0.246885359939347,0,TRUE,TRUE,FALSE,FALSE,FALSE,"red;blue;green","red;blue;green","vis_2;vis_1;current;ir_3","vis_2;vis_1;current;ir_3","","","","","ok","",TRUE
1048,"uniform_pol_1_mid.csv","uniform_v_angle_1_mid.csv",1000,1000,0.03,32388.917910532,3,3,0.6,0.6,4,4,0.666666666666667,0.666666666666667,0.428571428571429,0.428571428571429,0.5,0.5,0.633333333333333,0.633333333333333,0.246885359939347,0.246885359939347,0,TRUE,TRUE,FALSE,FALSE,FALSE,"red;blue;green","red;blue;green","vis_2;vis_1;ir_1;current","vis_2;vis_1;ir_1;current","","","","","ok","",FALSE
1052,"uniform_pol_1_mid.csv","uniform_v_c_mid.csv",1000,1000,0,67449.5671037442,3,3,0.6,0.6,4,4,0.666666666666667,0.666666666666667,0.428571428571429,0.428571428571429,0.5,0.5,0.633333333333333,0.633333333333333,0.246885359939347,0.246885359939347,0,TRUE,TRUE,FALSE,FALSE,FALSE,"red;blue;green","red;blue;green","vis_2;vis_1;ir_1;vis_3","vis_2;vis_1;ir_1;vis_3","","","","","ok","",TRUE
1065,"uniform_pol_1_strong.csv","uniform_t_vis_1_strong.csv",1000,1000,0.05,34626.9132431657,3,3,0.6,0.6,4,4,0.666666666666667,0.666666666666667,0.428571428571429,0.428571428571429,0.5,0.5,0.633333333333333,0.633333333333333,0.246885359939347,0.246885359939347,0,TRUE,TRUE,FALSE,FALSE,FALSE,"red;blue;green","red;blue;green","vis_2;vis_3;vis_1;current","vis_2;vis_3;vis_1;current","","","","","ok","",FALSE
1071,"uniform_pol_1_strong.csv","uniform_t_vis_3_strong.csv",1000,1000,0.01,35822.0962155582,3,3,0.6,0.6,4,4,0.666666666666667,0.666666666666667,0.428571428571429,0.428571428571429,0.5,0.5,0.633333333333333,0.633333333333333,0.246885359939347,0.246885359939347,0,TRUE,TRUE,FALSE,FALSE,FALSE,"red;blue;green","red;blue;green","vis_2;vis_1;ir_3;current","vis_2;vis_1;ir_3;current","","","","","ok","",FALSE
1074,"uniform_pol_1_strong.csv","uniform_v_angle_1_strong.csv",1000,1000,0,29243.1093175239,3,3,0.6,0.6,4,4,0.666666666666667,0.666666666666667,0.428571428571429,0.428571428571429,0.5,0.5,0.633333333333333,0.633333333333333,0.246885359939347,0.246885359939347,0,TRUE,TRUE,FALSE,FALSE,FALSE,"red;blue;green","red;blue;green","vis_2;current;vis_1;vis_3","vis_2;current;vis_1;vis_3","","","","","ok","",TRUE
1077,"uniform_pol_1_strong.csv","uniform_v_c_mid.csv",1000,1000,0.02,27491.1471199696,3,3,0.6,0.6,4,4,0.666666666666667,0.666666666666667,0.428571428571429,0.428571428571429,0.5,0.5,0.633333333333333,0.633333333333333,0.246885359939347,0.246885359939347,0,TRUE,TRUE,FALSE,FALSE,FALSE,"red;green;blue","red;green;blue","vis_2;vis_1;pol_2;vis_3","vis_2;vis_1;pol_2;vis_3","","","","","ok","",FALSE
1083,"uniform_pol_2_mid.csv","uniform_t_ir_1_strong.csv",1000,1000,0,46681.2401883308,3,3,0.6,0.6,4,4,0.666666666666667,0.666666666666667,0.428571428571429,0.428571428571429,0.5,0.5,0.633333333333333,0.633333333333333,0.246885359939347,0.246885359939347,0,TRUE,TRUE,FALSE,FALSE,FALSE,"red;blue;green","red;blue;green","vis_2;vis_1;ir_3;ir_1","vis_2;vis_1;ir_3;ir_1","","","","","ok","",TRUE
1085,"uniform_pol_2_mid.csv","uniform_t_ir_3_mid.csv",1000,1000,0,31279.3497533761,3,3,0.6,0.6,4,4,0.666666666666667,0.666666666666667,0.428571428571429,0.428571428571429,0.5,0.5,0.633333333333333,0.633333333333333,0.246885359939347,0.246885359939347,0,TRUE,TRUE,FALSE,FALSE,FALSE,"red;blue;green","red;blue;green","vis_2;ir_3;vis_1;ir_1","vis_2;ir_3;vis_1;ir_1","","","","","ok","",TRUE
1087,"uniform_pol_2_mid.csv","uniform_t_ir_3_weak.csv",1000,1000,0.3,25283.2414895612,3,3,0.6,0.6,4,4,0.666666666666667,0.666666666666667,0.428571428571429,0.428571428571429,0.5,0.5,0.633333333333333,0.633333333333333,0.246885359939347,0.246885359939347,0,TRUE,TRUE,FALSE,FALSE,FALSE,"red;blue;green","red;blue;green","vis_2;vis_1;ir_1;ir_3","vis_2;vis_1;ir_1;ir_3","","","","","ok","",FALSE
1090,"uniform_pol_2_mid.csv","uniform_t_vis_1_weak.csv",1000,1000,0,58078.5392423404,3,3,0.6,0.6,4,4,0.666666666666667,0.666666666666667,0.428571428571429,0.428571428571429,0.5,0.5,0.633333333333333,0.633333333333333,0.246885359939347,0.246885359939347,0,TRUE,TRUE,FALSE,FALSE,FALSE,"red;blue;green","red;blue;green","vis_2;vis_3;ir_1;l_32","vis_2;vis_3;ir_1;l_32","","","","","ok","",TRUE
1097,"uniform_pol_2_mid.csv","uniform_v_angle_1_mid.csv",1000,1000,0.18,47703.2199265858,3,3,0.6,0.6,4,4,0.666666666666667,0.666666666666667,0.428571428571429,0.428571428571429,0.5,0.5,0.633333333333333,0.633333333333333,0.246885359939347,0.246885359939347,0,TRUE,TRUE,FALSE,FALSE,FALSE,"red;blue;green","red;blue;green","vis_2;vis_1;current;ir_1","vis_2;vis_1;current;ir_1","","","","","ok","",FALSE
1107,"uniform_pol_2_strong.csv","uniform_t_ir_1_weak.csv",1000,1000,0,44072.6050596712,3,3,0.6,0.6,4,4,0.666666666666667,0.666666666666667,0.428571428571429,0.428571428571429,0.5,0.5,0.633333333333333,0.633333333333333,0.246885359939347,0.246885359939347,0,TRUE,TRUE,FALSE,FALSE,FALSE,"red;blue;green","red;blue;green","vis_2;current;vis_1;ir_1","vis_2;current;vis_1;ir_1","","","","","ok","",TRUE
1108,"uniform_pol_2_strong.csv","uniform_t_ir_3_mid.csv",1000,1000,0.02,27841.3497283607,3,3,0.6,0.6,4,4,0.666666666666667,0.666666666666667,0.428571428571429,0.428571428571429,0.5,0.5,0.633333333333333,0.633333333333333,0.246885359939347,0.246885359939347,0,TRUE,TRUE,FALSE,FALSE,FALSE,"red;blue;green","red;blue;green","vis_2;ir_1;vis_1;ir_3","vis_2;ir_1;vis_1;ir_3","","","","","ok","",FALSE
1111,"uniform_pol_2_strong.csv","uniform_t_vis_1_mid.csv",1000,1000,0,40130.6918879257,3,3,0.6,0.6,4,4,0.666666666666667,0.666666666666667,0.428571428571429,0.428571428571429,0.5,0.5,0.633333333333333,0.633333333333333,0.246885359939347,0.246885359939347,0,TRUE,TRUE,FALSE,FALSE,FALSE,"red;blue;green","red;blue;green","vis_2;current;vis_3;ir_1","vis_2;current;vis_3;ir_1","","","","","ok","",TRUE
1112,"uniform_pol_2_strong.csv","uniform_t_vis_1_strong.csv",1000,1000,0.28,40554.7269251813,3,3,0.6,0.6,4,4,0.666666666666667,0.666666666666667,0.428571428571429,0.428571428571429,0.5,0.5,0.633333333333333,0.633333333333333,0.246885359939347,0.246885359939347,0,TRUE,TRUE,FALSE,FALSE,FALSE,"red;blue;green","red;blue;green","vis_2;current;ir_1;vis_3","vis_2;current;ir_1;vis_3","","","","","ok","",FALSE
1113,"uniform_pol_2_strong.csv","uniform_t_vis_1_weak.csv",1000,1000,0,103737.417746638,3,3,0.6,0.6,4,4,0.666666666666667,0.666666666666667,0.428571428571429,0.428571428571429,0.5,0.5,0.633333333333333,0.633333333333333,0.246885359939347,0.246885359939347,0,TRUE,TRUE,FALSE,FALSE,FALSE,"red;blue;green","red;blue;green","vis_2;current;ir_1;vis_3","vis_2;current;ir_1;vis_3","","","","","ok","",TRUE
1120,"uniform_pol_2_strong.csv","uniform_v_angle_1_mid.csv",1000,1000,0,39706.2935337551,3,3,0.6,0.6,4,4,0.666666666666667,0.666666666666667,0.428571428571429,0.428571428571429,0.5,0.5,0.633333333333333,0.633333333333333,0.246885359939347,0.246885359939347,0,TRUE,TRUE,FALSE,FALSE,FALSE,"red;blue;green","red;blue;green","vis_2;current;ir_1;vis_1","vis_2;current;ir_1;vis_1","","","","","ok","",TRUE
1121,"uniform_pol_2_strong.csv","uniform_v_angle_1_strong.csv",1000,1000,0,61839.0830757059,3,3,0.6,0.6,4,4,0.666666666666667,0.666666666666667,0.428571428571429,0.428571428571429,0.5,0.5,0.633333333333333,0.633333333333333,0.246885359939347,0.246885359939347,0,TRUE,TRUE,FALSE,FALSE,FALSE,"red;blue;green","red;blue;green","vis_2;current;ir_1;vis_3","vis_2;current;ir_1;vis_3","","","","","ok","",TRUE
1130,"uniform_red_mid.csv","uniform_t_ir_3_mid.csv",1000,1000,0,57697.6472070503,3,3,0.6,0.6,4,4,0.666666666666667,0.666666666666667,0.428571428571429,0.428571428571429,0.5,0.5,0.633333333333333,0.633333333333333,0.246885359939347,0.246885359939347,0,TRUE,TRUE,FALSE,FALSE,FALSE,"red;blue;green","red;blue;green","vis_2;ir_1;current;vis_1","vis_2;ir_1;current;vis_1","","","","","ok","",TRUE
1151,"uniform_red_strong.csv","uniform_t_ir_3_mid.csv",1000,1000,0.19,91094.3457353235,3,3,0.6,0.6,4,4,0.666666666666667,0.666666666666667,0.428571428571429,0.428571428571429,0.5,0.5,0.633333333333333,0.633333333333333,0.246885359939347,0.246885359939347,0,TRUE,TRUE,FALSE,FALSE,FALSE,"red;blue;green","red;blue;green","vis_2;vis_1;ir_1;ir_3","vis_2;vis_1;ir_1;pol_1","","","ir_3","pol_1","ok","",FALSE
1165,"uniform_red_strong.csv","uniform_v_angle_2_mid.csv",1000,1000,0,40524.2811069895,3,3,0.6,0.6,4,4,0.666666666666667,0.666666666666667,0.428571428571429,0.428571428571429,0.5,0.5,0.633333333333333,0.633333333333333,0.246885359939347,0.246885359939347,0,TRUE,TRUE,FALSE,FALSE,FALSE,"red;blue;green","red;blue;green","vis_2;ir_1;vis_1;vis_3","vis_2;ir_1;vis_1;vis_3","","","","","ok","",TRUE
1174,"uniform_t_ir_1_mid.csv","uniform_t_vis_1_mid.csv",1000,1000,0.34,40869.3267967357,3,3,0.6,0.6,4,4,0.666666666666667,0.666666666666667,0.428571428571429,0.428571428571429,0.5,0.5,0.633333333333333,0.633333333333333,0.246885359939347,0.246885359939347,0,TRUE,TRUE,FALSE,FALSE,FALSE,"red;blue;green","red;blue;green","vis_2;current;vis_3;ir_3","vis_2;current;vis_3;ir_3","","","","","ok","",FALSE
1178,"uniform_t_ir_1_mid.csv","uniform_t_vis_2_strong.csv",1000,1000,0.29,144960.349531802,3,3,0.6,0.6,4,4,0.666666666666667,0.666666666666667,0.428571428571429,0.428571428571429,0.5,0.5,0.633333333333333,0.633333333333333,0.246885359939347,0.246885359939347,0,TRUE,TRUE,FALSE,FALSE,FALSE,"red;green;blue","red;green;blue","vis_2;ir_1;vis_1;current","vis_2;ir_1;vis_1;current","","","","","ok","",FALSE
1181,"uniform_t_ir_1_mid.csv","uniform_t_vis_3_strong.csv",1000,1000,0,58120.5887989612,3,3,0.6,0.6,4,4,0.666666666666667,0.666666666666667,0.428571428571429,0.428571428571429,0.5,0.5,0.633333333333333,0.633333333333333,0.246885359939347,0.246885359939347,0,TRUE,TRUE,FALSE,FALSE,FALSE,"red;blue;green","red;blue;green","vis_2;ir_3;current;vis_1","vis_2;ir_3;current;vis_1","","","","","ok","",TRUE
1182,"uniform_t_ir_1_mid.csv","uniform_t_vis_3_weak.csv",1000,1000,0,43475.426526409,3,3,0.6,0.6,4,4,0.666666666666667,0.666666666666667,0.428571428571429,0.428571428571429,0.5,0.5,0.633333333333333,0.633333333333333,0.246885359939347,0.246885359939347,0,TRUE,TRUE,FALSE,FALSE,FALSE,"red;blue;green","red;blue;green","vis_2;ir_1;vis_1;current","vis_2;ir_1;vis_1;current","","","","","ok","",TRUE
1188,"uniform_t_ir_1_mid.csv","uniform_v_c_strong.csv",1000,1000,0,53607.081046229,3,3,0.6,0.6,4,4,0.666666666666667,0.666666666666667,0.428571428571429,0.428571428571429,0.5,0.5,0.633333333333333,0.633333333333333,0.246885359939347,0.246885359939347,0,TRUE,TRUE,FALSE,FALSE,FALSE,"red;blue;green","red;blue;green","vis_2;current;vis_3;vis_1","vis_2;current;vis_3;vis_1","","","","","ok","",TRUE
1200,"uniform_t_ir_1_strong.csv","uniform_t_vis_3_strong.csv",1000,1000,0.08,40703.0529269969,3,3,0.6,0.6,4,4,0.666666666666667,0.666666666666667,0.428571428571429,0.428571428571429,0.5,0.5,0.633333333333333,0.633333333333333,0.246885359939347,0.246885359939347,0,TRUE,TRUE,FALSE,FALSE,FALSE,"red;blue;green","red;blue;green","vis_2;vis_1;ir_3;current","vis_2;vis_1;ir_3;current","","","","","ok","",FALSE
1204,"uniform_t_ir_1_strong.csv","uniform_v_angle_2_mid.csv",1000,1000,0,33478.9528590253,3,3,0.6,0.6,4,4,0.666666666666667,0.666666666666667,0.428571428571429,0.428571428571429,0.5,0.5,0.633333333333333,0.633333333333333,0.246885359939347,0.246885359939347,0,TRUE,TRUE,FALSE,FALSE,FALSE,"red;blue;green","red;blue;green","vis_2;ir_3;vis_3;current","vis_2;ir_3;vis_3;current","","","","","ok","",TRUE
1218,"uniform_t_ir_1_weak.csv","uniform_t_vis_3_strong.csv",1000,1000,0.16,66232.5652269502,3,3,0.6,0.6,4,4,0.666666666666667,0.666666666666667,0.428571428571429,0.428571428571429,0.5,0.5,0.633333333333333,0.633333333333333,0.246885359939347,0.246885359939347,0,TRUE,TRUE,FALSE,FALSE,FALSE,"red;blue;green","red;blue;green","vis_2;current;vis_1;ir_3","vis_2;current;vis_1;ir_3","","","","","ok","",FALSE
1222,"uniform_t_ir_1_weak.csv","uniform_v_angle_2_mid.csv",1000,1000,0,42952.4542379367,3,3,0.6,0.6,4,4,0.666666666666667,0.666666666666667,0.428571428571429,0.428571428571429,0.5,0.5,0.633333333333333,0.633333333333333,0.246885359939347,0.246885359939347,0,TRUE,TRUE,FALSE,FALSE,FALSE,"red;blue;green","red;blue;green","vis_2;current;vis_1;pol_1","vis_2;current;vis_1;pol_1","","","","","ok","",TRUE
1225,"uniform_t_ir_1_weak.csv","uniform_v_c_strong.csv",1000,1000,0,33131.4595177866,3,3,0.6,0.6,4,4,0.666666666666667,0.666666666666667,0.428571428571429,0.428571428571429,0.5,0.5,0.633333333333333,0.633333333333333,0.246885359939347,0.246885359939347,0,TRUE,TRUE,FALSE,FALSE,FALSE,"red;blue;green","red;blue;green","vis_2;current;vis_1;vis_3","vis_2;current;vis_1;vis_3","","","","","ok","",TRUE
1237,"uniform_t_ir_3_mid.csv","uniform_v_angle_1_mid.csv",1000,1000,0,73944.0197412975,3,3,0.6,0.6,4,4,0.666666666666667,0.666666666666667,0.428571428571429,0.428571428571429,0.5,0.5,0.633333333333333,0.633333333333333,0.246885359939347,0.246885359939347,0,TRUE,TRUE,FALSE,FALSE,FALSE,"red;blue;green","red;blue;green","vis_2;ir_1;current;vis_1","vis_2;ir_1;current;vis_1","","","","","ok","",TRUE
1239,"uniform_t_ir_3_mid.csv","uniform_v_angle_2_mid.csv",1000,1000,0,35145.2685948382,3,3,0.6,0.6,4,4,0.666666666666667,0.666666666666667,0.428571428571429,0.428571428571429,0.5,0.5,0.633333333333333,0.633333333333333,0.246885359939347,0.246885359939347,0,TRUE,TRUE,FALSE,FALSE,FALSE,"red;blue;green","red;blue;green","vis_2;ir_1;vis_3;pol_1","vis_2;ir_1;vis_3;pol_1","","","","","ok","",TRUE
1243,"uniform_t_ir_3_strong.csv","uniform_t_ir_3_weak.csv",1000,1000,0,69661.1785144941,3,3,0.6,0.6,4,4,0.666666666666667,0.666666666666667,0.428571428571429,0.428571428571429,0.5,0.5,0.633333333333333,0.633333333333333,0.246885359939347,0.246885359939347,0,TRUE,TRUE,FALSE,FALSE,FALSE,"red;blue;green","red;blue;green","vis_2;vis_3;ir_1;vis_1","vis_2;vis_3;ir_1;vis_1","","","","","ok","",TRUE
1268,"uniform_t_ir_3_weak.csv","uniform_v_angle_1_mid.csv",1000,1000,0,52967.8631564846,3,3,0.6,0.6,4,4,0.666666666666667,0.666666666666667,0.428571428571429,0.428571428571429,0.5,0.5,0.633333333333333,0.633333333333333,0.246885359939347,0.246885359939347,0,TRUE,TRUE,FALSE,FALSE,FALSE,"red;blue;green","red;blue;green","vis_2;ir_1;vis_1;vis_3","vis_2;ir_1;vis_1;vis_3","","","","","ok","",TRUE
1270,"uniform_t_ir_3_weak.csv","uniform_v_angle_2_mid.csv",1000,1000,0,49547.3111764996,3,3,0.6,0.6,4,4,0.666666666666667,0.666666666666667,0.428571428571429,0.428571428571429,0.5,0.5,0.633333333333333,0.633333333333333,0.246885359939347,0.246885359939347,0,TRUE,TRUE,FALSE,FALSE,FALSE,"red;blue;green","red;blue;green","vis_2;ir_1;vis_3;vis_1","vis_2;ir_1;vis_3;vis_1","","","","","ok","",TRUE
1272,"uniform_t_ir_3_weak.csv","uniform_v_c_mid.csv",1000,1000,0.42,39231.4087390745,3,3,0.6,0.6,4,4,0.666666666666667,0.666666666666667,0.428571428571429,0.428571428571429,0.5,0.5,0.633333333333333,0.633333333333333,0.246885359939347,0.246885359939347,0,TRUE,TRUE,FALSE,FALSE,FALSE,"red;green;blue","red;green;blue","vis_2;ir_1;vis_1;vis_3","vis_2;ir_1;vis_1;ir_3","","","vis_3","ir_3","ok","",FALSE
1274,"uniform_t_vis_1_mid.csv","uniform_t_vis_1_strong.csv",1000,1000,0,40111.0681249945,3,3,0.6,0.6,4,4,0.666666666666667,0.666666666666667,0.428571428571429,0.428571428571429,0.5,0.5,0.633333333333333,0.633333333333333,0.246885359939347,0.246885359939347,0,TRUE,TRUE,FALSE,FALSE,FALSE,"red;blue;green","red;blue;green","vis_2;vis_3;current;ir_1","vis_2;vis_3;current;ir_1","","","","","ok","",TRUE
1278,"uniform_t_vis_1_mid.csv","uniform_t_vis_2_weak.csv",1000,1000,0.02,150492.948111488,3,3,0.6,0.6,4,4,0.666666666666667,0.666666666666667,0.428571428571429,0.428571428571429,0.5,0.5,0.633333333333333,0.633333333333333,0.246885359939347,0.246885359939347,0,TRUE,TRUE,FALSE,FALSE,FALSE,"red;green;blue","red;green;blue","vis_2;vis_1;ir_1;vis_3","vis_2;vis_1;ir_1;vis_3","","","","","ok","",FALSE
1279,"uniform_t_vis_1_mid.csv","uniform_t_vis_3_mid.csv",1000,1000,0,43351.5143450914,3,3,0.6,0.6,4,4,0.666666666666667,0.666666666666667,0.428571428571429,0.428571428571429,0.5,0.5,0.633333333333333,0.633333333333333,0.246885359939347,0.246885359939347,0,TRUE,TRUE,FALSE,FALSE,FALSE,"red;blue;green","red;blue;green","vis_2;current;ir_1;vis_1","vis_2;current;ir_1;vis_1","","","","","ok","",TRUE
1295,"uniform_t_vis_1_strong.csv","uniform_v_angle_1_mid.csv",1000,1000,0,30216.8913204332,3,3,0.6,0.6,4,4,0.666666666666667,0.666666666666667,0.428571428571429,0.428571428571429,0.5,0.5,0.633333333333333,0.633333333333333,0.246885359939347,0.246885359939347,0,TRUE,TRUE,FALSE,FALSE,FALSE,"red;blue;green","red;blue;green","vis_2;vis_3;current;ir_1","vis_2;vis_3;current;ir_1","","","","","ok","",TRUE
1297,"uniform_t_vis_1_strong.csv","uniform_v_angle_2_mid.csv",1000,1000,0,48490.7463956682,3,3,0.6,0.6,4,4,0.666666666666667,0.666666666666667,0.428571428571429,0.428571428571429,0.5,0.5,0.633333333333333,0.633333333333333,0.246885359939347,0.246885359939347,0,TRUE,TRUE,FALSE,FALSE,FALSE,"red;blue;green","red;blue;green","vis_2;vis_3;current;ir_1","vis_2;vis_3;current;ir_1","","","","","ok","",TRUE
1307,"uniform_t_vis_1_weak.csv","uniform_v_angle_1_mid.csv",1000,1000,0.13,418212.72427557,3,3,0.6,0.6,4,4,0.666666666666667,0.666666666666667,0.428571428571429,0.428571428571429,0.5,0.5,0.633333333333333,0.633333333333333,0.246885359939347,0.246885359939347,0,TRUE,TRUE,FALSE,FALSE,FALSE,"red;blue;green","red;blue;green","vis_2;vis_3;ir_1;current","vis_2;vis_3;ir_1;current","","","","","ok","",FALSE
1314,"uniform_t_vis_2_mid.csv","uniform_t_vis_2_weak.csv",1000,1000,0,151635.692319063,3,3,0.6,0.6,4,4,0.666666666666667,0.666666666666667,0.428571428571429,0.428571428571429,0.5,0.5,0.633333333333333,0.633333333333333,0.246885359939347,0.246885359939347,0,TRUE,TRUE,FALSE,FALSE,FALSE,"red;green;blue","red;green;blue","ir_1;vis_2;vis_3;ir_3","ir_1;vis_2;vis_3;ir_3","","","","","ok","",TRUE
1330,"uniform_t_vis_2_strong.csv","uniform_v_angle_2_mid.csv",1000,1000,0.29,96698.9921020517,3,3,0.6,0.6,4,4,0.666666666666667,0.666666666666667,0.428571428571429,0.428571428571429,0.5,0.5,0.633333333333333,0.633333333333333,0.246885359939347,0.246885359939347,0,TRUE,TRUE,FALSE,FALSE,FALSE,"green;red;blue","green;red;blue","vis_2;ir_1;current;vis_1","vis_2;ir_1;current;vis_1","","","","","ok","",FALSE
1357,"uniform_t_vis_3_strong.csv","uniform_v_c_strong.csv",1000,1000,0,47959.1437495117,3,3,0.6,0.6,4,4,0.666666666666667,0.666666666666667,0.428571428571429,0.428571428571429,0.5,0.5,0.633333333333333,0.633333333333333,0.246885359939347,0.246885359939347,0,TRUE,TRUE,FALSE,FALSE,FALSE,"red;blue;green","red;blue;green","vis_2;vis_1;ir_3;current","vis_2;vis_1;ir_3;current","","","","","ok","",TRUE
1367,"uniform_v_angle_1_mid.csv","uniform_v_c_mid.csv",1000,1000,0,77626.9422622763,3,3,0.6,0.6,4,4,0.666666666666667,0.666666666666667,0.428571428571429,0.428571428571429,0.5,0.5,0.633333333333333,0.633333333333333,0.246885359939347,0.246885359939347,0,TRUE,TRUE,FALSE,FALSE,FALSE,"red;blue;green","red;blue;green","vis_2;ir_1;vis_1;vis_3","vis_2;ir_1;vis_1;vis_3","","","","","ok","",TRUE
1374,"uniform_v_angle_2_mid.csv","uniform_v_c_mid.csv",1000,1000,0,46716.4108088201,3,3,0.6,0.6,4,4,0.666666666666667,0.666666666666667,0.428571428571429,0.428571428571429,0.5,0.5,0.633333333333333,0.633333333333333,0.246885359939347,0.246885359939347,0,TRUE,TRUE,FALSE,FALSE,FALSE,"red;blue;green","red;blue;green","vis_2;ir_1;vis_3;vis_1","vis_2;ir_1;vis_3;vis_1","","","","","ok","",TRUE
1375,"uniform_v_angle_2_mid.csv","uniform_v_c_strong.csv",1000,1000,0,42280.0021257836,3,3,0.6,0.6,4,4,0.666666666666667,0.666666666666667,0.428571428571429,0.428571428571429,0.5,0.5,0.633333333333333,0.633333333333333,0.246885359939347,0.246885359939347,0,TRUE,TRUE,FALSE,FALSE,FALSE,"red;blue;green","red;blue;green","vis_2;current;vis_3;pol_1","vis_2;current;vis_3;pol_1","","","","","ok","",TRUE
1376,"uniform_v_angle_2_strong.csv","uniform_v_c_mid.csv",1000,1000,0,62969.1991145247,3,3,0.6,0.6,4,4,0.666666666666667,0.666666666666667,0.428571428571429,0.428571428571429,0.5,0.5,0.633333333333333,0.633333333333333,0.246885359939347,0.246885359939347,0,TRUE,TRUE,FALSE,FALSE,FALSE,"red;blue;green","red;blue;green","vis_2;vis_1;ir_1;vis_3","vis_2;vis_1;ir_1;vis_3","","","","","ok","",TRUE
6,"uniform_blue_mid.csv","uniform_diode_vis_1_mid.csv",1000,1000,0.09,257797.921038452,3,3,0.6,0.6,5,5,0.583333333333333,0.583333333333333,0.375,0.375,0.461538461538462,0.461538461538462,0.591666666666667,0.591666666666667,0.167359670348801,0.167359670348801,0,TRUE,TRUE,FALSE,FALSE,FALSE,"red;green;blue","red;green;blue","vis_2;vis_3;vis_1;ir_3;pol_2","vis_2;vis_3;vis_1;ir_3;pol_2","","","","","ok","",FALSE
11,"uniform_blue_mid.csv","uniform_l_11_mid.csv",1000,1000,0.09,80099.931019762,3,3,0.6,0.6,5,5,0.583333333333333,0.583333333333333,0.375,0.375,0.461538461538462,0.461538461538462,0.591666666666667,0.591666666666667,0.167359670348801,0.167359670348801,0,TRUE,TRUE,FALSE,FALSE,FALSE,"red;green;blue","red;green;blue","vis_2;vis_1;vis_3;ir_3;ir_1","vis_2;vis_1;vis_3;ir_3;ir_1","","","","","ok","",FALSE
22,"uniform_blue_mid.csv","uniform_osr_angle_2_weak.csv",1000,1000,0,315767.803513418,3,3,0.6,0.6,5,5,0.583333333333333,0.583333333333333,0.375,0.375,0.461538461538462,0.461538461538462,0.591666666666667,0.591666666666667,0.167359670348801,0.167359670348801,0,TRUE,TRUE,FALSE,FALSE,FALSE,"red;green;blue","red;green;blue","vis_2;vis_1;vis_3;current;ir_3","vis_2;vis_1;vis_3;current;ir_3","","","","","ok","",TRUE
25,"uniform_blue_mid.csv","uniform_osr_c_weak.csv",1000,1000,0.12,78106.7340590096,3,3,0.6,0.6,5,5,0.583333333333333,0.583333333333333,0.375,0.375,0.461538461538462,0.461538461538462,0.591666666666667,0.591666666666667,0.167359670348801,0.167359670348801,0,TRUE,TRUE,FALSE,FALSE,FALSE,"red;green;blue","red;green;blue","vis_2;vis_1;ir_1;ir_3;vis_3","vis_2;vis_1;ir_1;ir_3;vis_3","","","","","ok","",FALSE
32,"uniform_blue_mid.csv","uniform_t_ir_1_mid.csv",1000,1000,0.08,118892.682635668,3,3,0.6,0.6,5,5,0.583333333333333,0.583333333333333,0.375,0.375,0.461538461538462,0.461538461538462,0.591666666666667,0.591666666666667,0.167359670348801,0.167359670348801,0,TRUE,TRUE,FALSE,FALSE,FALSE,"red;green;blue","red;green;blue","vis_2;vis_3;vis_1;current;ir_3","vis_2;vis_3;vis_1;current;ir_3","","","","","ok","",FALSE
35,"uniform_blue_mid.csv","uniform_t_ir_3_mid.csv",1000,1000,0.03,99403.2337047304,3,3,0.6,0.6,5,5,0.583333333333333,0.583333333333333,0.375,0.375,0.461538461538462,0.461538461538462,0.591666666666667,0.591666666666667,0.167359670348801,0.167359670348801,0,TRUE,TRUE,FALSE,FALSE,FALSE,"red;green;blue","red;green;blue","vis_2;vis_1;current;ir_1;ir_3","vis_2;vis_1;current;ir_1;ir_3","","","","","ok","",FALSE
38,"uniform_blue_mid.csv","uniform_t_vis_1_mid.csv",1000,1000,0.07,77260.0330580219,3,3,0.6,0.6,5,5,0.583333333333333,0.583333333333333,0.375,0.375,0.461538461538462,0.461538461538462,0.591666666666667,0.591666666666667,0.167359670348801,0.167359670348801,0,TRUE,TRUE,FALSE,FALSE,FALSE,"red;green;blue","red;green;blue","vis_2;vis_3;ir_3;vis_1;ir_1","vis_2;vis_3;ir_3;vis_1;ir_1","","","","","ok","",FALSE
39,"uniform_blue_mid.csv","uniform_t_vis_1_strong.csv",1000,1000,0.15,65082.4861202487,3,3,0.6,0.6,5,5,0.583333333333333,0.583333333333333,0.375,0.375,0.461538461538462,0.461538461538462,0.591666666666667,0.591666666666667,0.167359670348801,0.167359670348801,0,TRUE,TRUE,FALSE,FALSE,FALSE,"red;green;blue","red;green;blue","vis_2;vis_3;ir_3;vis_1;ir_1","vis_2;vis_3;ir_3;vis_1;ir_1","","","","","ok","",FALSE
47,"uniform_blue_mid.csv","uniform_v_angle_1_mid.csv",1000,1000,0,70651.7016498023,3,3,0.6,0.6,5,5,0.583333333333333,0.583333333333333,0.375,0.375,0.461538461538462,0.461538461538462,0.591666666666667,0.591666666666667,0.167359670348801,0.167359670348801,0,TRUE,TRUE,FALSE,FALSE,FALSE,"red;green;blue","red;green;blue","vis_2;vis_1;vis_3;current;ir_3","vis_2;vis_1;vis_3;current;ir_3","","","","","ok","",TRUE
48,"uniform_blue_mid.csv","uniform_v_angle_1_strong.csv",1000,1000,0.1,329880.361434984,3,3,0.6,0.6,5,5,0.583333333333333,0.583333333333333,0.375,0.375,0.461538461538462,0.461538461538462,0.591666666666667,0.591666666666667,0.167359670348801,0.167359670348801,0,TRUE,TRUE,FALSE,FALSE,FALSE,"red;green;blue","red;green;blue","vis_2;vis_1;ir_3;vis_3;ir_1","vis_2;vis_1;ir_3;vis_3;ir_1","","","","","ok","",FALSE
49,"uniform_blue_mid.csv","uniform_v_angle_2_mid.csv",1000,1000,0,172937.742249852,3,3,0.6,0.6,5,5,0.583333333333333,0.583333333333333,0.375,0.375,0.461538461538462,0.461538461538462,0.591666666666667,0.591666666666667,0.167359670348801,0.167359670348801,0,TRUE,TRUE,FALSE,FALSE,FALSE,"red;green;blue","red;green;blue","vis_2;vis_1;vis_3;ir_3;current","vis_2;vis_1;vis_3;ir_3;current","","","","","ok","",TRUE
58,"uniform_blue_strong.csv","uniform_diode_vis_2_mid.csv",1000,1000,0,87183.4564334922,3,3,0.6,0.6,5,5,0.583333333333333,0.583333333333333,0.375,0.375,0.461538461538462,0.461538461538462,0.591666666666667,0.591666666666667,0.167359670348801,0.167359670348801,0,TRUE,TRUE,FALSE,FALSE,FALSE,"red;green;blue","red;green;blue","vis_2;vis_1;ir_1;vis_3;ir_3","vis_2;vis_1;ir_1;vis_3;ir_3","","","","","ok","",TRUE
79,"uniform_blue_strong.csv","uniform_pol_2_mid.csv",1000,1000,0.39,75609.3697283098,3,3,0.6,0.6,5,5,0.583333333333333,0.583333333333333,0.375,0.375,0.461538461538462,0.461538461538462,0.591666666666667,0.591666666666667,0.167359670348801,0.167359670348801,0,TRUE,FALSE,FALSE,FALSE,FALSE,"red;green;blue","red;green;l_21","vis_2;vis_1;vis_3;ir_3;ir_1","vis_2;vis_1;vis_3;ir_3;ir_1","blue","l_21","","","ok","",FALSE
82,"uniform_blue_strong.csv","uniform_red_strong.csv",1000,1000,0,112751.636848195,3,3,0.6,0.6,5,5,0.583333333333333,0.583333333333333,0.375,0.375,0.461538461538462,0.461538461538462,0.591666666666667,0.591666666666667,0.167359670348801,0.167359670348801,0,TRUE,TRUE,FALSE,FALSE,FALSE,"red;green;blue","red;green;blue","vis_2;vis_1;ir_1;vis_3;current","vis_2;vis_1;ir_1;vis_3;current","","","","","ok","",TRUE
92,"uniform_blue_strong.csv","uniform_t_vis_2_mid.csv",1000,1000,0,111437.089530636,3,3,0.6,0.6,5,5,0.583333333333333,0.583333333333333,0.375,0.375,0.461538461538462,0.461538461538462,0.591666666666667,0.591666666666667,0.167359670348801,0.167359670348801,0,TRUE,TRUE,FALSE,FALSE,FALSE,"red;green;blue","red;green;blue","vis_2;vis_1;ir_3;vis_3;ir_1","vis_2;vis_1;ir_3;vis_3;ir_1","","","","","ok","",TRUE
103,"uniform_blue_strong.csv","uniform_v_c_strong.csv",1000,1000,0.05,73589.3134887369,3,3,0.6,0.6,5,5,0.583333333333333,0.583333333333333,0.375,0.375,0.461538461538462,0.461538461538462,0.591666666666667,0.591666666666667,0.167359670348801,0.167359670348801,0,TRUE,TRUE,FALSE,FALSE,FALSE,"red;green;blue","red;green;blue","vis_2;vis_1;vis_3;ir_3;ir_1","vis_2;vis_1;vis_3;ir_3;ir_1","","","","","ok","",FALSE
111,"uniform_diode_ir_1_mid.csv","uniform_green_strong.csv",1000,1000,0,49117.5009547931,3,3,0.6,0.6,5,5,0.583333333333333,0.583333333333333,0.375,0.375,0.461538461538462,0.461538461538462,0.591666666666667,0.591666666666667,0.167359670348801,0.167359670348801,0,TRUE,TRUE,FALSE,FALSE,FALSE,"red;green;blue","red;green;blue","vis_2;ir_1;vis_3;ir_3;vis_1","vis_2;ir_1;vis_3;ir_3;vis_1","","","","","ok","",TRUE
113,"uniform_diode_ir_1_mid.csv","uniform_l_12_mid.csv",1000,1000,0,46455.1286785257,3,3,0.6,0.6,5,5,0.583333333333333,0.583333333333333,0.375,0.375,0.461538461538462,0.461538461538462,0.591666666666667,0.591666666666667,0.167359670348801,0.167359670348801,0,TRUE,TRUE,FALSE,FALSE,FALSE,"red;blue;green","red;blue;green","vis_2;l_12;vis_3;current;ir_1","vis_2;l_12;vis_3;current;ir_1","","","","","ok","",TRUE
117,"uniform_diode_ir_1_mid.csv","uniform_l_32_mid.csv",1000,1000,0,34411.7806374966,3,3,0.6,0.6,5,5,0.583333333333333,0.583333333333333,0.375,0.375,0.461538461538462,0.461538461538462,0.591666666666667,0.591666666666667,0.167359670348801,0.167359670348801,0,TRUE,TRUE,FALSE,FALSE,FALSE,"red;blue;green","red;blue;green","vis_2;current;vis_3;l_11;vis_1","vis_2;current;vis_3;l_11;vis_1","","","","","ok","",TRUE
121,"uniform_diode_ir_1_mid.csv","uniform_osr_angle_2_mid.csv",1000,1000,0,41257.0078584929,3,3,0.6,0.6,5,5,0.583333333333333,0.583333333333333,0.375,0.375,0.461538461538462,0.461538461538462,0.591666666666667,0.591666666666667,0.167359670348801,0.167359670348801,0,TRUE,TRUE,FALSE,FALSE,FALSE,"red;blue;green","red;blue;green","vis_2;vis_1;current;l_11;vis_3","vis_2;vis_1;current;l_11;vis_3","","","","","ok","",TRUE
122,"uniform_diode_ir_1_mid.csv","uniform_osr_angle_2_strong.csv",1000,1000,0.09,73070.8726897445,3,3,0.6,0.6,5,5,0.583333333333333,0.583333333333333,0.375,0.375,0.461538461538462,0.461538461538462,0.591666666666667,0.591666666666667,0.167359670348801,0.167359670348801,0,TRUE,TRUE,FALSE,FALSE,FALSE,"red;blue;green","red;blue;green","vis_2;vis_3;ir_3;current;vis_1","vis_2;vis_3;ir_3;current;vis_1","","","","","ok","",FALSE
130,"uniform_diode_ir_1_mid.csv","uniform_pol_2_strong.csv",1000,1000,0,52136.904325318,3,3,0.6,0.6,5,5,0.583333333333333,0.583333333333333,0.375,0.375,0.461538461538462,0.461538461538462,0.591666666666667,0.591666666666667,0.167359670348801,0.167359670348801,0,TRUE,TRUE,FALSE,FALSE,FALSE,"red;blue;green","red;blue;green","vis_2;current;ir_1;vis_1;ir_3","vis_2;current;ir_1;vis_1;ir_3","","","","","ok","",TRUE
138,"uniform_diode_ir_1_mid.csv","uniform_t_ir_3_weak.csv",1000,1000,0.03,72123.0422789026,3,3,0.6,0.6,5,5,0.583333333333333,0.583333333333333,0.375,0.375,0.461538461538462,0.461538461538462,0.591666666666667,0.591666666666667,0.167359670348801,0.167359670348801,0,TRUE,TRUE,FALSE,FALSE,FALSE,"red;blue;green","red;blue;green","vis_2;ir_1;vis_1;vis_3;ir_3","vis_2;ir_1;vis_1;vis_3;ir_3","","","","","ok","",FALSE
139,"uniform_diode_ir_1_mid.csv","uniform_t_vis_1_mid.csv",1000,1000,0.21,40006.6960246375,3,3,0.6,0.6,5,5,0.583333333333333,0.583333333333333,0.375,0.375,0.461538461538462,0.461538461538462,0.591666666666667,0.591666666666667,0.167359670348801,0.167359670348801,0,TRUE,TRUE,FALSE,FALSE,FALSE,"red;blue;green","red;blue;green","vis_2;current;vis_3;ir_3;l_11","vis_2;current;vis_3;ir_3;l_11","","","","","ok","",FALSE
142,"uniform_diode_ir_1_mid.csv","uniform_t_vis_2_mid.csv",1000,1000,0.41,68033.4469778138,3,3,0.6,0.6,5,5,0.583333333333333,0.583333333333333,0.375,0.375,0.461538461538462,0.461538461538462,0.591666666666667,0.591666666666667,0.167359670348801,0.167359670348801,0,TRUE,TRUE,FALSE,FALSE,FALSE,"red;green;blue","red;green;blue","vis_2;ir_1;vis_1;ir_3;current","vis_2;ir_1;vis_1;ir_3;l_12","","","current","l_12","ok","",FALSE
157,"uniform_diode_ir_1_strong.csv","uniform_diode_vis_2_mid.csv",1000,1000,0.53,95668.50954302,3,3,0.6,0.6,5,5,0.583333333333333,0.583333333333333,0.375,0.375,0.461538461538462,0.461538461538462,0.591666666666667,0.591666666666667,0.167359670348801,0.167359670348801,0,TRUE,TRUE,FALSE,FALSE,FALSE,"red;green;blue","red;green;blue","vis_2;ir_1;vis_1;pol_1;ir_3","vis_2;ir_1;vis_1;pol_1;ir_3","","","","","ok","",FALSE
159,"uniform_diode_ir_1_strong.csv","uniform_green_mid.csv",1000,1000,0,76692.6374295105,3,3,0.6,0.6,5,5,0.583333333333333,0.583333333333333,0.375,0.375,0.461538461538462,0.461538461538462,0.591666666666667,0.591666666666667,0.167359670348801,0.167359670348801,0,TRUE,TRUE,FALSE,FALSE,FALSE,"red;blue;green","red;blue;green","vis_2;vis_3;vis_1;ir_3;ir_1","vis_2;vis_3;vis_1;ir_3;ir_1","","","","","ok","",TRUE
178,"uniform_diode_ir_1_strong.csv","uniform_pol_2_mid.csv",1000,1000,0,53480.6581656438,3,3,0.6,0.6,5,5,0.583333333333333,0.583333333333333,0.375,0.375,0.461538461538462,0.461538461538462,0.591666666666667,0.591666666666667,0.167359670348801,0.167359670348801,0,TRUE,TRUE,FALSE,FALSE,FALSE,"red;blue;green","red;blue;green","vis_2;vis_1;ir_1;ir_3;pol_2","vis_2;vis_1;ir_1;ir_3;pol_2","","","","","ok","",TRUE
181,"uniform_diode_ir_1_strong.csv","uniform_red_strong.csv",1000,1000,0.17,30141.4186274072,3,3,0.6,0.6,5,5,0.583333333333333,0.583333333333333,0.375,0.375,0.461538461538462,0.461538461538462,0.591666666666667,0.591666666666667,0.167359670348801,0.167359670348801,0,TRUE,TRUE,FALSE,FALSE,FALSE,"red;blue;green","red;blue;green","vis_2;vis_3;ir_1;vis_1;ir_3","vis_2;vis_3;ir_1;vis_1;ir_3","","","","","ok","",FALSE
187,"uniform_diode_ir_1_strong.csv","uniform_t_ir_3_weak.csv",1000,1000,0,46593.3399413022,3,3,0.6,0.6,5,5,0.583333333333333,0.583333333333333,0.375,0.375,0.461538461538462,0.461538461538462,0.591666666666667,0.591666666666667,0.167359670348801,0.167359670348801,0,TRUE,TRUE,FALSE,FALSE,FALSE,"red;blue;green","red;blue;green","vis_2;ir_1;vis_1;vis_3;ir_3","vis_2;ir_1;vis_1;vis_3;ir_3","","","","","ok","",TRUE
188,"uniform_diode_ir_1_strong.csv","uniform_t_vis_1_mid.csv",1000,1000,0,36636.5060109449,3,3,0.6,0.6,5,5,0.583333333333333,0.583333333333333,0.375,0.375,0.461538461538462,0.461538461538462,0.591666666666667,0.591666666666667,0.167359670348801,0.167359670348801,0,TRUE,TRUE,FALSE,FALSE,FALSE,"red;blue;green","red;blue;green","vis_2;vis_3;current;ir_3;vis_1","vis_2;vis_3;current;ir_3;vis_1","","","","","ok","",TRUE
189,"uniform_diode_ir_1_strong.csv","uniform_t_vis_1_strong.csv",1000,1000,0.15,63596.5902668669,3,3,0.6,0.6,5,5,0.583333333333333,0.583333333333333,0.375,0.375,0.461538461538462,0.461538461538462,0.591666666666667,0.591666666666667,0.167359670348801,0.167359670348801,0,TRUE,TRUE,FALSE,FALSE,FALSE,"red;blue;green","red;blue;green","vis_2;vis_3;ir_1;ir_3;vis_1","vis_2;vis_3;ir_1;ir_3;vis_1","","","","","ok","",FALSE
195,"uniform_diode_ir_1_strong.csv","uniform_t_vis_3_strong.csv",1000,1000,0,42940.6632319652,3,3,0.6,0.6,5,5,0.583333333333333,0.583333333333333,0.375,0.375,0.461538461538462,0.461538461538462,0.591666666666667,0.591666666666667,0.167359670348801,0.167359670348801,0,TRUE,TRUE,FALSE,FALSE,FALSE,"red;blue;green","red;blue;green","vis_2;vis_1;ir_3;ir_1;vis_3","vis_2;vis_1;ir_3;ir_1;vis_3","","","","","ok","",TRUE
196,"uniform_diode_ir_1_strong.csv","uniform_t_vis_3_weak.csv",1000,1000,0,36892.1080972219,3,3,0.6,0.6,5,5,0.583333333333333,0.583333333333333,0.375,0.375,0.461538461538462,0.461538461538462,0.591666666666667,0.591666666666667,0.167359670348801,0.167359670348801,0,TRUE,TRUE,FALSE,FALSE,FALSE,"red;blue;green","red;blue;green","vis_2;ir_1;vis_1;vis_3;pol_1","vis_2;ir_1;vis_1;vis_3;pol_1","","","","","ok","",TRUE
203,"uniform_diode_ir_3_mid.csv","uniform_diode_ir_3_strong.csv",1000,1000,0,279229.114183356,3,3,0.6,0.6,5,5,0.583333333333333,0.583333333333333,0.375,0.375,0.461538461538462,0.461538461538462,0.591666666666667,0.591666666666667,0.167359670348801,0.167359670348801,0,TRUE,TRUE,FALSE,FALSE,FALSE,"red;blue;green","red;blue;green","vis_2;vis_3;current;l_11;ir_1","vis_2;vis_3;current;l_11;ir_1","","","","","ok","",TRUE
204,"uniform_diode_ir_3_mid.csv","uniform_diode_vis_1_mid.csv",1000,1000,0.06,34736.9043731241,3,3,0.6,0.6,5,5,0.583333333333333,0.583333333333333,0.375,0.375,0.461538461538462,0.461538461538462,0.591666666666667,0.591666666666667,0.167359670348801,0.167359670348801,0,TRUE,TRUE,FALSE,FALSE,FALSE,"red;blue;green","red;blue;green","vis_2;vis_3;ir_1;vis_1;ir_3","vis_2;vis_3;ir_1;vis_1;ir_3","","","","","ok","",FALSE
205,"uniform_diode_ir_3_mid.csv","uniform_diode_vis_2_mid.csv",1000,1000,0.3,130776.989341215,3,3,0.6,0.6,5,5,0.583333333333333,0.583333333333333,0.375,0.375,0.461538461538462,0.461538461538462,0.591666666666667,0.591666666666667,0.167359670348801,0.167359670348801,0,TRUE,TRUE,FALSE,FALSE,FALSE,"red;green;blue","red;green;blue","vis_2;ir_3;vis_3;ir_1;current","vis_2;ir_3;vis_3;ir_1;current","","","","","ok","",FALSE
208,"uniform_diode_ir_3_mid.csv","uniform_green_strong.csv",1000,1000,0,43925.1624552473,3,3,0.6,0.6,5,5,0.583333333333333,0.583333333333333,0.375,0.375,0.461538461538462,0.461538461538462,0.591666666666667,0.591666666666667,0.167359670348801,0.167359670348801,0,TRUE,TRUE,FALSE,FALSE,FALSE,"red;green;blue","red;green;blue","vis_2;vis_3;ir_3;ir_1;vis_1","vis_2;vis_3;ir_3;ir_1;vis_1","","","","","ok","",TRUE
210,"uniform_diode_ir_3_mid.csv","uniform_l_12_mid.csv",1000,1000,0.11,88546.2911823384,3,3,0.6,0.6,5,5,0.583333333333333,0.583333333333333,0.375,0.375,0.461538461538462,0.461538461538462,0.591666666666667,0.591666666666667,0.167359670348801,0.167359670348801,0,TRUE,TRUE,FALSE,FALSE,FALSE,"red;blue;green","red;blue;green","vis_2;vis_3;ir_1;vis_1;l_12","vis_2;vis_3;ir_1;vis_1;l_12","","","","","ok","",FALSE
216,"uniform_diode_ir_3_mid.csv","uniform_osr_angle_1_strong.csv",1000,1000,0,36634.3310052036,3,3,0.6,0.6,5,5,0.583333333333333,0.583333333333333,0.375,0.375,0.461538461538462,0.461538461538462,0.591666666666667,0.591666666666667,0.167359670348801,0.167359670348801,0,TRUE,TRUE,FALSE,FALSE,FALSE,"red;blue;green","red;blue;green","vis_2;vis_3;ir_1;vis_1;ir_3","vis_2;vis_3;ir_1;vis_1;ir_3","","","","","ok","",TRUE
219,"uniform_diode_ir_3_mid.csv","uniform_osr_angle_2_strong.csv",1000,1000,0,43895.9917911895,3,3,0.6,0.6,5,5,0.583333333333333,0.583333333333333,0.375,0.375,0.461538461538462,0.461538461538462,0.591666666666667,0.591666666666667,0.167359670348801,0.167359670348801,0,TRUE,TRUE,FALSE,FALSE,FALSE,"red;blue;green","red;blue;green","vis_2;vis_3;ir_1;vis_1;ir_3","vis_2;vis_3;ir_1;vis_1;ir_3","","","","","ok","",TRUE
220,"uniform_diode_ir_3_mid.csv","uniform_osr_angle_2_weak.csv",1000,1000,0.04,60022.3665382873,3,3,0.6,0.6,5,5,0.583333333333333,0.583333333333333,0.375,0.375,0.461538461538462,0.461538461538462,0.591666666666667,0.591666666666667,0.167359670348801,0.167359670348801,0,TRUE,TRUE,FALSE,FALSE,FALSE,"red;blue;green","red;blue;green","vis_2;ir_1;ir_3;vis_1;vis_3","vis_2;ir_1;ir_3;vis_1;vis_3","","","","","ok","",FALSE
221,"uniform_diode_ir_3_mid.csv","uniform_osr_c_mid.csv",1000,1000,0.12,48756.5402456655,3,3,0.6,0.6,5,5,0.583333333333333,0.583333333333333,0.375,0.375,0.461538461538462,0.461538461538462,0.591666666666667,0.591666666666667,0.167359670348801,0.167359670348801,0,TRUE,TRUE,FALSE,FALSE,FALSE,"red;blue;green","red;blue;green","vis_2;vis_3;ir_3;ir_1;vis_1","vis_2;vis_3;ir_3;ir_1;vis_1","","","","","ok","",FALSE
222,"uniform_diode_ir_3_mid.csv","uniform_osr_c_strong.csv",1000,1000,0,35065.5630850099,3,3,0.6,0.6,5,5,0.583333333333333,0.583333333333333,0.375,0.375,0.461538461538462,0.461538461538462,0.591666666666667,0.591666666666667,0.167359670348801,0.167359670348801,0,TRUE,TRUE,FALSE,FALSE,FALSE,"red;green;blue","red;green;blue","vis_2;vis_3;ir_3;ir_1;vis_1","vis_2;vis_3;ir_3;ir_1;vis_1","","","","","ok","",TRUE
226,"uniform_diode_ir_3_mid.csv","uniform_pol_2_mid.csv",1000,1000,0.01,30340.4465590761,3,3,0.6,0.6,5,5,0.583333333333333,0.583333333333333,0.375,0.375,0.461538461538462,0.461538461538462,0.591666666666667,0.591666666666667,0.167359670348801,0.167359670348801,0,TRUE,TRUE,FALSE,FALSE,FALSE,"red;blue;green","red;blue;green","vis_2;ir_3;vis_1;ir_1;vis_3","vis_2;ir_3;vis_1;ir_1;vis_3","","","","","ok","",FALSE
227,"uniform_diode_ir_3_mid.csv","uniform_pol_2_strong.csv",1000,1000,0,43416.7080253639,3,3,0.6,0.6,5,5,0.583333333333333,0.583333333333333,0.375,0.375,0.461538461538462,0.461538461538462,0.591666666666667,0.591666666666667,0.167359670348801,0.167359670348801,0,TRUE,TRUE,FALSE,FALSE,FALSE,"red;blue;green","red;blue;green","vis_2;vis_3;ir_1;current;vis_1","vis_2;vis_3;ir_1;current;vis_1","","","","","ok","",TRUE
229,"uniform_diode_ir_3_mid.csv","uniform_red_strong.csv",1000,1000,0.09,47850.9771531946,3,3,0.6,0.6,5,5,0.583333333333333,0.583333333333333,0.375,0.375,0.461538461538462,0.461538461538462,0.591666666666667,0.591666666666667,0.167359670348801,0.167359670348801,0,TRUE,TRUE,FALSE,FALSE,FALSE,"red;blue;green","red;blue;green","vis_2;vis_3;ir_1;ir_3;vis_1","vis_2;vis_3;ir_1;ir_3;l_32","","","vis_1","l_32","ok","",FALSE
239,"uniform_diode_ir_3_mid.csv","uniform_t_vis_2_mid.csv",1000,1000,0.16,195965.104834783,3,3,0.6,0.6,5,5,0.583333333333333,0.583333333333333,0.375,0.375,0.461538461538462,0.461538461538462,0.591666666666667,0.591666666666667,0.167359670348801,0.167359670348801,0,TRUE,TRUE,FALSE,FALSE,FALSE,"red;green;blue","red;green;blue","vis_2;ir_3;vis_3;ir_1;vis_1","vis_2;ir_3;vis_3;ir_1;vis_1","","","","","ok","",FALSE
243,"uniform_diode_ir_3_mid.csv","uniform_t_vis_3_strong.csv",1000,1000,0.03,37804.3406306946,3,3,0.6,0.6,5,5,0.583333333333333,0.583333333333333,0.375,0.375,0.461538461538462,0.461538461538462,0.591666666666667,0.591666666666667,0.167359670348801,0.167359670348801,0,TRUE,TRUE,FALSE,FALSE,FALSE,"red;blue;green","red;blue;green","vis_2;vis_1;ir_3;ir_1;vis_3","vis_2;vis_1;ir_3;ir_1;vis_3","","","","","ok","",FALSE
244,"uniform_diode_ir_3_mid.csv","uniform_t_vis_3_weak.csv",1000,1000,0,77577.2939922412,3,3,0.6,0.6,5,5,0.583333333333333,0.583333333333333,0.375,0.375,0.461538461538462,0.461538461538462,0.591666666666667,0.591666666666667,0.167359670348801,0.167359670348801,0,TRUE,TRUE,FALSE,FALSE,FALSE,"red;blue;green","red;blue;green","vis_2;ir_1;vis_1;vis_3;ir_3","vis_2;ir_1;vis_1;vis_3;ir_3","","","","","ok","",TRUE
248,"uniform_diode_ir_3_mid.csv","uniform_v_angle_2_strong.csv",1000,1000,0,37583.7554880594,3,3,0.6,0.6,5,5,0.583333333333333,0.583333333333333,0.375,0.375,0.461538461538462,0.461538461538462,0.591666666666667,0.591666666666667,0.167359670348801,0.167359670348801,0,TRUE,TRUE,FALSE,FALSE,FALSE,"red;blue;green","red;blue;green","vis_2;vis_3;ir_1;vis_1;ir_3","vis_2;vis_3;ir_1;vis_1;ir_3","","","","","ok","",TRUE
251,"uniform_diode_ir_3_strong.csv","uniform_diode_vis_1_mid.csv",1000,1000,0,46075.9545796731,3,3,0.6,0.6,5,5,0.583333333333333,0.583333333333333,0.375,0.375,0.461538461538462,0.461538461538462,0.591666666666667,0.591666666666667,0.167359670348801,0.167359670348801,0,TRUE,TRUE,FALSE,FALSE,FALSE,"red;blue;green","red;blue;green","vis_2;vis_3;ir_1;current;vis_1","vis_2;vis_3;ir_1;current;vis_1","","","","","ok","",TRUE
269,"uniform_diode_ir_3_strong.csv","uniform_osr_c_strong.csv",1000,1000,0.04,71764.5628363416,3,3,0.6,0.6,5,5,0.583333333333333,0.583333333333333,0.375,0.375,0.461538461538462,0.461538461538462,0.591666666666667,0.591666666666667,0.167359670348801,0.167359670348801,0,TRUE,TRUE,FALSE,FALSE,FALSE,"red;blue;green","red;blue;green","vis_2;l_11;current;vis_3;vis_1","vis_2;l_11;current;vis_3;vis_1","","","","","ok","",FALSE
277,"uniform_diode_ir_3_strong.csv","uniform_t_ir_1_mid.csv",1000,1000,0.1,45218.2348476953,3,3,0.6,0.6,5,5,0.583333333333333,0.583333333333333,0.375,0.375,0.461538461538462,0.461538461538462,0.591666666666667,0.591666666666667,0.167359670348801,0.167359670348801,0,TRUE,TRUE,FALSE,FALSE,FALSE,"red;blue;green","red;blue;green","vis_2;vis_3;current;ir_3;ir_1","vis_2;vis_3;current;ir_3;ir_1","","","","","ok","",FALSE
284,"uniform_diode_ir_3_strong.csv","uniform_t_vis_1_strong.csv",1000,1000,0.01,34314.8569754802,3,3,0.6,0.6,5,5,0.583333333333333,0.583333333333333,0.375,0.375,0.461538461538462,0.461538461538462,0.591666666666667,0.591666666666667,0.167359670348801,0.167359670348801,0,TRUE,TRUE,FALSE,FALSE,FALSE,"red;blue;green","red;blue;green","vis_2;vis_3;l_11;current;ir_1","vis_2;vis_3;l_11;current;ir_1","","","","","ok","",FALSE
285,"uniform_diode_ir_3_strong.csv","uniform_t_vis_1_weak.csv",1000,1000,0.08,37572.8932853258,3,3,0.6,0.6,5,5,0.583333333333333,0.583333333333333,0.375,0.375,0.461538461538462,0.461538461538462,0.591666666666667,0.591666666666667,0.167359670348801,0.167359670348801,0,TRUE,TRUE,FALSE,FALSE,FALSE,"red;blue;green","red;blue;green","vis_2;vis_3;current;l_11;ir_1","vis_2;vis_3;current;l_11;ir_1","","","","","ok","",FALSE
290,"uniform_diode_ir_3_strong.csv","uniform_t_vis_3_strong.csv",1000,1000,0,58162.0441797851,3,3,0.6,0.6,5,5,0.583333333333333,0.583333333333333,0.375,0.375,0.461538461538462,0.461538461538462,0.591666666666667,0.591666666666667,0.167359670348801,0.167359670348801,0,TRUE,TRUE,FALSE,FALSE,FALSE,"red;blue;green","red;blue;green","vis_2;current;vis_1;ir_3;ir_1","vis_2;current;vis_1;ir_3;ir_1","","","","","ok","",TRUE
292,"uniform_diode_ir_3_strong.csv","uniform_v_angle_1_mid.csv",1000,1000,0,58775.9946622024,3,3,0.6,0.6,5,5,0.583333333333333,0.583333333333333,0.375,0.375,0.461538461538462,0.461538461538462,0.591666666666667,0.591666666666667,0.167359670348801,0.167359670348801,0,TRUE,TRUE,FALSE,FALSE,FALSE,"red;blue;green","red;blue;green","vis_2;current;ir_1;vis_3;vis_1","vis_2;current;ir_1;vis_3;vis_1","","","","","ok","",TRUE
301,"uniform_diode_vis_1_mid.csv","uniform_green_strong.csv",1000,1000,0.12,54996.8166311493,3,3,0.6,0.6,5,5,0.583333333333333,0.583333333333333,0.375,0.375,0.461538461538462,0.461538461538462,0.591666666666667,0.591666666666667,0.167359670348801,0.167359670348801,0,TRUE,TRUE,FALSE,FALSE,FALSE,"red;green;blue","red;green;blue","vis_2;ir_1;vis_1;vis_3;ir_3","vis_2;ir_1;vis_1;vis_3;ir_3","","","","","ok","",FALSE
303,"uniform_diode_vis_1_mid.csv","uniform_l_12_mid.csv",1000,1000,0.2,40387.6144641425,3,3,0.6,0.6,5,5,0.583333333333333,0.583333333333333,0.375,0.375,0.461538461538462,0.461538461538462,0.591666666666667,0.591666666666667,0.167359670348801,0.167359670348801,0,TRUE,TRUE,FALSE,FALSE,FALSE,"red;blue;green","red;blue;green","vis_2;vis_3;ir_1;l_12;ir_3","vis_2;vis_3;ir_1;l_12;ir_3","","","","","ok","",FALSE
308,"uniform_diode_vis_1_mid.csv","uniform_osr_angle_1_mid.csv",1000,1000,0.08,60946.6364800202,3,3,0.6,0.6,5,5,0.583333333333333,0.583333333333333,0.375,0.375,0.461538461538462,0.461538461538462,0.591666666666667,0.591666666666667,0.167359670348801,0.167359670348801,0,TRUE,TRUE,FALSE,FALSE,FALSE,"red;blue;green","red;blue;green","vis_2;vis_3;ir_3;current;ir_1","vis_2;vis_3;ir_3;current;ir_1","","","","","ok","",FALSE
314,"uniform_diode_vis_1_mid.csv","uniform_osr_c_mid.csv",1000,1000,0,208482.34442783,3,3,0.6,0.6,5,5,0.583333333333333,0.583333333333333,0.375,0.375,0.461538461538462,0.461538461538462,0.591666666666667,0.591666666666667,0.167359670348801,0.167359670348801,0,TRUE,TRUE,FALSE,FALSE,FALSE,"red;blue;green","red;blue;green","vis_2;ir_3;vis_3;ir_1;pol_2","vis_2;ir_3;vis_3;ir_1;pol_2","","","","","ok","",TRUE
317,"uniform_diode_vis_1_mid.csv","uniform_pol_1_mid.csv",1000,1000,0,34899.9456749767,3,3,0.6,0.6,5,5,0.583333333333333,0.583333333333333,0.375,0.375,0.461538461538462,0.461538461538462,0.591666666666667,0.591666666666667,0.167359670348801,0.167359670348801,0,TRUE,TRUE,FALSE,FALSE,FALSE,"red;blue;green","red;blue;green","vis_2;vis_3;ir_1;ir_3;current","vis_2;vis_3;ir_1;ir_3;current","","","","","ok","",TRUE
322,"uniform_diode_vis_1_mid.csv","uniform_red_strong.csv",1000,1000,0,31858.9921743,3,3,0.6,0.6,5,5,0.583333333333333,0.583333333333333,0.375,0.375,0.461538461538462,0.461538461538462,0.591666666666667,0.591666666666667,0.167359670348801,0.167359670348801,0,TRUE,TRUE,FALSE,FALSE,FALSE,"red;blue;green","red;blue;green","vis_2;vis_1;ir_1;vis_3;ir_3","vis_2;vis_1;ir_1;vis_3;ir_3","","","","","ok","",TRUE
323,"uniform_diode_vis_1_mid.csv","uniform_t_ir_1_mid.csv",1000,1000,0.06,35132.4663182776,3,3,0.6,0.6,5,5,0.583333333333333,0.583333333333333,0.375,0.375,0.461538461538462,0.461538461538462,0.591666666666667,0.591666666666667,0.167359670348801,0.167359670348801,0,TRUE,TRUE,FALSE,FALSE,FALSE,"red;blue;green","red;blue;green","vis_2;vis_3;ir_3;current;vis_1","vis_2;vis_3;ir_3;current;vis_1","","","","","ok","",FALSE
336,"uniform_diode_vis_1_mid.csv","uniform_t_vis_3_strong.csv",1000,1000,0,32790.4345543445,3,3,0.6,0.6,5,5,0.583333333333333,0.583333333333333,0.375,0.375,0.461538461538462,0.461538461538462,0.591666666666667,0.591666666666667,0.167359670348801,0.167359670348801,0,TRUE,TRUE,FALSE,FALSE,FALSE,"red;blue;green","red;blue;green","vis_2;ir_3;ir_1;vis_3;current","vis_2;ir_3;ir_1;vis_3;current","","","","","ok","",TRUE
338,"uniform_diode_vis_1_mid.csv","uniform_v_angle_1_mid.csv",1000,1000,0.23,48328.1612930128,3,3,0.6,0.6,5,5,0.583333333333333,0.583333333333333,0.375,0.375,0.461538461538462,0.461538461538462,0.591666666666667,0.591666666666667,0.167359670348801,0.167359670348801,0,TRUE,TRUE,FALSE,FALSE,FALSE,"red;blue;green","red;blue;green","vis_2;vis_3;ir_3;ir_1;current","vis_2;vis_3;ir_3;ir_1;current","","","","","ok","",FALSE
340,"uniform_diode_vis_1_mid.csv","uniform_v_angle_2_mid.csv",1000,1000,0,46339.9139527595,3,3,0.6,0.6,5,5,0.583333333333333,0.583333333333333,0.375,0.375,0.461538461538462,0.461538461538462,0.591666666666667,0.591666666666667,0.167359670348801,0.167359670348801,0,TRUE,TRUE,FALSE,FALSE,FALSE,"red;blue;green","red;blue;green","vis_2;vis_3;ir_3;ir_1;current","vis_2;vis_3;ir_3;ir_1;current","","","","","ok","",TRUE
364,"uniform_diode_vis_2_mid.csv","uniform_pol_2_mid.csv",1000,1000,0.22,175217.707956315,3,3,0.6,0.6,5,5,0.583333333333333,0.583333333333333,0.375,0.375,0.461538461538462,0.461538461538462,0.591666666666667,0.591666666666667,0.167359670348801,0.167359670348801,0,TRUE,TRUE,FALSE,FALSE,FALSE,"red;green;blue","red;green;blue","vis_2;pol_2;vis_1;vis_3;l_12","vis_2;pol_2;vis_1;vis_3;ir_1","","","l_12","ir_1","ok","",FALSE
371,"uniform_diode_vis_2_mid.csv","uniform_t_ir_3_mid.csv",1000,1000,0.43,85145.0180508835,3,3,0.6,0.6,5,5,0.583333333333333,0.583333333333333,0.375,0.375,0.461538461538462,0.461538461538462,0.591666666666667,0.591666666666667,0.167359670348801,0.167359670348801,0,TRUE,TRUE,FALSE,FALSE,FALSE,"red;green;blue","red;green;blue","vis_2;ir_3;vis_3;ir_1;vis_1","vis_2;ir_3;vis_3;ir_1;vis_1","","","","","ok","",FALSE
381,"uniform_diode_vis_2_mid.csv","uniform_t_vis_3_strong.csv",1000,1000,0,186074.722408774,3,3,0.6,0.6,5,5,0.583333333333333,0.583333333333333,0.375,0.375,0.461538461538462,0.461538461538462,0.591666666666667,0.591666666666667,0.167359670348801,0.167359670348801,0,TRUE,TRUE,FALSE,FALSE,FALSE,"red;green;blue","red;green;blue","vis_2;vis_3;ir_3;vis_1;ir_1","vis_2;vis_3;ir_3;vis_1;ir_1","","","","","ok","",TRUE
400,"uniform_diode_vis_3_mid.csv","uniform_osr_angle_2_mid.csv",1000,1000,0,2616709.24241392,3,3,0.6,0.6,5,5,0.583333333333333,0.583333333333333,0.375,0.375,0.461538461538462,0.461538461538462,0.591666666666667,0.591666666666667,0.167359670348801,0.167359670348801,0,TRUE,TRUE,FALSE,FALSE,FALSE,"red;blue;green","red;blue;green","vis_2;current;vis_1;vis_3;pol_2","vis_2;current;vis_1;vis_3;pol_2","","","","","ok","",TRUE
401,"uniform_diode_vis_3_mid.csv","uniform_osr_angle_2_strong.csv",1000,1000,0,37963.8899571595,3,3,0.6,0.6,5,5,0.583333333333333,0.583333333333333,0.375,0.375,0.461538461538462,0.461538461538462,0.591666666666667,0.591666666666667,0.167359670348801,0.167359670348801,0,TRUE,TRUE,FALSE,FALSE,FALSE,"red;blue;green","red;blue;green","vis_2;vis_1;ir_3;current;pol_2","vis_2;vis_1;ir_3;current;pol_2","","","","","ok","",TRUE
403,"uniform_diode_vis_3_mid.csv","uniform_osr_c_mid.csv",1000,1000,0,43902.6350129414,3,3,0.6,0.6,5,5,0.583333333333333,0.583333333333333,0.375,0.375,0.461538461538462,0.461538461538462,0.591666666666667,0.591666666666667,0.167359670348801,0.167359670348801,0,TRUE,TRUE,FALSE,FALSE,FALSE,"red;blue;green","red;blue;green","vis_2;current;pol_2;vis_1;ir_3","vis_2;current;pol_2;vis_1;ir_3","","","","","ok","",TRUE
406,"uniform_diode_vis_3_mid.csv","uniform_pol_1_mid.csv",1000,1000,0.03,32955.4953178412,3,3,0.6,0.6,5,5,0.583333333333333,0.583333333333333,0.375,0.375,0.461538461538462,0.461538461538462,0.591666666666667,0.591666666666667,0.167359670348801,0.167359670348801,0,TRUE,TRUE,FALSE,FALSE,FALSE,"red;blue;green","red;blue;green","vis_2;current;vis_1;pol_2;ir_1","vis_2;current;vis_1;pol_2;ir_1","","","","","ok","",FALSE
420,"uniform_diode_vis_3_mid.csv","uniform_t_vis_1_weak.csv",1000,1000,0,51019.9842891137,3,3,0.6,0.6,5,5,0.583333333333333,0.583333333333333,0.375,0.375,0.461538461538462,0.461538461538462,0.591666666666667,0.591666666666667,0.167359670348801,0.167359670348801,0,TRUE,TRUE,FALSE,FALSE,FALSE,"red;blue;green","red;blue;green","vis_2;current;vis_3;vis_1;pol_2","vis_2;current;vis_3;vis_1;pol_2","","","","","ok","",TRUE
425,"uniform_diode_vis_3_mid.csv","uniform_t_vis_3_strong.csv",1000,1000,0,38598.5768869148,3,3,0.6,0.6,5,5,0.583333333333333,0.583333333333333,0.375,0.375,0.461538461538462,0.461538461538462,0.591666666666667,0.591666666666667,0.167359670348801,0.167359670348801,0,TRUE,TRUE,FALSE,FALSE,FALSE,"red;blue;green","red;blue;green","vis_2;current;ir_3;vis_1;pol_2","vis_2;current;ir_3;vis_1;pol_2","","","","","ok","",TRUE
427,"uniform_diode_vis_3_mid.csv","uniform_v_angle_1_mid.csv",1000,1000,0,41566.1897802465,3,3,0.6,0.6,5,5,0.583333333333333,0.583333333333333,0.375,0.375,0.461538461538462,0.461538461538462,0.591666666666667,0.591666666666667,0.167359670348801,0.167359670348801,0,TRUE,TRUE,FALSE,FALSE,FALSE,"red;blue;green","red;blue;green","vis_2;current;ir_1;vis_1;pol_2","vis_2;current;ir_1;vis_1;pol_2","","","","","ok","",TRUE
431,"uniform_diode_vis_3_mid.csv","uniform_v_c_mid.csv",1000,1000,0,44921.4144082223,3,3,0.6,0.6,5,5,0.583333333333333,0.583333333333333,0.375,0.375,0.461538461538462,0.461538461538462,0.591666666666667,0.591666666666667,0.167359670348801,0.167359670348801,0,TRUE,TRUE,FALSE,FALSE,FALSE,"red;blue;green","red;blue;green","vis_2;vis_1;vis_3;ir_1;pol_2","vis_2;vis_1;vis_3;ir_1;pol_2","","","","","ok","",TRUE
432,"uniform_diode_vis_3_mid.csv","uniform_v_c_strong.csv",1000,1000,0,75062.9396303571,3,3,0.6,0.6,5,5,0.583333333333333,0.583333333333333,0.375,0.375,0.461538461538462,0.461538461538462,0.591666666666667,0.591666666666667,0.167359670348801,0.167359670348801,0,TRUE,TRUE,FALSE,FALSE,FALSE,"red;blue;green","red;blue;green","vis_2;current;vis_1;pol_2;ir_1","vis_2;current;vis_1;pol_2;ir_1","","","","","ok","",TRUE
438,"uniform_green_mid.csv","uniform_l_31_mid.csv",1000,1000,0,52033.1550944084,3,3,0.6,0.6,5,5,0.583333333333333,0.583333333333333,0.375,0.375,0.461538461538462,0.461538461538462,0.591666666666667,0.591666666666667,0.167359670348801,0.167359670348801,0,TRUE,TRUE,FALSE,FALSE,FALSE,"red;blue;green","red;blue;green","vis_2;vis_1;ir_3;ir_1;current","vis_2;vis_1;ir_3;ir_1;current","","","","","ok","",TRUE
444,"uniform_green_mid.csv","uniform_osr_angle_2_strong.csv",1000,1000,0.08,259756.424549603,3,3,0.6,0.6,5,5,0.583333333333333,0.583333333333333,0.375,0.375,0.461538461538462,0.461538461538462,0.591666666666667,0.591666666666667,0.167359670348801,0.167359670348801,0,TRUE,TRUE,FALSE,FALSE,FALSE,"red;blue;green","red;blue;green","vis_2;vis_1;vis_3;ir_1;ir_3","vis_2;vis_1;vis_3;ir_1;ir_3","","","","","ok","",FALSE
456,"uniform_green_mid.csv","uniform_t_ir_1_strong.csv",1000,1000,0,51752.6290275369,3,3,0.6,0.6,5,5,0.583333333333333,0.583333333333333,0.375,0.375,0.461538461538462,0.461538461538462,0.591666666666667,0.591666666666667,0.167359670348801,0.167359670348801,0,TRUE,TRUE,FALSE,FALSE,FALSE,"red;blue;green","red;blue;green","vis_2;vis_1;vis_3;ir_3;ir_1","vis_2;vis_1;vis_3;ir_3;ir_1","","","","","ok","",TRUE
464,"uniform_green_mid.csv","uniform_t_vis_2_mid.csv",1000,1000,0.2,105221.530087877,3,3,0.6,0.6,5,5,0.583333333333333,0.583333333333333,0.375,0.375,0.461538461538462,0.461538461538462,0.591666666666667,0.591666666666667,0.167359670348801,0.167359670348801,0,TRUE,TRUE,FALSE,FALSE,FALSE,"red;green;blue","red;green;blue","vis_2;vis_1;vis_3;current;ir_1","vis_2;vis_1;vis_3;current;pol_1","","","ir_1","pol_1","ok","",FALSE
467,"uniform_green_mid.csv","uniform_t_vis_3_mid.csv",1000,1000,0.1,87392.4236918371,3,3,0.6,0.6,5,5,0.583333333333333,0.583333333333333,0.375,0.375,0.461538461538462,0.461538461538462,0.591666666666667,0.591666666666667,0.167359670348801,0.167359670348801,0,TRUE,TRUE,FALSE,FALSE,FALSE,"red;blue;green","red;blue;green","vis_2;vis_1;ir_1;ir_3;current","vis_2;vis_1;ir_1;ir_3;current","","","","","ok","",FALSE
470,"uniform_green_mid.csv","uniform_v_angle_1_mid.csv",1000,1000,0,66727.8722894442,3,3,0.6,0.6,5,5,0.583333333333333,0.583333333333333,0.375,0.375,0.461538461538462,0.461538461538462,0.591666666666667,0.591666666666667,0.167359670348801,0.167359670348801,0,TRUE,TRUE,FALSE,FALSE,FALSE,"red;blue;green","red;blue;green","vis_2;vis_1;ir_1;current;ir_3","vis_2;vis_1;ir_1;current;ir_3","","","","","ok","",TRUE
475,"uniform_green_mid.csv","uniform_v_c_strong.csv",1000,1000,0,72365.8377183957,3,3,0.6,0.6,5,5,0.583333333333333,0.583333333333333,0.375,0.375,0.461538461538462,0.461538461538462,0.591666666666667,0.591666666666667,0.167359670348801,0.167359670348801,0,TRUE,TRUE,FALSE,FALSE,FALSE,"red;blue;green","red;blue;green","vis_2;current;vis_1;ir_3;ir_1","vis_2;current;vis_1;ir_3;ir_1","","","","","ok","",TRUE
476,"uniform_green_strong.csv","uniform_l_11_mid.csv",1000,1000,0,60389.0357612951,3,3,0.6,0.6,5,5,0.583333333333333,0.583333333333333,0.375,0.375,0.461538461538462,0.461538461538462,0.591666666666667,0.591666666666667,0.167359670348801,0.167359670348801,0,TRUE,TRUE,FALSE,FALSE,FALSE,"red;green;blue","red;green;blue","vis_2;ir_1;vis_3;vis_1;ir_3","vis_2;ir_1;vis_3;vis_1;ir_3","","","","","ok","",TRUE
477,"uniform_green_strong.csv","uniform_l_12_mid.csv",1000,1000,0.07,39871.6624187864,3,3,0.6,0.6,5,5,0.583333333333333,0.583333333333333,0.375,0.375,0.461538461538462,0.461538461538462,0.591666666666667,0.591666666666667,0.167359670348801,0.167359670348801,0,TRUE,TRUE,FALSE,FALSE,FALSE,"red;green;blue","red;green;blue","vis_2;vis_3;ir_1;vis_1;ir_3","vis_2;vis_3;ir_1;vis_1;ir_3","","","","","ok","",FALSE
480,"uniform_green_strong.csv","uniform_l_31_mid.csv",1000,1000,0.07,140422.955819041,3,3,0.6,0.6,5,5,0.583333333333333,0.583333333333333,0.375,0.375,0.461538461538462,0.461538461538462,0.591666666666667,0.591666666666667,0.167359670348801,0.167359670348801,0,TRUE,TRUE,FALSE,FALSE,FALSE,"red;green;blue","red;green;blue","vis_2;ir_1;vis_3;ir_3;vis_1","vis_2;ir_1;vis_3;ir_3;vis_1","","","","","ok","",FALSE
481,"uniform_green_strong.csv","uniform_l_32_mid.csv",1000,1000,0.94,45976.6003167845,3,3,0.6,0.6,5,5,0.583333333333333,0.583333333333333,0.375,0.375,0.461538461538462,0.461538461538462,0.591666666666667,0.591666666666667,0.167359670348801,0.167359670348801,0,TRUE,TRUE,FALSE,FALSE,FALSE,"red;blue;green","red;blue;green","vis_2;ir_1;vis_1;vis_3;ir_3","vis_2;ir_1;vis_1;vis_3;ir_3","","","","","ok","",FALSE
483,"uniform_green_strong.csv","uniform_osr_angle_1_strong.csv",1000,1000,0,282868.877976825,3,3,0.6,0.6,5,5,0.583333333333333,0.583333333333333,0.375,0.375,0.461538461538462,0.461538461538462,0.591666666666667,0.591666666666667,0.167359670348801,0.167359670348801,0,TRUE,TRUE,FALSE,FALSE,FALSE,"red;green;blue","red;green;blue","vis_2;vis_1;ir_1;vis_3;ir_3","vis_2;vis_1;ir_1;vis_3;ir_3","","","","","ok","",TRUE
485,"uniform_green_strong.csv","uniform_osr_angle_2_mid.csv",1000,1000,0.01,24317.9521365527,3,3,0.6,0.6,5,5,0.583333333333333,0.583333333333333,0.375,0.375,0.461538461538462,0.461538461538462,0.591666666666667,0.591666666666667,0.167359670348801,0.167359670348801,0,TRUE,TRUE,FALSE,FALSE,FALSE,"red;green;blue","red;green;blue","vis_2;vis_3;ir_1;vis_1;ir_3","vis_2;vis_3;ir_1;vis_1;ir_3","","","","","ok","",FALSE
487,"uniform_green_strong.csv","uniform_osr_angle_2_weak.csv",1000,1000,0,35740.081423414,3,3,0.6,0.6,5,5,0.583333333333333,0.583333333333333,0.375,0.375,0.461538461538462,0.461538461538462,0.591666666666667,0.591666666666667,0.167359670348801,0.167359670348801,0,TRUE,TRUE,FALSE,FALSE,FALSE,"red;green;blue","red;green;blue","vis_2;ir_1;vis_3;vis_1;ir_3","vis_2;ir_1;vis_3;vis_1;ir_3","","","","","ok","",TRUE
488,"uniform_green_strong.csv","uniform_osr_c_mid.csv",1000,1000,0,40165.8925661998,3,3,0.6,0.6,5,5,0.583333333333333,0.583333333333333,0.375,0.375,0.461538461538462,0.461538461538462,0.591666666666667,0.591666666666667,0.167359670348801,0.167359670348801,0,TRUE,TRUE,FALSE,FALSE,FALSE,"red;green;blue","red;green;blue","vis_2;ir_1;vis_3;vis_1;ir_3","vis_2;ir_1;vis_3;vis_1;ir_3","","","","","ok","",TRUE
489,"uniform_green_strong.csv","uniform_osr_c_strong.csv",1000,1000,0,36192.5095220156,3,3,0.6,0.6,5,5,0.583333333333333,0.583333333333333,0.375,0.375,0.461538461538462,0.461538461538462,0.591666666666667,0.591666666666667,0.167359670348801,0.167359670348801,0,TRUE,TRUE,FALSE,FALSE,FALSE,"red;green;blue","red;green;blue","vis_2;ir_1;vis_1;vis_3;ir_3","vis_2;ir_1;vis_1;vis_3;ir_3","","","","","ok","",TRUE
490,"uniform_green_strong.csv","uniform_osr_c_weak.csv",1000,1000,0.31,69513.1351082647,3,3,0.6,0.6,5,5,0.583333333333333,0.583333333333333,0.375,0.375,0.461538461538462,0.461538461538462,0.591666666666667,0.591666666666667,0.167359670348801,0.167359670348801,0,TRUE,TRUE,FALSE,FALSE,FALSE,"red;green;blue","red;green;blue","vis_2;vis_3;ir_3;ir_1;vis_1","vis_2;vis_3;ir_3;ir_1;vis_1","","","","","ok","",FALSE
491,"uniform_green_strong.csv","uniform_pol_1_mid.csv",1000,1000,0.06,28121.6735472014,3,3,0.6,0.6,5,5,0.583333333333333,0.583333333333333,0.375,0.375,0.461538461538462,0.461538461538462,0.591666666666667,0.591666666666667,0.167359670348801,0.167359670348801,0,TRUE,TRUE,FALSE,FALSE,FALSE,"red;green;blue","red;green;blue","vis_2;ir_1;vis_3;vis_1;ir_3","vis_2;ir_1;vis_3;vis_1;ir_3","","","","","ok","",FALSE
493,"uniform_green_strong.csv","uniform_pol_2_mid.csv",1000,1000,0.04,31645.5956297622,3,3,0.6,0.6,5,5,0.583333333333333,0.583333333333333,0.375,0.375,0.461538461538462,0.461538461538462,0.591666666666667,0.591666666666667,0.167359670348801,0.167359670348801,0,TRUE,TRUE,FALSE,FALSE,FALSE,"red;blue;green","red;blue;green","vis_2;vis_3;ir_3;ir_1;vis_1","vis_2;vis_3;ir_3;ir_1;vis_1","","","","","ok","",FALSE
497,"uniform_green_strong.csv","uniform_t_ir_1_mid.csv",1000,1000,0.07,49649.757414882,3,3,0.6,0.6,5,5,0.583333333333333,0.583333333333333,0.375,0.375,0.461538461538462,0.461538461538462,0.591666666666667,0.591666666666667,0.167359670348801,0.167359670348801,0,TRUE,TRUE,FALSE,FALSE,FALSE,"red;green;blue","red;green;blue","vis_2;ir_1;vis_3;vis_1;ir_3","vis_2;ir_1;vis_3;vis_1;ir_3","","","","","ok","",FALSE
498,"uniform_green_strong.csv","uniform_t_ir_1_strong.csv",1000,1000,0,50047.1777676646,3,3,0.6,0.6,5,5,0.583333333333333,0.583333333333333,0.375,0.375,0.461538461538462,0.461538461538462,0.591666666666667,0.591666666666667,0.167359670348801,0.167359670348801,0,TRUE,TRUE,FALSE,FALSE,FALSE,"red;green;blue","red;green;blue","vis_2;ir_1;vis_1;vis_3;ir_3","vis_2;ir_1;vis_1;vis_3;ir_3","","","","","ok","",TRUE
500,"uniform_green_strong.csv","uniform_t_ir_3_mid.csv",1000,1000,0,47724.8271505272,3,3,0.6,0.6,5,5,0.583333333333333,0.583333333333333,0.375,0.375,0.461538461538462,0.461538461538462,0.591666666666667,0.591666666666667,0.167359670348801,0.167359670348801,0,TRUE,TRUE,FALSE,FALSE,FALSE,"red;green;blue","red;green;blue","vis_2;ir_1;vis_1;ir_3;vis_3","vis_2;ir_1;vis_1;ir_3;vis_3","","","","","ok","",TRUE
503,"uniform_green_strong.csv","uniform_t_vis_1_mid.csv",1000,1000,0.09,45723.4766858768,3,3,0.6,0.6,5,5,0.583333333333333,0.583333333333333,0.375,0.375,0.461538461538462,0.461538461538462,0.591666666666667,0.591666666666667,0.167359670348801,0.167359670348801,0,TRUE,TRUE,FALSE,FALSE,FALSE,"red;green;blue","red;green;blue","vis_2;vis_3;ir_1;ir_3;vis_1","vis_2;vis_3;ir_1;ir_3;vis_1","","","","","ok","",FALSE
504,"uniform_green_strong.csv","uniform_t_vis_1_strong.csv",1000,1000,0.48,37036.940117417,3,3,0.6,0.6,5,5,0.583333333333333,0.583333333333333,0.375,0.375,0.461538461538462,0.461538461538462,0.591666666666667,0.591666666666667,0.167359670348801,0.167359670348801,0,TRUE,TRUE,FALSE,FALSE,FALSE,"red;blue;green","red;blue;green","vis_2;vis_3;ir_3;vis_1;ir_1","vis_2;vis_3;ir_3;vis_1;ir_1","","","","","ok","",FALSE
505,"uniform_green_strong.csv","uniform_t_vis_1_weak.csv",1000,1000,0.16,38786.9728378276,3,3,0.6,0.6,5,5,0.583333333333333,0.583333333333333,0.375,0.375,0.461538461538462,0.461538461538462,0.591666666666667,0.591666666666667,0.167359670348801,0.167359670348801,0,TRUE,TRUE,FALSE,FALSE,FALSE,"red;green;blue","red;green;blue","vis_2;vis_3;ir_1;ir_3;vis_1","vis_2;vis_3;ir_1;ir_3;vis_1","","","","","ok","",FALSE
506,"uniform_green_strong.csv","uniform_t_vis_2_mid.csv",1000,1000,0.01,68983.0934202085,3,3,0.6,0.6,5,5,0.583333333333333,0.583333333333333,0.375,0.375,0.461538461538462,0.461538461538462,0.591666666666667,0.591666666666667,0.167359670348801,0.167359670348801,0,TRUE,TRUE,FALSE,FALSE,FALSE,"red;green;blue","red;green;blue","vis_2;ir_1;vis_1;vis_3;ir_3","vis_2;ir_1;vis_1;vis_3;ir_3","","","","","ok","",FALSE
509,"uniform_green_strong.csv","uniform_t_vis_3_mid.csv",1000,1000,0.04,64501.3507654346,3,3,0.6,0.6,5,5,0.583333333333333,0.583333333333333,0.375,0.375,0.461538461538462,0.461538461538462,0.591666666666667,0.591666666666667,0.167359670348801,0.167359670348801,0,TRUE,TRUE,FALSE,FALSE,FALSE,"red;green;blue","red;green;blue","vis_2;ir_1;vis_1;vis_3;current","vis_2;ir_1;vis_1;vis_3;current","","","","","ok","",FALSE
510,"uniform_green_strong.csv","uniform_t_vis_3_strong.csv",1000,1000,0,53613.0726943649,3,3,0.6,0.6,5,5,0.583333333333333,0.583333333333333,0.375,0.375,0.461538461538462,0.461538461538462,0.591666666666667,0.591666666666667,0.167359670348801,0.167359670348801,0,TRUE,TRUE,FALSE,FALSE,FALSE,"red;green;blue","red;green;blue","vis_2;ir_1;vis_3;vis_1;ir_3","vis_2;ir_1;vis_3;vis_1;ir_3","","","","","ok","",TRUE
511,"uniform_green_strong.csv","uniform_t_vis_3_weak.csv",1000,1000,0.05,47761.7954989295,3,3,0.6,0.6,5,5,0.583333333333333,0.583333333333333,0.375,0.375,0.461538461538462,0.461538461538462,0.591666666666667,0.591666666666667,0.167359670348801,0.167359670348801,0,TRUE,TRUE,FALSE,FALSE,FALSE,"red;green;blue","red;green;blue","vis_2;ir_1;vis_3;vis_1;ir_3","vis_2;ir_1;vis_3;vis_1;ir_3","","","","","ok","",FALSE
518,"uniform_l_11_mid.csv","uniform_l_12_mid.csv",1000,1000,0,56623.0297788373,3,3,0.6,0.6,5,5,0.583333333333333,0.583333333333333,0.375,0.375,0.461538461538462,0.461538461538462,0.591666666666667,0.591666666666667,0.167359670348801,0.167359670348801,0,TRUE,TRUE,FALSE,FALSE,FALSE,"red;blue;green","red;blue;green","vis_2;vis_3;ir_1;vis_1;l_12","vis_2;vis_3;ir_1;vis_1;l_12","","","","","ok","",TRUE
521,"uniform_l_11_mid.csv","uniform_l_31_mid.csv",1000,1000,0,128356.229867497,3,3,0.6,0.6,5,5,0.583333333333333,0.583333333333333,0.375,0.375,0.461538461538462,0.461538461538462,0.591666666666667,0.591666666666667,0.167359670348801,0.167359670348801,0,TRUE,TRUE,FALSE,FALSE,FALSE,"red;blue;green","red;blue;green","vis_2;ir_1;vis_1;vis_3;current","vis_2;ir_1;vis_1;vis_3;current","","","","","ok","",TRUE
526,"uniform_l_11_mid.csv","uniform_osr_angle_2_mid.csv",1000,1000,0,45469.2934903196,3,3,0.6,0.6,5,5,0.583333333333333,0.583333333333333,0.375,0.375,0.461538461538462,0.461538461538462,0.591666666666667,0.591666666666667,0.167359670348801,0.167359670348801,0,TRUE,TRUE,FALSE,FALSE,FALSE,"red;blue;green","red;blue;green","vis_2;vis_1;vis_3;ir_1;current","vis_2;vis_1;vis_3;ir_1;current","","","","","ok","",TRUE
527,"uniform_l_11_mid.csv","uniform_osr_angle_2_strong.csv",1000,1000,0,39500.1325903681,3,3,0.6,0.6,5,5,0.583333333333333,0.583333333333333,0.375,0.375,0.461538461538462,0.461538461538462,0.591666666666667,0.591666666666667,0.167359670348801,0.167359670348801,0,TRUE,TRUE,FALSE,FALSE,FALSE,"red;blue;green","red;blue;green","vis_2;vis_3;ir_3;vis_1;ir_1","vis_2;vis_3;ir_3;vis_1;ir_1","","","","","ok","",TRUE
529,"uniform_l_11_mid.csv","uniform_osr_c_mid.csv",1000,1000,0,53282.256275964,3,3,0.6,0.6,5,5,0.583333333333333,0.583333333333333,0.375,0.375,0.461538461538462,0.461538461538462,0.591666666666667,0.591666666666667,0.167359670348801,0.167359670348801,0,TRUE,TRUE,FALSE,FALSE,FALSE,"red;blue;green","red;blue;green","vis_2;vis_3;ir_3;vis_1;ir_1","vis_2;vis_3;ir_3;vis_1;ir_1","","","","","ok","",TRUE
535,"uniform_l_11_mid.csv","uniform_pol_2_strong.csv",1000,1000,0.08,40197.8045890129,3,3,0.6,0.6,5,5,0.583333333333333,0.583333333333333,0.375,0.375,0.461538461538462,0.461538461538462,0.591666666666667,0.591666666666667,0.167359670348801,0.167359670348801,0,TRUE,TRUE,FALSE,FALSE,FALSE,"red;blue;green","red;blue;green","vis_2;current;vis_3;ir_1;vis_1","vis_2;current;vis_3;ir_1;vis_1","","","","","ok","",FALSE
538,"uniform_l_11_mid.csv","uniform_t_ir_1_mid.csv",1000,1000,0,31535.9246203341,3,3,0.6,0.6,5,5,0.583333333333333,0.583333333333333,0.375,0.375,0.461538461538462,0.461538461538462,0.591666666666667,0.591666666666667,0.167359670348801,0.167359670348801,0,TRUE,TRUE,FALSE,FALSE,FALSE,"red;blue;green","red;blue;green","vis_2;vis_3;current;ir_3;vis_1","vis_2;vis_3;current;ir_3;vis_1","","","","","ok","",TRUE
549,"uniform_l_11_mid.csv","uniform_t_vis_2_weak.csv",1000,1000,0.34,174850.686591412,3,3,0.6,0.6,5,5,0.583333333333333,0.583333333333333,0.375,0.375,0.461538461538462,0.461538461538462,0.591666666666667,0.591666666666667,0.167359670348801,0.167359670348801,0,TRUE,TRUE,FALSE,FALSE,FALSE,"red;green;blue","red;green;blue","vis_2;l_11;ir_3;vis_3;ir_1","vis_2;l_11;l_31;ir_3;vis_3","","","ir_1","l_31","ok","",FALSE
553,"uniform_l_11_mid.csv","uniform_v_angle_1_mid.csv",1000,1000,0,39439.7885919866,3,3,0.6,0.6,5,5,0.583333333333333,0.583333333333333,0.375,0.375,0.461538461538462,0.461538461538462,0.591666666666667,0.591666666666667,0.167359670348801,0.167359670348801,0,TRUE,TRUE,FALSE,FALSE,FALSE,"red;blue;green","red;blue;green","vis_2;vis_3;vis_1;current;ir_1","vis_2;vis_3;vis_1;current;ir_1","","","","","ok","",TRUE
564,"uniform_l_12_mid.csv","uniform_osr_angle_1_strong.csv",1000,1000,0.09,44593.9862606734,3,3,0.6,0.6,5,5,0.583333333333333,0.583333333333333,0.375,0.375,0.461538461538462,0.461538461538462,0.591666666666667,0.591666666666667,0.167359670348801,0.167359670348801,0,TRUE,TRUE,FALSE,FALSE,FALSE,"red;blue;green","red;blue;green","vis_2;ir_1;vis_1;vis_3;l_12","vis_2;ir_1;vis_1;vis_3;l_12","","","","","ok","",FALSE
565,"uniform_l_12_mid.csv","uniform_osr_angle_1_weak.csv",1000,1000,0,42103.9937390412,3,3,0.6,0.6,5,5,0.583333333333333,0.583333333333333,0.375,0.375,0.461538461538462,0.461538461538462,0.591666666666667,0.591666666666667,0.167359670348801,0.167359670348801,0,TRUE,TRUE,FALSE,FALSE,FALSE,"red;blue;green","red;blue;green","vis_2;ir_1;vis_1;vis_3;l_12","vis_2;ir_1;vis_1;vis_3;l_12","","","","","ok","",TRUE
579,"uniform_l_12_mid.csv","uniform_t_ir_1_strong.csv",1000,1000,0.03,67524.1055730431,3,3,0.6,0.6,5,5,0.583333333333333,0.583333333333333,0.375,0.375,0.461538461538462,0.461538461538462,0.591666666666667,0.591666666666667,0.167359670348801,0.167359670348801,0,TRUE,TRUE,FALSE,FALSE,FALSE,"red;blue;green","red;blue;green","vis_2;vis_3;l_12;current;vis_1","vis_2;vis_3;l_12;current;vis_1","","","","","ok","",FALSE
582,"uniform_l_12_mid.csv","uniform_t_ir_3_strong.csv",1000,1000,0,101680.28562458,3,3,0.6,0.6,5,5,0.583333333333333,0.583333333333333,0.375,0.375,0.461538461538462,0.461538461538462,0.591666666666667,0.591666666666667,0.167359670348801,0.167359670348801,0,TRUE,TRUE,FALSE,FALSE,FALSE,"red;blue;green","red;blue;green","vis_2;vis_3;ir_1;l_12;vis_1","vis_2;vis_3;ir_1;l_12;vis_1","","","","","ok","",TRUE
585,"uniform_l_12_mid.csv","uniform_t_vis_1_strong.csv",1000,1000,0,33439.3768303691,3,3,0.6,0.6,5,5,0.583333333333333,0.583333333333333,0.375,0.375,0.461538461538462,0.461538461538462,0.591666666666667,0.591666666666667,0.167359670348801,0.167359670348801,0,TRUE,TRUE,FALSE,FALSE,FALSE,"red;blue;green","red;blue;green","vis_2;vis_3;ir_1;l_12;current","vis_2;vis_3;ir_1;l_12;current","","","","","ok","",TRUE
594,"uniform_l_12_mid.csv","uniform_v_angle_1_strong.csv",1000,1000,0,52390.2901621361,3,3,0.6,0.6,5,5,0.583333333333333,0.583333333333333,0.375,0.375,0.461538461538462,0.461538461538462,0.591666666666667,0.591666666666667,0.167359670348801,0.167359670348801,0,TRUE,TRUE,FALSE,FALSE,FALSE,"red;blue;green","red;blue;green","vis_2;ir_1;vis_3;current;l_12","vis_2;ir_1;vis_3;current;l_12","","","","","ok","",TRUE
597,"uniform_l_12_mid.csv","uniform_v_c_mid.csv",1000,1000,0,52941.9395522689,3,3,0.6,0.6,5,5,0.583333333333333,0.583333333333333,0.375,0.375,0.461538461538462,0.461538461538462,0.591666666666667,0.591666666666667,0.167359670348801,0.167359670348801,0,TRUE,TRUE,FALSE,FALSE,FALSE,"red;blue;green","red;blue;green","vis_2;ir_1;vis_3;vis_1;l_12","vis_2;ir_1;vis_3;vis_1;l_12","","","","","ok","",TRUE
676,"uniform_l_31_mid.csv","uniform_l_32_mid.csv",1000,1000,0,56585.2878290618,3,3,0.6,0.6,5,5,0.583333333333333,0.583333333333333,0.375,0.375,0.461538461538462,0.461538461538462,0.591666666666667,0.591666666666667,0.167359670348801,0.167359670348801,0,TRUE,TRUE,FALSE,FALSE,FALSE,"red;blue;green","red;blue;green","vis_2;ir_1;vis_1;current;vis_3","vis_2;ir_1;vis_1;current;vis_3","","","","","ok","",TRUE
678,"uniform_l_31_mid.csv","uniform_osr_angle_1_strong.csv",1000,1000,0,36300.0613427155,3,3,0.6,0.6,5,5,0.583333333333333,0.583333333333333,0.375,0.375,0.461538461538462,0.461538461538462,0.591666666666667,0.591666666666667,0.167359670348801,0.167359670348801,0,TRUE,TRUE,FALSE,FALSE,FALSE,"red;blue;green","red;blue;green","vis_2;vis_1;ir_1;current;vis_3","vis_2;vis_1;ir_1;current;vis_3","","","","","ok","",TRUE
679,"uniform_l_31_mid.csv","uniform_osr_angle_1_weak.csv",1000,1000,0.15,44918.2730206825,4,3,0.8,0.6,5,5,0.583333333333333,0.583333333333333,0.444444444444444,0.375,0.571428571428571,0.461538461538462,0.691666666666667,0.591666666666667,0.349933856183856,0.167359670348801,0,FALSE,FALSE,FALSE,FALSE,FALSE,"red;blue;green;l_21","red;blue;green","vis_2;vis_1;ir_1;vis_3;current","vis_2;vis_1;ir_1;vis_3;current","l_21","","","","ok","",FALSE
681,"uniform_l_31_mid.csv","uniform_osr_angle_2_strong.csv",1000,1000,0,32504.3737706735,3,3,0.6,0.6,5,5,0.583333333333333,0.583333333333333,0.375,0.375,0.461538461538462,0.461538461538462,0.591666666666667,0.591666666666667,0.167359670348801,0.167359670348801,0,TRUE,TRUE,FALSE,FALSE,FALSE,"red;blue;green","red;blue;green","vis_2;ir_1;vis_3;vis_1;ir_3","vis_2;ir_1;vis_3;vis_1;ir_3","","","","","ok","",TRUE
691,"uniform_l_31_mid.csv","uniform_red_strong.csv",1000,1000,0,41163.4050726533,3,3,0.6,0.6,5,5,0.583333333333333,0.583333333333333,0.375,0.375,0.461538461538462,0.461538461538462,0.591666666666667,0.591666666666667,0.167359670348801,0.167359670348801,0,TRUE,TRUE,FALSE,FALSE,FALSE,"red;blue;green","red;blue;green","vis_2;ir_1;ir_3;vis_3;current","vis_2;ir_1;ir_3;vis_3;current","","","","","ok","",TRUE
696,"uniform_l_31_mid.csv","uniform_t_ir_3_strong.csv",1000,1000,0.18,41113.062971913,3,3,0.6,0.6,5,5,0.583333333333333,0.583333333333333,0.375,0.375,0.461538461538462,0.461538461538462,0.591666666666667,0.591666666666667,0.167359670348801,0.167359670348801,0,TRUE,TRUE,FALSE,FALSE,FALSE,"red;blue;green","red;blue;green","vis_2;vis_3;ir_1;vis_1;current","vis_2;vis_3;ir_1;vis_1;current","","","","","ok","",FALSE
704,"uniform_l_31_mid.csv","uniform_t_vis_3_mid.csv",1000,1000,0.03,44749.4702441436,3,3,0.6,0.6,5,5,0.583333333333333,0.583333333333333,0.375,0.375,0.461538461538462,0.461538461538462,0.591666666666667,0.591666666666667,0.167359670348801,0.167359670348801,0,TRUE,TRUE,FALSE,FALSE,FALSE,"red;blue;green","red;blue;green","vis_2;current;ir_1;vis_1;pol_2","vis_2;current;ir_1;vis_1;pol_2","","","","","ok","",FALSE
705,"uniform_l_31_mid.csv","uniform_t_vis_3_strong.csv",1000,1000,0,57038.7295042852,3,3,0.6,0.6,5,5,0.583333333333333,0.583333333333333,0.375,0.375,0.461538461538462,0.461538461538462,0.591666666666667,0.591666666666667,0.167359670348801,0.167359670348801,0,TRUE,TRUE,FALSE,FALSE,FALSE,"red;blue;green","red;blue;green","vis_2;vis_1;ir_1;current;ir_3","vis_2;vis_1;ir_1;current;ir_3","","","","","ok","",TRUE
707,"uniform_l_31_mid.csv","uniform_v_angle_1_mid.csv",1000,1000,0,32009.9901881204,3,3,0.6,0.6,5,5,0.583333333333333,0.583333333333333,0.375,0.375,0.461538461538462,0.461538461538462,0.591666666666667,0.591666666666667,0.167359670348801,0.167359670348801,0,TRUE,TRUE,FALSE,FALSE,FALSE,"red;blue;green","red;blue;green","vis_2;ir_1;vis_1;current;vis_3","vis_2;ir_1;vis_1;current;vis_3","","","","","ok","",TRUE
709,"uniform_l_31_mid.csv","uniform_v_angle_2_mid.csv",1000,1000,0.11,36543.5333579113,3,3,0.6,0.6,5,5,0.583333333333333,0.583333333333333,0.375,0.375,0.461538461538462,0.461538461538462,0.591666666666667,0.591666666666667,0.167359670348801,0.167359670348801,0,TRUE,TRUE,FALSE,FALSE,FALSE,"red;blue;green","red;blue;green","vis_2;ir_1;current;vis_1;vis_3","vis_2;ir_1;current;vis_1;vis_3","","","","","ok","",FALSE
710,"uniform_l_31_mid.csv","uniform_v_angle_2_strong.csv",1000,1000,0,36200.7702174227,3,3,0.6,0.6,5,5,0.583333333333333,0.583333333333333,0.375,0.375,0.461538461538462,0.461538461538462,0.591666666666667,0.591666666666667,0.167359670348801,0.167359670348801,0,TRUE,TRUE,FALSE,FALSE,FALSE,"red;blue;green","red;blue;green","vis_2;ir_1;vis_1;current;vis_3","vis_2;ir_1;vis_1;current;vis_3","","","","","ok","",TRUE
712,"uniform_l_31_mid.csv","uniform_v_c_strong.csv",1000,1000,0,35045.0961778342,3,3,0.6,0.6,5,5,0.583333333333333,0.583333333333333,0.375,0.375,0.461538461538462,0.461538461538462,0.591666666666667,0.591666666666667,0.167359670348801,0.167359670348801,0,TRUE,TRUE,FALSE,FALSE,FALSE,"red;blue;green","red;blue;green","vis_2;current;ir_1;vis_1;vis_3","vis_2;current;ir_1;vis_1;vis_3","","","","","ok","",TRUE
720,"uniform_l_32_mid.csv","uniform_osr_c_strong.csv",1000,1000,0.06,63760.6330753455,3,3,0.6,0.6,5,5,0.583333333333333,0.583333333333333,0.375,0.375,0.461538461538462,0.461538461538462,0.591666666666667,0.591666666666667,0.167359670348801,0.167359670348801,0,TRUE,TRUE,FALSE,FALSE,FALSE,"red;blue;green","red;blue;green","vis_2;current;ir_1;ir_3;l_31","vis_2;current;ir_1;ir_3;l_31","","","","","ok","",FALSE
725,"uniform_l_32_mid.csv","uniform_pol_2_strong.csv",1000,1000,0,198412.260134193,3,3,0.6,0.6,5,5,0.583333333333333,0.583333333333333,0.375,0.375,0.461538461538462,0.461538461538462,0.591666666666667,0.591666666666667,0.167359670348801,0.167359670348801,0,TRUE,TRUE,FALSE,FALSE,FALSE,"red;blue;green","red;blue;green","vis_2;current;ir_1;vis_1;vis_3","vis_2;current;ir_1;vis_1;vis_3","","","","","ok","",TRUE
728,"uniform_l_32_mid.csv","uniform_t_ir_1_mid.csv",1000,1000,0,32980.8623302582,3,3,0.6,0.6,5,5,0.583333333333333,0.583333333333333,0.375,0.375,0.461538461538462,0.461538461538462,0.591666666666667,0.591666666666667,0.167359670348801,0.167359670348801,0,TRUE,TRUE,FALSE,FALSE,FALSE,"red;blue;green","red;blue;green","vis_2;current;vis_3;vis_1;ir_3","vis_2;current;vis_3;vis_1;ir_3","","","","","ok","",TRUE
739,"uniform_l_32_mid.csv","uniform_t_vis_2_weak.csv",1000,1000,0.12,163560.505092134,3,3,0.6,0.6,5,5,0.583333333333333,0.583333333333333,0.375,0.375,0.461538461538462,0.461538461538462,0.591666666666667,0.591666666666667,0.167359670348801,0.167359670348801,0,TRUE,TRUE,FALSE,FALSE,FALSE,"red;green;blue","red;green;blue","vis_2;l_32;vis_3;ir_1;ir_3","vis_2;l_32;vis_3;ir_1;ir_3","","","","","ok","",FALSE
743,"uniform_l_32_mid.csv","uniform_v_angle_1_mid.csv",1000,1000,0,108521.773468664,3,3,0.6,0.6,5,5,0.583333333333333,0.583333333333333,0.375,0.375,0.461538461538462,0.461538461538462,0.591666666666667,0.591666666666667,0.167359670348801,0.167359670348801,0,TRUE,TRUE,FALSE,FALSE,FALSE,"red;blue;green","red;blue;green","vis_2;current;ir_1;vis_1;vis_3","vis_2;current;ir_1;vis_1;vis_3","","","","","ok","",TRUE
749,"uniform_osr_angle_1_mid.csv","uniform_osr_angle_1_strong.csv",1000,1000,0,50028.5952059869,3,3,0.6,0.6,5,5,0.583333333333333,0.583333333333333,0.375,0.375,0.461538461538462,0.461538461538462,0.591666666666667,0.591666666666667,0.167359670348801,0.167359670348801,0,TRUE,TRUE,FALSE,FALSE,FALSE,"red;blue;green","red;blue;green","vis_2;vis_1;ir_1;vis_3;current","vis_2;vis_1;ir_1;vis_3;current","","","","","ok","",TRUE
751,"uniform_osr_angle_1_mid.csv","uniform_osr_angle_2_mid.csv",1000,1000,0.24,39971.009806531,3,3,0.6,0.6,5,5,0.583333333333333,0.583333333333333,0.375,0.375,0.461538461538462,0.461538461538462,0.591666666666667,0.591666666666667,0.167359670348801,0.167359670348801,0,TRUE,TRUE,FALSE,FALSE,FALSE,"red;blue;green","red;blue;green","vis_2;vis_1;current;ir_1;vis_3","vis_2;vis_1;current;ir_1;vis_3","","","","","ok","",FALSE
752,"uniform_osr_angle_1_mid.csv","uniform_osr_angle_2_strong.csv",1000,1000,0,40454.9831580313,3,3,0.6,0.6,5,5,0.583333333333333,0.583333333333333,0.375,0.375,0.461538461538462,0.461538461538462,0.591666666666667,0.591666666666667,0.167359670348801,0.167359670348801,0,TRUE,TRUE,FALSE,FALSE,FALSE,"red;blue;green","red;blue;green","vis_2;vis_3;vis_1;ir_3;ir_1","vis_2;vis_3;vis_1;ir_3;ir_1","","","","","ok","",TRUE
757,"uniform_osr_angle_1_mid.csv","uniform_pol_1_mid.csv",1000,1000,0,45279.8283701727,3,3,0.6,0.6,5,5,0.583333333333333,0.583333333333333,0.375,0.375,0.461538461538462,0.461538461538462,0.591666666666667,0.591666666666667,0.167359670348801,0.167359670348801,0,TRUE,TRUE,FALSE,FALSE,FALSE,"red;blue;green","red;blue;green","vis_2;vis_1;ir_1;current;vis_3","vis_2;vis_1;ir_1;current;vis_3","","","","","ok","",TRUE
760,"uniform_osr_angle_1_mid.csv","uniform_pol_2_strong.csv",1000,1000,0.06,45107.8682690287,3,3,0.6,0.6,5,5,0.583333333333333,0.583333333333333,0.375,0.375,0.461538461538462,0.461538461538462,0.591666666666667,0.591666666666667,0.167359670348801,0.167359670348801,0,TRUE,TRUE,FALSE,FALSE,FALSE,"red;blue;green","red;blue;green","vis_2;current;vis_1;ir_1;vis_3","vis_2;current;vis_1;ir_1;vis_3","","","","","ok","",FALSE
767,"uniform_osr_angle_1_mid.csv","uniform_t_ir_3_strong.csv",1000,1000,0,46336.9975447875,3,3,0.6,0.6,5,5,0.583333333333333,0.583333333333333,0.375,0.375,0.461538461538462,0.461538461538462,0.591666666666667,0.591666666666667,0.167359670348801,0.167359670348801,0,TRUE,TRUE,FALSE,FALSE,FALSE,"red;blue;green","red;blue;green","vis_2;vis_3;vis_1;ir_1;l_12","vis_2;vis_3;vis_1;ir_1;l_12","","","","","ok","",TRUE
788,"uniform_osr_angle_1_strong.csv","uniform_osr_c_mid.csv",1000,1000,0,315186.685049871,3,3,0.6,0.6,5,5,0.583333333333333,0.583333333333333,0.375,0.375,0.461538461538462,0.461538461538462,0.591666666666667,0.591666666666667,0.167359670348801,0.167359670348801,0,TRUE,TRUE,FALSE,FALSE,FALSE,"red;blue;green","red;blue;green","vis_2;ir_3;vis_1;vis_3;ir_1","vis_2;ir_3;vis_1;vis_3;ir_1","","","","","ok","",TRUE
797,"uniform_osr_angle_1_strong.csv","uniform_t_ir_1_mid.csv",1000,1000,0,44559.1878813059,3,3,0.6,0.6,5,5,0.583333333333333,0.583333333333333,0.375,0.375,0.461538461538462,0.461538461538462,0.591666666666667,0.591666666666667,0.167359670348801,0.167359670348801,0,TRUE,TRUE,FALSE,FALSE,FALSE,"red;blue;green","red;blue;green","vis_2;vis_1;vis_3;current;ir_3","vis_2;vis_1;vis_3;current;ir_3","","","","","ok","",TRUE
816,"uniform_osr_angle_1_strong.csv","uniform_v_c_mid.csv",1000,1000,0.12,59288.3343036906,3,3,0.6,0.6,5,5,0.583333333333333,0.583333333333333,0.375,0.375,0.461538461538462,0.461538461538462,0.591666666666667,0.591666666666667,0.167359670348801,0.167359670348801,0,TRUE,TRUE,FALSE,FALSE,FALSE,"red;blue;green","red;blue;green","vis_2;vis_1;ir_1;vis_3;l_31","vis_2;vis_1;ir_1;vis_3;l_31","","","","","ok","",FALSE
817,"uniform_osr_angle_1_strong.csv","uniform_v_c_strong.csv",1000,1000,0.03,45986.6937699629,3,3,0.6,0.6,5,5,0.583333333333333,0.583333333333333,0.375,0.375,0.461538461538462,0.461538461538462,0.591666666666667,0.591666666666667,0.167359670348801,0.167359670348801,0,TRUE,TRUE,FALSE,FALSE,FALSE,"red;blue;green","red;blue;green","vis_2;current;vis_1;vis_3;ir_1","vis_2;current;vis_1;vis_3;ir_1","","","","","ok","",FALSE
818,"uniform_osr_angle_1_weak.csv","uniform_osr_angle_2_mid.csv",1000,1000,0.04,44144.8683848118,3,3,0.6,0.6,5,5,0.583333333333333,0.583333333333333,0.375,0.375,0.461538461538462,0.461538461538462,0.591666666666667,0.591666666666667,0.167359670348801,0.167359670348801,0,TRUE,TRUE,FALSE,FALSE,FALSE,"red;blue;green","red;blue;green","vis_2;vis_1;ir_1;vis_3;current","vis_2;vis_1;ir_1;vis_3;current","","","","","ok","",FALSE
826,"uniform_osr_angle_1_weak.csv","uniform_pol_2_mid.csv",1000,1000,0,45209.5716016439,3,3,0.6,0.6,5,5,0.583333333333333,0.583333333333333,0.375,0.375,0.461538461538462,0.461538461538462,0.591666666666667,0.591666666666667,0.167359670348801,0.167359670348801,0,TRUE,TRUE,FALSE,FALSE,FALSE,"red;blue;green","red;blue;green","vis_2;vis_1;ir_1;vis_3;ir_3","vis_2;vis_1;ir_1;vis_3;ir_3","","","","","ok","",TRUE
827,"uniform_osr_angle_1_weak.csv","uniform_pol_2_strong.csv",1000,1000,0,53382.4431193309,3,3,0.6,0.6,5,5,0.583333333333333,0.583333333333333,0.375,0.375,0.461538461538462,0.461538461538462,0.591666666666667,0.591666666666667,0.167359670348801,0.167359670348801,0,TRUE,TRUE,FALSE,FALSE,FALSE,"red;blue;green","red;blue;green","vis_2;ir_1;current;vis_1;vis_3","vis_2;ir_1;current;vis_1;vis_3","","","","","ok","",TRUE
830,"uniform_osr_angle_1_weak.csv","uniform_t_ir_1_mid.csv",1000,1000,0,47415.5185405638,3,3,0.6,0.6,5,5,0.583333333333333,0.583333333333333,0.375,0.375,0.461538461538462,0.461538461538462,0.591666666666667,0.591666666666667,0.167359670348801,0.167359670348801,0,TRUE,TRUE,FALSE,FALSE,FALSE,"red;blue;green","red;blue;green","vis_2;vis_3;current;vis_1;ir_1","vis_2;vis_3;current;vis_1;ir_1","","","","","ok","",TRUE
843,"uniform_osr_angle_1_weak.csv","uniform_t_vis_3_strong.csv",1000,1000,0,39069.420336357,3,3,0.6,0.6,5,5,0.583333333333333,0.583333333333333,0.375,0.375,0.461538461538462,0.461538461538462,0.591666666666667,0.591666666666667,0.167359670348801,0.167359670348801,0,TRUE,TRUE,FALSE,FALSE,FALSE,"red;blue;green","red;blue;green","vis_2;vis_1;ir_1;ir_3;current","vis_2;vis_1;ir_1;ir_3;current","","","","","ok","",TRUE
853,"uniform_osr_angle_2_mid.csv","uniform_osr_c_mid.csv",1000,1000,0,64718.804970085,3,3,0.6,0.6,5,5,0.583333333333333,0.583333333333333,0.375,0.375,0.461538461538462,0.461538461538462,0.591666666666667,0.591666666666667,0.167359670348801,0.167359670348801,0,TRUE,TRUE,FALSE,FALSE,FALSE,"red;blue;green","red;blue;green","vis_2;vis_1;ir_1;vis_3;ir_3","vis_2;vis_1;ir_1;vis_3;ir_3","","","","","ok","",TRUE
856,"uniform_osr_angle_2_mid.csv","uniform_pol_1_mid.csv",1000,1000,0,66142.7043782784,3,3,0.6,0.6,5,5,0.583333333333333,0.583333333333333,0.375,0.375,0.461538461538462,0.461538461538462,0.591666666666667,0.591666666666667,0.167359670348801,0.167359670348801,0,TRUE,TRUE,FALSE,FALSE,FALSE,"red;blue;green","red;blue;green","vis_2;vis_1;ir_1;current;l_32","vis_2;vis_1;ir_1;current;l_32","","","","","ok","",TRUE
859,"uniform_osr_angle_2_mid.csv","uniform_pol_2_strong.csv",1000,1000,0,80224.6006209203,3,3,0.6,0.6,5,5,0.583333333333333,0.583333333333333,0.375,0.375,0.461538461538462,0.461538461538462,0.591666666666667,0.591666666666667,0.167359670348801,0.167359670348801,0,TRUE,TRUE,FALSE,FALSE,FALSE,"red;blue;green","red;blue;green","vis_2;ir_1;current;vis_1;vis_3","vis_2;ir_1;current;vis_1;vis_3","","","","","ok","",TRUE
861,"uniform_osr_angle_2_mid.csv","uniform_red_strong.csv",1000,1000,0.08,45952.8619954087,3,3,0.6,0.6,5,5,0.583333333333333,0.583333333333333,0.375,0.375,0.461538461538462,0.461538461538462,0.591666666666667,0.591666666666667,0.167359670348801,0.167359670348801,0,TRUE,TRUE,FALSE,FALSE,FALSE,"red;blue;green","red;blue;green","vis_2;ir_1;vis_3;ir_3;l_32","vis_2;ir_1;vis_3;ir_3;l_32","","","","","ok","",FALSE
862,"uniform_osr_angle_2_mid.csv","uniform_t_ir_1_mid.csv",1000,1000,0,171516.725143986,3,3,0.6,0.6,5,5,0.583333333333333,0.583333333333333,0.375,0.375,0.461538461538462,0.461538461538462,0.591666666666667,0.591666666666667,0.167359670348801,0.167359670348801,0,TRUE,TRUE,FALSE,FALSE,FALSE,"red;blue;green","red;blue;green","vis_2;vis_1;vis_3;current;ir_3","vis_2;vis_1;vis_3;current;ir_3","","","","","ok","",TRUE
870,"uniform_osr_angle_2_mid.csv","uniform_t_vis_1_weak.csv",1000,1000,0,66303.3673829123,3,3,0.6,0.6,5,5,0.583333333333333,0.583333333333333,0.375,0.375,0.461538461538462,0.461538461538462,0.591666666666667,0.591666666666667,0.167359670348801,0.167359670348801,0,TRUE,TRUE,FALSE,FALSE,FALSE,"red;blue;green","red;blue;green","vis_2;vis_3;ir_1;current;vis_1","vis_2;vis_3;ir_1;current;vis_1","","","","","ok","",TRUE
877,"uniform_osr_angle_2_mid.csv","uniform_v_angle_1_mid.csv",1000,1000,0.18,96418.682593947,3,3,0.6,0.6,5,5,0.583333333333333,0.583333333333333,0.375,0.375,0.461538461538462,0.461538461538462,0.591666666666667,0.591666666666667,0.167359670348801,0.167359670348801,0,TRUE,TRUE,FALSE,FALSE,FALSE,"red;blue;green","red;blue;green","vis_2;current;vis_1;ir_1;vis_3","vis_2;current;vis_1;ir_1;vis_3","","","","","ok","",FALSE
878,"uniform_osr_angle_2_mid.csv","uniform_v_angle_1_strong.csv",1000,1000,0,48152.54170612,3,3,0.6,0.6,5,5,0.583333333333333,0.583333333333333,0.375,0.375,0.461538461538462,0.461538461538462,0.591666666666667,0.591666666666667,0.167359670348801,0.167359670348801,0,TRUE,TRUE,FALSE,FALSE,FALSE,"red;blue;green","red;blue;green","vis_2;current;vis_3;vis_1;ir_1","vis_2;current;vis_3;vis_1;ir_1","","","","","ok","",TRUE
879,"uniform_osr_angle_2_mid.csv","uniform_v_angle_2_mid.csv",1000,1000,0,41409.4263306779,3,3,0.6,0.6,5,5,0.583333333333333,0.583333333333333,0.375,0.375,0.461538461538462,0.461538461538462,0.591666666666667,0.591666666666667,0.167359670348801,0.167359670348801,0,TRUE,TRUE,FALSE,FALSE,FALSE,"red;blue;green","red;blue;green","vis_2;vis_1;ir_1;current;vis_3","vis_2;vis_1;ir_1;current;vis_3","","","","","ok","",TRUE
882,"uniform_osr_angle_2_mid.csv","uniform_v_c_strong.csv",1000,1000,0,112822.102946482,3,3,0.6,0.6,5,5,0.583333333333333,0.583333333333333,0.375,0.375,0.461538461538462,0.461538461538462,0.591666666666667,0.591666666666667,0.167359670348801,0.167359670348801,0,TRUE,TRUE,FALSE,FALSE,FALSE,"red;blue;green","red;blue;green","vis_2;vis_1;vis_3;current;ir_1","vis_2;vis_1;vis_3;current;ir_1","","","","","ok","",TRUE
893,"uniform_osr_angle_2_strong.csv","uniform_t_ir_1_mid.csv",1000,1000,0,247329.818049136,3,3,0.6,0.6,5,5,0.583333333333333,0.583333333333333,0.375,0.375,0.461538461538462,0.461538461538462,0.591666666666667,0.591666666666667,0.167359670348801,0.167359670348801,0,TRUE,TRUE,FALSE,FALSE,FALSE,"red;blue;green","red;blue;green","vis_2;vis_3;ir_3;current;vis_1","vis_2;vis_3;ir_3;current;vis_1","","","","","ok","",TRUE
896,"uniform_osr_angle_2_strong.csv","uniform_t_ir_3_mid.csv",1000,1000,0,65438.6877930276,3,3,0.6,0.6,5,5,0.583333333333333,0.583333333333333,0.375,0.375,0.461538461538462,0.461538461538462,0.591666666666667,0.591666666666667,0.167359670348801,0.167359670348801,0,TRUE,TRUE,FALSE,FALSE,FALSE,"red;blue;green","red;blue;green","vis_2;vis_3;ir_1;ir_3;current","vis_2;vis_3;ir_1;ir_3;current","","","","","ok","",TRUE
899,"uniform_osr_angle_2_strong.csv","uniform_t_vis_1_mid.csv",1000,1000,0,191195.849515936,3,3,0.6,0.6,5,5,0.583333333333333,0.583333333333333,0.375,0.375,0.461538461538462,0.461538461538462,0.591666666666667,0.591666666666667,0.167359670348801,0.167359670348801,0,TRUE,TRUE,FALSE,FALSE,FALSE,"red;blue;green","red;blue;green","vis_2;vis_3;ir_3;current;l_31","vis_2;vis_3;ir_3;current;l_31","","","","","ok","",TRUE
910,"uniform_osr_angle_2_strong.csv","uniform_v_angle_2_mid.csv",1000,1000,0,57059.7701314173,3,3,0.6,0.6,5,5,0.583333333333333,0.583333333333333,0.375,0.375,0.461538461538462,0.461538461538462,0.591666666666667,0.591666666666667,0.167359670348801,0.167359670348801,0,TRUE,TRUE,FALSE,FALSE,FALSE,"red;blue;green","red;blue;green","vis_2;vis_3;ir_3;pol_1;ir_1","vis_2;vis_3;ir_3;pol_1;ir_1","","","","","ok","",TRUE
914,"uniform_osr_angle_2_weak.csv","uniform_osr_c_mid.csv",1000,1000,0,91837.6831565998,3,3,0.6,0.6,5,5,0.583333333333333,0.583333333333333,0.375,0.375,0.461538461538462,0.461538461538462,0.591666666666667,0.591666666666667,0.167359670348801,0.167359670348801,0,TRUE,TRUE,FALSE,FALSE,FALSE,"red;blue;green","red;blue;green","vis_2;ir_1;vis_1;ir_3;current","vis_2;ir_1;vis_1;ir_3;current","","","","","ok","",TRUE
919,"uniform_osr_angle_2_weak.csv","uniform_pol_2_mid.csv",1000,1000,0.01,38835.4899098662,3,3,0.6,0.6,5,5,0.583333333333333,0.583333333333333,0.375,0.375,0.461538461538462,0.461538461538462,0.591666666666667,0.591666666666667,0.167359670348801,0.167359670348801,0,TRUE,TRUE,FALSE,FALSE,FALSE,"red;blue;green","red;blue;green","vis_2;vis_1;ir_1;ir_3;current","vis_2;vis_1;ir_1;ir_3;current","","","","","ok","",FALSE
948,"uniform_osr_c_mid.csv","uniform_pol_2_mid.csv",1000,1000,0.04,30576.4558438045,3,3,0.6,0.6,5,5,0.583333333333333,0.583333333333333,0.375,0.375,0.461538461538462,0.461538461538462,0.591666666666667,0.591666666666667,0.167359670348801,0.167359670348801,0,TRUE,TRUE,FALSE,FALSE,FALSE,"red;blue;green","red;blue;green","vis_2;ir_3;vis_1;ir_1;l_31","vis_2;ir_3;vis_1;ir_1;l_31","","","","","ok","",FALSE
952,"uniform_osr_c_mid.csv","uniform_t_ir_1_mid.csv",1000,1000,0,41391.3957094897,3,3,0.6,0.6,5,5,0.583333333333333,0.583333333333333,0.375,0.375,0.461538461538462,0.461538461538462,0.591666666666667,0.591666666666667,0.167359670348801,0.167359670348801,0,TRUE,TRUE,FALSE,FALSE,FALSE,"red;blue;green","red;blue;green","vis_2;ir_3;vis_3;vis_1;current","vis_2;ir_3;vis_3;vis_1;current","","","","","ok","",TRUE
964,"uniform_osr_c_mid.csv","uniform_t_vis_3_mid.csv",1000,1000,0.02,59928.5066358528,3,3,0.6,0.6,5,5,0.583333333333333,0.583333333333333,0.375,0.375,0.461538461538462,0.461538461538462,0.591666666666667,0.591666666666667,0.167359670348801,0.167359670348801,0,TRUE,TRUE,FALSE,FALSE,FALSE,"red;blue;green","red;blue;green","vis_2;current;vis_1;ir_1;ir_3","vis_2;current;vis_1;ir_1;ir_3","","","","","ok","",FALSE
972,"uniform_osr_c_mid.csv","uniform_v_c_strong.csv",1000,1000,0.11,50456.1555556006,3,3,0.6,0.6,5,5,0.583333333333333,0.583333333333333,0.375,0.375,0.461538461538462,0.461538461538462,0.591666666666667,0.591666666666667,0.167359670348801,0.167359670348801,0,TRUE,TRUE,FALSE,FALSE,FALSE,"red;blue;green","red;blue;green","vis_2;current;vis_1;vis_3;ir_3","vis_2;current;vis_1;vis_3;ir_3","","","","","ok","",FALSE
986,"uniform_osr_c_strong.csv","uniform_t_vis_1_mid.csv",1000,1000,0.04,31500.4984399503,3,3,0.6,0.6,5,5,0.583333333333333,0.583333333333333,0.375,0.375,0.461538461538462,0.461538461538462,0.591666666666667,0.591666666666667,0.167359670348801,0.167359670348801,0,TRUE,TRUE,FALSE,FALSE,FALSE,"red;blue;green","red;blue;green","vis_2;current;vis_3;ir_1;ir_3","vis_2;current;vis_3;ir_1;ir_3","","","","","ok","",FALSE
988,"uniform_osr_c_strong.csv","uniform_t_vis_1_weak.csv",1000,1000,0,174651.396658416,3,3,0.6,0.6,5,5,0.583333333333333,0.583333333333333,0.375,0.375,0.461538461538462,0.461538461538462,0.591666666666667,0.591666666666667,0.167359670348801,0.167359670348801,0,TRUE,TRUE,FALSE,FALSE,FALSE,"red;blue;green","red;blue;green","vis_2;vis_3;ir_1;vis_1;ir_3","vis_2;vis_3;ir_1;vis_1;ir_3","","","","","ok","",TRUE
993,"uniform_osr_c_strong.csv","uniform_t_vis_3_strong.csv",1000,1000,0.22,81711.8157665025,3,3,0.6,0.6,5,5,0.583333333333333,0.583333333333333,0.375,0.375,0.461538461538462,0.461538461538462,0.591666666666667,0.591666666666667,0.167359670348801,0.167359670348801,0,TRUE,TRUE,FALSE,FALSE,FALSE,"red;green;blue","red;green;blue","vis_2;ir_3;vis_1;ir_1;current","vis_2;ir_3;vis_1;ir_1;current","","","","","ok","",FALSE
994,"uniform_osr_c_strong.csv","uniform_t_vis_3_weak.csv",1000,1000,0,54751.3539313499,3,3,0.6,0.6,5,5,0.583333333333333,0.583333333333333,0.375,0.375,0.461538461538462,0.461538461538462,0.591666666666667,0.591666666666667,0.167359670348801,0.167359670348801,0,TRUE,TRUE,FALSE,FALSE,FALSE,"red;blue;green","red;blue;green","vis_2;vis_1;ir_1;ir_3;l_32","vis_2;vis_1;ir_1;ir_3;l_32","","","","","ok","",TRUE
1003,"uniform_osr_c_weak.csv","uniform_pol_2_mid.csv",1000,1000,0,32178.1585807995,3,3,0.6,0.6,5,5,0.583333333333333,0.583333333333333,0.375,0.375,0.461538461538462,0.461538461538462,0.591666666666667,0.591666666666667,0.167359670348801,0.167359670348801,0,TRUE,TRUE,FALSE,FALSE,FALSE,"red;blue;green","red;blue;green","vis_2;ir_3;vis_3;vis_1;l_32","vis_2;ir_3;vis_3;vis_1;l_32","","","","","ok","",TRUE
1007,"uniform_osr_c_weak.csv","uniform_t_ir_1_mid.csv",1000,1000,0,69305.5509826688,3,3,0.6,0.6,5,5,0.583333333333333,0.583333333333333,0.375,0.375,0.461538461538462,0.461538461538462,0.591666666666667,0.591666666666667,0.167359670348801,0.167359670348801,0,TRUE,TRUE,FALSE,FALSE,FALSE,"red;blue;green","red;blue;green","vis_2;vis_3;vis_1;current;l_11","vis_2;vis_3;vis_1;current;l_11","","","","","ok","",TRUE
1009,"uniform_osr_c_weak.csv","uniform_t_ir_1_weak.csv",1000,1000,0,92409.1571327964,3,3,0.6,0.6,5,5,0.583333333333333,0.583333333333333,0.375,0.375,0.461538461538462,0.461538461538462,0.591666666666667,0.591666666666667,0.167359670348801,0.167359670348801,0,TRUE,TRUE,FALSE,FALSE,FALSE,"red;blue;green","red;blue;green","vis_2;vis_1;ir_1;vis_3;current","vis_2;vis_1;ir_1;vis_3;current","","","","","ok","",TRUE
1025,"uniform_osr_c_weak.csv","uniform_v_angle_2_strong.csv",1000,1000,0,128546.418785386,3,3,0.6,0.6,5,5,0.583333333333333,0.583333333333333,0.375,0.375,0.461538461538462,0.461538461538462,0.591666666666667,0.591666666666667,0.167359670348801,0.167359670348801,0,TRUE,TRUE,FALSE,FALSE,FALSE,"red;blue;green","red;blue;green","vis_2;vis_1;vis_3;l_32;current","vis_2;vis_1;vis_3;l_32;current","","","","","ok","",TRUE
1034,"uniform_pol_1_mid.csv","uniform_t_ir_1_strong.csv",1000,1000,0,38581.9524252355,3,3,0.6,0.6,5,5,0.583333333333333,0.583333333333333,0.375,0.375,0.461538461538462,0.461538461538462,0.591666666666667,0.591666666666667,0.167359670348801,0.167359670348801,0,TRUE,TRUE,FALSE,FALSE,FALSE,"red;blue;green","red;blue;green","vis_2;vis_1;ir_3;current;l_12","vis_2;vis_1;ir_3;current;l_12","","","","","ok","",TRUE
1040,"uniform_pol_1_mid.csv","uniform_t_vis_1_strong.csv",1000,1000,0,47195.4297252884,3,3,0.6,0.6,5,5,0.583333333333333,0.583333333333333,0.375,0.375,0.461538461538462,0.461538461538462,0.591666666666667,0.591666666666667,0.167359670348801,0.167359670348801,0,TRUE,TRUE,FALSE,FALSE,FALSE,"red;blue;green","red;blue;green","vis_2;vis_1;vis_3;current;ir_1","vis_2;vis_1;vis_3;current;ir_1","","","","","ok","",TRUE
1041,"uniform_pol_1_mid.csv","uniform_t_vis_1_weak.csv",1000,1000,0.05,52037.1659137572,3,3,0.6,0.6,5,5,0.583333333333333,0.583333333333333,0.375,0.375,0.461538461538462,0.461538461538462,0.591666666666667,0.591666666666667,0.167359670348801,0.167359670348801,0,TRUE,TRUE,FALSE,FALSE,FALSE,"red;blue;green","red;blue;green","vis_2;vis_1;ir_1;vis_3;current","vis_2;vis_1;ir_1;vis_3;current","","","","","ok","",FALSE
1046,"uniform_pol_1_mid.csv","uniform_t_vis_3_strong.csv",1000,1000,0,44611.2799532329,3,3,0.6,0.6,5,5,0.583333333333333,0.583333333333333,0.375,0.375,0.461538461538462,0.461538461538462,0.591666666666667,0.591666666666667,0.167359670348801,0.167359670348801,0,TRUE,TRUE,FALSE,FALSE,FALSE,"red;blue;green","red;blue;green","vis_2;vis_1;ir_1;ir_3;current","vis_2;vis_1;ir_1;ir_3;current","","","","","ok","",TRUE
1050,"uniform_pol_1_mid.csv","uniform_v_angle_2_mid.csv",1000,1000,0,59532.6769828526,3,3,0.6,0.6,5,5,0.583333333333333,0.583333333333333,0.375,0.375,0.461538461538462,0.461538461538462,0.591666666666667,0.591666666666667,0.167359670348801,0.167359670348801,0,TRUE,TRUE,FALSE,FALSE,FALSE,"red;blue;green","red;blue;green","vis_2;vis_1;ir_1;current;ir_3","vis_2;vis_1;ir_1;current;ir_3","","","","","ok","",TRUE
1076,"uniform_pol_1_strong.csv","uniform_v_angle_2_strong.csv",1000,1000,0,107652.943524739,3,3,0.6,0.6,5,5,0.583333333333333,0.583333333333333,0.375,0.375,0.461538461538462,0.461538461538462,0.591666666666667,0.591666666666667,0.167359670348801,0.167359670348801,0,TRUE,TRUE,FALSE,FALSE,FALSE,"red;blue;green","red;blue;green","vis_2;current;vis_1;vis_3;ir_3","vis_2;current;vis_1;vis_3;ir_3","","","","","ok","",TRUE
1079,"uniform_pol_2_mid.csv","uniform_pol_2_strong.csv",1000,1000,0.16,61121.9553987815,3,3,0.6,0.6,5,5,0.583333333333333,0.583333333333333,0.375,0.375,0.461538461538462,0.461538461538462,0.591666666666667,0.591666666666667,0.167359670348801,0.167359670348801,0,TRUE,TRUE,FALSE,FALSE,FALSE,"red;blue;green","red;blue;green","vis_2;current;ir_3;ir_1;vis_1","vis_2;current;ir_3;ir_1;vis_1","","","","","ok","",FALSE
1084,"uniform_pol_2_mid.csv","uniform_t_ir_1_weak.csv",1000,1000,0.23,60562.1061568178,3,3,0.6,0.6,5,5,0.583333333333333,0.583333333333333,0.375,0.375,0.461538461538462,0.461538461538462,0.591666666666667,0.591666666666667,0.167359670348801,0.167359670348801,0,TRUE,TRUE,FALSE,FALSE,FALSE,"red;blue;green","red;blue;green","vis_2;vis_1;ir_1;ir_3;current","vis_2;vis_1;ir_1;ir_3;current","","","","","ok","",FALSE
1086,"uniform_pol_2_mid.csv","uniform_t_ir_3_strong.csv",1000,1000,0.01,34999.8652523133,3,3,0.6,0.6,5,5,0.583333333333333,0.583333333333333,0.375,0.375,0.461538461538462,0.461538461538462,0.591666666666667,0.591666666666667,0.167359670348801,0.167359670348801,0,TRUE,TRUE,FALSE,FALSE,FALSE,"red;blue;green","red;blue;green","vis_2;ir_3;vis_3;vis_1;pol_2","vis_2;ir_3;vis_3;vis_1;pol_2","","","","","ok","",FALSE
1091,"uniform_pol_2_mid.csv","uniform_t_vis_2_mid.csv",1000,1000,0,125807.646209307,3,3,0.6,0.6,5,5,0.583333333333333,0.583333333333333,0.375,0.375,0.461538461538462,0.461538461538462,0.591666666666667,0.591666666666667,0.167359670348801,0.167359670348801,0,TRUE,TRUE,FALSE,FALSE,FALSE,"red;green;blue","red;green;blue","vis_2;pol_2;vis_1;vis_3;ir_1","vis_2;pol_2;vis_1;vis_3;ir_1","","","","","ok","",TRUE
1099,"uniform_pol_2_mid.csv","uniform_v_angle_2_mid.csv",1000,1000,0,343567.385521673,3,3,0.6,0.6,5,5,0.583333333333333,0.583333333333333,0.375,0.375,0.461538461538462,0.461538461538462,0.591666666666667,0.591666666666667,0.167359670348801,0.167359670348801,0,TRUE,TRUE,FALSE,FALSE,FALSE,"red;blue;green","red;blue;green","vis_2;ir_3;vis_1;ir_1;l_31","vis_2;ir_3;vis_1;ir_1;l_31","","","","","ok","",TRUE
1117,"uniform_pol_2_strong.csv","uniform_t_vis_3_mid.csv",1000,1000,0.04,53076.8681711732,3,3,0.6,0.6,5,5,0.583333333333333,0.583333333333333,0.375,0.375,0.461538461538462,0.461538461538462,0.591666666666667,0.591666666666667,0.167359670348801,0.167359670348801,0,TRUE,TRUE,FALSE,FALSE,FALSE,"red;blue;green","red;blue;green","vis_2;current;ir_1;vis_1;vis_3","vis_2;current;ir_1;vis_1;vis_3","","","","","ok","",FALSE
1118,"uniform_pol_2_strong.csv","uniform_t_vis_3_strong.csv",1000,1000,0,65586.6651998212,3,3,0.6,0.6,5,5,0.583333333333333,0.583333333333333,0.375,0.375,0.461538461538462,0.461538461538462,0.591666666666667,0.591666666666667,0.167359670348801,0.167359670348801,0,TRUE,TRUE,FALSE,FALSE,FALSE,"red;blue;green","red;blue;green","vis_2;current;ir_1;vis_1;ir_3","vis_2;current;ir_1;vis_1;ir_3","","","","","ok","",TRUE
1124,"uniform_pol_2_strong.csv","uniform_v_c_mid.csv",1000,1000,0,92401.767789861,3,3,0.6,0.6,5,5,0.583333333333333,0.583333333333333,0.375,0.375,0.461538461538462,0.461538461538462,0.591666666666667,0.591666666666667,0.167359670348801,0.167359670348801,0,TRUE,TRUE,FALSE,FALSE,FALSE,"red;blue;green","red;blue;green","vis_2;ir_1;vis_3;vis_1;current","vis_2;ir_1;vis_3;vis_1;current","","","","","ok","",TRUE
1148,"uniform_red_strong.csv","uniform_t_ir_1_mid.csv",1000,1000,0.12,38466.4868795345,3,3,0.6,0.6,5,5,0.583333333333333,0.583333333333333,0.375,0.375,0.461538461538462,0.461538461538462,0.591666666666667,0.591666666666667,0.167359670348801,0.167359670348801,0,TRUE,TRUE,FALSE,FALSE,FALSE,"red;blue;green","red;blue;green","vis_2;vis_3;ir_3;ir_1;current","vis_2;vis_3;ir_3;ir_1;current","","","","","ok","",FALSE
1155,"uniform_red_strong.csv","uniform_t_vis_1_strong.csv",1000,1000,0.15,62717.2305379928,3,3,0.6,0.6,5,5,0.583333333333333,0.583333333333333,0.375,0.375,0.461538461538462,0.461538461538462,0.591666666666667,0.591666666666667,0.167359670348801,0.167359670348801,0,TRUE,TRUE,FALSE,FALSE,FALSE,"red;blue;green","red;blue;green","vis_2;ir_3;vis_3;ir_1;vis_1","vis_2;ir_3;vis_3;ir_1;pol_1","","","vis_1","pol_1","ok","",FALSE
1169,"uniform_t_ir_1_mid.csv","uniform_t_ir_1_strong.csv",1000,1000,0.03,30472.233832291,3,3,0.6,0.6,5,5,0.583333333333333,0.583333333333333,0.375,0.375,0.461538461538462,0.461538461538462,0.591666666666667,0.591666666666667,0.167359670348801,0.167359670348801,0,TRUE,TRUE,FALSE,FALSE,FALSE,"red;blue;green","red;blue;green","vis_2;vis_1;current;vis_3;ir_3","vis_2;vis_1;current;vis_3;ir_3","","","","","ok","",FALSE
1172,"uniform_t_ir_1_mid.csv","uniform_t_ir_3_strong.csv",1000,1000,0,48044.5557319844,3,3,0.6,0.6,5,5,0.583333333333333,0.583333333333333,0.375,0.375,0.461538461538462,0.461538461538462,0.591666666666667,0.591666666666667,0.167359670348801,0.167359670348801,0,TRUE,TRUE,FALSE,FALSE,FALSE,"red;blue;green","red;blue;green","vis_2;vis_3;vis_1;ir_3;current","vis_2;vis_3;vis_1;ir_3;current","","","","","ok","",TRUE
1177,"uniform_t_ir_1_mid.csv","uniform_t_vis_2_mid.csv",1000,1000,0.79,112477.490086736,3,3,0.6,0.6,5,5,0.583333333333333,0.583333333333333,0.375,0.375,0.461538461538462,0.461538461538462,0.591666666666667,0.591666666666667,0.167359670348801,0.167359670348801,0,TRUE,TRUE,FALSE,FALSE,FALSE,"red;green;blue","red;green;blue","vis_2;ir_1;current;ir_3;vis_1","vis_2;ir_1;current;ir_3;vis_1","","","","","ok","",FALSE
1180,"uniform_t_ir_1_mid.csv","uniform_t_vis_3_mid.csv",1000,1000,0,41221.4747560008,3,3,0.6,0.6,5,5,0.583333333333333,0.583333333333333,0.375,0.375,0.461538461538462,0.461538461538462,0.591666666666667,0.591666666666667,0.167359670348801,0.167359670348801,0,TRUE,TRUE,FALSE,FALSE,FALSE,"red;blue;green","red;blue;green","vis_2;current;vis_1;ir_1;ir_3","vis_2;current;vis_1;ir_1;ir_3","","","","","ok","",TRUE
1183,"uniform_t_ir_1_mid.csv","uniform_v_angle_1_mid.csv",1000,1000,0.06,41129.6596542853,3,3,0.6,0.6,5,5,0.583333333333333,0.583333333333333,0.375,0.375,0.461538461538462,0.461538461538462,0.591666666666667,0.591666666666667,0.167359670348801,0.167359670348801,0,TRUE,TRUE,FALSE,FALSE,FALSE,"red;blue;green","red;blue;green","vis_2;current;vis_3;vis_1;ir_3","vis_2;current;vis_3;vis_1;ir_3","","","","","ok","",FALSE
1186,"uniform_t_ir_1_mid.csv","uniform_v_angle_2_strong.csv",1000,1000,0.01,35111.4273296328,3,3,0.6,0.6,5,5,0.583333333333333,0.583333333333333,0.375,0.375,0.461538461538462,0.461538461538462,0.591666666666667,0.591666666666667,0.167359670348801,0.167359670348801,0,TRUE,TRUE,FALSE,FALSE,FALSE,"red;blue;green","red;blue;green","vis_2;current;vis_1;ir_3;vis_3","vis_2;current;vis_1;ir_3;vis_3","","","","","ok","",FALSE
1211,"uniform_t_ir_1_weak.csv","uniform_t_vis_1_mid.csv",1000,1000,0.03,37237.0530349577,3,3,0.6,0.6,5,5,0.583333333333333,0.583333333333333,0.375,0.375,0.461538461538462,0.461538461538462,0.591666666666667,0.591666666666667,0.167359670348801,0.167359670348801,0,TRUE,TRUE,FALSE,FALSE,FALSE,"red;blue;green","red;blue;green","vis_2;current;vis_3;l_31;vis_1","vis_2;current;vis_3;l_31;vis_1","","","","","ok","",FALSE
1212,"uniform_t_ir_1_weak.csv","uniform_t_vis_1_strong.csv",1000,1000,0.09,40186.2457359735,3,3,0.6,0.6,5,5,0.583333333333333,0.583333333333333,0.375,0.375,0.461538461538462,0.461538461538462,0.591666666666667,0.591666666666667,0.167359670348801,0.167359670348801,0,TRUE,TRUE,FALSE,FALSE,FALSE,"red;blue;green","red;blue;green","vis_2;vis_3;vis_1;current;ir_1","vis_2;vis_3;vis_1;current;ir_1","","","","","ok","",FALSE
1229,"uniform_t_ir_3_mid.csv","uniform_t_vis_1_strong.csv",1000,1000,0,300686.963520904,3,3,0.6,0.6,5,5,0.583333333333333,0.583333333333333,0.375,0.375,0.461538461538462,0.461538461538462,0.591666666666667,0.591666666666667,0.167359670348801,0.167359670348801,0,TRUE,TRUE,FALSE,FALSE,FALSE,"red;blue;green","red;blue;green","vis_2;ir_1;vis_3;ir_3;vis_1","vis_2;ir_1;vis_3;ir_3;vis_1","","","","","ok","",TRUE
1235,"uniform_t_ir_3_mid.csv","uniform_t_vis_3_strong.csv",1000,1000,0,38857.6870438195,3,3,0.6,0.6,5,5,0.583333333333333,0.583333333333333,0.375,0.375,0.461538461538462,0.461538461538462,0.591666666666667,0.591666666666667,0.167359670348801,0.167359670348801,0,TRUE,TRUE,FALSE,FALSE,FALSE,"red;blue;green","red;blue;green","vis_2;vis_1;ir_3;ir_1;vis_3","vis_2;vis_1;ir_3;ir_1;vis_3","","","","","ok","",TRUE
1236,"uniform_t_ir_3_mid.csv","uniform_t_vis_3_weak.csv",1000,1000,0,1453320.55730622,3,3,0.6,0.6,5,5,0.583333333333333,0.583333333333333,0.375,0.375,0.461538461538462,0.461538461538462,0.591666666666667,0.591666666666667,0.167359670348801,0.167359670348801,0,TRUE,TRUE,FALSE,FALSE,FALSE,"red;blue;green","red;blue;green","vis_2;ir_1;vis_1;ir_3;vis_3","vis_2;ir_1;vis_1;ir_3;vis_3","","","","","ok","",TRUE
1256,"uniform_t_ir_3_strong.csv","uniform_v_angle_2_strong.csv",1000,1000,0,53130.6635925257,3,3,0.6,0.6,5,5,0.583333333333333,0.583333333333333,0.375,0.375,0.461538461538462,0.461538461538462,0.591666666666667,0.591666666666667,0.167359670348801,0.167359670348801,0,TRUE,TRUE,FALSE,FALSE,FALSE,"red;blue;green","red;blue;green","vis_2;vis_3;vis_1;ir_1;current","vis_2;vis_3;vis_1;ir_1;current","","","","","ok","",TRUE
1257,"uniform_t_ir_3_strong.csv","uniform_v_c_mid.csv",1000,1000,0,109194.558687379,3,3,0.6,0.6,5,5,0.583333333333333,0.583333333333333,0.375,0.375,0.461538461538462,0.461538461538462,0.591666666666667,0.591666666666667,0.167359670348801,0.167359670348801,0,TRUE,TRUE,FALSE,FALSE,FALSE,"red;blue;green","red;blue;green","vis_2;vis_3;pol_2;vis_1;l_12","vis_2;vis_3;pol_2;vis_1;l_12","","","","","ok","",TRUE
1267,"uniform_t_ir_3_weak.csv","uniform_t_vis_3_weak.csv",1000,1000,0.03,45541.5144969039,3,3,0.6,0.6,5,5,0.583333333333333,0.583333333333333,0.375,0.375,0.461538461538462,0.461538461538462,0.591666666666667,0.591666666666667,0.167359670348801,0.167359670348801,0,TRUE,TRUE,FALSE,FALSE,FALSE,"red;blue;green","red;blue;green","vis_2;ir_1;vis_1;ir_3;vis_3","vis_2;ir_1;vis_1;ir_3;vis_3","","","","","ok","",FALSE
1280,"uniform_t_vis_1_mid.csv","uniform_t_vis_3_strong.csv",1000,1000,0,63737.7166544826,3,3,0.6,0.6,5,5,0.583333333333333,0.583333333333333,0.375,0.375,0.461538461538462,0.461538461538462,0.591666666666667,0.591666666666667,0.167359670348801,0.167359670348801,0,TRUE,TRUE,FALSE,FALSE,FALSE,"red;blue;green","red;blue;green","vis_2;ir_3;current;vis_3;vis_1","vis_2;ir_3;current;vis_3;vis_1","","","","","ok","",TRUE
1291,"uniform_t_vis_1_strong.csv","uniform_t_vis_2_weak.csv",1000,1000,0,106302.643321566,3,3,0.6,0.6,5,5,0.583333333333333,0.583333333333333,0.375,0.375,0.461538461538462,0.461538461538462,0.591666666666667,0.591666666666667,0.167359670348801,0.167359670348801,0,TRUE,TRUE,FALSE,FALSE,FALSE,"red;green;blue","red;green;blue","vis_2;vis_1;ir_1;vis_3;ir_3","vis_2;vis_1;ir_1;vis_3;ir_3","","","","","ok","",TRUE
1292,"uniform_t_vis_1_strong.csv","uniform_t_vis_3_mid.csv",1000,1000,0,73976.9780594328,3,3,0.6,0.6,5,5,0.583333333333333,0.583333333333333,0.375,0.375,0.461538461538462,0.461538461538462,0.591666666666667,0.591666666666667,0.167359670348801,0.167359670348801,0,TRUE,TRUE,FALSE,FALSE,FALSE,"red;blue;green","red;blue;green","vis_2;current;vis_1;ir_1;vis_3","vis_2;current;vis_1;ir_1;vis_3","","","","","ok","",TRUE
1294,"uniform_t_vis_1_strong.csv","uniform_t_vis_3_weak.csv",1000,1000,0,56409.842310185,3,3,0.6,0.6,5,5,0.583333333333333,0.583333333333333,0.375,0.375,0.461538461538462,0.461538461538462,0.591666666666667,0.591666666666667,0.167359670348801,0.167359670348801,0,TRUE,TRUE,FALSE,FALSE,FALSE,"red;blue;green","red;blue;green","vis_2;vis_3;ir_1;vis_1;current","vis_2;vis_3;ir_1;vis_1;current","","","","","ok","",TRUE
1306,"uniform_t_vis_1_weak.csv","uniform_t_vis_3_weak.csv",1000,1000,0,48136.8069043974,3,3,0.6,0.6,5,5,0.583333333333333,0.583333333333333,0.375,0.375,0.461538461538462,0.461538461538462,0.591666666666667,0.591666666666667,0.167359670348801,0.167359670348801,0,TRUE,TRUE,FALSE,FALSE,FALSE,"red;blue;green","red;blue;green","vis_2;vis_3;ir_1;vis_1;current","vis_2;vis_3;ir_1;vis_1;current","","","","","ok","",TRUE
1336,"uniform_t_vis_2_weak.csv","uniform_t_vis_3_weak.csv",1000,1000,0.07,142125.86504297,2,3,0.4,0.6,5,5,0.583333333333333,0.583333333333333,0.285714285714286,0.375,0.333333333333333,0.461538461538462,0.491666666666667,0.591666666666667,-0.0154303349962092,0.167359670348801,0,FALSE,FALSE,FALSE,FALSE,FALSE,"red;green","red;green;l_22","vis_2;vis_3;ir_3;ir_1;current","vis_2;vis_3;ir_3;ir_1;current","","l_22","","","ok","",FALSE
1339,"uniform_t_vis_2_weak.csv","uniform_v_angle_2_mid.csv",1000,1000,0.13,117241.496770143,3,3,0.6,0.6,5,5,0.583333333333333,0.583333333333333,0.375,0.375,0.461538461538462,0.461538461538462,0.591666666666667,0.591666666666667,0.167359670348801,0.167359670348801,0,TRUE,TRUE,FALSE,FALSE,FALSE,"red;green;blue","red;green;blue","vis_2;ir_1;current;vis_3;ir_3","vis_2;ir_1;current;vis_3;ir_3","","","","","ok","",FALSE
1342,"uniform_t_vis_2_weak.csv","uniform_v_c_strong.csv",1000,1000,0.41,104258.758666587,2,3,0.4,0.6,5,5,0.583333333333333,0.583333333333333,0.285714285714286,0.375,0.333333333333333,0.461538461538462,0.491666666666667,0.591666666666667,-0.0154303349962092,0.167359670348801,0,FALSE,FALSE,FALSE,FALSE,FALSE,"red;green","red;green;blue","vis_2;current;vis_3;ir_1;vis_1","vis_2;current;vis_3;ir_1;pol_2","","blue","vis_1","pol_2","ok","",FALSE
1344,"uniform_t_vis_3_mid.csv","uniform_t_vis_3_weak.csv",1000,1000,0,68692.2330768277,3,3,0.6,0.6,5,5,0.583333333333333,0.583333333333333,0.375,0.375,0.461538461538462,0.461538461538462,0.591666666666667,0.591666666666667,0.167359670348801,0.167359670348801,0,TRUE,TRUE,FALSE,FALSE,FALSE,"red;blue;green","red;blue;green","vis_2;ir_1;current;vis_1;vis_3","vis_2;ir_1;current;vis_1;vis_3","","","","","ok","",TRUE
1351,"uniform_t_vis_3_strong.csv","uniform_t_vis_3_weak.csv",1000,1000,0.06,140602.62535299,3,3,0.6,0.6,5,5,0.583333333333333,0.583333333333333,0.375,0.375,0.461538461538462,0.461538461538462,0.591666666666667,0.591666666666667,0.167359670348801,0.167359670348801,0,TRUE,TRUE,FALSE,FALSE,FALSE,"red;blue;green","red;blue;green","vis_2;vis_1;ir_1;ir_3;current","vis_2;vis_1;ir_1;ir_3;current","","","","","ok","",FALSE
1352,"uniform_t_vis_3_strong.csv","uniform_v_angle_1_mid.csv",1000,1000,0,41672.4401244081,3,3,0.6,0.6,5,5,0.583333333333333,0.583333333333333,0.375,0.375,0.461538461538462,0.461538461538462,0.591666666666667,0.591666666666667,0.167359670348801,0.167359670348801,0,TRUE,TRUE,FALSE,FALSE,FALSE,"red;blue;green","red;blue;green","vis_2;vis_1;ir_1;current;ir_3","vis_2;vis_1;ir_1;current;ir_3","","","","","ok","",TRUE
1356,"uniform_t_vis_3_strong.csv","uniform_v_c_mid.csv",1000,1000,0.09,53564.2220834886,3,3,0.6,0.6,5,5,0.583333333333333,0.583333333333333,0.375,0.375,0.461538461538462,0.461538461538462,0.591666666666667,0.591666666666667,0.167359670348801,0.167359670348801,0,TRUE,TRUE,FALSE,FALSE,FALSE,"red;blue;green","red;blue;green","vis_2;vis_1;ir_3;vis_3;ir_1","vis_2;vis_1;ir_3;vis_3;ir_1","","","","","ok","",FALSE
1358,"uniform_t_vis_3_weak.csv","uniform_v_angle_1_mid.csv",1000,1000,0,47037.934642566,3,3,0.6,0.6,5,5,0.583333333333333,0.583333333333333,0.375,0.375,0.461538461538462,0.461538461538462,0.591666666666667,0.591666666666667,0.167359670348801,0.167359670348801,0,TRUE,TRUE,FALSE,FALSE,FALSE,"red;blue;green","red;blue;green","vis_2;ir_1;vis_1;current;ir_3","vis_2;ir_1;vis_1;current;ir_3","","","","","ok","",TRUE
1366,"uniform_v_angle_1_mid.csv","uniform_v_angle_2_strong.csv",1000,1000,0,33047.9426945696,3,3,0.6,0.6,5,5,0.583333333333333,0.583333333333333,0.375,0.375,0.461538461538462,0.461538461538462,0.591666666666667,0.591666666666667,0.167359670348801,0.167359670348801,0,TRUE,TRUE,FALSE,FALSE,FALSE,"red;blue;green","red;blue;green","vis_2;current;ir_1;vis_1;vis_3","vis_2;current;ir_1;vis_1;vis_3","","","","","ok","",TRUE
1368,"uniform_v_angle_1_mid.csv","uniform_v_c_strong.csv",1000,1000,0,58714.360153834,3,3,0.6,0.6,5,5,0.583333333333333,0.583333333333333,0.375,0.375,0.461538461538462,0.461538461538462,0.591666666666667,0.591666666666667,0.167359670348801,0.167359670348801,0,TRUE,TRUE,FALSE,FALSE,FALSE,"red;blue;green","red;blue;green","vis_2;current;vis_1;vis_3;ir_1","vis_2;current;vis_1;vis_3;ir_1","","","","","ok","",TRUE
1370,"uniform_v_angle_1_strong.csv","uniform_v_angle_2_strong.csv",1000,1000,0.06,68861.06274921,4,3,0.8,0.6,5,5,0.583333333333333,0.583333333333333,0.444444444444444,0.375,0.571428571428571,0.461538461538462,0.691666666666667,0.591666666666667,0.349933856183856,0.167359670348801,0,FALSE,FALSE,FALSE,FALSE,FALSE,"red;blue;green;l_22","red;blue;green","vis_2;current;vis_3;ir_1;vis_1","vis_2;current;vis_3;ir_1;vis_1","l_22","","","","ok","",FALSE
5,"uniform_blue_mid.csv","uniform_diode_ir_3_strong.csv",1000,1000,0.12,68390.3002782355,3,3,0.6,0.6,6,6,0.5,0.5,0.333333333333333,0.333333333333333,0.428571428571429,0.428571428571429,0.55,0.55,0.0912870929175277,0.0912870929175277,0,TRUE,TRUE,FALSE,FALSE,FALSE,"red;green;blue","red;green;blue","vis_2;vis_1;vis_3;ir_1;ir_3;current","vis_2;vis_1;vis_3;ir_1;ir_3;current","","","","","ok","",FALSE
7,"uniform_blue_mid.csv","uniform_diode_vis_2_mid.csv",1000,1000,0,99007.720702753,3,3,0.6,0.6,6,6,0.5,0.5,0.333333333333333,0.333333333333333,0.428571428571429,0.428571428571429,0.55,0.55,0.0912870929175277,0.0912870929175277,0,TRUE,TRUE,FALSE,FALSE,FALSE,"red;green;blue","red;green;blue","vis_2;vis_1;current;l_32;l_12;ir_1","vis_2;vis_1;current;l_32;l_12;ir_1","","","","","ok","",TRUE
16,"uniform_blue_mid.csv","uniform_l_32_mid.csv",1000,1000,0.14,415601.725956597,3,3,0.6,0.6,6,6,0.5,0.5,0.333333333333333,0.333333333333333,0.428571428571429,0.428571428571429,0.55,0.55,0.0912870929175277,0.0912870929175277,0,TRUE,TRUE,FALSE,FALSE,FALSE,"red;green;blue","red;green;blue","vis_2;vis_1;vis_3;ir_3;pol_1;ir_1","vis_2;vis_1;vis_3;ir_3;pol_1;ir_1","","","","","ok","",FALSE
20,"uniform_blue_mid.csv","uniform_osr_angle_2_mid.csv",1000,1000,0,59576.5987946577,3,3,0.6,0.6,6,6,0.5,0.5,0.333333333333333,0.333333333333333,0.428571428571429,0.428571428571429,0.55,0.55,0.0912870929175277,0.0912870929175277,0,TRUE,TRUE,FALSE,FALSE,FALSE,"red;green;blue","red;green;blue","vis_2;vis_1;vis_3;ir_3;ir_1;current","vis_2;vis_1;vis_3;ir_3;ir_1;current","","","","","ok","",TRUE
28,"uniform_blue_mid.csv","uniform_pol_2_mid.csv",1000,1000,0,89047.3136342132,3,3,0.6,0.6,6,6,0.5,0.5,0.333333333333333,0.333333333333333,0.428571428571429,0.428571428571429,0.55,0.55,0.0912870929175277,0.0912870929175277,0,TRUE,TRUE,FALSE,FALSE,FALSE,"red;green;blue","red;green;blue","vis_2;vis_1;ir_3;vis_3;ir_1;l_12","vis_2;vis_1;ir_3;vis_3;ir_1;l_12","","","","","ok","",TRUE
31,"uniform_blue_mid.csv","uniform_red_strong.csv",1000,1000,0,226916.189592366,3,3,0.6,0.6,6,6,0.5,0.5,0.333333333333333,0.333333333333333,0.428571428571429,0.428571428571429,0.55,0.55,0.0912870929175277,0.0912870929175277,0,TRUE,TRUE,FALSE,FALSE,FALSE,"red;green;blue","red;green;blue","vis_2;vis_1;ir_1;ir_3;vis_3;current","vis_2;vis_1;ir_1;ir_3;vis_3;current","","","","","ok","",TRUE
61,"uniform_blue_strong.csv","uniform_green_strong.csv",1000,1000,0,84447.522006304,3,3,0.6,0.6,6,6,0.5,0.5,0.333333333333333,0.333333333333333,0.428571428571429,0.428571428571429,0.55,0.55,0.0912870929175277,0.0912870929175277,0,TRUE,TRUE,FALSE,FALSE,FALSE,"red;green;blue","red;green;blue","vis_2;vis_1;ir_1;vis_3;ir_3;current","vis_2;vis_1;ir_1;vis_3;ir_3;current","","","","","ok","",TRUE
71,"uniform_blue_strong.csv","uniform_osr_angle_2_mid.csv",1000,1000,0.13,307826.374139135,3,3,0.6,0.6,6,6,0.5,0.5,0.333333333333333,0.333333333333333,0.428571428571429,0.428571428571429,0.55,0.55,0.0912870929175277,0.0912870929175277,0,TRUE,TRUE,FALSE,FALSE,FALSE,"red;green;blue","red;green;blue","vis_2;vis_1;vis_3;ir_1;ir_3;pol_2","vis_2;vis_1;vis_3;ir_1;ir_3;pol_2","","","","","ok","",FALSE
75,"uniform_blue_strong.csv","uniform_osr_c_strong.csv",1000,1000,0.26,461125.977279345,3,3,0.6,0.6,6,6,0.5,0.5,0.333333333333333,0.333333333333333,0.428571428571429,0.428571428571429,0.55,0.55,0.0912870929175277,0.0912870929175277,0,TRUE,TRUE,FALSE,FALSE,FALSE,"red;green;blue","red;green;blue","vis_2;vis_1;vis_3;current;ir_3;ir_1","vis_2;vis_1;vis_3;current;ir_3;ir_1","","","","","ok","",FALSE
86,"uniform_blue_strong.csv","uniform_t_ir_3_mid.csv",1000,1000,0.02,57027.195627628,3,3,0.6,0.6,6,6,0.5,0.5,0.333333333333333,0.333333333333333,0.428571428571429,0.428571428571429,0.55,0.55,0.0912870929175277,0.0912870929175277,0,TRUE,TRUE,FALSE,FALSE,FALSE,"red;green;blue","red;green;blue","vis_2;vis_1;vis_3;ir_3;ir_1;current","vis_2;vis_1;vis_3;ir_3;ir_1;current","","","","","ok","",FALSE
87,"uniform_blue_strong.csv","uniform_t_ir_3_strong.csv",1000,1000,0,93778.9805021302,3,3,0.6,0.6,6,6,0.5,0.5,0.333333333333333,0.333333333333333,0.428571428571429,0.428571428571429,0.55,0.55,0.0912870929175277,0.0912870929175277,0,TRUE,TRUE,FALSE,FALSE,FALSE,"red;green;blue","red;green;blue","vis_2;vis_1;ir_1;vis_3;ir_3;pol_2","vis_2;vis_1;ir_1;vis_3;ir_3;pol_2","","","","","ok","",TRUE
88,"uniform_blue_strong.csv","uniform_t_ir_3_weak.csv",1000,1000,0.03,153102.2057786,4,3,0.8,0.6,6,6,0.5,0.5,0.4,0.333333333333333,0.533333333333333,0.428571428571429,0.65,0.55,0.277746029931765,0.0912870929175277,0,FALSE,FALSE,FALSE,FALSE,FALSE,"red;green;blue;l_21","red;green;blue","vis_2;vis_1;vis_3;ir_3;ir_1;l_32","vis_2;vis_1;vis_3;ir_3;ir_1;l_32","l_21","","","","ok","",FALSE
89,"uniform_blue_strong.csv","uniform_t_vis_1_mid.csv",1000,1000,0.1,121004.016188539,3,3,0.6,0.6,6,6,0.5,0.5,0.333333333333333,0.333333333333333,0.428571428571429,0.428571428571429,0.55,0.55,0.0912870929175277,0.0912870929175277,0,TRUE,TRUE,FALSE,FALSE,FALSE,"red;green;blue","red;green;blue","vis_2;vis_1;vis_3;ir_3;ir_1;current","vis_2;vis_1;vis_3;ir_3;ir_1;current","","","","","ok","",FALSE
95,"uniform_blue_strong.csv","uniform_t_vis_3_mid.csv",1000,1000,0,54738.3946565308,3,3,0.6,0.6,6,6,0.5,0.5,0.333333333333333,0.333333333333333,0.428571428571429,0.428571428571429,0.55,0.55,0.0912870929175277,0.0912870929175277,0,TRUE,TRUE,FALSE,FALSE,FALSE,"red;green;blue","red;green;blue","vis_2;vis_1;ir_1;ir_3;current;vis_3","vis_2;vis_1;ir_1;ir_3;current;vis_3","","","","","ok","",TRUE
106,"uniform_diode_ir_1_mid.csv","uniform_diode_ir_3_strong.csv",1000,1000,0.05,307488.190433182,3,3,0.6,0.6,6,6,0.5,0.5,0.333333333333333,0.333333333333333,0.428571428571429,0.428571428571429,0.55,0.55,0.0912870929175277,0.0912870929175277,0,TRUE,TRUE,FALSE,FALSE,FALSE,"red;blue;green","red;blue;green","vis_2;current;l_11;ir_1;vis_3;ir_3","vis_2;current;l_11;ir_1;vis_3;ir_3","","","","","ok","",FALSE
108,"uniform_diode_ir_1_mid.csv","uniform_diode_vis_2_mid.csv",1000,1000,0.6,116953.79577055,3,3,0.6,0.6,6,6,0.5,0.5,0.333333333333333,0.333333333333333,0.428571428571429,0.428571428571429,0.55,0.55,0.0912870929175277,0.0912870929175277,0,TRUE,TRUE,FALSE,FALSE,FALSE,"red;green;blue","red;green;blue","vis_2;ir_1;vis_1;ir_3;vis_3;l_11","vis_2;ir_1;vis_1;ir_3;current;vis_3","","","l_11","current","ok","",FALSE
136,"uniform_diode_ir_1_mid.csv","uniform_t_ir_3_mid.csv",1000,1000,0,61439.973744491,3,3,0.6,0.6,6,6,0.5,0.5,0.333333333333333,0.333333333333333,0.428571428571429,0.428571428571429,0.55,0.55,0.0912870929175277,0.0912870929175277,0,TRUE,TRUE,FALSE,FALSE,FALSE,"red;blue;green","red;blue;green","vis_2;ir_1;l_32;l_11;vis_1;ir_3","vis_2;ir_1;l_32;l_11;vis_1;ir_3","","","","","ok","",TRUE
140,"uniform_diode_ir_1_mid.csv","uniform_t_vis_1_strong.csv",1000,1000,0,44639.3369823213,3,3,0.6,0.6,6,6,0.5,0.5,0.333333333333333,0.333333333333333,0.428571428571429,0.428571428571429,0.55,0.55,0.0912870929175277,0.0912870929175277,0,TRUE,TRUE,FALSE,FALSE,FALSE,"red;blue;green","red;blue;green","vis_2;vis_3;ir_1;vis_1;current;ir_3","vis_2;vis_3;ir_1;vis_1;current;ir_3","","","","","ok","",TRUE
154,"uniform_diode_ir_1_strong.csv","uniform_diode_ir_3_mid.csv",1000,1000,0.31,55619.1605200557,3,3,0.6,0.6,6,6,0.5,0.5,0.333333333333333,0.333333333333333,0.428571428571429,0.428571428571429,0.55,0.55,0.0912870929175277,0.0912870929175277,0,TRUE,TRUE,FALSE,FALSE,FALSE,"red;blue;green","red;blue;green","vis_2;ir_3;vis_3;ir_1;vis_1;l_11","vis_2;ir_3;vis_3;ir_1;vis_1;l_11","","","","","ok","",FALSE
186,"uniform_diode_ir_1_strong.csv","uniform_t_ir_3_strong.csv",1000,1000,0.02,55378.2154932917,3,3,0.6,0.6,6,6,0.5,0.5,0.333333333333333,0.333333333333333,0.428571428571429,0.428571428571429,0.55,0.55,0.0912870929175277,0.0912870929175277,0,TRUE,TRUE,FALSE,FALSE,FALSE,"red;blue;green","red;blue;green","vis_2;vis_1;vis_3;ir_3;ir_1;pol_2","vis_2;vis_1;vis_3;ir_3;ir_1;pol_2","","","","","ok","",FALSE
194,"uniform_diode_ir_1_strong.csv","uniform_t_vis_3_mid.csv",1000,1000,0.09,48812.8000434167,3,3,0.6,0.6,6,6,0.5,0.5,0.333333333333333,0.333333333333333,0.428571428571429,0.428571428571429,0.55,0.55,0.0912870929175277,0.0912870929175277,0,TRUE,TRUE,FALSE,FALSE,FALSE,"red;blue;green","red;blue;green","vis_2;vis_1;current;ir_1;vis_3;pol_1","vis_2;vis_1;current;ir_1;vis_3;pol_1","","","","","ok","",FALSE
213,"uniform_diode_ir_3_mid.csv","uniform_l_31_mid.csv",1000,1000,0,44324.2734914806,3,3,0.6,0.6,6,6,0.5,0.5,0.333333333333333,0.333333333333333,0.428571428571429,0.428571428571429,0.55,0.55,0.0912870929175277,0.0912870929175277,0,TRUE,TRUE,FALSE,FALSE,FALSE,"red;blue;green","red;blue;green","vis_2;ir_1;vis_3;vis_1;current;ir_3","vis_2;ir_1;vis_3;vis_1;current;ir_3","","","","","ok","",TRUE
255,"uniform_diode_ir_3_strong.csv","uniform_green_strong.csv",1000,1000,0,65687.5008345926,3,3,0.6,0.6,6,6,0.5,0.5,0.333333333333333,0.333333333333333,0.428571428571429,0.428571428571429,0.55,0.55,0.0912870929175277,0.0912870929175277,0,TRUE,TRUE,FALSE,FALSE,FALSE,"red;green;blue","red;green;blue","vis_2;ir_1;vis_1;vis_3;ir_3;l_11","vis_2;ir_1;vis_1;vis_3;ir_3;l_11","","","","","ok","",TRUE
260,"uniform_diode_ir_3_strong.csv","uniform_l_31_mid.csv",1000,1000,0,89307.1934362341,3,3,0.6,0.6,6,6,0.5,0.5,0.333333333333333,0.333333333333333,0.428571428571429,0.428571428571429,0.55,0.55,0.0912870929175277,0.0912870929175277,0,TRUE,TRUE,FALSE,FALSE,FALSE,"red;blue;green","red;blue;green","vis_2;current;ir_1;vis_3;l_11;vis_1","vis_2;current;ir_1;vis_3;l_11;vis_1","","","","","ok","",TRUE
264,"uniform_diode_ir_3_strong.csv","uniform_osr_angle_1_weak.csv",1000,1000,0,59244.270670963,3,3,0.6,0.6,6,6,0.5,0.5,0.333333333333333,0.333333333333333,0.428571428571429,0.428571428571429,0.55,0.55,0.0912870929175277,0.0912870929175277,0,TRUE,TRUE,FALSE,FALSE,FALSE,"red;blue;green","red;blue;green","vis_2;vis_3;current;ir_1;l_11;vis_1","vis_2;vis_3;current;ir_1;l_11;vis_1","","","","","ok","",TRUE
278,"uniform_diode_ir_3_strong.csv","uniform_t_ir_1_strong.csv",1000,1000,0,45414.3408719251,3,3,0.6,0.6,6,6,0.5,0.5,0.333333333333333,0.333333333333333,0.428571428571429,0.428571428571429,0.55,0.55,0.0912870929175277,0.0912870929175277,0,TRUE,TRUE,FALSE,FALSE,FALSE,"red;blue;green","red;blue;green","vis_2;l_11;vis_3;current;ir_1;ir_3","vis_2;l_11;vis_3;current;ir_1;ir_3","","","","","ok","",TRUE
288,"uniform_diode_ir_3_strong.csv","uniform_t_vis_2_weak.csv",1000,1000,0.2,160821.501380839,3,3,0.6,0.6,6,6,0.5,0.5,0.333333333333333,0.333333333333333,0.428571428571429,0.428571428571429,0.55,0.55,0.0912870929175277,0.0912870929175277,0,TRUE,TRUE,FALSE,FALSE,FALSE,"red;green;blue","red;green;blue","vis_2;ir_3;vis_3;current;ir_1;l_11","vis_2;ir_3;vis_3;current;ir_1;l_11","","","","","ok","",FALSE
289,"uniform_diode_ir_3_strong.csv","uniform_t_vis_3_mid.csv",1000,1000,0,73084.1957569377,3,3,0.6,0.6,6,6,0.5,0.5,0.333333333333333,0.333333333333333,0.428571428571429,0.428571428571429,0.55,0.55,0.0912870929175277,0.0912870929175277,0,TRUE,TRUE,FALSE,FALSE,FALSE,"red;blue;green","red;blue;green","vis_2;current;ir_1;vis_1;vis_3;ir_3","vis_2;current;ir_1;vis_1;vis_3;ir_3","","","","","ok","",TRUE
306,"uniform_diode_vis_1_mid.csv","uniform_l_31_mid.csv",1000,1000,0,39771.0082825516,3,3,0.6,0.6,6,6,0.5,0.5,0.333333333333333,0.333333333333333,0.428571428571429,0.428571428571429,0.55,0.55,0.0912870929175277,0.0912870929175277,0,TRUE,TRUE,FALSE,FALSE,FALSE,"red;blue;green","red;blue;green","vis_2;vis_3;ir_1;ir_3;pol_2;current","vis_2;vis_3;ir_1;ir_3;pol_2;current","","","","","ok","",TRUE
309,"uniform_diode_vis_1_mid.csv","uniform_osr_angle_1_strong.csv",1000,1000,0.06,35584.2575688048,3,3,0.6,0.6,6,6,0.5,0.5,0.333333333333333,0.333333333333333,0.428571428571429,0.428571428571429,0.55,0.55,0.0912870929175277,0.0912870929175277,0,TRUE,TRUE,FALSE,FALSE,FALSE,"red;blue;green","red;blue;green","vis_2;vis_3;ir_3;ir_1;vis_1;current","vis_2;vis_3;ir_3;ir_1;vis_1;current","","","","","ok","",FALSE
315,"uniform_diode_vis_1_mid.csv","uniform_osr_c_strong.csv",1000,1000,0,38041.195429493,3,3,0.6,0.6,6,6,0.5,0.5,0.333333333333333,0.333333333333333,0.428571428571429,0.428571428571429,0.55,0.55,0.0912870929175277,0.0912870929175277,0,TRUE,TRUE,FALSE,FALSE,FALSE,"red;green;blue","red;green;blue","vis_2;ir_1;vis_3;ir_3;pol_2;vis_1","vis_2;ir_1;vis_3;ir_3;pol_2;vis_1","","","","","ok","",TRUE
320,"uniform_diode_vis_1_mid.csv","uniform_pol_2_strong.csv",1000,1000,0,91998.249047589,3,3,0.6,0.6,6,6,0.5,0.5,0.333333333333333,0.333333333333333,0.428571428571429,0.428571428571429,0.55,0.55,0.0912870929175277,0.0912870929175277,0,TRUE,TRUE,FALSE,FALSE,FALSE,"red;blue;green","red;blue;green","vis_2;ir_1;vis_3;current;ir_3;l_12","vis_2;ir_1;vis_3;current;ir_3;l_12","","","","","ok","",TRUE
330,"uniform_diode_vis_1_mid.csv","uniform_t_vis_1_strong.csv",1000,1000,0,91592.234051953,3,3,0.6,0.6,6,6,0.5,0.5,0.333333333333333,0.333333333333333,0.428571428571429,0.428571428571429,0.55,0.55,0.0912870929175277,0.0912870929175277,0,TRUE,TRUE,FALSE,FALSE,FALSE,"red;blue;green","red;blue;green","vis_2;vis_3;ir_1;vis_1;ir_3;current","vis_2;vis_3;ir_1;vis_1;ir_3;current","","","","","ok","",TRUE
334,"uniform_diode_vis_1_mid.csv","uniform_t_vis_2_weak.csv",1000,1000,0.55,539432.484661825,3,3,0.6,0.6,6,6,0.5,0.5,0.333333333333333,0.333333333333333,0.428571428571429,0.428571428571429,0.55,0.55,0.0912870929175277,0.0912870929175277,0,TRUE,TRUE,FALSE,FALSE,FALSE,"red;green;blue","red;green;blue","vis_2;ir_1;vis_1;ir_3;vis_3;pol_2","vis_2;ir_1;vis_1;ir_3;vis_3;pol_2","","","","","ok","",FALSE
344,"uniform_diode_vis_2_mid.csv","uniform_diode_vis_3_mid.csv",1000,1000,0,101856.641794266,3,3,0.6,0.6,6,6,0.5,0.5,0.333333333333333,0.333333333333333,0.428571428571429,0.428571428571429,0.55,0.55,0.0912870929175277,0.0912870929175277,0,TRUE,TRUE,FALSE,FALSE,FALSE,"red;green;blue","red;green;blue","vis_2;vis_3;ir_3;vis_1;ir_1;pol_1","vis_2;vis_3;ir_3;vis_1;ir_1;pol_1","","","","","ok","",TRUE
365,"uniform_diode_vis_2_mid.csv","uniform_pol_2_strong.csv",1000,1000,0.21,249825.322142174,3,3,0.6,0.6,6,6,0.5,0.5,0.333333333333333,0.333333333333333,0.428571428571429,0.428571428571429,0.55,0.55,0.0912870929175277,0.0912870929175277,0,TRUE,TRUE,FALSE,FALSE,FALSE,"red;green;blue","red;green;blue","vis_2;pol_2;vis_1;vis_3;ir_3;current","vis_2;pol_2;vis_1;vis_3;ir_3;current","","","","","ok","",FALSE
370,"uniform_diode_vis_2_mid.csv","uniform_t_ir_1_weak.csv",1000,1000,0.23,159014.482910942,3,3,0.6,0.6,6,6,0.5,0.5,0.333333333333333,0.333333333333333,0.428571428571429,0.428571428571429,0.55,0.55,0.0912870929175277,0.0912870929175277,0,TRUE,TRUE,FALSE,FALSE,FALSE,"red;green;blue","red;green;blue","vis_2;ir_1;vis_1;ir_3;current;vis_3","vis_2;ir_1;vis_1;ir_3;current;pol_1","","","vis_3","pol_1","ok","",FALSE
404,"uniform_diode_vis_3_mid.csv","uniform_osr_c_strong.csv",1000,1000,0,215338.606324452,3,3,0.6,0.6,6,6,0.5,0.5,0.333333333333333,0.333333333333333,0.428571428571429,0.428571428571429,0.55,0.55,0.0912870929175277,0.0912870929175277,0,TRUE,TRUE,FALSE,FALSE,FALSE,"red;blue;green","red;blue;green","vis_2;current;ir_3;pol_2;ir_1;vis_1","vis_2;current;ir_3;pol_2;ir_1;vis_1","","","","","ok","",TRUE
421,"uniform_diode_vis_3_mid.csv","uniform_t_vis_2_mid.csv",1000,1000,0,123360.165679563,3,3,0.6,0.6,6,6,0.5,0.5,0.333333333333333,0.333333333333333,0.428571428571429,0.428571428571429,0.55,0.55,0.0912870929175277,0.0912870929175277,0,TRUE,TRUE,FALSE,FALSE,FALSE,"red;green;blue","red;green;blue","vis_2;vis_3;ir_3;ir_1;vis_1;current","vis_2;vis_3;ir_3;ir_1;vis_1;current","","","","","ok","",TRUE
494,"uniform_green_strong.csv","uniform_pol_2_strong.csv",1000,1000,0,28530.5362442653,3,3,0.6,0.6,6,6,0.5,0.5,0.333333333333333,0.333333333333333,0.428571428571429,0.428571428571429,0.55,0.55,0.0912870929175277,0.0912870929175277,0,TRUE,TRUE,FALSE,FALSE,FALSE,"red;green;blue","red;green;blue","vis_2;vis_3;ir_3;ir_1;vis_1;current","vis_2;vis_3;ir_3;ir_1;vis_1;current","","","","","ok","",TRUE
514,"uniform_green_strong.csv","uniform_v_angle_2_mid.csv",1000,1000,0.01,64096.2134370412,3,3,0.6,0.6,6,6,0.5,0.5,0.333333333333333,0.333333333333333,0.428571428571429,0.428571428571429,0.55,0.55,0.0912870929175277,0.0912870929175277,0,TRUE,TRUE,FALSE,FALSE,FALSE,"red;green;blue","red;green;blue","vis_2;ir_1;vis_3;vis_1;ir_3;pol_1","vis_2;ir_1;vis_3;vis_1;ir_3;pol_1","","","","","ok","",FALSE
515,"uniform_green_strong.csv","uniform_v_angle_2_strong.csv",1000,1000,0.1,42065.7436920038,3,3,0.6,0.6,6,6,0.5,0.5,0.333333333333333,0.333333333333333,0.428571428571429,0.428571428571429,0.55,0.55,0.0912870929175277,0.0912870929175277,0,TRUE,TRUE,FALSE,FALSE,FALSE,"red;green;blue","red;green;blue","vis_2;ir_1;vis_3;vis_1;ir_3;current","vis_2;ir_1;vis_3;vis_1;ir_3;current","","","","","ok","",FALSE
522,"uniform_l_11_mid.csv","uniform_l_32_mid.csv",1000,1000,0.2,36882.5962319642,4,3,0.8,0.6,6,6,0.5,0.5,0.4,0.333333333333333,0.533333333333333,0.428571428571429,0.65,0.55,0.277746029931765,0.0912870929175277,0,FALSE,FALSE,FALSE,FALSE,FALSE,"red;blue;green;l_21","red;blue;green","vis_2;vis_3;current;ir_1;vis_1;ir_3","vis_2;vis_3;current;ir_1;vis_1;ir_3","l_21","","","","ok","",FALSE
523,"uniform_l_11_mid.csv","uniform_osr_angle_1_mid.csv",1000,1000,0,65497.9676094897,3,3,0.6,0.6,6,6,0.5,0.5,0.333333333333333,0.333333333333333,0.428571428571429,0.428571428571429,0.55,0.55,0.0912870929175277,0.0912870929175277,0,TRUE,TRUE,FALSE,FALSE,FALSE,"red;blue;green","red;blue;green","vis_2;vis_3;vis_1;ir_1;current;ir_3","vis_2;vis_3;vis_1;ir_1;current;ir_3","","","","","ok","",TRUE
547,"uniform_l_11_mid.csv","uniform_t_vis_2_mid.csv",1000,1000,0,182356.55937578,3,3,0.6,0.6,6,6,0.5,0.5,0.333333333333333,0.333333333333333,0.428571428571429,0.428571428571429,0.55,0.55,0.0912870929175277,0.0912870929175277,0,TRUE,TRUE,FALSE,FALSE,FALSE,"red;green;blue","red;green;blue","vis_2;l_11;ir_3;ir_1;current;vis_1","vis_2;l_11;ir_3;ir_1;current;vis_1","","","","","ok","",TRUE
556,"uniform_l_11_mid.csv","uniform_v_angle_2_strong.csv",1000,1000,0,92697.9876777987,3,3,0.6,0.6,6,6,0.5,0.5,0.333333333333333,0.333333333333333,0.428571428571429,0.428571428571429,0.55,0.55,0.0912870929175277,0.0912870929175277,0,TRUE,TRUE,FALSE,FALSE,FALSE,"red;blue;green","red;blue;green","vis_2;vis_3;vis_1;ir_1;current;ir_3","vis_2;vis_3;vis_1;ir_1;current;ir_3","","","","","ok","",TRUE
561,"uniform_l_12_mid.csv","uniform_l_31_mid.csv",1000,1000,0,45985.7329191798,3,3,0.6,0.6,6,6,0.5,0.5,0.333333333333333,0.333333333333333,0.428571428571429,0.428571428571429,0.55,0.55,0.0912870929175277,0.0912870929175277,0,TRUE,TRUE,FALSE,FALSE,FALSE,"red;blue;green","red;blue;green","vis_2;ir_1;vis_1;vis_3;current;l_12","vis_2;ir_1;vis_1;vis_3;current;l_12","","","","","ok","",TRUE
562,"uniform_l_12_mid.csv","uniform_l_32_mid.csv",1000,1000,0,41085.5281458707,3,3,0.6,0.6,6,6,0.5,0.5,0.333333333333333,0.333333333333333,0.428571428571429,0.428571428571429,0.55,0.55,0.0912870929175277,0.0912870929175277,0,TRUE,TRUE,FALSE,FALSE,FALSE,"red;blue;green","red;blue;green","vis_2;ir_1;vis_3;vis_1;current;l_12","vis_2;ir_1;vis_3;vis_1;current;l_12","","","","","ok","",TRUE
563,"uniform_l_12_mid.csv","uniform_osr_angle_1_mid.csv",1000,1000,0,52800.414681392,3,3,0.6,0.6,6,6,0.5,0.5,0.333333333333333,0.333333333333333,0.428571428571429,0.428571428571429,0.55,0.55,0.0912870929175277,0.0912870929175277,0,TRUE,TRUE,FALSE,FALSE,FALSE,"red;blue;green","red;blue;green","vis_2;ir_1;vis_3;vis_1;current;l_12","vis_2;ir_1;vis_3;vis_1;current;l_12","","","","","ok","",TRUE
566,"uniform_l_12_mid.csv","uniform_osr_angle_2_mid.csv",1000,1000,0,38297.3718858511,3,3,0.6,0.6,6,6,0.5,0.5,0.333333333333333,0.333333333333333,0.428571428571429,0.428571428571429,0.55,0.55,0.0912870929175277,0.0912870929175277,0,TRUE,TRUE,FALSE,FALSE,FALSE,"red;blue;green","red;blue;green","vis_2;vis_1;ir_1;vis_3;l_12;current","vis_2;vis_1;ir_1;vis_3;l_12;current","","","","","ok","",TRUE
569,"uniform_l_12_mid.csv","uniform_osr_c_mid.csv",1000,1000,0,44526.9877055854,3,3,0.6,0.6,6,6,0.5,0.5,0.333333333333333,0.333333333333333,0.428571428571429,0.428571428571429,0.55,0.55,0.0912870929175277,0.0912870929175277,0,TRUE,TRUE,FALSE,FALSE,FALSE,"red;blue;green","red;blue;green","vis_2;ir_1;vis_3;vis_1;l_12;ir_3","vis_2;ir_1;vis_3;vis_1;l_12;ir_3","","","","","ok","",TRUE
575,"uniform_l_12_mid.csv","uniform_pol_2_strong.csv",1000,1000,0.16,36469.0528431388,3,3,0.6,0.6,6,6,0.5,0.5,0.333333333333333,0.333333333333333,0.428571428571429,0.428571428571429,0.55,0.55,0.0912870929175277,0.0912870929175277,0,TRUE,TRUE,FALSE,FALSE,FALSE,"red;blue;green","red;blue;green","vis_2;ir_1;current;vis_1;l_12;vis_3","vis_2;ir_1;current;vis_1;l_12;vis_3","","","","","ok","",FALSE
578,"uniform_l_12_mid.csv","uniform_t_ir_1_mid.csv",1000,1000,0,46994.4579949054,3,3,0.6,0.6,6,6,0.5,0.5,0.333333333333333,0.333333333333333,0.428571428571429,0.428571428571429,0.55,0.55,0.0912870929175277,0.0912870929175277,0,TRUE,TRUE,FALSE,FALSE,FALSE,"red;blue;green","red;blue;green","vis_2;vis_3;current;l_12;l_11;vis_1","vis_2;vis_3;current;l_12;l_11;vis_1","","","","","ok","",TRUE
580,"uniform_l_12_mid.csv","uniform_t_ir_1_weak.csv",1000,1000,0,41705.8157986636,3,3,0.6,0.6,6,6,0.5,0.5,0.333333333333333,0.333333333333333,0.428571428571429,0.428571428571429,0.55,0.55,0.0912870929175277,0.0912870929175277,0,TRUE,TRUE,FALSE,FALSE,FALSE,"red;blue;green","red;blue;green","vis_2;current;vis_1;l_31;vis_3;l_12","vis_2;current;vis_1;l_31;vis_3;l_12","","","","","ok","",TRUE
584,"uniform_l_12_mid.csv","uniform_t_vis_1_mid.csv",1000,1000,0.07,53268.640339444,3,3,0.6,0.6,6,6,0.5,0.5,0.333333333333333,0.333333333333333,0.428571428571429,0.428571428571429,0.55,0.55,0.0912870929175277,0.0912870929175277,0,TRUE,TRUE,FALSE,FALSE,FALSE,"red;blue;green","red;blue;green","vis_2;vis_3;current;ir_1;l_31;l_12","vis_2;vis_3;current;ir_1;l_31;l_12","","","","","ok","",FALSE
593,"uniform_l_12_mid.csv","uniform_v_angle_1_mid.csv",1000,1000,0,33949.7752109483,3,3,0.6,0.6,6,6,0.5,0.5,0.333333333333333,0.333333333333333,0.428571428571429,0.428571428571429,0.55,0.55,0.0912870929175277,0.0912870929175277,0,TRUE,TRUE,FALSE,FALSE,FALSE,"red;blue;green","red;blue;green","vis_2;ir_1;vis_1;vis_3;current;l_12","vis_2;ir_1;vis_1;vis_3;current;l_12","","","","","ok","",TRUE
595,"uniform_l_12_mid.csv","uniform_v_angle_2_mid.csv",1000,1000,0,56148.1398546862,3,3,0.6,0.6,6,6,0.5,0.5,0.333333333333333,0.333333333333333,0.428571428571429,0.428571428571429,0.55,0.55,0.0912870929175277,0.0912870929175277,0,TRUE,TRUE,FALSE,FALSE,FALSE,"red;blue;green","red;blue;green","vis_2;ir_1;vis_3;l_12;vis_1;current","vis_2;ir_1;vis_3;l_12;vis_1;current","","","","","ok","",TRUE
598,"uniform_l_12_mid.csv","uniform_v_c_strong.csv",1000,1000,0,82229.5700769018,3,3,0.6,0.6,6,6,0.5,0.5,0.333333333333333,0.333333333333333,0.428571428571429,0.428571428571429,0.55,0.55,0.0912870929175277,0.0912870929175277,0,TRUE,TRUE,FALSE,FALSE,FALSE,"red;blue;green","red;blue;green","vis_2;vis_3;ir_1;current;l_12;vis_1","vis_2;vis_3;ir_1;current;l_12;vis_1","","","","","ok","",TRUE
680,"uniform_l_31_mid.csv","uniform_osr_angle_2_mid.csv",1000,1000,0,49945.0098656169,3,3,0.6,0.6,6,6,0.5,0.5,0.333333333333333,0.333333333333333,0.428571428571429,0.428571428571429,0.55,0.55,0.0912870929175277,0.0912870929175277,0,TRUE,TRUE,FALSE,FALSE,FALSE,"red;blue;green","red;blue;green","vis_2;vis_1;ir_1;current;vis_3;l_12","vis_2;vis_1;ir_1;current;vis_3;l_12","","","","","ok","",TRUE
692,"uniform_l_31_mid.csv","uniform_t_ir_1_mid.csv",1000,1000,0.12,125307.575127296,3,3,0.6,0.6,6,6,0.5,0.5,0.333333333333333,0.333333333333333,0.428571428571429,0.428571428571429,0.55,0.55,0.0912870929175277,0.0912870929175277,0,TRUE,TRUE,FALSE,FALSE,FALSE,"red;blue;green","red;blue;green","vis_2;current;vis_1;vis_3;ir_1;l_11","vis_2;current;vis_1;vis_3;ir_1;l_11","","","","","ok","",FALSE
693,"uniform_l_31_mid.csv","uniform_t_ir_1_strong.csv",1000,1000,0.01,38166.1388667753,3,3,0.6,0.6,6,6,0.5,0.5,0.333333333333333,0.333333333333333,0.428571428571429,0.428571428571429,0.55,0.55,0.0912870929175277,0.0912870929175277,0,TRUE,TRUE,FALSE,FALSE,FALSE,"red;blue;green","red;blue;green","vis_2;current;vis_1;ir_1;pol_2;vis_3","vis_2;current;vis_1;ir_1;pol_2;vis_3","","","","","ok","",FALSE
740,"uniform_l_32_mid.csv","uniform_t_vis_3_mid.csv",1000,1000,0.11,89771.7094695964,3,3,0.6,0.6,6,6,0.5,0.5,0.333333333333333,0.333333333333333,0.428571428571429,0.428571428571429,0.55,0.55,0.0912870929175277,0.0912870929175277,0,TRUE,TRUE,FALSE,FALSE,FALSE,"red;blue;green","red;blue;green","vis_2;current;ir_1;vis_1;ir_3;pol_1","vis_2;current;ir_1;vis_1;ir_3;pol_1","","","","","ok","",FALSE
741,"uniform_l_32_mid.csv","uniform_t_vis_3_strong.csv",1000,1000,0,787582.477972438,3,3,0.6,0.6,6,6,0.5,0.5,0.333333333333333,0.333333333333333,0.428571428571429,0.428571428571429,0.55,0.55,0.0912870929175277,0.0912870929175277,0,TRUE,TRUE,FALSE,FALSE,FALSE,"red;blue;green","red;blue;green","vis_2;current;vis_1;ir_1;ir_3;vis_3","vis_2;current;vis_1;ir_1;ir_3;vis_3","","","","","ok","",TRUE
745,"uniform_l_32_mid.csv","uniform_v_angle_2_mid.csv",1000,1000,0.07,99219.525327729,3,3,0.6,0.6,6,6,0.5,0.5,0.333333333333333,0.333333333333333,0.428571428571429,0.428571428571429,0.55,0.55,0.0912870929175277,0.0912870929175277,0,TRUE,TRUE,FALSE,FALSE,FALSE,"red;blue;green","red;blue;green","vis_2;ir_1;vis_1;current;vis_3;ir_3","vis_2;ir_1;vis_1;current;vis_3;ir_3","","","","","ok","",FALSE
754,"uniform_osr_angle_1_mid.csv","uniform_osr_c_mid.csv",1000,1000,0.05,38928.341537048,3,3,0.6,0.6,6,6,0.5,0.5,0.333333333333333,0.333333333333333,0.428571428571429,0.428571428571429,0.55,0.55,0.0912870929175277,0.0912870929175277,0,TRUE,TRUE,FALSE,FALSE,FALSE,"red;blue;green","red;blue;green","vis_2;vis_1;vis_3;ir_3;ir_1;current","vis_2;vis_1;vis_3;ir_3;ir_1;current","","","","","ok","",FALSE
759,"uniform_osr_angle_1_mid.csv","uniform_pol_2_mid.csv",1000,1000,0,60018.0152646276,3,3,0.6,0.6,6,6,0.5,0.5,0.333333333333333,0.333333333333333,0.428571428571429,0.428571428571429,0.55,0.55,0.0912870929175277,0.0912870929175277,0,TRUE,TRUE,FALSE,FALSE,FALSE,"red;blue;green","red;blue;green","vis_2;vis_1;ir_1;ir_3;vis_3;current","vis_2;vis_1;ir_1;ir_3;vis_3;current","","","","","ok","",TRUE
764,"uniform_osr_angle_1_mid.csv","uniform_t_ir_1_strong.csv",1000,1000,0,42079.4404179909,3,3,0.6,0.6,6,6,0.5,0.5,0.333333333333333,0.333333333333333,0.428571428571429,0.428571428571429,0.55,0.55,0.0912870929175277,0.0912870929175277,0,TRUE,TRUE,FALSE,FALSE,FALSE,"red;blue;green","red;blue;green","vis_2;vis_3;vis_1;current;ir_3;ir_1","vis_2;vis_3;vis_1;current;ir_3;ir_1","","","","","ok","",TRUE
765,"uniform_osr_angle_1_mid.csv","uniform_t_ir_1_weak.csv",1000,1000,0,42288.2223118047,3,3,0.6,0.6,6,6,0.5,0.5,0.333333333333333,0.333333333333333,0.428571428571429,0.428571428571429,0.55,0.55,0.0912870929175277,0.0912870929175277,0,TRUE,TRUE,FALSE,FALSE,FALSE,"red;blue;green","red;blue;green","vis_2;current;vis_1;vis_3;ir_1;pol_1","vis_2;current;vis_1;vis_3;ir_1;pol_1","","","","","ok","",TRUE
776,"uniform_osr_angle_1_mid.csv","uniform_t_vis_3_strong.csv",1000,1000,0,43758.8614905709,3,3,0.6,0.6,6,6,0.5,0.5,0.333333333333333,0.333333333333333,0.428571428571429,0.428571428571429,0.55,0.55,0.0912870929175277,0.0912870929175277,0,TRUE,TRUE,FALSE,FALSE,FALSE,"red;blue;green","red;blue;green","vis_2;vis_1;ir_1;current;ir_3;vis_3","vis_2;vis_1;ir_1;current;ir_3;vis_3","","","","","ok","",TRUE
781,"uniform_osr_angle_1_mid.csv","uniform_v_angle_2_strong.csv",1000,1000,0.1,61504.4256452354,3,3,0.6,0.6,6,6,0.5,0.5,0.333333333333333,0.333333333333333,0.428571428571429,0.428571428571429,0.55,0.55,0.0912870929175277,0.0912870929175277,0,TRUE,TRUE,FALSE,FALSE,FALSE,"red;blue;green","red;blue;green","vis_2;vis_1;ir_1;current;vis_3;ir_3","vis_2;vis_1;ir_1;current;vis_3;ir_3","","","","","ok","",FALSE
783,"uniform_osr_angle_1_mid.csv","uniform_v_c_strong.csv",1000,1000,0.02,57496.0139538283,3,3,0.6,0.6,6,6,0.5,0.5,0.333333333333333,0.333333333333333,0.428571428571429,0.428571428571429,0.55,0.55,0.0912870929175277,0.0912870929175277,0,TRUE,TRUE,FALSE,FALSE,FALSE,"red;blue;green","red;blue;green","vis_2;current;vis_3;vis_1;ir_1;pol_1","vis_2;current;vis_3;vis_1;ir_1;pol_1","","","","","ok","",FALSE
785,"uniform_osr_angle_1_strong.csv","uniform_osr_angle_2_mid.csv",1000,1000,0.06,31017.738846798,3,3,0.6,0.6,6,6,0.5,0.5,0.333333333333333,0.333333333333333,0.428571428571429,0.428571428571429,0.55,0.55,0.0912870929175277,0.0912870929175277,0,TRUE,TRUE,FALSE,FALSE,FALSE,"red;blue;green","red;blue;green","vis_2;vis_1;ir_1;current;vis_3;ir_3","vis_2;vis_1;ir_1;current;vis_3;ir_3","","","","","ok","",FALSE
789,"uniform_osr_angle_1_strong.csv","uniform_osr_c_strong.csv",1000,1000,0,76815.0272212589,3,3,0.6,0.6,6,6,0.5,0.5,0.333333333333333,0.333333333333333,0.428571428571429,0.428571428571429,0.55,0.55,0.0912870929175277,0.0912870929175277,0,TRUE,TRUE,FALSE,FALSE,FALSE,"red;green;blue","red;green;blue","vis_2;ir_1;vis_1;current;ir_3;l_31","vis_2;ir_1;vis_1;current;ir_3;l_31","","","","","ok","",TRUE
794,"uniform_osr_angle_1_strong.csv","uniform_pol_2_strong.csv",1000,1000,0.01,43418.9483569132,3,3,0.6,0.6,6,6,0.5,0.5,0.333333333333333,0.333333333333333,0.428571428571429,0.428571428571429,0.55,0.55,0.0912870929175277,0.0912870929175277,0,TRUE,TRUE,FALSE,FALSE,FALSE,"red;blue;green","red;blue;green","vis_2;vis_3;ir_1;current;ir_3;vis_1","vis_2;vis_3;ir_1;current;ir_3;vis_1","","","","","ok","",FALSE
803,"uniform_osr_angle_1_strong.csv","uniform_t_vis_1_mid.csv",1000,1000,0,47129.6705133442,3,3,0.6,0.6,6,6,0.5,0.5,0.333333333333333,0.333333333333333,0.428571428571429,0.428571428571429,0.55,0.55,0.0912870929175277,0.0912870929175277,0,TRUE,TRUE,FALSE,FALSE,FALSE,"red;blue;green","red;blue;green","vis_2;vis_3;current;ir_3;vis_1;ir_1","vis_2;vis_3;current;ir_3;vis_1;ir_1","","","","","ok","",TRUE
809,"uniform_osr_angle_1_strong.csv","uniform_t_vis_3_mid.csv",1000,1000,0.29,41695.4776084817,4,3,0.8,0.6,6,6,0.5,0.5,0.4,0.333333333333333,0.533333333333333,0.428571428571429,0.65,0.55,0.277746029931765,0.0912870929175277,0,FALSE,FALSE,FALSE,FALSE,FALSE,"red;blue;green;l_22","red;blue;green","vis_2;current;vis_1;ir_1;l_12;pol_2","vis_2;current;vis_1;ir_1;l_12;pol_2","l_22","","","","ok","",FALSE
851,"uniform_osr_angle_2_mid.csv","uniform_osr_angle_2_strong.csv",1000,1000,0,85339.3095875954,3,3,0.6,0.6,6,6,0.5,0.5,0.333333333333333,0.333333333333333,0.428571428571429,0.428571428571429,0.55,0.55,0.0912870929175277,0.0912870929175277,0,TRUE,TRUE,FALSE,FALSE,FALSE,"red;blue;green","red;blue;green","vis_2;ir_1;vis_1;ir_3;vis_3;current","vis_2;ir_1;vis_1;ir_3;vis_3;current","","","","","ok","",TRUE
869,"uniform_osr_angle_2_mid.csv","uniform_t_vis_1_strong.csv",1000,1000,0,83669.5597632481,3,3,0.6,0.6,6,6,0.5,0.5,0.333333333333333,0.333333333333333,0.428571428571429,0.428571428571429,0.55,0.55,0.0912870929175277,0.0912870929175277,0,TRUE,TRUE,FALSE,FALSE,FALSE,"red;blue;green","red;blue;green","vis_2;vis_3;ir_1;vis_1;current;ir_3","vis_2;vis_3;ir_1;vis_1;current;ir_3","","","","","ok","",TRUE
875,"uniform_osr_angle_2_mid.csv","uniform_t_vis_3_strong.csv",1000,1000,0,40948.4784774504,3,3,0.6,0.6,6,6,0.5,0.5,0.333333333333333,0.333333333333333,0.428571428571429,0.428571428571429,0.55,0.55,0.0912870929175277,0.0912870929175277,0,TRUE,TRUE,FALSE,FALSE,FALSE,"red;blue;green","red;blue;green","vis_2;vis_1;ir_1;ir_3;current;vis_3","vis_2;vis_1;ir_1;ir_3;current;vis_3","","","","","ok","",TRUE
876,"uniform_osr_angle_2_mid.csv","uniform_t_vis_3_weak.csv",1000,1000,0.02,45468.9449666337,3,3,0.6,0.6,6,6,0.5,0.5,0.333333333333333,0.333333333333333,0.428571428571429,0.428571428571429,0.55,0.55,0.0912870929175277,0.0912870929175277,0,TRUE,TRUE,FALSE,FALSE,FALSE,"red;blue;green","red;blue;green","vis_2;vis_1;ir_1;vis_3;ir_3;current","vis_2;vis_1;ir_1;vis_3;ir_3;current","","","","","ok","",FALSE
886,"uniform_osr_angle_2_strong.csv","uniform_osr_c_weak.csv",1000,1000,0,179666.668576523,3,3,0.6,0.6,6,6,0.5,0.5,0.333333333333333,0.333333333333333,0.428571428571429,0.428571428571429,0.55,0.55,0.0912870929175277,0.0912870929175277,0,TRUE,TRUE,FALSE,FALSE,FALSE,"red;blue;green","red;blue;green","vis_2;ir_3;vis_3;vis_1;ir_1;l_31","vis_2;ir_3;vis_3;vis_1;ir_1;l_31","","","","","ok","",TRUE
890,"uniform_osr_angle_2_strong.csv","uniform_pol_2_strong.csv",1000,1000,0.02,43151.7965781155,3,3,0.6,0.6,6,6,0.5,0.5,0.333333333333333,0.333333333333333,0.428571428571429,0.428571428571429,0.55,0.55,0.0912870929175277,0.0912870929175277,0,TRUE,TRUE,FALSE,FALSE,FALSE,"red;blue;green","red;blue;green","vis_2;ir_1;vis_1;vis_3;current;ir_3","vis_2;ir_1;vis_1;vis_3;current;ir_3","","","","","ok","",FALSE
907,"uniform_osr_angle_2_strong.csv","uniform_t_vis_3_weak.csv",1000,1000,0.01,87704.4395586485,3,3,0.6,0.6,6,6,0.5,0.5,0.333333333333333,0.333333333333333,0.428571428571429,0.428571428571429,0.55,0.55,0.0912870929175277,0.0912870929175277,0,TRUE,TRUE,FALSE,FALSE,FALSE,"red;blue;green","red;blue;green","vis_2;vis_1;ir_1;ir_3;vis_3;l_32","vis_2;vis_1;ir_1;ir_3;vis_3;l_32","","","","","ok","",FALSE
911,"uniform_osr_angle_2_strong.csv","uniform_v_angle_2_strong.csv",1000,1000,0.42,34719.6662939241,3,3,0.6,0.6,6,6,0.5,0.5,0.333333333333333,0.333333333333333,0.428571428571429,0.428571428571429,0.55,0.55,0.0912870929175277,0.0912870929175277,0,TRUE,TRUE,FALSE,FALSE,FALSE,"red;blue;green","red;blue;green","vis_2;vis_3;ir_3;current;vis_1;ir_1","vis_2;vis_3;ir_3;current;vis_1;ir_1","","","","","ok","",FALSE
912,"uniform_osr_angle_2_strong.csv","uniform_v_c_mid.csv",1000,1000,0,87501.9000517256,3,3,0.6,0.6,6,6,0.5,0.5,0.333333333333333,0.333333333333333,0.428571428571429,0.428571428571429,0.55,0.55,0.0912870929175277,0.0912870929175277,0,TRUE,TRUE,FALSE,FALSE,FALSE,"red;blue;green","red;blue;green","vis_2;ir_1;vis_3;vis_1;ir_3;l_31","vis_2;ir_1;vis_3;vis_1;ir_3;l_31","","","","","ok","",TRUE
920,"uniform_osr_angle_2_weak.csv","uniform_pol_2_strong.csv",1000,1000,0,51699.9751283332,3,3,0.6,0.6,6,6,0.5,0.5,0.333333333333333,0.333333333333333,0.428571428571429,0.428571428571429,0.55,0.55,0.0912870929175277,0.0912870929175277,0,TRUE,TRUE,FALSE,FALSE,FALSE,"red;blue;green","red;blue;green","vis_2;ir_1;current;vis_1;ir_3;l_12","vis_2;ir_1;current;vis_1;ir_3;l_12","","","","","ok","",TRUE
940,"uniform_osr_angle_2_weak.csv","uniform_v_angle_2_mid.csv",1000,1000,0.01,33920.615445647,3,3,0.6,0.6,6,6,0.5,0.5,0.333333333333333,0.333333333333333,0.428571428571429,0.428571428571429,0.55,0.55,0.0912870929175277,0.0912870929175277,0,TRUE,TRUE,FALSE,FALSE,FALSE,"red;blue;green","red;blue;green","vis_2;ir_1;current;pol_1;vis_1;l_31","vis_2;ir_1;current;pol_1;vis_1;l_31","","","","","ok","",FALSE
969,"uniform_osr_c_mid.csv","uniform_v_angle_2_mid.csv",1000,1000,0,44106.0693212285,3,3,0.6,0.6,6,6,0.5,0.5,0.333333333333333,0.333333333333333,0.428571428571429,0.428571428571429,0.55,0.55,0.0912870929175277,0.0912870929175277,0,TRUE,TRUE,FALSE,FALSE,FALSE,"red;blue;green","red;blue;green","vis_2;ir_3;vis_3;current;ir_1;vis_1","vis_2;ir_3;vis_3;current;ir_1;vis_1","","","","","ok","",TRUE
974,"uniform_osr_c_strong.csv","uniform_pol_1_mid.csv",1000,1000,0,30624.9640672115,3,3,0.6,0.6,6,6,0.5,0.5,0.333333333333333,0.333333333333333,0.428571428571429,0.428571428571429,0.55,0.55,0.0912870929175277,0.0912870929175277,0,TRUE,TRUE,FALSE,FALSE,FALSE,"red;blue;green","red;blue;green","vis_2;l_32;ir_1;vis_1;ir_3;current","vis_2;l_32;ir_1;vis_1;ir_3;current","","","","","ok","",TRUE
978,"uniform_osr_c_strong.csv","uniform_red_mid.csv",1000,1000,0.25,201457.915316308,3,3,0.6,0.6,6,6,0.5,0.5,0.333333333333333,0.333333333333333,0.428571428571429,0.428571428571429,0.55,0.55,0.0912870929175277,0.0912870929175277,0,TRUE,TRUE,FALSE,FALSE,FALSE,"red;blue;green","red;blue;green","vis_2;vis_3;ir_1;ir_3;vis_1;current","vis_2;vis_3;ir_1;ir_3;vis_1;current","","","","","ok","",FALSE
979,"uniform_osr_c_strong.csv","uniform_red_strong.csv",1000,1000,0.03,29264.5578681858,3,3,0.6,0.6,6,6,0.5,0.5,0.333333333333333,0.333333333333333,0.428571428571429,0.428571428571429,0.55,0.55,0.0912870929175277,0.0912870929175277,0,TRUE,TRUE,FALSE,FALSE,FALSE,"red;blue;green","red;blue;green","vis_2;ir_1;vis_1;vis_3;pol_1;ir_3","vis_2;ir_1;vis_1;vis_3;pol_1;ir_3","","","","","ok","",FALSE
992,"uniform_osr_c_strong.csv","uniform_t_vis_3_mid.csv",1000,1000,0.01,43627.7360468981,3,3,0.6,0.6,6,6,0.5,0.5,0.333333333333333,0.333333333333333,0.428571428571429,0.428571428571429,0.55,0.55,0.0912870929175277,0.0912870929175277,0,TRUE,TRUE,FALSE,FALSE,FALSE,"red;blue;green","red;blue;green","vis_2;current;ir_1;ir_3;vis_1;pol_2","vis_2;current;ir_1;ir_3;vis_1;pol_2","","","","","ok","",FALSE
1032,"uniform_pol_1_mid.csv","uniform_red_strong.csv",1000,1000,0,49969.9363424333,3,3,0.6,0.6,6,6,0.5,0.5,0.333333333333333,0.333333333333333,0.428571428571429,0.428571428571429,0.55,0.55,0.0912870929175277,0.0912870929175277,0,TRUE,TRUE,FALSE,FALSE,FALSE,"red;blue;green","red;blue;green","vis_2;ir_1;vis_3;vis_1;pol_1;ir_3","vis_2;ir_1;vis_3;vis_1;pol_1;ir_3","","","","","ok","",TRUE
1047,"uniform_pol_1_mid.csv","uniform_t_vis_3_weak.csv",1000,1000,0.3,46203.6856324511,4,3,0.8,0.6,6,6,0.5,0.5,0.4,0.333333333333333,0.533333333333333,0.428571428571429,0.65,0.55,0.277746029931765,0.0912870929175277,0,FALSE,FALSE,FALSE,FALSE,FALSE,"red;blue;green;l_22","red;blue;green","vis_2;ir_3;ir_1;vis_1;current;l_32","vis_2;ir_3;ir_1;vis_1;current;l_32","l_22","","","","ok","",FALSE
1051,"uniform_pol_1_mid.csv","uniform_v_angle_2_strong.csv",1000,1000,0,28183.1983433355,3,3,0.6,0.6,6,6,0.5,0.5,0.333333333333333,0.333333333333333,0.428571428571429,0.428571428571429,0.55,0.55,0.0912870929175277,0.0912870929175277,0,TRUE,TRUE,FALSE,FALSE,FALSE,"red;blue;green","red;blue;green","vis_2;vis_1;ir_1;current;ir_3;l_12","vis_2;vis_1;ir_1;current;ir_3;l_12","","","","","ok","",TRUE
1094,"uniform_pol_2_mid.csv","uniform_t_vis_3_mid.csv",1000,1000,0,34110.4888674638,3,3,0.6,0.6,6,6,0.5,0.5,0.333333333333333,0.333333333333333,0.428571428571429,0.428571428571429,0.55,0.55,0.0912870929175277,0.0912870929175277,0,TRUE,TRUE,FALSE,FALSE,FALSE,"red;blue;green","red;blue;green","vis_2;current;vis_1;ir_1;vis_3;l_12","vis_2;current;vis_1;ir_1;vis_3;l_12","","","","","ok","",TRUE
1105,"uniform_pol_2_strong.csv","uniform_t_ir_1_mid.csv",1000,1000,0,50492.3142507444,3,3,0.6,0.6,6,6,0.5,0.5,0.333333333333333,0.333333333333333,0.428571428571429,0.428571428571429,0.55,0.55,0.0912870929175277,0.0912870929175277,0,TRUE,TRUE,FALSE,FALSE,FALSE,"red;blue;green","red;blue;green","vis_2;current;vis_1;vis_3;ir_3;ir_1","vis_2;current;vis_1;vis_3;ir_3;ir_1","","","","","ok","",TRUE
1116,"uniform_pol_2_strong.csv","uniform_t_vis_2_weak.csv",1000,1000,0.24,99409.6409306287,3,3,0.6,0.6,6,6,0.5,0.5,0.333333333333333,0.333333333333333,0.428571428571429,0.428571428571429,0.55,0.55,0.0912870929175277,0.0912870929175277,0,TRUE,TRUE,FALSE,FALSE,FALSE,"red;green;blue","red;green;blue","vis_2;vis_3;pol_2;ir_3;ir_1;current","vis_2;vis_3;pol_2;ir_3;pol_1;ir_1","","","current","pol_1","ok","",FALSE
1122,"uniform_pol_2_strong.csv","uniform_v_angle_2_mid.csv",1000,1000,0,32869.2706067895,3,3,0.6,0.6,6,6,0.5,0.5,0.333333333333333,0.333333333333333,0.428571428571429,0.428571428571429,0.55,0.55,0.0912870929175277,0.0912870929175277,0,TRUE,TRUE,FALSE,FALSE,FALSE,"red;blue;green","red;blue;green","vis_2;current;ir_1;l_31;vis_1;vis_3","vis_2;current;ir_1;l_31;vis_1;vis_3","","","","","ok","",TRUE
1123,"uniform_pol_2_strong.csv","uniform_v_angle_2_strong.csv",1000,1000,0,32169.4200479544,3,3,0.6,0.6,6,6,0.5,0.5,0.333333333333333,0.333333333333333,0.428571428571429,0.428571428571429,0.55,0.55,0.0912870929175277,0.0912870929175277,0,TRUE,TRUE,FALSE,FALSE,FALSE,"red;blue;green","red;blue;green","vis_2;current;ir_1;vis_1;vis_3;ir_3","vis_2;current;ir_1;vis_1;vis_3;ir_3","","","","","ok","",TRUE
1135,"uniform_red_mid.csv","uniform_t_vis_1_weak.csv",1000,1000,0.02,66527.2702029197,3,3,0.6,0.6,6,6,0.5,0.5,0.333333333333333,0.333333333333333,0.428571428571429,0.428571428571429,0.55,0.55,0.0912870929175277,0.0912870929175277,0,TRUE,TRUE,FALSE,FALSE,FALSE,"red;blue;green","red;blue;green","vis_2;vis_3;vis_1;ir_3;ir_1;current","vis_2;vis_3;vis_1;ir_3;ir_1;current","","","","","ok","",FALSE
1156,"uniform_red_strong.csv","uniform_t_vis_1_weak.csv",1000,1000,0,43749.7676671976,3,3,0.6,0.6,6,6,0.5,0.5,0.333333333333333,0.333333333333333,0.428571428571429,0.428571428571429,0.55,0.55,0.0912870929175277,0.0912870929175277,0,TRUE,TRUE,FALSE,FALSE,FALSE,"red;blue;green","red;blue;green","vis_2;vis_3;ir_1;ir_3;vis_1;current","vis_2;vis_3;ir_1;ir_3;vis_1;current","","","","","ok","",TRUE
1163,"uniform_red_strong.csv","uniform_v_angle_1_mid.csv",1000,1000,0,30784.668932829,3,3,0.6,0.6,6,6,0.5,0.5,0.333333333333333,0.333333333333333,0.428571428571429,0.428571428571429,0.55,0.55,0.0912870929175277,0.0912870929175277,0,TRUE,TRUE,FALSE,FALSE,FALSE,"red;blue;green","red;blue;green","vis_2;ir_1;vis_3;ir_3;vis_1;current","vis_2;ir_1;vis_3;ir_3;vis_1;current","","","","","ok","",TRUE
1199,"uniform_t_ir_1_strong.csv","uniform_t_vis_3_mid.csv",1000,1000,0.01,48392.1369686002,3,3,0.6,0.6,6,6,0.5,0.5,0.333333333333333,0.333333333333333,0.428571428571429,0.428571428571429,0.55,0.55,0.0912870929175277,0.0912870929175277,0,TRUE,TRUE,FALSE,FALSE,FALSE,"red;blue;green","red;blue;green","vis_2;current;vis_1;ir_1;pol_2;pol_1","vis_2;current;vis_1;ir_1;pol_2;pol_1","","","","","ok","",FALSE
1213,"uniform_t_ir_1_weak.csv","uniform_t_vis_1_weak.csv",1000,1000,0.37,107151.135282939,4,3,0.8,0.6,6,6,0.5,0.5,0.4,0.333333333333333,0.533333333333333,0.428571428571429,0.65,0.55,0.277746029931765,0.0912870929175277,0,FALSE,FALSE,FALSE,FALSE,FALSE,"red;blue;green;l_22","red;blue;green","vis_2;vis_1;ir_1;vis_3;current;pol_1","vis_2;vis_1;ir_1;vis_3;current;l_32","l_22","","pol_1","l_32","ok","",FALSE
1250,"uniform_t_ir_3_strong.csv","uniform_t_vis_3_mid.csv",1000,1000,0,61961.2122737912,3,3,0.6,0.6,6,6,0.5,0.5,0.333333333333333,0.333333333333333,0.428571428571429,0.428571428571429,0.55,0.55,0.0912870929175277,0.0912870929175277,0,TRUE,TRUE,FALSE,FALSE,FALSE,"red;blue;green","red;blue;green","vis_2;current;ir_1;vis_1;vis_3;ir_3","vis_2;current;ir_1;vis_1;vis_3;ir_3","","","","","ok","",TRUE
1276,"uniform_t_vis_1_mid.csv","uniform_t_vis_2_mid.csv",1000,1000,0.14,151320.052173466,3,3,0.6,0.6,6,6,0.5,0.5,0.333333333333333,0.333333333333333,0.428571428571429,0.428571428571429,0.55,0.55,0.0912870929175277,0.0912870929175277,0,TRUE,TRUE,FALSE,FALSE,FALSE,"red;green;blue","red;green;blue","vis_2;vis_1;ir_1;vis_3;ir_3;current","vis_2;vis_1;ir_1;vis_3;ir_3;current","","","","","ok","",FALSE
1285,"uniform_t_vis_1_mid.csv","uniform_v_angle_2_strong.csv",1000,1000,0,39735.9133722274,3,3,0.6,0.6,6,6,0.5,0.5,0.333333333333333,0.333333333333333,0.428571428571429,0.428571428571429,0.55,0.55,0.0912870929175277,0.0912870929175277,0,TRUE,TRUE,FALSE,FALSE,FALSE,"red;blue;green","red;blue;green","vis_2;current;vis_3;ir_3;l_31;ir_1","vis_2;current;vis_3;ir_3;l_31;ir_1","","","","","ok","",TRUE
1298,"uniform_t_vis_1_strong.csv","uniform_v_angle_2_strong.csv",1000,1000,0,116385.838463666,3,3,0.6,0.6,6,6,0.5,0.5,0.333333333333333,0.333333333333333,0.428571428571429,0.428571428571429,0.55,0.55,0.0912870929175277,0.0912870929175277,0,TRUE,TRUE,FALSE,FALSE,FALSE,"red;blue;green","red;blue;green","vis_2;vis_3;current;ir_1;ir_3;vis_1","vis_2;vis_3;current;ir_1;ir_3;vis_1","","","","","ok","",TRUE
1305,"uniform_t_vis_1_weak.csv","uniform_t_vis_3_strong.csv",1000,1000,0,36647.2424481584,3,3,0.6,0.6,6,6,0.5,0.5,0.333333333333333,0.333333333333333,0.428571428571429,0.428571428571429,0.55,0.55,0.0912870929175277,0.0912870929175277,0,TRUE,TRUE,FALSE,FALSE,FALSE,"red;blue;green","red;blue;green","vis_2;ir_3;vis_3;ir_1;current;vis_1","vis_2;ir_3;vis_3;ir_1;current;vis_1","","","","","ok","",TRUE
1310,"uniform_t_vis_1_weak.csv","uniform_v_angle_2_strong.csv",1000,1000,0,31629.299986224,3,3,0.6,0.6,6,6,0.5,0.5,0.333333333333333,0.333333333333333,0.428571428571429,0.428571428571429,0.55,0.55,0.0912870929175277,0.0912870929175277,0,TRUE,TRUE,FALSE,FALSE,FALSE,"red;blue;green","red;blue;green","vis_2;vis_3;ir_1;current;l_32;ir_3","vis_2;vis_3;ir_1;current;l_32;ir_3","","","","","ok","",TRUE
1327,"uniform_t_vis_2_strong.csv","uniform_t_vis_3_weak.csv",1000,1000,0.41,124178.637817905,4,3,0.8,0.6,6,6,0.5,0.5,0.4,0.333333333333333,0.533333333333333,0.428571428571429,0.65,0.55,0.277746029931765,0.0912870929175277,0,FALSE,FALSE,FALSE,FALSE,FALSE,"red;green;blue;l_22","red;green;blue","vis_2;vis_3;ir_3;current;ir_1;vis_1","vis_2;vis_3;ir_3;current;ir_1;vis_1","l_22","","","","ok","",FALSE
1345,"uniform_t_vis_3_mid.csv","uniform_v_angle_1_mid.csv",1000,1000,0,595189.491131099,3,3,0.6,0.6,6,6,0.5,0.5,0.333333333333333,0.333333333333333,0.428571428571429,0.428571428571429,0.55,0.55,0.0912870929175277,0.0912870929175277,0,TRUE,TRUE,FALSE,FALSE,FALSE,"red;blue;green","red;blue;green","vis_2;current;ir_1;vis_1;ir_3;pol_1","vis_2;current;ir_1;vis_1;ir_3;pol_1","","","","","ok","",TRUE
1349,"uniform_t_vis_3_mid.csv","uniform_v_c_mid.csv",1000,1000,0,43571.177196363,3,3,0.6,0.6,6,6,0.5,0.5,0.333333333333333,0.333333333333333,0.428571428571429,0.428571428571429,0.55,0.55,0.0912870929175277,0.0912870929175277,0,TRUE,TRUE,FALSE,FALSE,FALSE,"red;blue;green","red;blue;green","vis_2;vis_1;ir_1;ir_3;pol_1;pol_2","vis_2;vis_1;ir_1;ir_3;pol_1;pol_2","","","","","ok","",TRUE
1355,"uniform_t_vis_3_strong.csv","uniform_v_angle_2_strong.csv",1000,1000,0.06,40211.3871369015,3,3,0.6,0.6,6,6,0.5,0.5,0.333333333333333,0.333333333333333,0.428571428571429,0.428571428571429,0.55,0.55,0.0912870929175277,0.0912870929175277,0,TRUE,TRUE,FALSE,FALSE,FALSE,"red;blue;green","red;blue;green","vis_2;vis_1;ir_3;current;ir_1;l_32","vis_2;vis_1;ir_3;current;ir_1;l_32","","","","","ok","",FALSE
1360,"uniform_t_vis_3_weak.csv","uniform_v_angle_2_mid.csv",1000,1000,0,45391.7036412935,3,3,0.6,0.6,6,6,0.5,0.5,0.333333333333333,0.333333333333333,0.428571428571429,0.428571428571429,0.55,0.55,0.0912870929175277,0.0912870929175277,0,TRUE,TRUE,FALSE,FALSE,FALSE,"red;blue;green","red;blue;green","vis_2;ir_1;vis_1;pol_1;current;ir_3","vis_2;ir_1;vis_1;pol_1;current;ir_3","","","","","ok","",TRUE
134,"uniform_diode_ir_1_mid.csv","uniform_t_ir_1_strong.csv",1000,1000,0,59890.7739672278,3,3,0.6,0.6,7,7,0.416666666666667,0.416666666666667,0.3,0.3,0.4,0.4,0.508333333333333,0.508333333333333,0.0154303349962092,0.0154303349962092,0,TRUE,TRUE,FALSE,FALSE,FALSE,"red;blue;green","red;blue;green","vis_2;l_11;vis_1;current;l_12;ir_3;ir_1","vis_2;l_11;vis_1;current;l_12;ir_3;ir_1","","","","","ok","",TRUE
141,"uniform_diode_ir_1_mid.csv","uniform_t_vis_1_weak.csv",1000,1000,0.15,39103.3755007977,3,3,0.6,0.6,7,7,0.416666666666667,0.416666666666667,0.3,0.3,0.4,0.4,0.508333333333333,0.508333333333333,0.0154303349962092,0.0154303349962092,0,TRUE,TRUE,FALSE,FALSE,FALSE,"red;blue;green","red;blue;green","vis_2;vis_3;ir_1;ir_3;vis_1;l_32;current","vis_2;vis_3;ir_1;ir_3;vis_1;l_32;current","","","","","ok","",FALSE
206,"uniform_diode_ir_3_mid.csv","uniform_diode_vis_3_mid.csv",1000,1000,0.05,72934.5364050867,3,3,0.6,0.6,7,7,0.416666666666667,0.416666666666667,0.3,0.3,0.4,0.4,0.508333333333333,0.508333333333333,0.0154303349962092,0.0154303349962092,0,TRUE,TRUE,FALSE,FALSE,FALSE,"red;blue;green","red;blue;green","vis_2;vis_1;vis_3;current;ir_1;pol_2;ir_3","vis_2;vis_1;vis_3;current;ir_1;pol_2;ir_3","","","","","ok","",FALSE
242,"uniform_diode_ir_3_mid.csv","uniform_t_vis_3_mid.csv",1000,1000,0,54047.5674860078,3,3,0.6,0.6,7,7,0.416666666666667,0.416666666666667,0.3,0.3,0.4,0.4,0.508333333333333,0.508333333333333,0.0154303349962092,0.0154303349962092,0,TRUE,TRUE,FALSE,FALSE,FALSE,"red;blue;green","red;blue;green","vis_2;ir_1;vis_1;vis_3;ir_3;current;pol_2","vis_2;ir_1;vis_1;vis_3;ir_3;current;pol_2","","","","","ok","",TRUE
276,"uniform_diode_ir_3_strong.csv","uniform_red_strong.csv",1000,1000,0,74179.7947322079,3,3,0.6,0.6,7,7,0.416666666666667,0.416666666666667,0.3,0.3,0.4,0.4,0.508333333333333,0.508333333333333,0.0154303349962092,0.0154303349962092,0,TRUE,TRUE,FALSE,FALSE,FALSE,"red;blue;green","red;blue;green","vis_2;ir_1;vis_1;ir_3;vis_3;current;l_11","vis_2;ir_1;vis_1;ir_3;vis_3;current;l_11","","","","","ok","",TRUE
329,"uniform_diode_vis_1_mid.csv","uniform_t_vis_1_mid.csv",1000,1000,0.07,74833.0104845283,3,3,0.6,0.6,7,7,0.416666666666667,0.416666666666667,0.3,0.3,0.4,0.4,0.508333333333333,0.508333333333333,0.0154303349962092,0.0154303349962092,0,TRUE,TRUE,FALSE,FALSE,FALSE,"red;blue;green","red;blue;green","vis_2;ir_3;vis_3;vis_1;ir_1;current;pol_2","vis_2;ir_3;vis_3;vis_1;ir_1;current;pol_2","","","","","ok","",FALSE
339,"uniform_diode_vis_1_mid.csv","uniform_v_angle_1_strong.csv",1000,1000,0,54936.1597948772,3,3,0.6,0.6,7,7,0.416666666666667,0.416666666666667,0.3,0.3,0.4,0.4,0.508333333333333,0.508333333333333,0.0154303349962092,0.0154303349962092,0,TRUE,TRUE,FALSE,FALSE,FALSE,"red;blue;green","red;blue;green","vis_2;vis_3;vis_1;ir_1;current;ir_3;pol_2","vis_2;vis_3;vis_1;ir_1;current;ir_3;pol_2","","","","","ok","",TRUE
368,"uniform_diode_vis_2_mid.csv","uniform_t_ir_1_mid.csv",1000,1000,0.25,101593.528202705,2,3,0.4,0.6,7,7,0.416666666666667,0.416666666666667,0.222222222222222,0.3,0.285714285714286,0.4,0.408333333333333,0.508333333333333,-0.167359670348801,0.0154303349962092,0,FALSE,FALSE,FALSE,FALSE,FALSE,"red;green","red;green;blue","vis_2;ir_1;vis_1;current;l_32;ir_3;vis_3","vis_2;ir_1;vis_1;current;pol_1;l_32;ir_3","","blue","vis_3","pol_1","ok","",FALSE
590,"uniform_l_12_mid.csv","uniform_t_vis_3_mid.csv",1000,1000,0.08,42025.7710683998,3,3,0.6,0.6,7,7,0.416666666666667,0.416666666666667,0.3,0.3,0.4,0.4,0.508333333333333,0.508333333333333,0.0154303349962092,0.0154303349962092,0,TRUE,TRUE,FALSE,FALSE,FALSE,"red;blue;green","red;blue;green","vis_2;ir_1;current;ir_3;vis_1;l_12;pol_1","vis_2;ir_1;current;ir_3;vis_1;l_12;pol_1","","","","","ok","",FALSE
591,"uniform_l_12_mid.csv","uniform_t_vis_3_strong.csv",1000,1000,0.07,30206.5736983745,3,3,0.6,0.6,7,7,0.416666666666667,0.416666666666667,0.3,0.3,0.4,0.4,0.508333333333333,0.508333333333333,0.0154303349962092,0.0154303349962092,0,TRUE,TRUE,FALSE,FALSE,FALSE,"red;blue;green","red;blue;green","vis_2;ir_1;vis_1;ir_3;vis_3;l_12;current","vis_2;ir_1;vis_1;ir_3;vis_3;l_12;current","","","","","ok","",FALSE
596,"uniform_l_12_mid.csv","uniform_v_angle_2_strong.csv",1000,1000,0,41984.9464570433,3,3,0.6,0.6,7,7,0.416666666666667,0.416666666666667,0.3,0.3,0.4,0.4,0.508333333333333,0.508333333333333,0.0154303349962092,0.0154303349962092,0,TRUE,TRUE,FALSE,FALSE,FALSE,"red;blue;green","red;blue;green","vis_2;ir_1;vis_1;vis_3;l_12;current;l_31","vis_2;ir_1;vis_1;vis_3;l_12;current;l_31","","","","","ok","",TRUE
714,"uniform_l_32_mid.csv","uniform_osr_angle_1_strong.csv",1000,1000,0,67476.0294555574,3,3,0.6,0.6,7,7,0.416666666666667,0.416666666666667,0.3,0.3,0.4,0.4,0.508333333333333,0.508333333333333,0.0154303349962092,0.0154303349962092,0,TRUE,TRUE,FALSE,FALSE,FALSE,"red;blue;green","red;blue;green","vis_2;vis_1;current;ir_1;vis_3;l_31;ir_3","vis_2;vis_1;current;ir_1;vis_3;l_31;ir_3","","","","","ok","",TRUE
732,"uniform_l_32_mid.csv","uniform_t_ir_3_strong.csv",1000,1000,0,67449.3745490215,3,3,0.6,0.6,7,7,0.416666666666667,0.416666666666667,0.3,0.3,0.4,0.4,0.508333333333333,0.508333333333333,0.0154303349962092,0.0154303349962092,0,TRUE,TRUE,FALSE,FALSE,FALSE,"red;blue;green","red;blue;green","vis_2;vis_3;l_12;current;vis_1;ir_1;pol_2","vis_2;vis_3;l_12;current;vis_1;ir_1;pol_2","","","","","ok","",TRUE
742,"uniform_l_32_mid.csv","uniform_t_vis_3_weak.csv",1000,1000,0.26,31626.6000685594,3,3,0.6,0.6,7,7,0.416666666666667,0.416666666666667,0.3,0.3,0.4,0.4,0.508333333333333,0.508333333333333,0.0154303349962092,0.0154303349962092,0,TRUE,TRUE,FALSE,FALSE,FALSE,"red;blue;green","red;blue;green","vis_2;current;ir_1;vis_1;pol_1;vis_3;l_11","vis_2;current;ir_1;vis_1;pol_1;vis_3;l_11","","","","","ok","",FALSE
786,"uniform_osr_angle_1_strong.csv","uniform_osr_angle_2_strong.csv",1000,1000,0,67825.2306989585,3,3,0.6,0.6,7,7,0.416666666666667,0.416666666666667,0.3,0.3,0.4,0.4,0.508333333333333,0.508333333333333,0.0154303349962092,0.0154303349962092,0,TRUE,TRUE,FALSE,FALSE,FALSE,"red;blue;green","red;blue;green","vis_2;ir_3;vis_3;current;ir_1;vis_1;l_31","vis_2;ir_3;vis_3;current;ir_1;vis_1;l_31","","","","","ok","",TRUE
804,"uniform_osr_angle_1_strong.csv","uniform_t_vis_1_strong.csv",1000,1000,0,62840.3794405706,3,3,0.6,0.6,7,7,0.416666666666667,0.416666666666667,0.3,0.3,0.4,0.4,0.508333333333333,0.508333333333333,0.0154303349962092,0.0154303349962092,0,TRUE,TRUE,FALSE,FALSE,FALSE,"red;blue;green","red;blue;green","vis_2;vis_3;ir_1;ir_3;vis_1;current;l_12","vis_2;vis_3;ir_1;ir_3;vis_1;current;l_12","","","","","ok","",TRUE
880,"uniform_osr_angle_2_mid.csv","uniform_v_angle_2_strong.csv",1000,1000,0,32662.3608676251,3,3,0.6,0.6,7,7,0.416666666666667,0.416666666666667,0.3,0.3,0.4,0.4,0.508333333333333,0.508333333333333,0.0154303349962092,0.0154303349962092,0,TRUE,TRUE,FALSE,FALSE,FALSE,"red;blue;green","red;blue;green","vis_2;vis_1;current;ir_1;vis_3;l_32;ir_3","vis_2;vis_1;current;ir_1;vis_3;l_32;ir_3","","","","","ok","",TRUE
970,"uniform_osr_c_mid.csv","uniform_v_angle_2_strong.csv",1000,1000,0,50686.7582603131,3,3,0.6,0.6,7,7,0.416666666666667,0.416666666666667,0.3,0.3,0.4,0.4,0.508333333333333,0.508333333333333,0.0154303349962092,0.0154303349962092,0,TRUE,TRUE,FALSE,FALSE,FALSE,"red;blue;green","red;blue;green","vis_2;ir_3;vis_1;current;ir_1;vis_3;l_31","vis_2;ir_3;vis_1;current;ir_1;vis_3;l_31","","","","","ok","",TRUE
1166,"uniform_red_strong.csv","uniform_v_angle_2_strong.csv",1000,1000,0.01,50184.0586239754,3,3,0.6,0.6,7,7,0.416666666666667,0.416666666666667,0.3,0.3,0.4,0.4,0.508333333333333,0.508333333333333,0.0154303349962092,0.0154303349962092,0,TRUE,TRUE,FALSE,FALSE,FALSE,"red;blue;green","red;blue;green","vis_2;ir_1;vis_3;ir_3;current;l_31;vis_1","vis_2;ir_1;vis_3;ir_3;current;l_31;vis_1","","","","","ok","",FALSE
1205,"uniform_t_ir_1_strong.csv","uniform_v_angle_2_strong.csv",1000,1000,0,30570.4251065619,3,3,0.6,0.6,7,7,0.416666666666667,0.416666666666667,0.3,0.3,0.4,0.4,0.508333333333333,0.508333333333333,0.0154303349962092,0.0154303349962092,0,TRUE,TRUE,FALSE,FALSE,FALSE,"red;blue;green","red;blue;green","vis_2;current;vis_1;ir_3;pol_2;vis_3;l_12","vis_2;current;vis_1;ir_3;pol_2;vis_3;l_12","","","","","ok","",TRUE
1234,"uniform_t_ir_3_mid.csv","uniform_t_vis_3_mid.csv",1000,1000,0,41105.0062250777,3,3,0.6,0.6,7,7,0.416666666666667,0.416666666666667,0.3,0.3,0.4,0.4,0.508333333333333,0.508333333333333,0.0154303349962092,0.0154303349962092,0,TRUE,TRUE,FALSE,FALSE,FALSE,"red;blue;green","red;blue;green","vis_2;vis_3;vis_1;current;ir_1;pol_2;ir_3","vis_2;vis_3;vis_1;current;ir_1;pol_2;ir_3","","","","","ok","",TRUE
1304,"uniform_t_vis_1_weak.csv","uniform_t_vis_3_mid.csv",1000,1000,0,39614.6123674182,3,3,0.6,0.6,7,7,0.416666666666667,0.416666666666667,0.3,0.3,0.4,0.4,0.508333333333333,0.508333333333333,0.0154303349962092,0.0154303349962092,0,TRUE,TRUE,FALSE,FALSE,FALSE,"red;blue;green","red;blue;green","vis_2;current;ir_3;ir_1;vis_1;vis_3;pol_1","vis_2;current;ir_3;ir_1;vis_1;vis_3;pol_1","","","","","ok","",TRUE
1343,"uniform_t_vis_3_mid.csv","uniform_t_vis_3_strong.csv",1000,1000,0,82310.4827110566,3,3,0.6,0.6,7,7,0.416666666666667,0.416666666666667,0.3,0.3,0.4,0.4,0.508333333333333,0.508333333333333,0.0154303349962092,0.0154303349962092,0,TRUE,TRUE,FALSE,FALSE,FALSE,"red;blue;green","red;blue;green","vis_2;current;vis_1;ir_1;pol_1;ir_3;pol_2","vis_2;current;vis_1;ir_1;pol_1;ir_3;pol_2","","","","","ok","",TRUE
780,"uniform_osr_angle_1_mid.csv","uniform_v_angle_2_mid.csv",1000,1000,0,72198.9800915827,3,3,0.6,0.6,8,8,0.333333333333333,0.333333333333333,0.272727272727273,0.272727272727273,0.375,0.375,0.466666666666667,0.466666666666667,-0.0635641726163728,-0.0635641726163728,0,TRUE,TRUE,FALSE,FALSE,FALSE,"red;blue;green","red;blue;green","vis_2;vis_3;current;ir_1;vis_1;pol_1;ir_3;l_31","vis_2;vis_3;current;ir_1;vis_1;pol_1;ir_3;l_31","","","","","ok","",TRUE
1100,"uniform_pol_2_mid.csv","uniform_v_angle_2_strong.csv",1000,1000,0,31406.0790849421,3,3,0.6,0.6,8,8,0.333333333333333,0.333333333333333,0.272727272727273,0.272727272727273,0.375,0.375,0.466666666666667,0.466666666666667,-0.0635641726163728,-0.0635641726163728,0,TRUE,TRUE,FALSE,FALSE,FALSE,"red;blue;green","red;blue;green","vis_2;vis_1;ir_1;current;ir_3;l_32;vis_3;l_31","vis_2;vis_1;ir_1;current;ir_3;l_32;vis_3;l_31","","","","","ok","",TRUE
726,"uniform_l_32_mid.csv","uniform_red_mid.csv",1000,1000,0.05,183008.695384948,2,2,0.4,0.4,2,2,0.833333333333333,0.833333333333333,0.5,0.5,0.444444444444444,0.444444444444444,0.616666666666667,0.616666666666667,0.250640205913802,0.250640205913802,0,TRUE,TRUE,FALSE,FALSE,FALSE,"red;blue","red;blue","vis_2;ir_1","vis_2;ir_1","","","","","ok","",FALSE
1,"uniform_blue_mid.csv","uniform_blue_strong.csv",1000,1000,0.6,210422.679527381,3,2,0.6,0.4,3,3,0.75,0.75,0.5,0.4,0.545454545454545,0.4,0.675,0.575,0.333711906235957,0.15,0,FALSE,FALSE,FALSE,FALSE,FALSE,"red;green;blue","red;green","vis_2;vis_1;ir_1","vis_2;vis_1;l_12","blue","","ir_1","l_12","ok","",FALSE
45,"uniform_blue_mid.csv","uniform_t_vis_3_strong.csv",1000,1000,0.73,70377.9179584462,3,2,0.6,0.4,3,3,0.75,0.75,0.5,0.4,0.545454545454545,0.4,0.675,0.575,0.333711906235957,0.15,0,FALSE,FALSE,FALSE,FALSE,FALSE,"red;green;blue","red;green","vis_2;vis_1;ir_1","vis_2;vis_1;ir_1","blue","","","","ok","",FALSE
228,"uniform_diode_ir_3_mid.csv","uniform_red_mid.csv",1000,1000,0,90670.7352893045,2,2,0.4,0.4,3,3,0.75,0.75,0.4,0.4,0.4,0.4,0.575,0.575,0.15,0.15,0,TRUE,TRUE,FALSE,FALSE,FALSE,"red;blue","red;blue","vis_2;ir_1;ir_3","vis_2;ir_1;ir_3","","","","","ok","",TRUE
1132,"uniform_red_mid.csv","uniform_t_ir_3_weak.csv",1000,1000,0,81695.5406405258,2,2,0.4,0.4,3,3,0.75,0.75,0.4,0.4,0.4,0.4,0.575,0.575,0.15,0.15,0,TRUE,TRUE,FALSE,FALSE,FALSE,"red;blue","red;blue","vis_2;vis_3;ir_1","vis_2;vis_3;ir_1","","","","","ok","",TRUE
1146,"uniform_red_mid.csv","uniform_v_c_mid.csv",1000,1000,0,73453.847474746,2,2,0.4,0.4,3,3,0.75,0.75,0.4,0.4,0.4,0.4,0.575,0.575,0.15,0.15,0,TRUE,TRUE,FALSE,FALSE,FALSE,"red;blue","red;blue","vis_2;current;ir_1","vis_2;current;ir_1","","","","","ok","",TRUE
19,"uniform_blue_mid.csv","uniform_osr_angle_1_weak.csv",1000,1000,0.43,118278.449700422,4,2,0.8,0.4,4,4,0.666666666666667,0.666666666666667,0.5,0.333333333333333,0.615384615384615,0.363636363636364,0.733333333333333,0.533333333333333,0.426006433615129,0.0635641726163728,0,FALSE,FALSE,FALSE,FALSE,FALSE,"red;green;blue;l_22","red;green","vis_2;vis_1;vis_3;ir_3","vis_2;vis_1;vis_3;ir_3","blue;l_22","","","","ok","",FALSE
55,"uniform_blue_strong.csv","uniform_diode_ir_3_mid.csv",1000,1000,0.24,163922.670328867,3,2,0.6,0.4,4,4,0.666666666666667,0.666666666666667,0.428571428571429,0.333333333333333,0.5,0.363636363636364,0.633333333333333,0.533333333333333,0.246885359939347,0.0635641726163728,0,FALSE,FALSE,FALSE,FALSE,FALSE,"red;green;blue","red;green","vis_2;vis_1;vis_3;ir_3","vis_2;vis_1;vis_3;ir_3","blue","","","","ok","",FALSE
68,"uniform_blue_strong.csv","uniform_osr_angle_1_mid.csv",1000,1000,1.43,115501.832218863,3,2,0.6,0.4,4,4,0.666666666666667,0.666666666666667,0.428571428571429,0.333333333333333,0.5,0.363636363636364,0.633333333333333,0.533333333333333,0.246885359939347,0.0635641726163728,0,FALSE,FALSE,FALSE,FALSE,FALSE,"red;green;blue","red;green","vis_2;vis_1;vis_3;ir_3","vis_2;vis_1;ir_1;vis_3","blue","","ir_3","ir_1","ok","",FALSE
76,"uniform_blue_strong.csv","uniform_osr_c_weak.csv",1000,1000,0.48,45397.75658532,3,2,0.6,0.4,4,4,0.666666666666667,0.666666666666667,0.428571428571429,0.333333333333333,0.5,0.363636363636364,0.633333333333333,0.533333333333333,0.246885359939347,0.0635641726163728,0,FALSE,FALSE,FALSE,FALSE,FALSE,"red;green;blue","red;green","vis_2;vis_1;ir_1;vis_3","vis_2;vis_1;ir_1;vis_3","blue","","","","ok","",FALSE
97,"uniform_blue_strong.csv","uniform_t_vis_3_weak.csv",1000,1000,0.41,170402.254888135,3,2,0.6,0.4,4,4,0.666666666666667,0.666666666666667,0.428571428571429,0.333333333333333,0.5,0.363636363636364,0.633333333333333,0.533333333333333,0.246885359939347,0.0635641726163728,0,FALSE,FALSE,FALSE,FALSE,FALSE,"red;green;blue","red;green","vis_2;vis_1;vis_3;ir_3","vis_2;vis_1;vis_3;ir_3","blue","","","","ok","",FALSE
321,"uniform_diode_vis_1_mid.csv","uniform_red_mid.csv",1000,1000,0,60700.8849612024,2,2,0.4,0.4,4,4,0.666666666666667,0.666666666666667,0.333333333333333,0.333333333333333,0.363636363636364,0.363636363636364,0.533333333333333,0.533333333333333,0.0635641726163728,0.0635641726163728,0,TRUE,TRUE,FALSE,FALSE,FALSE,"red;blue","red;blue","vis_2;vis_1;ir_1;vis_3","vis_2;vis_1;ir_1;vis_3","","","","","ok","",TRUE
465,"uniform_green_mid.csv","uniform_t_vis_2_strong.csv",1000,1000,0.41,210746.309694721,4,2,0.8,0.4,4,4,0.666666666666667,0.666666666666667,0.5,0.333333333333333,0.615384615384615,0.363636363636364,0.733333333333333,0.533333333333333,0.426006433615129,0.0635641726163728,0,FALSE,FALSE,FALSE,FALSE,FALSE,"red;green;l_22;blue","red;green","vis_2;vis_1;vis_3;current","vis_2;vis_1;vis_3;current","l_22;blue","","","","ok","",FALSE
576,"uniform_l_12_mid.csv","uniform_red_mid.csv",1000,1000,0,64088.6464863157,2,2,0.4,0.4,4,4,0.666666666666667,0.666666666666667,0.333333333333333,0.333333333333333,0.363636363636364,0.363636363636364,0.533333333333333,0.533333333333333,0.0635641726163728,0.0635641726163728,0,TRUE,TRUE,FALSE,FALSE,FALSE,"red;blue","red;blue","vis_2;vis_3;l_11;ir_1","vis_2;vis_3;l_11;ir_1","","","","","ok","",TRUE
1031,"uniform_pol_1_mid.csv","uniform_red_mid.csv",1000,1000,0,53411.6664806633,2,2,0.4,0.4,4,4,0.666666666666667,0.666666666666667,0.333333333333333,0.333333333333333,0.363636363636364,0.363636363636364,0.533333333333333,0.533333333333333,0.0635641726163728,0.0635641726163728,0,TRUE,TRUE,FALSE,FALSE,FALSE,"red;blue","red;blue","vis_2;ir_1;vis_1;ir_3","vis_2;ir_1;vis_1;ir_3","","","","","ok","",TRUE
1103,"uniform_pol_2_strong.csv","uniform_red_mid.csv",1000,1000,0.02,73812.1560349438,2,2,0.4,0.4,4,4,0.666666666666667,0.666666666666667,0.333333333333333,0.333333333333333,0.363636363636364,0.363636363636364,0.533333333333333,0.533333333333333,0.0635641726163728,0.0635641726163728,0,TRUE,TRUE,FALSE,FALSE,FALSE,"red;blue","red;blue","vis_2;current;ir_1;vis_3","vis_2;current;ir_1;vis_3","","","","","ok","",FALSE
1131,"uniform_red_mid.csv","uniform_t_ir_3_strong.csv",1000,1000,0,92064.9209167736,2,2,0.4,0.4,4,4,0.666666666666667,0.666666666666667,0.333333333333333,0.333333333333333,0.363636363636364,0.363636363636364,0.533333333333333,0.533333333333333,0.0635641726163728,0.0635641726163728,0,TRUE,TRUE,FALSE,FALSE,FALSE,"red;blue","red;blue","vis_2;ir_1;vis_3;current","vis_2;ir_1;vis_3;current","","","","","ok","",TRUE
1142,"uniform_red_mid.csv","uniform_v_angle_1_mid.csv",1000,1000,0,89501.8569651664,2,2,0.4,0.4,4,4,0.666666666666667,0.666666666666667,0.333333333333333,0.333333333333333,0.363636363636364,0.363636363636364,0.533333333333333,0.533333333333333,0.0635641726163728,0.0635641726163728,0,TRUE,TRUE,FALSE,FALSE,FALSE,"red;blue","red;blue","vis_2;current;ir_1;vis_3","vis_2;current;ir_1;vis_3","","","","","ok","",TRUE
1145,"uniform_red_mid.csv","uniform_v_angle_2_strong.csv",1000,1000,0,304652.630966548,2,2,0.4,0.4,4,4,0.666666666666667,0.666666666666667,0.333333333333333,0.333333333333333,0.363636363636364,0.363636363636364,0.533333333333333,0.533333333333333,0.0635641726163728,0.0635641726163728,0,TRUE,TRUE,FALSE,FALSE,FALSE,"red;blue","red;blue","vis_2;current;ir_1;ir_3","vis_2;current;ir_1;ir_3","","","","","ok","",TRUE
1157,"uniform_red_strong.csv","uniform_t_vis_2_mid.csv",1000,1000,0,101591.657032334,2,2,0.4,0.4,4,4,0.666666666666667,0.666666666666667,0.333333333333333,0.333333333333333,0.363636363636364,0.363636363636364,0.533333333333333,0.533333333333333,0.0635641726163728,0.0635641726163728,0,TRUE,TRUE,FALSE,FALSE,FALSE,"red;green","red;green","vis_2;vis_1;current;pol_1","vis_2;vis_1;current;pol_1","","","","","ok","",TRUE
1249,"uniform_t_ir_3_strong.csv","uniform_t_vis_2_weak.csv",1000,1000,0.26,110861.33183909,2,2,0.4,0.4,4,4,0.666666666666667,0.666666666666667,0.333333333333333,0.333333333333333,0.363636363636364,0.363636363636364,0.533333333333333,0.533333333333333,0.0635641726163728,0.0635641726163728,0,TRUE,TRUE,FALSE,FALSE,FALSE,"red;green","red;green","vis_2;ir_3;vis_3;ir_1","vis_2;ir_3;vis_3;ir_1","","","","","ok","",FALSE
24,"uniform_blue_mid.csv","uniform_osr_c_strong.csv",1000,1000,0.22,69950.0459511703,3,2,0.6,0.4,5,5,0.583333333333333,0.583333333333333,0.375,0.285714285714286,0.461538461538462,0.333333333333333,0.591666666666667,0.491666666666667,0.167359670348801,-0.0154303349962092,0,FALSE,FALSE,FALSE,FALSE,FALSE,"red;green;blue","red;green","vis_2;vis_1;vis_3;ir_3;ir_1","vis_2;vis_1;vis_3;ir_3;current","blue","","ir_1","current","ok","",FALSE
81,"uniform_blue_strong.csv","uniform_red_mid.csv",1000,1000,0.47,98066.1193816095,3,2,0.6,0.4,5,5,0.583333333333333,0.583333333333333,0.375,0.285714285714286,0.461538461538462,0.333333333333333,0.591666666666667,0.491666666666667,0.167359670348801,-0.0154303349962092,0,FALSE,FALSE,FALSE,FALSE,FALSE,"red;blue;green","red;blue","vis_2;vis_1;ir_1;vis_3;ir_3","vis_2;vis_1;ir_1;vis_3;ir_3","green","","","","ok","",FALSE
91,"uniform_blue_strong.csv","uniform_t_vis_1_weak.csv",1000,1000,0.74,85719.8176479149,4,2,0.8,0.4,5,5,0.583333333333333,0.583333333333333,0.444444444444444,0.285714285714286,0.571428571428571,0.333333333333333,0.691666666666667,0.491666666666667,0.349933856183856,-0.0154303349962092,0,FALSE,FALSE,FALSE,FALSE,FALSE,"red;green;l_22;blue","red;green","vis_2;vis_1;vis_3;ir_3;ir_1","vis_2;vis_1;vis_3;ir_3;ir_1","l_22;blue","","","","ok","",FALSE
131,"uniform_diode_ir_1_mid.csv","uniform_red_mid.csv",1000,1000,0.04,109146.251814553,2,2,0.4,0.4,5,5,0.583333333333333,0.583333333333333,0.285714285714286,0.285714285714286,0.333333333333333,0.333333333333333,0.491666666666667,0.491666666666667,-0.0154303349962092,-0.0154303349962092,0,TRUE,TRUE,FALSE,FALSE,FALSE,"red;blue","red;blue","vis_2;ir_1;current;ir_3;vis_3","vis_2;ir_1;current;ir_3;vis_3","","","","","ok","",FALSE
275,"uniform_diode_ir_3_strong.csv","uniform_red_mid.csv",1000,1000,0.01,79615.6259152659,2,2,0.4,0.4,5,5,0.583333333333333,0.583333333333333,0.285714285714286,0.285714285714286,0.333333333333333,0.333333333333333,0.491666666666667,0.491666666666667,-0.0154303349962092,-0.0154303349962092,0,TRUE,TRUE,FALSE,FALSE,FALSE,"red;blue","red;blue","vis_2;ir_1;current;vis_1;ir_3","vis_2;ir_1;current;vis_1;ir_3","","","","","ok","",FALSE
410,"uniform_diode_vis_3_mid.csv","uniform_red_mid.csv",1000,1000,0,71125.5856045985,2,2,0.4,0.4,5,5,0.583333333333333,0.583333333333333,0.285714285714286,0.285714285714286,0.333333333333333,0.333333333333333,0.491666666666667,0.491666666666667,-0.0154303349962092,-0.0154303349962092,0,TRUE,TRUE,FALSE,FALSE,FALSE,"red;blue","red;blue","vis_2;ir_1;pol_2;vis_3;vis_1","vis_2;ir_1;pol_2;vis_3;vis_1","","","","","ok","",TRUE
453,"uniform_green_mid.csv","uniform_red_mid.csv",1000,1000,0.17,600576.148379332,2,2,0.4,0.4,5,5,0.583333333333333,0.583333333333333,0.285714285714286,0.285714285714286,0.333333333333333,0.333333333333333,0.491666666666667,0.491666666666667,-0.0154303349962092,-0.0154303349962092,0,TRUE,TRUE,FALSE,FALSE,FALSE,"red;blue","red;blue","vis_2;vis_1;ir_1;vis_3;ir_3","vis_2;vis_1;ir_1;vis_3;ir_3","","","","","ok","",FALSE
508,"uniform_green_strong.csv","uniform_t_vis_2_weak.csv",1000,1000,0,103933.827544819,2,2,0.4,0.4,5,5,0.583333333333333,0.583333333333333,0.285714285714286,0.285714285714286,0.333333333333333,0.333333333333333,0.491666666666667,0.491666666666667,-0.0154303349962092,-0.0154303349962092,0,TRUE,TRUE,FALSE,FALSE,FALSE,"red;green","red;green","vis_2;ir_1;vis_3;vis_1;ir_3","vis_2;ir_1;vis_3;vis_1;ir_3","","","","","ok","",TRUE
1067,"uniform_pol_1_strong.csv","uniform_t_vis_2_mid.csv",1000,1000,0,292832.780329098,2,2,0.4,0.4,5,5,0.583333333333333,0.583333333333333,0.285714285714286,0.285714285714286,0.333333333333333,0.333333333333333,0.491666666666667,0.491666666666667,-0.0154303349962092,-0.0154303349962092,0,TRUE,TRUE,FALSE,FALSE,FALSE,"red;green","red;green","vis_2;pol_1;vis_3;vis_1;ir_3","vis_2;pol_1;vis_3;vis_1;ir_3","","","","","ok","",TRUE
1129,"uniform_red_mid.csv","uniform_t_ir_1_weak.csv",1000,1000,0,95391.5292577128,2,2,0.4,0.4,5,5,0.583333333333333,0.583333333333333,0.285714285714286,0.285714285714286,0.333333333333333,0.333333333333333,0.491666666666667,0.491666666666667,-0.0154303349962092,-0.0154303349962092,0,TRUE,TRUE,FALSE,FALSE,FALSE,"red;blue","red;blue","vis_2;ir_1;vis_3;current;vis_1","vis_2;ir_1;vis_3;current;vis_1","","","","","ok","",TRUE
1316,"uniform_t_vis_2_mid.csv","uniform_t_vis_3_strong.csv",1000,1000,0.29,157912.729085297,3,2,0.6,0.4,5,5,0.583333333333333,0.583333333333333,0.375,0.285714285714286,0.461538461538462,0.333333333333333,0.591666666666667,0.491666666666667,0.167359670348801,-0.0154303349962092,0,FALSE,FALSE,FALSE,FALSE,FALSE,"red;green;blue","red;green","vis_2;vis_3;ir_3;ir_1;vis_1","vis_2;vis_3;ir_3;ir_1;vis_1","blue","","","","ok","",FALSE
1341,"uniform_t_vis_2_weak.csv","uniform_v_c_mid.csv",1000,1000,0.03,106945.441497099,2,2,0.4,0.4,5,5,0.583333333333333,0.583333333333333,0.285714285714286,0.285714285714286,0.333333333333333,0.333333333333333,0.491666666666667,0.491666666666667,-0.0154303349962092,-0.0154303349962092,0,TRUE,TRUE,FALSE,FALSE,FALSE,"red;green","red;green","vis_2;current;ir_1;vis_3;vis_1","vis_2;current;ir_1;vis_3;vis_1","","","","","ok","",FALSE
50,"uniform_blue_mid.csv","uniform_v_angle_2_strong.csv",1000,1000,0.21,143776.469619938,3,2,0.6,0.4,6,6,0.5,0.5,0.333333333333333,0.25,0.428571428571429,0.307692307692308,0.55,0.45,0.0912870929175277,-0.0912870929175277,0,FALSE,FALSE,FALSE,FALSE,FALSE,"red;green;blue","red;green","vis_2;vis_1;vis_3;ir_3;ir_1;current","vis_2;vis_1;vis_3;ir_3;ir_1;l_32","blue","","current","l_32","ok","",FALSE
180,"uniform_diode_ir_1_strong.csv","uniform_red_mid.csv",1000,1000,0,177431.553717056,2,2,0.4,0.4,6,6,0.5,0.5,0.25,0.25,0.307692307692308,0.307692307692308,0.45,0.45,-0.0912870929175277,-0.0912870929175277,0,TRUE,TRUE,FALSE,FALSE,FALSE,"red;blue","red;blue","vis_2;ir_1;vis_3;ir_3;vis_1;current","vis_2;ir_1;vis_3;ir_3;vis_1;current","","","","","ok","",TRUE
495,"uniform_green_strong.csv","uniform_red_mid.csv",1000,1000,0.29,64810.9429475834,3,2,0.6,0.4,6,6,0.5,0.5,0.333333333333333,0.25,0.428571428571429,0.307692307692308,0.55,0.45,0.0912870929175277,-0.0912870929175277,0,FALSE,FALSE,FALSE,FALSE,FALSE,"red;blue;green","red;blue","vis_2;vis_1;ir_1;vis_3;current;ir_3","vis_2;vis_1;ir_1;vis_3;current;ir_3","green","","","","ok","",FALSE
1126,"uniform_red_mid.csv","uniform_red_strong.csv",1000,1000,0,38666.4212983158,2,2,0.4,0.4,6,6,0.5,0.5,0.25,0.25,0.307692307692308,0.307692307692308,0.45,0.45,-0.0912870929175277,-0.0912870929175277,0,TRUE,TRUE,FALSE,FALSE,FALSE,"red;blue","red;blue","vis_2;ir_1;vis_1;vis_3;ir_3;current","vis_2;ir_1;vis_1;vis_3;ir_3;current","","","","","ok","",TRUE
1159,"uniform_red_strong.csv","uniform_t_vis_2_weak.csv",1000,1000,0.22,110329.709284442,2,2,0.4,0.4,7,7,0.416666666666667,0.416666666666667,0.222222222222222,0.222222222222222,0.285714285714286,0.285714285714286,0.408333333333333,0.408333333333333,-0.167359670348801,-0.167359670348801,0,TRUE,TRUE,FALSE,FALSE,FALSE,"red;green","red;green","vis_2;vis_1;ir_3;ir_1;pol_1;vis_3;current","vis_2;vis_1;ir_3;ir_1;pol_1;vis_3;l_31","","","current","l_31","ok","",FALSE
119,"uniform_diode_ir_1_mid.csv","uniform_osr_angle_1_strong.csv",1000,1000,0.02,47235.2043397288,4,5,0.8,1,4,5,0.666666666666667,0.583333333333333,0.5,0.5,0.615384615384615,0.666666666666667,0.733333333333333,0.791666666666667,0.426006433615129,0.540061724867322,-1,FALSE,FALSE,FALSE,FALSE,FALSE,"red;blue;green;l_22","red;blue;green;l_22;l_21","vis_2;vis_1;current;vis_3","vis_2;vis_1;current;vis_3;ir_3","","l_21","","ir_3","ok","",FALSE
1072,"uniform_pol_1_strong.csv","uniform_t_vis_3_weak.csv",1000,1000,0.09,37402.4205371504,4,4,0.8,0.8,2,3,0.833333333333333,0.75,0.666666666666667,0.571428571428571,0.727272727272727,0.666666666666667,0.816666666666667,0.775,0.603859639855542,0.509201054874903,-1,TRUE,TRUE,FALSE,FALSE,FALSE,"red;green;blue;l_22","red;green;blue;l_22","vis_2;vis_1","vis_2;vis_1;ir_3","","","","ir_3","ok","",FALSE
531,"uniform_l_11_mid.csv","uniform_osr_c_weak.csv",1000,1000,0.16,89781.2855209648,4,4,0.8,0.8,3,4,0.75,0.666666666666667,0.571428571428571,0.5,0.666666666666667,0.615384615384615,0.775,0.733333333333333,0.509201054874903,0.426006433615129,-1,TRUE,TRUE,FALSE,FALSE,FALSE,"red;blue;green;l_21","red;blue;green;l_21","vis_2;vis_1;vis_3","vis_2;vis_1;vis_3;ir_1","","","","ir_1","ok","",FALSE
901,"uniform_osr_angle_2_strong.csv","uniform_t_vis_1_weak.csv",1000,1000,0.07,662407.281484151,4,4,0.8,0.8,3,4,0.75,0.666666666666667,0.571428571428571,0.5,0.666666666666667,0.615384615384615,0.775,0.733333333333333,0.509201054874903,0.426006433615129,-1,TRUE,TRUE,FALSE,FALSE,FALSE,"red;blue;green;l_21","red;blue;green;l_21","vis_2;vis_3;ir_1","vis_2;vis_3;ir_1;ir_3","","","","ir_3","ok","",FALSE
1137,"uniform_red_mid.csv","uniform_t_vis_2_strong.csv",1000,1000,0.38,155696.214044322,4,4,0.8,0.8,3,4,0.75,0.666666666666667,0.571428571428571,0.5,0.666666666666667,0.615384615384615,0.775,0.733333333333333,0.509201054874903,0.426006433615129,-1,TRUE,TRUE,FALSE,FALSE,FALSE,"red;green;l_22;blue","red;green;l_22;blue","vis_2;vis_1;current","vis_2;vis_1;current;l_11","","","","l_11","ok","",FALSE
1261,"uniform_t_ir_3_weak.csv","uniform_t_vis_1_weak.csv",1000,1000,0.23,162349.998771333,4,4,0.8,0.8,3,4,0.75,0.666666666666667,0.571428571428571,0.5,0.666666666666667,0.615384615384615,0.775,0.733333333333333,0.509201054874903,0.426006433615129,-1,TRUE,TRUE,FALSE,FALSE,FALSE,"red;blue;green;l_21","red;blue;green;l_21","vis_2;vis_3;ir_1","vis_2;vis_3;ir_1;ir_3","","","","ir_3","ok","",FALSE
2,"uniform_blue_mid.csv","uniform_diode_ir_1_mid.csv",1000,1000,0.16,96147.4183604844,3,4,0.6,0.8,4,5,0.666666666666667,0.583333333333333,0.428571428571429,0.444444444444444,0.5,0.571428571428571,0.633333333333333,0.691666666666667,0.246885359939347,0.349933856183856,-1,FALSE,FALSE,FALSE,FALSE,FALSE,"red;green;blue","red;green;l_21;blue","vis_2;vis_1;vis_3;ir_3","vis_2;vis_1;vis_3;ir_3;pol_1","","l_21","","pol_1","ok","",FALSE
163,"uniform_diode_ir_1_strong.csv","uniform_l_21_mid.csv",1000,1000,0.22,37960.6276191208,4,4,0.8,0.8,4,5,0.666666666666667,0.583333333333333,0.5,0.444444444444444,0.615384615384615,0.571428571428571,0.733333333333333,0.691666666666667,0.426006433615129,0.349933856183856,-1,TRUE,TRUE,FALSE,FALSE,FALSE,"red;l_21;blue;green","red;l_21;blue;green","vis_2;current;pol_2;vis_1","vis_2;current;pol_2;vis_1;l_12","","","","l_12","ok","",FALSE
398,"uniform_diode_vis_3_mid.csv","uniform_osr_angle_1_strong.csv",1000,1000,0.14,106801.297405591,4,4,0.8,0.8,4,5,0.666666666666667,0.583333333333333,0.5,0.444444444444444,0.615384615384615,0.571428571428571,0.733333333333333,0.691666666666667,0.426006433615129,0.349933856183856,-1,TRUE,TRUE,FALSE,FALSE,FALSE,"red;blue;green;l_21","red;blue;green;l_21","vis_2;vis_1;current;ir_1","vis_2;vis_1;current;ir_1;pol_2","","","","pol_2","ok","",FALSE
537,"uniform_l_11_mid.csv","uniform_red_strong.csv",1000,1000,0.08,49253.9425102165,4,4,0.8,0.8,4,5,0.666666666666667,0.583333333333333,0.5,0.444444444444444,0.615384615384615,0.571428571428571,0.733333333333333,0.691666666666667,0.426006433615129,0.349933856183856,-1,TRUE,TRUE,FALSE,FALSE,FALSE,"red;blue;green;l_22","red;blue;green;l_22","vis_2;ir_1;vis_3;ir_3","vis_2;ir_1;vis_3;ir_3;vis_1","","","","vis_1","ok","",FALSE
636,"uniform_l_21_mid.csv","uniform_v_c_mid.csv",1000,1000,0.26,56054.388900988,4,4,0.8,0.8,4,5,0.666666666666667,0.583333333333333,0.5,0.444444444444444,0.615384615384615,0.571428571428571,0.733333333333333,0.691666666666667,0.426006433615129,0.349933856183856,-1,TRUE,TRUE,FALSE,FALSE,FALSE,"red;l_21;blue;green","red;l_21;blue;green","vis_2;vis_1;ir_1;vis_3","vis_2;vis_1;ir_1;vis_3;pol_2","","","","pol_2","ok","",FALSE
1149,"uniform_red_strong.csv","uniform_t_ir_1_strong.csv",1000,1000,0.25,42661.2221581085,4,4,0.8,0.8,4,5,0.666666666666667,0.583333333333333,0.5,0.444444444444444,0.615384615384615,0.571428571428571,0.733333333333333,0.691666666666667,0.426006433615129,0.349933856183856,-1,TRUE,TRUE,FALSE,FALSE,FALSE,"red;blue;green;l_21","red;blue;green;l_21","vis_2;ir_1;ir_3;vis_3","vis_2;ir_1;ir_3;vis_3;current","","","","current","ok","",FALSE
77,"uniform_blue_strong.csv","uniform_pol_1_mid.csv",1000,1000,0.24,139018.129278318,4,4,0.8,0.8,5,6,0.583333333333333,0.5,0.444444444444444,0.4,0.571428571428571,0.533333333333333,0.691666666666667,0.65,0.349933856183856,0.277746029931765,-1,TRUE,TRUE,FALSE,FALSE,FALSE,"red;green;blue;l_22","red;green;blue;l_22","vis_2;vis_1;vis_3;ir_3;ir_1","vis_2;vis_1;vis_3;ir_3;ir_1;pol_2","","","","pol_2","ok","",FALSE
298,"uniform_diode_vis_1_mid.csv","uniform_diode_vis_2_mid.csv",1000,1000,0.7,55448.8710806688,3,4,0.6,0.8,5,6,0.583333333333333,0.5,0.375,0.4,0.461538461538462,0.533333333333333,0.591666666666667,0.65,0.167359670348801,0.277746029931765,-1,FALSE,FALSE,FALSE,FALSE,FALSE,"red;green;blue","red;green;blue;l_22","vis_2;ir_1;vis_1;ir_3;vis_3","vis_2;ir_1;vis_1;ir_3;vis_3;l_32","","l_22","","l_32","ok","",FALSE
718,"uniform_l_32_mid.csv","uniform_osr_angle_2_weak.csv",1000,1000,0.07,49934.8308245499,4,4,0.8,0.8,5,6,0.583333333333333,0.5,0.444444444444444,0.4,0.571428571428571,0.533333333333333,0.691666666666667,0.65,0.349933856183856,0.277746029931765,-1,TRUE,TRUE,FALSE,FALSE,FALSE,"red;blue;green;l_21","red;blue;green;l_21","vis_2;current;vis_1;ir_1;l_12","vis_2;current;vis_1;ir_1;l_12;pol_2","","","","pol_2","ok","",FALSE
937,"uniform_osr_angle_2_weak.csv","uniform_t_vis_3_weak.csv",1000,1000,0.15,63248.0110333341,5,4,1,0.8,5,6,0.583333333333333,0.5,0.5,0.4,0.666666666666667,0.533333333333333,0.791666666666667,0.65,0.540061724867322,0.277746029931765,-1,FALSE,FALSE,FALSE,FALSE,FALSE,"red;blue;green;l_21;l_22","red;blue;green;l_21","vis_2;ir_1;vis_1;ir_3;current","vis_2;ir_1;vis_1;ir_3;current;pol_1","l_22","","","pol_1","ok","",FALSE
1096,"uniform_pol_2_mid.csv","uniform_t_vis_3_weak.csv",1000,1000,0.26,37118.6783046212,4,4,0.8,0.8,5,6,0.583333333333333,0.5,0.444444444444444,0.4,0.571428571428571,0.533333333333333,0.691666666666667,0.65,0.349933856183856,0.277746029931765,-1,TRUE,TRUE,FALSE,FALSE,FALSE,"red;blue;green;l_22","red;blue;green;l_22","vis_2;vis_1;ir_3;ir_1;vis_3","vis_2;vis_1;ir_3;ir_1;l_31;vis_3","","","","l_31","ok","",FALSE
530,"uniform_l_11_mid.csv","uniform_osr_c_strong.csv",1000,1000,0.29,43583.8257035585,3,3,0.6,0.6,1,2,0.916666666666667,0.833333333333333,0.75,0.6,0.666666666666667,0.6,0.758333333333333,0.716666666666667,0.554989027380561,0.433333333333333,-1,TRUE,TRUE,FALSE,FALSE,FALSE,"red;green;blue","red;green;blue","vis_2","vis_2;vis_1","","","","vis_1","ok","",FALSE
731,"uniform_l_32_mid.csv","uniform_t_ir_3_mid.csv",1000,1000,0.1,70698.3788971066,3,3,0.6,0.6,1,2,0.916666666666667,0.833333333333333,0.75,0.6,0.666666666666667,0.6,0.758333333333333,0.716666666666667,0.554989027380561,0.433333333333333,-1,TRUE,TRUE,FALSE,FALSE,FALSE,"red;blue;green","red;blue;green","vis_2","vis_2;vis_1","","","","vis_1","ok","",FALSE
176,"uniform_diode_ir_1_strong.csv","uniform_pol_1_mid.csv",1000,1000,0.14,36504.1924069782,3,3,0.6,0.6,2,3,0.833333333333333,0.75,0.6,0.5,0.6,0.545454545454545,0.716666666666667,0.675,0.433333333333333,0.333711906235957,-1,TRUE,TRUE,FALSE,FALSE,FALSE,"red;blue;green","red;blue;green","vis_2;vis_1","vis_2;vis_1;current","","","","current","ok","",FALSE
236,"uniform_diode_ir_3_mid.csv","uniform_t_vis_1_mid.csv",1000,1000,0.08,45860.9126378545,3,3,0.6,0.6,2,3,0.833333333333333,0.75,0.6,0.5,0.6,0.545454545454545,0.716666666666667,0.675,0.433333333333333,0.333711906235957,-1,TRUE,TRUE,FALSE,FALSE,FALSE,"red;blue;green","red;blue;green","vis_2;vis_3","vis_2;vis_3;current","","","","current","ok","",FALSE
357,"uniform_diode_vis_2_mid.csv","uniform_osr_angle_2_strong.csv",1000,1000,0.29,152853.06922909,3,3,0.6,0.6,2,3,0.833333333333333,0.75,0.6,0.5,0.6,0.545454545454545,0.716666666666667,0.675,0.433333333333333,0.333711906235957,-1,TRUE,TRUE,FALSE,FALSE,FALSE,"green;red;blue","green;red;blue","vis_2;ir_3","vis_2;vis_1;ir_3","","","","vis_1","ok","",FALSE
1333,"uniform_t_vis_2_strong.csv","uniform_v_c_strong.csv",1000,1000,0.12,306708.556686735,3,3,0.6,0.6,2,3,0.833333333333333,0.75,0.6,0.5,0.6,0.545454545454545,0.716666666666667,0.675,0.433333333333333,0.333711906235957,-1,TRUE,TRUE,FALSE,FALSE,FALSE,"red;green;blue","red;green;blue","vis_2;current","vis_2;current;vis_1","","","","vis_1","ok","",FALSE
104,"uniform_diode_ir_1_mid.csv","uniform_diode_ir_1_strong.csv",1000,1000,0.03,43263.8963578324,3,3,0.6,0.6,3,4,0.75,0.666666666666667,0.5,0.428571428571429,0.545454545454545,0.5,0.675,0.633333333333333,0.333711906235957,0.246885359939347,-1,TRUE,TRUE,FALSE,FALSE,FALSE,"red;blue;green","red;blue;green","vis_2;vis_1;l_11","vis_2;vis_1;l_11;current","","","","current","ok","",FALSE
441,"uniform_green_mid.csv","uniform_osr_angle_1_strong.csv",1000,1000,0.04,54738.4777730311,3,3,0.6,0.6,3,4,0.75,0.666666666666667,0.5,0.428571428571429,0.545454545454545,0.5,0.675,0.633333333333333,0.333711906235957,0.246885359939347,-1,TRUE,TRUE,FALSE,FALSE,FALSE,"red;blue;green","red;blue;green","vis_2;vis_1;ir_1","vis_2;vis_1;ir_1;current","","","","current","ok","",FALSE
445,"uniform_green_mid.csv","uniform_osr_angle_2_weak.csv",1000,1000,0.18,85483.3170038495,3,3,0.6,0.6,3,4,0.75,0.666666666666667,0.5,0.428571428571429,0.545454545454545,0.5,0.675,0.633333333333333,0.333711906235957,0.246885359939347,-1,TRUE,TRUE,FALSE,FALSE,FALSE,"red;blue;green","red;blue;green","vis_2;vis_1;ir_1","vis_2;vis_3;vis_1;ir_3","","","ir_1","vis_3;ir_3","ok","",FALSE
533,"uniform_l_11_mid.csv","uniform_pol_1_strong.csv",1000,1000,0.06,35212.89531605,3,3,0.6,0.6,3,4,0.75,0.666666666666667,0.5,0.428571428571429,0.545454545454545,0.5,0.675,0.633333333333333,0.333711906235957,0.246885359939347,-1,TRUE,TRUE,FALSE,FALSE,FALSE,"red;blue;green","red;blue;green","vis_2;vis_3;current","vis_2;vis_3;current;vis_1","","","","vis_1","ok","",FALSE
570,"uniform_l_12_mid.csv","uniform_osr_c_strong.csv",1000,1000,0.4,58221.1850395774,3,3,0.6,0.6,3,4,0.75,0.666666666666667,0.5,0.428571428571429,0.545454545454545,0.5,0.675,0.633333333333333,0.333711906235957,0.246885359939347,-1,TRUE,TRUE,FALSE,FALSE,FALSE,"red;green;blue","red;green;blue","vis_2;l_12;ir_1","vis_2;l_12;vis_1;ir_1","","","","vis_1","ok","",FALSE
695,"uniform_l_31_mid.csv","uniform_t_ir_3_mid.csv",1000,1000,0.11,34105.1713352525,3,3,0.6,0.6,3,4,0.75,0.666666666666667,0.5,0.428571428571429,0.545454545454545,0.5,0.675,0.633333333333333,0.333711906235957,0.246885359939347,-1,TRUE,TRUE,FALSE,FALSE,FALSE,"red;blue;green","red;blue;green","vis_2;ir_1;vis_1","vis_2;ir_1;vis_1;current","","","","current","ok","",FALSE
805,"uniform_osr_angle_1_strong.csv","uniform_t_vis_1_weak.csv",1000,1000,0.22,85695.8715386036,3,3,0.6,0.6,3,4,0.75,0.666666666666667,0.5,0.428571428571429,0.545454545454545,0.5,0.675,0.633333333333333,0.333711906235957,0.246885359939347,-1,TRUE,TRUE,FALSE,FALSE,FALSE,"red;blue;green","red;blue;green","vis_2;vis_3;ir_1","vis_2;vis_3;ir_1;current","","","","current","ok","",FALSE
867,"uniform_osr_angle_2_mid.csv","uniform_t_ir_3_weak.csv",1000,1000,0.37,55573.4316031779,3,3,0.6,0.6,3,4,0.75,0.666666666666667,0.5,0.428571428571429,0.545454545454545,0.5,0.675,0.633333333333333,0.333711906235957,0.246885359939347,-1,TRUE,TRUE,FALSE,FALSE,FALSE,"red;blue;green","red;blue;green","vis_2;vis_1;ir_1","vis_2;vis_1;ir_1;ir_3","","","","ir_3","ok","",FALSE
977,"uniform_osr_c_strong.csv","uniform_pol_2_strong.csv",1000,1000,0.43,47715.3683003361,3,3,0.6,0.6,3,4,0.75,0.666666666666667,0.5,0.428571428571429,0.545454545454545,0.5,0.675,0.633333333333333,0.333711906235957,0.246885359939347,-1,TRUE,TRUE,FALSE,FALSE,FALSE,"red;blue;green","red;blue;green","vis_2;current;ir_1","vis_2;current;ir_3;ir_1","","","","ir_3","ok","",FALSE
991,"uniform_osr_c_strong.csv","uniform_t_vis_2_weak.csv",1000,1000,0.11,226803.489732022,3,3,0.6,0.6,3,4,0.75,0.666666666666667,0.5,0.428571428571429,0.545454545454545,0.5,0.675,0.633333333333333,0.333711906235957,0.246885359939347,-1,TRUE,TRUE,FALSE,FALSE,FALSE,"green;red;blue","green;red;blue","vis_2;ir_3;vis_1","vis_2;ir_3;vis_1;vis_3","","","","vis_3","ok","",FALSE
1024,"uniform_osr_c_weak.csv","uniform_v_angle_2_mid.csv",1000,1000,0.11,30436.9899629099,3,3,0.6,0.6,3,4,0.75,0.666666666666667,0.5,0.428571428571429,0.545454545454545,0.5,0.675,0.633333333333333,0.333711906235957,0.246885359939347,-1,TRUE,TRUE,FALSE,FALSE,FALSE,"red;blue;green","red;blue;green","vis_2;pol_1;vis_3","vis_2;pol_1;vis_3;vis_1","","","","vis_1","ok","",FALSE
1081,"uniform_pol_2_mid.csv","uniform_red_strong.csv",1000,1000,0.1,32587.9902925456,3,3,0.6,0.6,3,4,0.75,0.666666666666667,0.5,0.428571428571429,0.545454545454545,0.5,0.675,0.633333333333333,0.333711906235957,0.246885359939347,-1,TRUE,TRUE,FALSE,FALSE,FALSE,"red;blue;green","red;blue;green","vis_2;ir_1;vis_3","vis_2;ir_1;vis_3;l_31","","","","l_31","ok","",FALSE
1153,"uniform_red_strong.csv","uniform_t_ir_3_weak.csv",1000,1000,0.56,39040.1215862633,3,3,0.6,0.6,3,4,0.75,0.666666666666667,0.5,0.428571428571429,0.545454545454545,0.5,0.675,0.633333333333333,0.333711906235957,0.246885359939347,-1,TRUE,TRUE,FALSE,FALSE,FALSE,"red;blue;green","red;blue;green","vis_2;vis_3;ir_1","vis_2;vis_3;pol_1;ir_1","","","","pol_1","ok","",FALSE
17,"uniform_blue_mid.csv","uniform_osr_angle_1_mid.csv",1000,1000,0.15,80204.32933082,3,3,0.6,0.6,4,5,0.666666666666667,0.583333333333333,0.428571428571429,0.375,0.5,0.461538461538462,0.633333333333333,0.591666666666667,0.246885359939347,0.167359670348801,-1,TRUE,TRUE,FALSE,FALSE,FALSE,"red;green;blue","red;green;blue","vis_2;vis_1;ir_3;vis_3","vis_2;vis_1;ir_3;ir_1;vis_3","","","","ir_1","ok","",FALSE
18,"uniform_blue_mid.csv","uniform_osr_angle_1_strong.csv",1000,1000,0.01,68760.1664152807,3,3,0.6,0.6,4,5,0.666666666666667,0.583333333333333,0.428571428571429,0.375,0.5,0.461538461538462,0.633333333333333,0.591666666666667,0.246885359939347,0.167359670348801,-1,TRUE,TRUE,FALSE,FALSE,FALSE,"red;green;blue","red;green;blue","vis_2;vis_1;vis_3;current","vis_2;vis_1;vis_3;current;ir_3","","","","ir_3","ok","",FALSE
57,"uniform_blue_strong.csv","uniform_diode_vis_1_mid.csv",1000,1000,0.18,115811.514475898,3,3,0.6,0.6,4,5,0.666666666666667,0.583333333333333,0.428571428571429,0.375,0.5,0.461538461538462,0.633333333333333,0.591666666666667,0.246885359939347,0.167359670348801,-1,TRUE,TRUE,FALSE,FALSE,FALSE,"red;green;blue","red;green;blue","vis_2;vis_1;vis_3;ir_3","vis_2;vis_1;vis_3;ir_3;pol_2","","","","pol_2","ok","",FALSE
100,"uniform_blue_strong.csv","uniform_v_angle_2_mid.csv",1000,1000,0.16,98582.0956863903,3,3,0.6,0.6,4,5,0.666666666666667,0.583333333333333,0.428571428571429,0.375,0.5,0.461538461538462,0.633333333333333,0.591666666666667,0.246885359939347,0.167359670348801,-1,TRUE,TRUE,FALSE,FALSE,FALSE,"red;green;blue","red;green;blue","vis_2;vis_1;vis_3;ir_3","vis_2;vis_1;vis_3;ir_3;ir_1","","","","ir_1","ok","",FALSE
200,"uniform_diode_ir_1_strong.csv","uniform_v_angle_2_strong.csv",1000,1000,0.08,69341.3617170923,3,3,0.6,0.6,4,5,0.666666666666667,0.583333333333333,0.428571428571429,0.375,0.5,0.461538461538462,0.633333333333333,0.591666666666667,0.246885359939347,0.167359670348801,-1,TRUE,TRUE,FALSE,FALSE,FALSE,"red;blue;green","red;blue;green","vis_2;vis_1;current;ir_3","vis_2;vis_1;current;ir_3;vis_3","","","","vis_3","ok","",FALSE
331,"uniform_diode_vis_1_mid.csv","uniform_t_vis_1_weak.csv",1000,1000,0.09,40082.3059339747,3,3,0.6,0.6,4,5,0.666666666666667,0.583333333333333,0.428571428571429,0.375,0.5,0.461538461538462,0.633333333333333,0.591666666666667,0.246885359939347,0.167359670348801,-1,TRUE,TRUE,FALSE,FALSE,FALSE,"red;blue;green","red;blue;green","vis_2;ir_1;vis_3;ir_3","vis_2;ir_1;vis_3;ir_3;pol_2","","","","pol_2","ok","",FALSE
347,"uniform_diode_vis_2_mid.csv","uniform_l_11_mid.csv",1000,1000,0.11,154354.860074285,3,3,0.6,0.6,4,5,0.666666666666667,0.583333333333333,0.428571428571429,0.375,0.5,0.461538461538462,0.633333333333333,0.591666666666667,0.246885359939347,0.167359670348801,-1,TRUE,TRUE,FALSE,FALSE,FALSE,"red;green;blue","red;green;blue","vis_2;l_11;ir_3;vis_3","vis_2;l_11;ir_3;vis_3;pol_2","","","","pol_2","ok","",FALSE
348,"uniform_diode_vis_2_mid.csv","uniform_l_12_mid.csv",1000,1000,0.16,165937.181066582,3,3,0.6,0.6,4,5,0.666666666666667,0.583333333333333,0.428571428571429,0.375,0.5,0.461538461538462,0.633333333333333,0.591666666666667,0.246885359939347,0.167359670348801,-1,TRUE,TRUE,FALSE,FALSE,FALSE,"red;green;blue","red;green;blue","vis_2;l_12;ir_1;vis_3","vis_2;l_12;ir_1;l_31;vis_3","","","","l_31","ok","",FALSE
550,"uniform_l_11_mid.csv","uniform_t_vis_3_mid.csv",1000,1000,0.23,118864.517605805,4,3,0.8,0.6,4,5,0.666666666666667,0.583333333333333,0.5,0.375,0.615384615384615,0.461538461538462,0.733333333333333,0.591666666666667,0.426006433615129,0.167359670348801,-1,FALSE,FALSE,FALSE,FALSE,FALSE,"red;blue;green;l_22","red;blue;green","vis_2;current;ir_1;vis_1","vis_2;current;ir_1;vis_1;l_12","l_22","","","l_12","ok","",FALSE
589,"uniform_l_12_mid.csv","uniform_t_vis_2_weak.csv",1000,1000,0.1,117593.585372496,3,3,0.6,0.6,4,5,0.666666666666667,0.583333333333333,0.428571428571429,0.375,0.5,0.461538461538462,0.633333333333333,0.591666666666667,0.246885359939347,0.167359670348801,-1,TRUE,TRUE,FALSE,FALSE,FALSE,"red;green;blue","red;green;blue","vis_2;l_12;ir_1;vis_1","vis_2;l_12;ir_1;vis_1;ir_3","","","","ir_3","ok","",FALSE
706,"uniform_l_31_mid.csv","uniform_t_vis_3_weak.csv",1000,1000,0.23,54377.6179640318,3,3,0.6,0.6,4,5,0.666666666666667,0.583333333333333,0.428571428571429,0.375,0.5,0.461538461538462,0.633333333333333,0.591666666666667,0.246885359939347,0.167359670348801,-1,TRUE,TRUE,FALSE,FALSE,FALSE,"red;blue;green","red;blue;green","vis_2;ir_1;vis_1;current","vis_2;ir_1;vis_1;current;l_12","","","","l_12","ok","",FALSE
747,"uniform_l_32_mid.csv","uniform_v_c_mid.csv",1000,1000,0.45,51932.0529532339,4,3,0.8,0.6,4,5,0.666666666666667,0.583333333333333,0.5,0.375,0.615384615384615,0.461538461538462,0.733333333333333,0.591666666666667,0.426006433615129,0.167359670348801,-1,FALSE,FALSE,FALSE,FALSE,FALSE,"red;blue;green;l_21","red;blue;green","vis_2;vis_3;ir_1;vis_1","vis_2;vis_3;ir_1;vis_1;l_31","l_21","","","l_31","ok","",FALSE
887,"uniform_osr_angle_2_strong.csv","uniform_pol_1_mid.csv",1000,1000,0.08,66460.2110608982,3,3,0.6,0.6,4,5,0.666666666666667,0.583333333333333,0.428571428571429,0.375,0.5,0.461538461538462,0.633333333333333,0.591666666666667,0.246885359939347,0.167359670348801,-1,TRUE,TRUE,FALSE,FALSE,FALSE,"red;blue;green","red;blue;green","vis_2;vis_1;ir_1;l_32","vis_2;vis_1;ir_1;l_32;l_31","","","","l_31","ok","",FALSE
917,"uniform_osr_angle_2_weak.csv","uniform_pol_1_mid.csv",1000,1000,0.08,34355.2474432651,3,3,0.6,0.6,4,5,0.666666666666667,0.583333333333333,0.428571428571429,0.375,0.5,0.461538461538462,0.633333333333333,0.591666666666667,0.246885359939347,0.167359670348801,-1,TRUE,TRUE,FALSE,FALSE,FALSE,"red;blue;green","red;blue;green","vis_2;ir_1;vis_1;current","vis_2;ir_1;vis_1;current;pol_1","","","","pol_1","ok","",FALSE
918,"uniform_osr_angle_2_weak.csv","uniform_pol_1_strong.csv",1000,1000,0.06,29538.8763900606,3,3,0.6,0.6,4,5,0.666666666666667,0.583333333333333,0.428571428571429,0.375,0.5,0.461538461538462,0.633333333333333,0.591666666666667,0.246885359939347,0.167359670348801,-1,TRUE,TRUE,FALSE,FALSE,FALSE,"red;blue;green","red;blue;green","vis_2;current;pol_2;vis_1","vis_2;current;pol_2;vis_1;ir_3","","","","ir_3","ok","",FALSE
963,"uniform_osr_c_mid.csv","uniform_t_vis_2_weak.csv",1000,1000,0.36,87939.7870824751,3,3,0.6,0.6,4,5,0.666666666666667,0.583333333333333,0.428571428571429,0.375,0.5,0.461538461538462,0.633333333333333,0.591666666666667,0.246885359939347,0.167359670348801,-1,TRUE,TRUE,FALSE,FALSE,FALSE,"green;red;blue","green;red;blue","vis_2;ir_3;ir_1;vis_3","vis_2;ir_3;ir_1;vis_3;pol_2","","","","pol_2","ok","",FALSE
966,"uniform_osr_c_mid.csv","uniform_t_vis_3_weak.csv",1000,1000,0.25,44589.0682873924,3,3,0.6,0.6,4,5,0.666666666666667,0.583333333333333,0.428571428571429,0.375,0.5,0.461538461538462,0.633333333333333,0.591666666666667,0.246885359939347,0.167359670348801,-1,TRUE,TRUE,FALSE,FALSE,FALSE,"red;blue;green","red;blue;green","vis_2;ir_3;vis_1;ir_1","vis_2;ir_3;vis_1;ir_1;current","","","","current","ok","",FALSE
1019,"uniform_osr_c_weak.csv","uniform_t_vis_3_mid.csv",1000,1000,0.01,44688.5927780001,3,3,0.6,0.6,4,5,0.666666666666667,0.583333333333333,0.428571428571429,0.375,0.5,0.461538461538462,0.633333333333333,0.591666666666667,0.246885359939347,0.167359670348801,-1,TRUE,TRUE,FALSE,FALSE,FALSE,"red;blue;green","red;blue;green","vis_2;vis_1;current;ir_1","vis_2;vis_1;current;ir_1;ir_3","","","","ir_3","ok","",FALSE
1110,"uniform_pol_2_strong.csv","uniform_t_ir_3_weak.csv",1000,1000,0.13,47213.197718211,3,3,0.6,0.6,4,5,0.666666666666667,0.583333333333333,0.428571428571429,0.375,0.5,0.461538461538462,0.633333333333333,0.591666666666667,0.246885359939347,0.167359670348801,-1,TRUE,TRUE,FALSE,FALSE,FALSE,"red;blue;green","red;blue;green","vis_2;ir_1;current;vis_1","vis_2;ir_1;current;vis_1;ir_3","","","","ir_3","ok","",FALSE
1210,"uniform_t_ir_1_weak.csv","uniform_t_ir_3_weak.csv",1000,1000,0.09,104211.011098646,3,3,0.6,0.6,4,5,0.666666666666667,0.583333333333333,0.428571428571429,0.375,0.5,0.461538461538462,0.633333333333333,0.591666666666667,0.246885359939347,0.167359670348801,-1,TRUE,TRUE,FALSE,FALSE,FALSE,"red;blue;green","red;blue;green","vis_2;ir_1;vis_1;vis_3","vis_2;ir_1;vis_1;l_32;vis_3","","","","l_32","ok","",FALSE
1231,"uniform_t_ir_3_mid.csv","uniform_t_vis_2_mid.csv",1000,1000,0.34,127199.522724514,3,3,0.6,0.6,4,5,0.666666666666667,0.583333333333333,0.428571428571429,0.375,0.5,0.461538461538462,0.633333333333333,0.591666666666667,0.246885359939347,0.167359670348801,-1,TRUE,TRUE,FALSE,FALSE,FALSE,"red;green;blue","red;green;blue","vis_2;ir_3;vis_3;ir_1","vis_2;ir_3;vis_3;ir_1;current","","","","current","ok","",FALSE
1303,"uniform_t_vis_1_weak.csv","uniform_t_vis_2_weak.csv",1000,1000,0.07,158063.263072596,3,3,0.6,0.6,4,5,0.666666666666667,0.583333333333333,0.428571428571429,0.375,0.5,0.461538461538462,0.633333333333333,0.591666666666667,0.246885359939347,0.167359670348801,-1,TRUE,TRUE,FALSE,FALSE,FALSE,"red;green;blue","red;green;blue","vis_2;vis_1;ir_1;vis_3","vis_2;vis_1;ir_1;vis_3;ir_3","","","","ir_3","ok","",FALSE
1335,"uniform_t_vis_2_weak.csv","uniform_t_vis_3_strong.csv",1000,1000,0.13,105430.083329686,3,3,0.6,0.6,4,5,0.666666666666667,0.583333333333333,0.428571428571429,0.375,0.5,0.461538461538462,0.633333333333333,0.591666666666667,0.246885359939347,0.167359670348801,-1,TRUE,TRUE,FALSE,FALSE,FALSE,"red;green;blue","red;green;blue","vis_2;vis_3;ir_3;ir_1","vis_2;vis_3;ir_3;ir_1;vis_1","","","","vis_1","ok","",FALSE
8,"uniform_blue_mid.csv","uniform_diode_vis_3_mid.csv",1000,1000,0.03,73053.8134155708,3,3,0.6,0.6,5,6,0.583333333333333,0.5,0.375,0.333333333333333,0.461538461538462,0.428571428571429,0.591666666666667,0.55,0.167359670348801,0.0912870929175277,-1,TRUE,TRUE,FALSE,FALSE,FALSE,"red;green;blue","red;green;blue","vis_2;vis_1;ir_1;pol_2;ir_3","vis_2;vis_1;ir_1;pol_2;ir_3;vis_3","","","","vis_3","ok","",FALSE
36,"uniform_blue_mid.csv","uniform_t_ir_3_strong.csv",1000,1000,0.15,132425.633010635,3,3,0.6,0.6,5,6,0.583333333333333,0.5,0.375,0.333333333333333,0.461538461538462,0.428571428571429,0.591666666666667,0.55,0.167359670348801,0.0912870929175277,-1,TRUE,TRUE,FALSE,FALSE,FALSE,"red;green;blue","red;green;blue","vis_2;vis_1;ir_1;ir_3;current","vis_2;vis_1;ir_1;ir_3;current;l_12","","","","l_12","ok","",FALSE
74,"uniform_blue_strong.csv","uniform_osr_c_mid.csv",1000,1000,0.1,64617.5367398339,3,3,0.6,0.6,5,6,0.583333333333333,0.5,0.375,0.333333333333333,0.461538461538462,0.428571428571429,0.591666666666667,0.55,0.167359670348801,0.0912870929175277,-1,TRUE,TRUE,FALSE,FALSE,FALSE,"red;green;blue","red;green;blue","vis_2;vis_1;vis_3;ir_3;current","vis_2;vis_1;vis_3;ir_3;current;ir_1","","","","ir_1","ok","",FALSE
118,"uniform_diode_ir_1_mid.csv","uniform_osr_angle_1_mid.csv",1000,1000,0.12,41065.425657584,3,3,0.6,0.6,5,6,0.583333333333333,0.5,0.375,0.333333333333333,0.461538461538462,0.428571428571429,0.591666666666667,0.55,0.167359670348801,0.0912870929175277,-1,TRUE,TRUE,FALSE,FALSE,FALSE,"red;blue;green","red;blue;green","vis_2;current;vis_3;vis_1;ir_1","vis_2;current;vis_3;ir_3;vis_1;ir_1","","","","ir_3","ok","",FALSE
129,"uniform_diode_ir_1_mid.csv","uniform_pol_2_mid.csv",1000,1000,0.03,34096.751448585,3,3,0.6,0.6,5,6,0.583333333333333,0.5,0.375,0.333333333333333,0.461538461538462,0.428571428571429,0.591666666666667,0.55,0.167359670348801,0.0912870929175277,-1,TRUE,TRUE,FALSE,FALSE,FALSE,"red;blue;green","red;blue;green","vis_2;ir_3;ir_1;vis_1;current","vis_2;ir_3;ir_1;vis_1;current;vis_3","","","","vis_3","ok","",FALSE
165,"uniform_diode_ir_1_strong.csv","uniform_l_31_mid.csv",1000,1000,0.53,48040.0656370458,3,3,0.6,0.6,5,6,0.583333333333333,0.5,0.375,0.333333333333333,0.461538461538462,0.428571428571429,0.591666666666667,0.55,0.167359670348801,0.0912870929175277,-1,TRUE,TRUE,FALSE,FALSE,FALSE,"red;blue;green","red;blue;green","vis_2;vis_1;l_32;ir_1;current","vis_2;vis_3;ir_3;vis_1;pol_1;l_32","","","ir_1;current","vis_3;ir_3;pol_1","ok","",FALSE
214,"uniform_diode_ir_3_mid.csv","uniform_l_32_mid.csv",1000,1000,0.17,55219.2963090013,3,3,0.6,0.6,5,6,0.583333333333333,0.5,0.375,0.333333333333333,0.461538461538462,0.428571428571429,0.591666666666667,0.55,0.167359670348801,0.0912870929175277,-1,TRUE,TRUE,FALSE,FALSE,FALSE,"red;blue;green","red;blue;green","vis_2;vis_3;vis_1;ir_1;l_31","vis_2;vis_3;vis_1;ir_1;current;l_31","","","","current","ok","",FALSE
295,"uniform_diode_ir_3_strong.csv","uniform_v_angle_2_strong.csv",1000,1000,0.35,39455.9795744829,3,3,0.6,0.6,5,6,0.583333333333333,0.5,0.375,0.333333333333333,0.461538461538462,0.428571428571429,0.591666666666667,0.55,0.167359670348801,0.0912870929175277,-1,TRUE,TRUE,FALSE,FALSE,FALSE,"red;blue;green","red;blue;green","vis_2;ir_1;vis_3;vis_1;current","vis_2;ir_1;vis_3;vis_1;current;l_31","","","","l_31","ok","",FALSE
372,"uniform_diode_vis_2_mid.csv","uniform_t_ir_3_strong.csv",1000,1000,0.23,79597.4720530234,2,3,0.4,0.6,5,6,0.583333333333333,0.5,0.285714285714286,0.333333333333333,0.333333333333333,0.428571428571429,0.491666666666667,0.55,-0.0154303349962092,0.0912870929175277,-1,FALSE,FALSE,FALSE,FALSE,FALSE,"red;green","red;green;blue","vis_2;ir_3;vis_3;ir_1;pol_2","vis_2;ir_3;vis_3;ir_1;pol_2;current","","blue","","current","ok","",FALSE
375,"uniform_diode_vis_2_mid.csv","uniform_t_vis_1_strong.csv",1000,1000,0.06,102256.588767583,3,3,0.6,0.6,5,6,0.583333333333333,0.5,0.375,0.333333333333333,0.461538461538462,0.428571428571429,0.591666666666667,0.55,0.167359670348801,0.0912870929175277,-1,TRUE,TRUE,FALSE,FALSE,FALSE,"red;blue;green","red;blue;green","vis_2;vis_1;ir_1;vis_3;ir_3","vis_2;vis_1;ir_1;vis_3;ir_3;current","","","","current","ok","",FALSE
486,"uniform_green_strong.csv","uniform_osr_angle_2_strong.csv",1000,1000,0.68,32913.8706895343,3,3,0.6,0.6,5,6,0.583333333333333,0.5,0.375,0.333333333333333,0.461538461538462,0.428571428571429,0.591666666666667,0.55,0.167359670348801,0.0912870929175277,-1,TRUE,TRUE,FALSE,FALSE,FALSE,"red;blue;green","red;blue;green","vis_2;ir_1;vis_3;vis_1;ir_3","vis_2;ir_1;vis_3;vis_1;ir_3;current","","","","current","ok","",FALSE
926,"uniform_osr_angle_2_weak.csv","uniform_t_ir_3_mid.csv",1000,1000,0.12,681570.581787073,3,3,0.6,0.6,5,6,0.583333333333333,0.5,0.375,0.333333333333333,0.461538461538462,0.428571428571429,0.591666666666667,0.55,0.167359670348801,0.0912870929175277,-1,TRUE,TRUE,FALSE,FALSE,FALSE,"red;blue;green","red;blue;green","vis_2;ir_1;vis_1;current;vis_3","vis_2;ir_1;vis_1;current;vis_3;pol_2","","","","pol_2","ok","",FALSE
934,"uniform_osr_angle_2_weak.csv","uniform_t_vis_2_weak.csv",1000,1000,0.17,129366.993392938,3,3,0.6,0.6,5,6,0.583333333333333,0.5,0.375,0.333333333333333,0.461538461538462,0.428571428571429,0.591666666666667,0.55,0.167359670348801,0.0912870929175277,-1,TRUE,TRUE,FALSE,FALSE,FALSE,"green;red;blue","green;red;blue","vis_2;ir_1;ir_3;vis_3;current","vis_2;ir_1;ir_3;vis_3;vis_1;current","","","","vis_1","ok","",FALSE
941,"uniform_osr_angle_2_weak.csv","uniform_v_angle_2_strong.csv",1000,1000,0.11,76208.5306875117,3,3,0.6,0.6,5,6,0.583333333333333,0.5,0.375,0.333333333333333,0.461538461538462,0.428571428571429,0.591666666666667,0.55,0.167359670348801,0.0912870929175277,-1,TRUE,TRUE,FALSE,FALSE,FALSE,"red;blue;green","red;blue;green","vis_2;ir_1;vis_1;current;ir_3","vis_2;ir_1;vis_1;current;ir_3;vis_3","","","","vis_3","ok","",FALSE
1044,"uniform_pol_1_mid.csv","uniform_t_vis_2_weak.csv",1000,1000,0.13,102279.644509,4,3,0.8,0.6,5,6,0.583333333333333,0.5,0.444444444444444,0.333333333333333,0.571428571428571,0.428571428571429,0.691666666666667,0.55,0.349933856183856,0.0912870929175277,-1,FALSE,FALSE,FALSE,FALSE,FALSE,"red;green;blue;l_22","red;green;blue","vis_2;pol_1;vis_3;ir_1;current","vis_2;pol_1;vis_3;ir_1;current;ir_3","l_22","","","ir_3","ok","",FALSE
1179,"uniform_t_ir_1_mid.csv","uniform_t_vis_2_weak.csv",1000,1000,0.16,168249.916531723,2,3,0.4,0.6,5,6,0.583333333333333,0.5,0.285714285714286,0.333333333333333,0.333333333333333,0.428571428571429,0.491666666666667,0.55,-0.0154303349962092,0.0912870929175277,-1,FALSE,FALSE,FALSE,FALSE,FALSE,"red;green","red;green;blue","vis_2;ir_1;vis_1;current;vis_3","vis_2;ir_1;vis_1;current;vis_3;ir_3","","blue","","ir_3","ok","",FALSE
1185,"uniform_t_ir_1_mid.csv","uniform_v_angle_2_mid.csv",1000,1000,0.08,48562.8477157118,3,3,0.6,0.6,5,6,0.583333333333333,0.5,0.375,0.333333333333333,0.461538461538462,0.428571428571429,0.591666666666667,0.55,0.167359670348801,0.0912870929175277,-1,TRUE,TRUE,FALSE,FALSE,FALSE,"red;blue;green","red;blue;green","vis_2;current;ir_3;vis_3;pol_1","vis_2;current;ir_3;vis_3;pol_1;vis_1","","","","vis_1","ok","",FALSE
1198,"uniform_t_ir_1_strong.csv","uniform_t_vis_2_weak.csv",1000,1000,0.25,197901.62734226,2,3,0.4,0.6,5,6,0.583333333333333,0.5,0.285714285714286,0.333333333333333,0.333333333333333,0.428571428571429,0.491666666666667,0.55,-0.0154303349962092,0.0912870929175277,-1,FALSE,FALSE,FALSE,FALSE,FALSE,"red;green","red;green;l_21","vis_2;ir_1;vis_1;vis_3;pol_2","vis_2;ir_1;vis_1;vis_3;pol_2;ir_3","","l_21","","ir_3","ok","",FALSE
40,"uniform_blue_mid.csv","uniform_t_vis_1_weak.csv",1000,1000,0.76,56934.4885936979,4,3,0.8,0.6,6,7,0.5,0.416666666666667,0.4,0.3,0.533333333333333,0.4,0.65,0.508333333333333,0.277746029931765,0.0154303349962092,-1,FALSE,FALSE,FALSE,FALSE,FALSE,"red;green;l_22;blue","red;green;l_21","vis_2;ir_3;vis_3;ir_1;current;vis_1","vis_2;ir_3;vis_3;ir_1;l_12;current;vis_1","l_22;blue","l_21","","l_12","ok","",FALSE
307,"uniform_diode_vis_1_mid.csv","uniform_l_32_mid.csv",1000,1000,0.08,40531.477766074,3,3,0.6,0.6,6,7,0.5,0.416666666666667,0.333333333333333,0.3,0.428571428571429,0.4,0.55,0.508333333333333,0.0912870929175277,0.0154303349962092,-1,TRUE,TRUE,FALSE,FALSE,FALSE,"red;blue;green","red;blue;green","vis_2;vis_3;ir_3;current;ir_1;l_12","vis_2;vis_3;ir_3;current;ir_1;vis_1;l_12","","","","vis_1","ok","",FALSE
616,"uniform_l_21_mid.csv","uniform_red_strong.csv",1000,1000,0.4,23242.249921938,5,3,1,0.6,6,7,0.5,0.416666666666667,0.454545454545455,0.3,0.625,0.4,0.75,0.508333333333333,0.476731294622796,0.0154303349962092,-1,FALSE,FALSE,FALSE,FALSE,FALSE,"l_21;red;blue;l_22;green","l_21;red;blue","vis_2;ir_1;vis_1;vis_3;ir_3;current","vis_2;ir_1;vis_1;vis_3;ir_3;current;pol_2","l_22;green","","","pol_2","ok","",FALSE
746,"uniform_l_32_mid.csv","uniform_v_angle_2_strong.csv",1000,1000,0.16,31069.1851135788,3,3,0.6,0.6,6,7,0.5,0.416666666666667,0.333333333333333,0.3,0.428571428571429,0.4,0.55,0.508333333333333,0.0912870929175277,0.0154303349962092,-1,TRUE,TRUE,FALSE,FALSE,FALSE,"red;blue;green","red;blue;green","vis_2;current;vis_1;ir_1;vis_3;ir_3","vis_2;current;vis_1;ir_1;vis_3;ir_3;l_12","","","","l_12","ok","",FALSE
1289,"uniform_t_vis_1_strong.csv","uniform_t_vis_2_mid.csv",1000,1000,0.04,137850.821653372,3,3,0.6,0.6,6,7,0.5,0.416666666666667,0.333333333333333,0.3,0.428571428571429,0.4,0.55,0.508333333333333,0.0912870929175277,0.0154303349962092,-1,TRUE,TRUE,FALSE,FALSE,FALSE,"red;green;blue","red;green;blue","vis_2;vis_1;ir_1;vis_3;ir_3;current","vis_2;vis_1;ir_1;vis_3;ir_3;l_32;current","","","","l_32","ok","",FALSE
1361,"uniform_t_vis_3_weak.csv","uniform_v_angle_2_strong.csv",1000,1000,0.14,40246.1419690557,3,3,0.6,0.6,6,7,0.5,0.416666666666667,0.333333333333333,0.3,0.428571428571429,0.4,0.55,0.508333333333333,0.0912870929175277,0.0154303349962092,-1,TRUE,TRUE,FALSE,FALSE,FALSE,"red;blue;green","red;blue;green","vis_2;ir_1;vis_1;vis_3;current;ir_3","vis_2;ir_1;vis_1;vis_3;l_31;current;ir_3","","","","l_31","ok","",FALSE
30,"uniform_blue_mid.csv","uniform_red_mid.csv",1000,1000,0.55,196233.780330753,3,3,0.6,0.6,7,8,0.416666666666667,0.333333333333333,0.3,0.272727272727273,0.4,0.375,0.508333333333333,0.466666666666667,0.0154303349962092,-0.0635641726163728,-1,TRUE,TRUE,FALSE,FALSE,FALSE,"red;green;blue","red;green;blue","vis_2;vis_1;ir_1;vis_3;ir_3;l_12;current","vis_2;vis_1;ir_1;vis_3;ir_3;l_12;pol_1;current","","","","pol_1","ok","",FALSE
44,"uniform_blue_mid.csv","uniform_t_vis_3_mid.csv",1000,1000,0.14,126408.631884062,3,3,0.6,0.6,7,8,0.416666666666667,0.333333333333333,0.3,0.272727272727273,0.4,0.375,0.508333333333333,0.466666666666667,0.0154303349962092,-0.0635641726163728,-1,TRUE,TRUE,FALSE,FALSE,FALSE,"red;green;blue","red;green;blue","vis_2;vis_1;ir_1;ir_3;pol_2;pol_1;l_12","vis_2;vis_1;ir_1;ir_3;pol_2;vis_3;pol_1;l_12","","","","vis_3","ok","",FALSE
1093,"uniform_pol_2_mid.csv","uniform_t_vis_2_weak.csv",1000,1000,0.13,148029.841052649,3,3,0.6,0.6,7,8,0.416666666666667,0.333333333333333,0.3,0.272727272727273,0.4,0.375,0.508333333333333,0.466666666666667,0.0154303349962092,-0.0635641726163728,-1,TRUE,TRUE,FALSE,FALSE,FALSE,"red;green;blue","red;green;blue","vis_2;pol_2;vis_3;vis_1;l_12;l_31;ir_1","vis_2;pol_2;vis_3;ir_3;vis_1;l_12;l_31;ir_1","","","","ir_3","ok","",FALSE
53,"uniform_blue_strong.csv","uniform_diode_ir_1_mid.csv",1000,1000,0.29,165156.705031718,3,2,0.6,0.4,4,5,0.666666666666667,0.583333333333333,0.428571428571429,0.285714285714286,0.5,0.333333333333333,0.633333333333333,0.491666666666667,0.246885359939347,-0.0154303349962092,-1,FALSE,FALSE,FALSE,FALSE,FALSE,"red;green;blue","red;green","vis_2;vis_1;vis_3;ir_3","vis_2;vis_1;vis_3;ir_3;l_32","blue","","","l_32","ok","",FALSE
85,"uniform_blue_strong.csv","uniform_t_ir_1_weak.csv",1000,1000,0.32,262859.622569772,4,2,0.8,0.4,4,5,0.666666666666667,0.583333333333333,0.5,0.285714285714286,0.615384615384615,0.333333333333333,0.733333333333333,0.491666666666667,0.426006433615129,-0.0154303349962092,-1,FALSE,FALSE,FALSE,FALSE,FALSE,"red;green;blue;l_22","red;green","vis_2;vis_1;vis_3;ir_3","vis_2;vis_1;vis_3;ir_3;current","blue;l_22","","","current","ok","",FALSE
1302,"uniform_t_vis_1_weak.csv","uniform_t_vis_2_strong.csv",1000,1000,0.11,117866.538768521,3,2,0.6,0.4,4,5,0.666666666666667,0.583333333333333,0.428571428571429,0.285714285714286,0.5,0.333333333333333,0.633333333333333,0.491666666666667,0.246885359939347,-0.0154303349962092,-1,FALSE,FALSE,FALSE,FALSE,FALSE,"red;green;blue","red;green","vis_2;vis_1;ir_1;vis_3","vis_2;vis_1;ir_1;vis_3;ir_3","blue","","","ir_3","ok","",FALSE
51,"uniform_blue_mid.csv","uniform_v_c_mid.csv",1000,1000,0.23,164709.75808061,3,2,0.6,0.4,5,6,0.583333333333333,0.5,0.375,0.25,0.461538461538462,0.307692307692308,0.591666666666667,0.45,0.167359670348801,-0.0912870929175277,-1,FALSE,FALSE,FALSE,FALSE,FALSE,"red;green;blue","red;green","vis_2;vis_1;ir_3;l_12;vis_3","vis_2;vis_1;ir_3;ir_1;l_12;vis_3","blue","","","ir_1","ok","",FALSE
1326,"uniform_t_vis_2_strong.csv","uniform_t_vis_3_strong.csv",1000,1000,0.11,210098.929232894,2,2,0.4,0.4,5,6,0.583333333333333,0.5,0.285714285714286,0.25,0.333333333333333,0.307692307692308,0.491666666666667,0.45,-0.0154303349962092,-0.0912870929175277,-1,TRUE,TRUE,FALSE,FALSE,FALSE,"red;green","red;green","vis_2;vis_3;ir_3;ir_1;current","vis_2;vis_3;ir_3;ir_1;vis_1;current","","","","vis_1","ok","",FALSE
52,"uniform_blue_mid.csv","uniform_v_c_strong.csv",1000,1000,0.27,111623.385564399,3,2,0.6,0.4,6,7,0.5,0.416666666666667,0.333333333333333,0.222222222222222,0.428571428571429,0.285714285714286,0.55,0.408333333333333,0.0912870929175277,-0.167359670348801,-1,FALSE,FALSE,FALSE,FALSE,FALSE,"red;green;blue","red;green","vis_2;vis_3;vis_1;ir_3;ir_1;current","vis_2;vis_3;vis_1;ir_3;ir_1;current;pol_2","blue","","","pol_2","ok","",FALSE
327,"uniform_diode_vis_1_mid.csv","uniform_t_ir_3_strong.csv",1000,1000,0.4,56633.9151733077,4,4,0.8,0.8,3,5,0.75,0.583333333333333,0.571428571428571,0.444444444444444,0.666666666666667,0.571428571428571,0.775,0.691666666666667,0.509201054874903,0.349933856183856,-2,TRUE,TRUE,FALSE,FALSE,FALSE,"red;green;blue;l_21","red;green;blue;l_21","vis_2;vis_3;l_12","vis_2;vis_1;ir_3;ir_1;vis_3","","","l_12","vis_1;ir_3;ir_1","ok","",FALSE
666,"uniform_l_22_mid.csv","uniform_t_vis_2_weak.csv",1000,1000,0.48,951934.344490067,4,4,0.8,0.8,5,7,0.583333333333333,0.416666666666667,0.444444444444444,0.363636363636364,0.571428571428571,0.5,0.691666666666667,0.608333333333333,0.349933856183856,0.206583561003212,-2,TRUE,TRUE,FALSE,FALSE,FALSE,"red;green;blue;l_22","red;green;blue;l_22","vis_2;vis_3;ir_3;vis_1;ir_1","vis_2;vis_3;ir_3;vis_1;ir_1;current;pol_2","","","","current;pol_2","ok","",FALSE
442,"uniform_green_mid.csv","uniform_osr_angle_1_weak.csv",1000,1000,0.16,51642.1283813862,3,3,0.6,0.6,3,5,0.75,0.583333333333333,0.5,0.375,0.545454545454545,0.461538461538462,0.675,0.591666666666667,0.333711906235957,0.167359670348801,-2,TRUE,TRUE,FALSE,FALSE,FALSE,"red;blue;green","red;blue;green","vis_2;vis_1;ir_1","vis_2;vis_3;vis_1;ir_1;ir_3","","","","vis_3;ir_3","ok","",FALSE
1136,"uniform_red_mid.csv","uniform_t_vis_2_mid.csv",1000,1000,0.79,178264.929933994,3,3,0.6,0.6,3,5,0.75,0.583333333333333,0.5,0.375,0.545454545454545,0.461538461538462,0.675,0.591666666666667,0.333711906235957,0.167359670348801,-2,TRUE,TRUE,FALSE,FALSE,FALSE,"red;green;l_22","red;green;l_22","vis_2;vis_1;current","vis_2;vis_1;current;l_12;vis_3","","","","l_12;vis_3","ok","",FALSE
1233,"uniform_t_ir_3_mid.csv","uniform_t_vis_2_weak.csv",1000,1000,0.39,151524.573471392,3,3,0.6,0.6,3,5,0.75,0.583333333333333,0.5,0.375,0.545454545454545,0.461538461538462,0.675,0.591666666666667,0.333711906235957,0.167359670348801,-2,TRUE,TRUE,FALSE,FALSE,FALSE,"red;green;blue","red;green;blue","vis_2;ir_3;vis_3","vis_2;ir_3;vis_3;current;vis_1","","","","current;vis_1","ok","",FALSE
26,"uniform_blue_mid.csv","uniform_pol_1_mid.csv",1000,1000,0.15,68827.8607679868,3,3,0.6,0.6,4,6,0.666666666666667,0.5,0.428571428571429,0.333333333333333,0.5,0.428571428571429,0.633333333333333,0.55,0.246885359939347,0.0912870929175277,-2,TRUE,TRUE,FALSE,FALSE,FALSE,"red;green;blue","red;green;blue","vis_2;vis_1;ir_1;ir_3","vis_2;vis_1;ir_1;ir_3;pol_1;current","","","","pol_1;current","ok","",FALSE
54,"uniform_blue_strong.csv","uniform_diode_ir_1_strong.csv",1000,1000,0.14,61300.6880390737,3,3,0.6,0.6,4,6,0.666666666666667,0.5,0.428571428571429,0.333333333333333,0.5,0.428571428571429,0.633333333333333,0.55,0.246885359939347,0.0912870929175277,-2,TRUE,TRUE,FALSE,FALSE,FALSE,"red;green;blue","red;green;blue","vis_2;vis_1;vis_3;ir_3","vis_2;vis_1;vis_3;ir_3;ir_1;pol_1","","","","ir_1;pol_1","ok","",FALSE
150,"uniform_diode_ir_1_mid.csv","uniform_v_angle_2_mid.csv",1000,1000,0.09,38352.7012193232,3,3,0.6,0.6,4,6,0.666666666666667,0.5,0.428571428571429,0.333333333333333,0.5,0.428571428571429,0.633333333333333,0.55,0.246885359939347,0.0912870929175277,-2,TRUE,TRUE,FALSE,FALSE,FALSE,"red;blue;green","red;blue;green","vis_2;current;ir_3;l_12","vis_2;current;ir_3;l_12;vis_1;vis_3","","","","vis_1;vis_3","ok","",FALSE
933,"uniform_osr_angle_2_weak.csv","uniform_t_vis_2_strong.csv",1000,1000,0.29,97238.5248286133,3,3,0.6,0.6,4,6,0.666666666666667,0.5,0.428571428571429,0.333333333333333,0.5,0.428571428571429,0.633333333333333,0.55,0.246885359939347,0.0912870929175277,-2,TRUE,TRUE,FALSE,FALSE,FALSE,"red;green;blue","red;green;blue","vis_2;current;ir_1;vis_1","vis_2;current;ir_1;vis_3;vis_1;pol_1","","","","vis_3;pol_1","ok","",FALSE
998,"uniform_osr_c_strong.csv","uniform_v_angle_2_strong.csv",1000,1000,0.28,40028.9146499223,3,3,0.6,0.6,4,6,0.666666666666667,0.5,0.428571428571429,0.333333333333333,0.5,0.428571428571429,0.633333333333333,0.55,0.246885359939347,0.0912870929175277,-2,TRUE,TRUE,FALSE,FALSE,FALSE,"red;green;blue","red;green;blue","vis_2;current;ir_1;ir_3","vis_2;current;vis_1;ir_1;ir_3;l_31","","","","vis_1;l_31","ok","",FALSE
1138,"uniform_red_mid.csv","uniform_t_vis_2_weak.csv",1000,1000,0.49,198137.667376921,3,3,0.6,0.6,4,6,0.666666666666667,0.5,0.428571428571429,0.333333333333333,0.5,0.428571428571429,0.633333333333333,0.55,0.246885359939347,0.0912870929175277,-2,TRUE,TRUE,FALSE,FALSE,FALSE,"red;green;l_22","red;green;l_22","vis_2;vis_1;current;ir_3","vis_2;vis_1;current;vis_3;ir_3;ir_1","","","","vis_3;ir_1","ok","",FALSE
1216,"uniform_t_ir_1_weak.csv","uniform_t_vis_2_weak.csv",1000,1000,0.69,184116.304034624,3,3,0.6,0.6,4,6,0.666666666666667,0.5,0.428571428571429,0.333333333333333,0.5,0.428571428571429,0.633333333333333,0.55,0.246885359939347,0.0912870929175277,-2,TRUE,FALSE,FALSE,FALSE,FALSE,"red;green;blue","red;green;l_21","vis_2;ir_1;current;vis_1","vis_2;ir_1;current;vis_1;pol_2;l_12","blue","l_21","","pol_2;l_12","ok","",FALSE
1290,"uniform_t_vis_1_strong.csv","uniform_t_vis_2_strong.csv",1000,1000,0.38,539266.962436443,2,3,0.4,0.6,4,6,0.666666666666667,0.5,0.333333333333333,0.333333333333333,0.363636363636364,0.428571428571429,0.533333333333333,0.55,0.0635641726163728,0.0912870929175277,-2,FALSE,FALSE,FALSE,FALSE,FALSE,"red;green","red;green;l_22","vis_2;vis_1;ir_1;vis_3","vis_2;vis_1;ir_1;vis_3;current;l_31","","l_22","","current;l_31","ok","",FALSE
1340,"uniform_t_vis_2_weak.csv","uniform_v_angle_2_strong.csv",1000,1000,0.06,150074.06006944,3,3,0.6,0.6,4,6,0.666666666666667,0.5,0.428571428571429,0.333333333333333,0.5,0.428571428571429,0.633333333333333,0.55,0.246885359939347,0.0912870929175277,-2,TRUE,TRUE,FALSE,FALSE,FALSE,"red;green;blue","red;green;blue","vis_2;ir_3;ir_1;vis_3","vis_2;ir_3;ir_1;vis_3;l_31;pol_2","","","","l_31;pol_2","ok","",FALSE
15,"uniform_blue_mid.csv","uniform_l_31_mid.csv",1000,1000,0.13,79484.3623649986,3,3,0.6,0.6,5,7,0.583333333333333,0.416666666666667,0.375,0.3,0.461538461538462,0.4,0.591666666666667,0.508333333333333,0.167359670348801,0.0154303349962092,-2,TRUE,TRUE,FALSE,FALSE,FALSE,"red;green;blue","red;green;blue","vis_2;vis_1;ir_3;vis_3;current","vis_2;vis_1;ir_3;vis_3;ir_1;current;pol_2","","","","ir_1;pol_2","ok","",FALSE
33,"uniform_blue_mid.csv","uniform_t_ir_1_strong.csv",1000,1000,0.25,89978.8749926208,3,2,0.6,0.4,4,6,0.666666666666667,0.5,0.428571428571429,0.25,0.5,0.307692307692308,0.633333333333333,0.45,0.246885359939347,-0.0912870929175277,-2,FALSE,FALSE,FALSE,FALSE,FALSE,"red;green;blue","red;green","vis_2;vis_1;vis_3;current","vis_2;vis_1;vis_3;ir_3;pol_1;current","blue","","","ir_3;pol_1","ok","",FALSE
27,"uniform_blue_mid.csv","uniform_pol_1_strong.csv",1000,1000,0.59,117136.879392054,3,2,0.6,0.4,5,7,0.583333333333333,0.416666666666667,0.375,0.222222222222222,0.461538461538462,0.285714285714286,0.591666666666667,0.408333333333333,0.167359670348801,-0.167359670348801,-2,FALSE,FALSE,FALSE,FALSE,FALSE,"red;green;blue","red;green","vis_2;vis_1;ir_1;ir_3;pol_2","vis_2;vis_1;ir_1;current;pol_1;ir_3;pol_2","blue","","","current;pol_1","ok","",FALSE
1277,"uniform_t_vis_1_mid.csv","uniform_t_vis_2_strong.csv",1000,1000,0.21,182637.134004043,2,2,0.4,0.4,5,7,0.583333333333333,0.416666666666667,0.285714285714286,0.222222222222222,0.333333333333333,0.285714285714286,0.491666666666667,0.408333333333333,-0.0154303349962092,-0.167359670348801,-2,TRUE,TRUE,FALSE,FALSE,FALSE,"red;green","red;green","vis_2;vis_1;ir_1;vis_3;current","vis_2;vis_1;ir_1;vis_3;ir_3;current;l_31","","","","ir_3;l_31","ok","",FALSE
123,"uniform_diode_ir_1_mid.csv","uniform_osr_angle_2_weak.csv",1000,1000,0.13,48405.8397811594,4,4,0.8,0.8,4,7,0.666666666666667,0.416666666666667,0.5,0.363636363636364,0.615384615384615,0.5,0.733333333333333,0.608333333333333,0.426006433615129,0.206583561003212,-3,TRUE,TRUE,FALSE,FALSE,FALSE,"red;blue;green;l_21","red;blue;green;l_21","vis_2;current;vis_1;ir_1","vis_2;current;ir_3;vis_1;ir_1;l_11;vis_3","","","","ir_3;l_11;vis_3","ok","",FALSE
21,"uniform_blue_mid.csv","uniform_osr_angle_2_strong.csv",1000,1000,0.32,67652.4203647695,3,3,0.6,0.6,4,7,0.666666666666667,0.416666666666667,0.428571428571429,0.3,0.5,0.4,0.633333333333333,0.508333333333333,0.246885359939347,0.0154303349962092,-3,TRUE,TRUE,FALSE,FALSE,FALSE,"red;green;blue","red;green;blue","vis_2;vis_1;ir_1;vis_3","vis_2;vis_1;ir_1;ir_3;vis_3;l_12;current","","","","ir_3;l_12;current","ok","",FALSE
376,"uniform_diode_vis_2_mid.csv","uniform_t_vis_1_weak.csv",1000,1000,0.36,97066.6613846923,3,3,0.6,0.6,5,8,0.583333333333333,0.333333333333333,0.375,0.272727272727273,0.461538461538462,0.375,0.591666666666667,0.466666666666667,0.167359670348801,-0.0635641726163728,-3,TRUE,TRUE,FALSE,FALSE,FALSE,"red;green;blue","red;green;blue","vis_2;vis_1;ir_1;vis_3;ir_3","vis_2;vis_1;ir_1;vis_3;ir_3;l_32;current;pol_1","","","","l_32;current;pol_1","ok","",FALSE
29,"uniform_blue_mid.csv","uniform_pol_2_strong.csv",1000,1000,0.63,95195.0737725789,3,2,0.6,0.4,4,7,0.666666666666667,0.416666666666667,0.428571428571429,0.222222222222222,0.5,0.285714285714286,0.633333333333333,0.408333333333333,0.246885359939347,-0.167359670348801,-3,FALSE,FALSE,FALSE,FALSE,FALSE,"red;green;blue","red;green","vis_2;vis_1;ir_3;current","vis_2;vis_1;ir_3;current;pol_1;l_12;ir_1","blue","","","pol_1;l_12;ir_1","ok","",FALSE
4,"uniform_blue_mid.csv","uniform_diode_ir_3_mid.csv",1000,1000,0.33,71225.7934300518,3,2,0.6,0.4,5,8,0.583333333333333,0.333333333333333,0.375,0.2,0.461538461538462,0.266666666666667,0.591666666666667,0.366666666666667,0.167359670348801,-0.246885359939347,-3,FALSE,FALSE,FALSE,FALSE,FALSE,"red;green;blue","red;green","vis_2;vis_1;ir_3;vis_3;ir_1","vis_2;vis_1;ir_3;current;vis_3;pol_1;ir_1;l_12","blue","","","current;pol_1;l_12","ok","",FALSE
