"pair_id","environment_1","environment_2","n_1","n_2","gamma_CV","CV_validation_Rdelta_plus","OLS_direct_rejected","CV_direct_rejected","sensitivity_OLS","sensitivity_CV","OLS_noncauses_rejected","CV_noncauses_rejected","specificity_OLS","specificity_CV","precision_OLS","precision_CV","F1_OLS","F1_CV","balanced_accuracy_OLS","balanced_accuracy_CV","MCC_OLS","MCC_CV","specificity_gain_count","same_sensitivity","same_direct_decisions","improved_specificity","desired_pattern","all_direct_found","OLS_rejected_direct","CV_rejected_direct","OLS_rejected_noncauses","CV_rejected_noncauses","OLS_only_direct","CV_only_direct","OLS_only_noncauses","CV_only_noncauses","status","error","OLS_equals_CR"
627,"uniform_l_21_mid.csv","uniform_t_vis_2_strong.csv",1000,1000,0.4,129643.921326148,5,5,1,1,3,1,0.75,0.916666666666667,0.625,0.833333333333333,0.769230769230769,0.909090909090909,0.875,0.958333333333333,0.684653196881458,0.874007373475126,2,TRUE,TRUE,TRUE,TRUE,TRUE,"red;green;l_21;blue;l_22","red;green;l_21;blue;l_22","vis_2;current;vis_1","vis_2","","","current;vis_1","","ok","",FALSE
310,"uniform_diode_vis_1_mid.csv","uniform_osr_angle_1_weak.csv",1000,1000,0.74,40517.1390975504,5,5,1,1,4,2,0.666666666666667,0.833333333333333,0.555555555555556,0.714285714285714,0.714285714285714,0.833333333333333,0.833333333333333,0.916666666666667,0.608580619450185,0.77151674981046,2,TRUE,TRUE,TRUE,TRUE,TRUE,"red;blue;green;l_21;l_22","red;blue;green;l_21;l_22","vis_2;vis_3;ir_3;ir_1","vis_2;vis_3","","","ir_3;ir_1","","ok","",FALSE
349,"uniform_diode_vis_2_mid.csv","uniform_l_21_mid.csv",1000,1000,0.61,110227.363420448,5,5,1,1,2,1,0.833333333333333,0.916666666666667,0.714285714285714,0.833333333333333,0.833333333333333,0.909090909090909,0.916666666666667,0.958333333333333,0.77151674981046,0.874007373475126,1,TRUE,TRUE,TRUE,TRUE,TRUE,"red;green;l_21;blue;l_22","red;green;l_21;blue;l_22","vis_2;vis_1","vis_2","","","vis_1","","ok","",FALSE
674,"uniform_l_22_mid.csv","uniform_v_c_mid.csv",1000,1000,0.06,41128.0967903341,5,5,1,1,5,4,0.583333333333333,0.666666666666667,0.5,0.555555555555556,0.666666666666667,0.714285714285714,0.791666666666667,0.833333333333333,0.540061724867322,0.608580619450185,1,TRUE,TRUE,TRUE,TRUE,TRUE,"red;green;blue;l_22;l_21","red;green;blue;l_22;l_21","vis_2;ir_1;vis_1;vis_3;ir_3","vis_2;ir_1;vis_1;vis_3","","","ir_3","","ok","",FALSE
606,"uniform_l_21_mid.csv","uniform_osr_angle_2_strong.csv",1000,1000,0.2,54005.3625257543,5,5,1,1,6,5,0.5,0.583333333333333,0.454545454545455,0.5,0.625,0.666666666666667,0.75,0.791666666666667,0.476731294622796,0.540061724867322,1,TRUE,TRUE,TRUE,TRUE,TRUE,"red;l_21;blue;green;l_22","red;l_21;blue;green;l_22","vis_2;vis_3;l_12;current;ir_3;vis_1","vis_2;vis_3;l_12;current;ir_3","","","vis_1","","ok","",FALSE
814,"uniform_osr_angle_1_strong.csv","uniform_v_angle_2_mid.csv",1000,1000,0.33,57791.8073894317,3,3,0.6,0.6,7,2,0.416666666666667,0.833333333333333,0.3,0.6,0.4,0.6,0.508333333333333,0.716666666666667,0.0154303349962092,0.433333333333333,5,TRUE,TRUE,TRUE,TRUE,FALSE,"red;blue;green","red;blue;green","vis_2;vis_1;ir_3;ir_1;current;vis_3;pol_1","vis_2;vis_1","","","ir_3;ir_1;current;vis_3;pol_1","","ok","",FALSE
343,"uniform_diode_vis_1_mid.csv","uniform_v_c_strong.csv",1000,1000,0.75,43008.0215018409,3,3,0.6,0.6,5,1,0.583333333333333,0.916666666666667,0.375,0.75,0.461538461538462,0.666666666666667,0.591666666666667,0.758333333333333,0.167359670348801,0.554989027380561,4,TRUE,TRUE,TRUE,TRUE,FALSE,"red;blue;green","red;blue;green","vis_2;vis_3;ir_3;ir_1;current","vis_2","","","vis_3;ir_3;ir_1;current","","ok","",FALSE
274,"uniform_diode_ir_3_strong.csv","uniform_pol_2_strong.csv",1000,1000,0.19,44459.355075481,3,3,0.6,0.6,6,2,0.5,0.833333333333333,0.333333333333333,0.6,0.428571428571429,0.6,0.55,0.716666666666667,0.0912870929175277,0.433333333333333,4,TRUE,TRUE,TRUE,TRUE,FALSE,"red;blue;green","red;blue;green","vis_2;current;vis_3;l_11;ir_1;ir_3","vis_2;current","","","vis_3;l_11;ir_1;ir_3","","ok","",FALSE
551,"uniform_l_11_mid.csv","uniform_t_vis_3_strong.csv",1000,1000,0.98,61831.7313417108,3,3,0.6,0.6,6,2,0.5,0.833333333333333,0.333333333333333,0.6,0.428571428571429,0.6,0.55,0.716666666666667,0.0912870929175277,0.433333333333333,4,TRUE,TRUE,TRUE,TRUE,FALSE,"red;blue;green","red;blue;green","vis_2;ir_3;current;ir_1;vis_1;vis_3","vis_2;ir_3","","","current;ir_1;vis_1;vis_3","","ok","",FALSE
1082,"uniform_pol_2_mid.csv","uniform_t_ir_1_mid.csv",1000,1000,0.52,36681.7242837024,3,3,0.6,0.6,6,2,0.5,0.833333333333333,0.333333333333333,0.6,0.428571428571429,0.6,0.55,0.716666666666667,0.0912870929175277,0.433333333333333,4,TRUE,TRUE,TRUE,TRUE,FALSE,"red;blue;green","red;blue;green","vis_2;ir_3;current;ir_1;vis_1;vis_3","vis_2;ir_3","","","current;ir_1;vis_1;vis_3","","ok","",FALSE
1309,"uniform_t_vis_1_weak.csv","uniform_v_angle_2_mid.csv",1000,1000,0.72,51447.1255376201,3,3,0.6,0.6,6,2,0.5,0.833333333333333,0.333333333333333,0.6,0.428571428571429,0.6,0.55,0.716666666666667,0.0912870929175277,0.433333333333333,4,TRUE,TRUE,TRUE,TRUE,FALSE,"red;blue;green","red;blue;green","vis_2;vis_3;pol_1;ir_3;ir_1;current","vis_2;vis_3","","","pol_1;ir_3;ir_1;current","","ok","",FALSE
1133,"uniform_red_mid.csv","uniform_t_vis_1_mid.csv",1000,1000,0.28,51186.0611410857,2,2,0.4,0.4,5,1,0.583333333333333,0.916666666666667,0.285714285714286,0.666666666666667,0.333333333333333,0.5,0.491666666666667,0.658333333333333,-0.0154303349962092,0.378489059622558,4,TRUE,TRUE,TRUE,TRUE,FALSE,"red;blue","red;blue","vis_2;current;vis_1;ir_1;vis_3","vis_2","","","current;vis_1;ir_1;vis_3","","ok","",FALSE
832,"uniform_osr_angle_1_weak.csv","uniform_t_ir_1_weak.csv",1000,1000,0.42,56671.215743236,4,4,0.8,0.8,4,1,0.666666666666667,0.916666666666667,0.5,0.8,0.615384615384615,0.8,0.733333333333333,0.858333333333333,0.426006433615129,0.716666666666667,3,TRUE,TRUE,TRUE,TRUE,FALSE,"red;blue;green;l_22","red;blue;green;l_22","vis_2;current;vis_1;vis_3","vis_2","","","current;vis_1;vis_3","","ok","",FALSE
1324,"uniform_t_vis_2_strong.csv","uniform_t_vis_2_weak.csv",1000,1000,0.36,91554.4977215359,4,4,0.8,0.8,4,1,0.666666666666667,0.916666666666667,0.5,0.8,0.615384615384615,0.8,0.733333333333333,0.858333333333333,0.426006433615129,0.716666666666667,3,TRUE,TRUE,TRUE,TRUE,FALSE,"green;red;blue;l_22","green;red;blue;l_22","ir_1;vis_1;vis_2;vis_3","ir_1","","","vis_1;vis_2;vis_3","","ok","",FALSE
1221,"uniform_t_ir_1_weak.csv","uniform_v_angle_1_strong.csv",1000,1000,0.32,51649.6437554009,4,4,0.8,0.8,5,2,0.583333333333333,0.833333333333333,0.444444444444444,0.666666666666667,0.571428571428571,0.727272727272727,0.691666666666667,0.816666666666667,0.349933856183856,0.603859639855542,3,TRUE,TRUE,TRUE,TRUE,FALSE,"red;blue;green;l_22","red;blue;green;l_22","vis_2;current;vis_3;ir_1;vis_1","vis_2;current","","","vis_3;ir_1;vis_1","","ok","",FALSE
145,"uniform_diode_ir_1_mid.csv","uniform_t_vis_3_mid.csv",1000,1000,0.14,36269.0730086618,4,4,0.8,0.8,6,3,0.5,0.75,0.4,0.571428571428571,0.533333333333333,0.666666666666667,0.65,0.775,0.277746029931765,0.509201054874903,3,TRUE,TRUE,TRUE,TRUE,FALSE,"red;blue;green;l_21","red;blue;green;l_21","vis_2;current;vis_1;ir_1;ir_3;pol_2","vis_2;current;vis_1","","","ir_1;ir_3;pol_2","","ok","",FALSE
634,"uniform_l_21_mid.csv","uniform_v_angle_2_mid.csv",1000,1000,0.82,70802.5971979469,4,4,0.8,0.8,6,3,0.5,0.75,0.4,0.571428571428571,0.533333333333333,0.666666666666667,0.65,0.775,0.277746029931765,0.509201054874903,3,TRUE,TRUE,TRUE,TRUE,FALSE,"l_21;red;blue;green","l_21;red;blue;green","vis_2;current;pol_1;ir_3;vis_3;ir_1","vis_2;current;pol_1","","","ir_3;vis_3;ir_1","","ok","",FALSE
182,"uniform_diode_ir_1_strong.csv","uniform_t_ir_1_mid.csv",1000,1000,0.58,43478.094218505,3,3,0.6,0.6,4,1,0.666666666666667,0.916666666666667,0.428571428571429,0.75,0.5,0.666666666666667,0.633333333333333,0.758333333333333,0.246885359939347,0.554989027380561,3,TRUE,TRUE,TRUE,TRUE,FALSE,"red;blue;green","red;blue;green","vis_2;current;vis_3;vis_1","vis_2","","","current;vis_3;vis_1","","ok","",FALSE
377,"uniform_diode_vis_2_mid.csv","uniform_t_vis_2_mid.csv",1000,1000,0.21,76058.3098610319,3,3,0.6,0.6,4,1,0.666666666666667,0.916666666666667,0.428571428571429,0.75,0.5,0.666666666666667,0.633333333333333,0.758333333333333,0.246885359939347,0.554989027380561,3,TRUE,TRUE,TRUE,TRUE,FALSE,"red;green;blue","red;green;blue","vis_2;ir_1;ir_3;vis_3","vis_2","","","ir_1;ir_3;vis_3","","ok","",FALSE
250,"uniform_diode_ir_3_mid.csv","uniform_v_c_strong.csv",1000,1000,0.46,39854.1911685033,3,3,0.6,0.6,5,2,0.583333333333333,0.833333333333333,0.375,0.6,0.461538461538462,0.6,0.591666666666667,0.716666666666667,0.167359670348801,0.433333333333333,3,TRUE,TRUE,TRUE,TRUE,FALSE,"red;blue;green","red;blue;green","vis_2;vis_3;ir_1;current;vis_1","vis_2;vis_3","","","ir_1;current;vis_1","","ok","",FALSE
256,"uniform_diode_ir_3_strong.csv","uniform_l_11_mid.csv",1000,1000,0.54,47288.4090728368,3,3,0.6,0.6,5,2,0.583333333333333,0.833333333333333,0.375,0.6,0.461538461538462,0.6,0.591666666666667,0.716666666666667,0.167359670348801,0.433333333333333,3,TRUE,TRUE,TRUE,TRUE,FALSE,"red;blue;green","red;blue;green","vis_2;vis_3;ir_1;current;vis_1","vis_2;vis_3","","","ir_1;current;vis_1","","ok","",FALSE
653,"uniform_l_22_mid.csv","uniform_red_mid.csv",1000,1000,0.51,134569.34653752,3,3,0.6,0.6,5,2,0.583333333333333,0.833333333333333,0.375,0.6,0.461538461538462,0.6,0.591666666666667,0.716666666666667,0.167359670348801,0.433333333333333,3,TRUE,TRUE,TRUE,TRUE,FALSE,"red;blue;l_22","red;blue;l_22","vis_2;current;ir_1;vis_3;vis_1","vis_2;l_32","","","current;ir_1;vis_3;vis_1","l_32","ok","",FALSE
949,"uniform_osr_c_mid.csv","uniform_pol_2_strong.csv",1000,1000,0.28,41426.8691831151,3,3,0.6,0.6,5,2,0.583333333333333,0.833333333333333,0.375,0.6,0.461538461538462,0.6,0.591666666666667,0.716666666666667,0.167359670348801,0.433333333333333,3,TRUE,TRUE,TRUE,TRUE,FALSE,"red;blue;green","red;blue;green","vis_2;current;ir_1;ir_3;vis_1","vis_2;current","","","ir_1;ir_3;vis_1","","ok","",FALSE
1141,"uniform_red_mid.csv","uniform_t_vis_3_weak.csv",1000,1000,0.65,107274.263505164,3,3,0.6,0.6,5,2,0.583333333333333,0.833333333333333,0.375,0.6,0.461538461538462,0.6,0.591666666666667,0.716666666666667,0.167359670348801,0.433333333333333,3,TRUE,FALSE,TRUE,TRUE,FALSE,"red;blue;green","red;blue;l_22","vis_2;current;vis_1;ir_1;vis_3","vis_2;current","green","l_22","vis_1;ir_1;vis_3","","ok","",FALSE
105,"uniform_diode_ir_1_mid.csv","uniform_diode_ir_3_mid.csv",1000,1000,0.22,60374.8643282506,3,3,0.6,0.6,6,3,0.5,0.75,0.333333333333333,0.5,0.428571428571429,0.545454545454545,0.55,0.675,0.0912870929175277,0.333711906235957,3,TRUE,TRUE,TRUE,TRUE,FALSE,"red;blue;green","red;blue;green","vis_2;vis_3;l_11;vis_1;ir_3;ir_1","vis_2;vis_3;l_11","","","vis_1;ir_3;ir_1","","ok","",FALSE
247,"uniform_diode_ir_3_mid.csv","uniform_v_angle_2_mid.csv",1000,1000,0.36,33956.6384609937,3,3,0.6,0.6,6,3,0.5,0.75,0.333333333333333,0.5,0.428571428571429,0.545454545454545,0.55,0.675,0.0912870929175277,0.333711906235957,3,TRUE,TRUE,TRUE,TRUE,FALSE,"red;blue;green","red;blue;green","vis_2;vis_3;ir_3;ir_1;current;vis_1","vis_2;vis_3;ir_3","","","ir_1;current;vis_1","","ok","",FALSE
889,"uniform_osr_angle_2_strong.csv","uniform_pol_2_mid.csv",1000,1000,0.16,41695.5703832185,3,3,0.6,0.6,6,3,0.5,0.75,0.333333333333333,0.5,0.428571428571429,0.545454545454545,0.55,0.675,0.0912870929175277,0.333711906235957,3,TRUE,TRUE,TRUE,TRUE,FALSE,"red;blue;green","red;blue;green","vis_2;pol_2;vis_1;ir_3;vis_3;ir_1","vis_2;pol_2;vis_1","","","ir_3;vis_3;ir_1","","ok","",FALSE
1262,"uniform_t_ir_3_weak.csv","uniform_t_vis_2_mid.csv",1000,1000,0.69,89970.8908387077,3,3,0.6,0.6,6,3,0.5,0.75,0.333333333333333,0.5,0.428571428571429,0.545454545454545,0.55,0.675,0.0912870929175277,0.333711906235957,3,TRUE,TRUE,TRUE,TRUE,FALSE,"red;green;blue","red;green;blue","vis_2;vis_3;ir_3;l_32;pol_1;ir_1","vis_2;vis_3;ir_3","","","l_32;pol_1;ir_1","","ok","",FALSE
265,"uniform_diode_ir_3_strong.csv","uniform_osr_angle_2_mid.csv",1000,1000,0.33,106895.46885748,3,3,0.6,0.6,7,4,0.416666666666667,0.666666666666667,0.3,0.428571428571429,0.4,0.5,0.508333333333333,0.633333333333333,0.0154303349962092,0.246885359939347,3,TRUE,TRUE,TRUE,TRUE,FALSE,"red;blue;green","red;blue;green","vis_2;l_11;vis_3;l_12;current;ir_1;vis_1","vis_2;l_11;vis_3;l_12","","","current;ir_1;vis_1","","ok","",FALSE
798,"uniform_osr_angle_1_strong.csv","uniform_t_ir_1_strong.csv",1000,1000,0.44,54922.315122691,3,3,0.6,0.6,7,4,0.416666666666667,0.666666666666667,0.3,0.428571428571429,0.4,0.5,0.508333333333333,0.633333333333333,0.0154303349962092,0.246885359939347,3,TRUE,TRUE,TRUE,TRUE,FALSE,"red;blue;green","red;blue;green","vis_2;vis_1;ir_3;l_31;ir_1;vis_3;pol_2","vis_2;vis_1;ir_3;l_31","","","ir_1;vis_3;pol_2","","ok","",FALSE
1373,"uniform_v_angle_2_mid.csv","uniform_v_angle_2_strong.csv",1000,1000,0.51,67579.1833203068,3,3,0.6,0.6,7,4,0.416666666666667,0.666666666666667,0.3,0.428571428571429,0.4,0.5,0.508333333333333,0.633333333333333,0.0154303349962092,0.246885359939347,3,TRUE,TRUE,TRUE,TRUE,FALSE,"red;blue;green","red;blue;green","vis_2;ir_1;vis_1;vis_3;pol_1;ir_3;current","vis_2;ir_1;vis_1;vis_3","","","pol_1;ir_3;current","","ok","",FALSE
690,"uniform_l_31_mid.csv","uniform_red_mid.csv",1000,1000,0.59,85676.619902353,2,2,0.4,0.4,4,1,0.666666666666667,0.916666666666667,0.333333333333333,0.666666666666667,0.363636363636364,0.5,0.533333333333333,0.658333333333333,0.0635641726163728,0.378489059622558,3,TRUE,TRUE,TRUE,TRUE,FALSE,"red;blue","red;blue","vis_2;current;ir_1;ir_3","vis_2","","","current;ir_1;ir_3","","ok","",FALSE
1080,"uniform_pol_2_mid.csv","uniform_red_mid.csv",1000,1000,0.32,56773.4143484321,2,2,0.4,0.4,4,1,0.666666666666667,0.916666666666667,0.333333333333333,0.666666666666667,0.363636363636364,0.5,0.533333333333333,0.658333333333333,0.0635641726163728,0.378489059622558,3,TRUE,TRUE,TRUE,TRUE,FALSE,"red;blue","red;blue","vis_2;ir_1;vis_3;ir_3","vis_2","","","ir_1;vis_3;ir_3","","ok","",FALSE
1147,"uniform_red_mid.csv","uniform_v_c_strong.csv",1000,1000,0.24,72755.4526718324,2,2,0.4,0.4,5,2,0.583333333333333,0.833333333333333,0.285714285714286,0.5,0.333333333333333,0.444444444444444,0.491666666666667,0.616666666666667,-0.0154303349962092,0.250640205913802,3,TRUE,TRUE,TRUE,TRUE,FALSE,"red;blue","red;blue","vis_2;current;ir_1;vis_3;vis_1","vis_2;current","","","ir_1;vis_3;vis_1","","ok","",FALSE
240,"uniform_diode_ir_3_mid.csv","uniform_t_vis_2_strong.csv",1000,1000,0.66,95769.1315639989,4,4,0.8,0.8,4,2,0.666666666666667,0.833333333333333,0.5,0.666666666666667,0.615384615384615,0.727272727272727,0.733333333333333,0.816666666666667,0.426006433615129,0.603859639855542,2,TRUE,TRUE,TRUE,TRUE,FALSE,"red;green;blue;l_22","red;green;blue;l_22","vis_2;vis_3;ir_3;vis_1","vis_2;current","","","vis_3;ir_3;vis_1","current","ok","",FALSE
436,"uniform_green_mid.csv","uniform_l_21_mid.csv",1000,1000,0.85,82650.6080923543,4,4,0.8,0.8,5,3,0.583333333333333,0.75,0.444444444444444,0.571428571428571,0.571428571428571,0.666666666666667,0.691666666666667,0.775,0.349933856183856,0.509201054874903,2,TRUE,TRUE,TRUE,TRUE,FALSE,"l_21;red;green;blue","l_21;red;green;blue","vis_2;vis_1;ir_1;current;vis_3","vis_2;vis_1;ir_1","","","current;vis_3","","ok","",FALSE
1152,"uniform_red_strong.csv","uniform_t_ir_3_strong.csv",1000,1000,0.22,47615.449304158,4,4,0.8,0.8,5,3,0.583333333333333,0.75,0.444444444444444,0.571428571428571,0.571428571428571,0.666666666666667,0.691666666666667,0.775,0.349933856183856,0.509201054874903,2,TRUE,TRUE,TRUE,TRUE,FALSE,"red;blue;green;l_21","red;blue;green;l_21","vis_2;vis_3;ir_1;pol_1;ir_3","vis_2;vis_3;ir_1","","","pol_1;ir_3","","ok","",FALSE
259,"uniform_diode_ir_3_strong.csv","uniform_l_22_mid.csv",1000,1000,0.27,57436.6793358766,4,4,0.8,0.8,6,4,0.5,0.666666666666667,0.4,0.5,0.533333333333333,0.615384615384615,0.65,0.733333333333333,0.277746029931765,0.426006433615129,2,TRUE,TRUE,TRUE,TRUE,FALSE,"red;blue;green;l_22","red;blue;green;l_22","vis_2;vis_3;current;l_11;ir_1;vis_1","vis_2;vis_3;current;l_11","","","ir_1;vis_1","","ok","",FALSE
291,"uniform_diode_ir_3_strong.csv","uniform_t_vis_3_weak.csv",1000,1000,0.22,78013.8668302051,4,4,0.8,0.8,6,4,0.5,0.666666666666667,0.4,0.5,0.533333333333333,0.615384615384615,0.65,0.733333333333333,0.277746029931765,0.426006433615129,2,TRUE,TRUE,TRUE,TRUE,FALSE,"red;blue;green;l_22","red;blue;green;l_22","vis_2;ir_1;current;vis_3;vis_1;l_11","vis_2;ir_1;current;vis_3","","","vis_1;l_11","","ok","",FALSE
806,"uniform_osr_angle_1_strong.csv","uniform_t_vis_2_mid.csv",1000,1000,0.29,243817.63854939,3,3,0.6,0.6,3,1,0.75,0.916666666666667,0.5,0.75,0.545454545454545,0.666666666666667,0.675,0.758333333333333,0.333711906235957,0.554989027380561,2,TRUE,TRUE,TRUE,TRUE,FALSE,"green;red;blue","green;red;blue","vis_2;ir_3;ir_1","vis_2","","","ir_3;ir_1","","ok","",FALSE
955,"uniform_osr_c_mid.csv","uniform_t_ir_3_mid.csv",1000,1000,0.21,47391.1317875252,3,3,0.6,0.6,3,1,0.75,0.916666666666667,0.5,0.75,0.545454545454545,0.666666666666667,0.675,0.758333333333333,0.333711906235957,0.554989027380561,2,TRUE,TRUE,TRUE,TRUE,FALSE,"red;blue;green","red;blue;green","vis_2;ir_1;vis_1","vis_2","","","ir_1;vis_1","","ok","",FALSE
1010,"uniform_osr_c_weak.csv","uniform_t_ir_3_mid.csv",1000,1000,0.61,115010.289955712,3,3,0.6,0.6,3,1,0.75,0.916666666666667,0.5,0.75,0.545454545454545,0.666666666666667,0.675,0.758333333333333,0.333711906235957,0.554989027380561,2,TRUE,TRUE,TRUE,TRUE,FALSE,"red;blue;green","red;blue;green","vis_2;vis_1;ir_1","vis_2","","","vis_1;ir_1","","ok","",FALSE
1054,"uniform_pol_1_strong.csv","uniform_pol_2_mid.csv",1000,1000,0.55,39216.4755685554,3,3,0.6,0.6,3,1,0.75,0.916666666666667,0.5,0.75,0.545454545454545,0.666666666666667,0.675,0.758333333333333,0.333711906235957,0.554989027380561,2,TRUE,TRUE,TRUE,TRUE,FALSE,"red;blue;green","red;blue;green","vis_2;vis_1;ir_3","vis_2","","","vis_1;ir_3","","ok","",FALSE
1161,"uniform_red_strong.csv","uniform_t_vis_3_strong.csv",1000,1000,0.47,136276.057369792,3,3,0.6,0.6,3,1,0.75,0.916666666666667,0.5,0.75,0.545454545454545,0.666666666666667,0.675,0.758333333333333,0.333711906235957,0.554989027380561,2,TRUE,TRUE,TRUE,TRUE,FALSE,"red;blue;green","red;blue;green","vis_2;vis_3;ir_1","vis_2","","","vis_3;ir_1","","ok","",FALSE
1318,"uniform_t_vis_2_mid.csv","uniform_v_angle_1_mid.csv",1000,1000,0.22,100415.111019123,3,3,0.6,0.6,3,1,0.75,0.916666666666667,0.5,0.75,0.545454545454545,0.666666666666667,0.675,0.758333333333333,0.333711906235957,0.554989027380561,2,TRUE,TRUE,TRUE,TRUE,FALSE,"green;red;blue","green;red;blue","vis_2;ir_3;ir_1","vis_2","","","ir_3;ir_1","","ok","",FALSE
1328,"uniform_t_vis_2_strong.csv","uniform_v_angle_1_mid.csv",1000,1000,0.46,142963.102017237,3,3,0.6,0.6,3,1,0.75,0.916666666666667,0.5,0.75,0.545454545454545,0.666666666666667,0.675,0.758333333333333,0.333711906235957,0.554989027380561,2,TRUE,TRUE,TRUE,TRUE,FALSE,"green;red;blue","green;red;blue","vis_2;current;vis_1","vis_2","","","current;vis_1","","ok","",FALSE
175,"uniform_diode_ir_1_strong.csv","uniform_osr_c_weak.csv",1000,1000,0.15,39799.9295655321,3,3,0.6,0.6,4,2,0.666666666666667,0.833333333333333,0.428571428571429,0.6,0.5,0.6,0.633333333333333,0.716666666666667,0.246885359939347,0.433333333333333,2,TRUE,TRUE,TRUE,TRUE,FALSE,"red;blue;green","red;blue;green","vis_2;vis_1;ir_1;vis_3","vis_2;vis_1","","","ir_1;vis_3","","ok","",FALSE
224,"uniform_diode_ir_3_mid.csv","uniform_pol_1_mid.csv",1000,1000,0.83,35985.9562755341,3,3,0.6,0.6,4,2,0.666666666666667,0.833333333333333,0.428571428571429,0.6,0.5,0.6,0.633333333333333,0.716666666666667,0.246885359939347,0.433333333333333,2,TRUE,TRUE,TRUE,TRUE,FALSE,"red;blue;green","red;blue;green","vis_2;ir_1;vis_1;vis_3","vis_2;ir_1","","","vis_1;vis_3","","ok","",FALSE
235,"uniform_diode_ir_3_mid.csv","uniform_t_ir_3_weak.csv",1000,1000,0.7,32872.1487294534,3,3,0.6,0.6,4,2,0.666666666666667,0.833333333333333,0.428571428571429,0.6,0.5,0.6,0.633333333333333,0.716666666666667,0.246885359939347,0.433333333333333,2,TRUE,TRUE,TRUE,TRUE,FALSE,"red;green;blue","red;green;blue","vis_2;ir_1;vis_3;vis_1","vis_2;ir_1","","","vis_3;vis_1","","ok","",FALSE
359,"uniform_diode_vis_2_mid.csv","uniform_osr_c_mid.csv",1000,1000,0.47,126907.804831838,3,3,0.6,0.6,4,2,0.666666666666667,0.833333333333333,0.428571428571429,0.6,0.5,0.6,0.633333333333333,0.716666666666667,0.246885359939347,0.433333333333333,2,TRUE,TRUE,TRUE,TRUE,FALSE,"green;red;blue","green;red;blue","vis_2;ir_3;vis_3;pol_1","vis_2;ir_3","","","vis_3;pol_1","","ok","",FALSE
588,"uniform_l_12_mid.csv","uniform_t_vis_2_strong.csv",1000,1000,0.4,109470.655915816,3,3,0.6,0.6,4,2,0.666666666666667,0.833333333333333,0.428571428571429,0.6,0.5,0.6,0.633333333333333,0.716666666666667,0.246885359939347,0.433333333333333,2,TRUE,TRUE,TRUE,TRUE,FALSE,"red;green;blue","red;green;blue","vis_2;ir_1;vis_1;l_12","vis_2;ir_1","","","vis_1;l_12","","ok","",FALSE
772,"uniform_osr_angle_1_mid.csv","uniform_t_vis_2_mid.csv",1000,1000,0.3,168479.772215123,3,3,0.6,0.6,4,2,0.666666666666667,0.833333333333333,0.428571428571429,0.6,0.5,0.6,0.633333333333333,0.716666666666667,0.246885359939347,0.433333333333333,2,TRUE,TRUE,TRUE,TRUE,FALSE,"green;red;blue","green;red;blue","vis_2;current;ir_1;vis_1","vis_2;current","","","ir_1;vis_1","","ok","",FALSE
865,"uniform_osr_angle_2_mid.csv","uniform_t_ir_3_mid.csv",1000,1000,0.8,59158.688713641,3,3,0.6,0.6,4,2,0.666666666666667,0.833333333333333,0.428571428571429,0.6,0.5,0.6,0.633333333333333,0.716666666666667,0.246885359939347,0.433333333333333,2,TRUE,TRUE,TRUE,TRUE,FALSE,"red;blue;green","red;blue;green","vis_2;vis_1;ir_1;ir_3","vis_2;vis_1","","","ir_1;ir_3","","ok","",FALSE
1015,"uniform_osr_c_weak.csv","uniform_t_vis_1_weak.csv",1000,1000,0.55,110492.921810729,3,3,0.6,0.6,4,2,0.666666666666667,0.833333333333333,0.428571428571429,0.6,0.5,0.6,0.633333333333333,0.716666666666667,0.246885359939347,0.433333333333333,2,TRUE,TRUE,TRUE,TRUE,FALSE,"red;blue;green","red;blue;green","vis_2;vis_3;ir_1;vis_1","vis_2;vis_3","","","ir_1;vis_1","","ok","",FALSE
1088,"uniform_pol_2_mid.csv","uniform_t_vis_1_mid.csv",1000,1000,0.45,52264.0242958689,3,3,0.6,0.6,4,2,0.666666666666667,0.833333333333333,0.428571428571429,0.6,0.5,0.6,0.633333333333333,0.716666666666667,0.246885359939347,0.433333333333333,2,TRUE,TRUE,TRUE,TRUE,FALSE,"red;blue;green","red;blue;green","vis_2;current;vis_3;ir_3","vis_2;current","","","vis_3;ir_3","","ok","",FALSE
1125,"uniform_pol_2_strong.csv","uniform_v_c_strong.csv",1000,1000,0.36,45341.5034515019,3,3,0.6,0.6,4,2,0.666666666666667,0.833333333333333,0.428571428571429,0.6,0.5,0.6,0.633333333333333,0.716666666666667,0.246885359939347,0.433333333333333,2,TRUE,TRUE,TRUE,TRUE,FALSE,"red;blue;green","red;blue;green","vis_2;current;vis_1;ir_1","vis_2;current","","","vis_1;ir_1","","ok","",FALSE
1215,"uniform_t_ir_1_weak.csv","uniform_t_vis_2_strong.csv",1000,1000,0.42,109281.972168337,3,3,0.6,0.6,4,2,0.666666666666667,0.833333333333333,0.428571428571429,0.6,0.5,0.6,0.633333333333333,0.716666666666667,0.246885359939347,0.433333333333333,2,TRUE,TRUE,TRUE,TRUE,FALSE,"red;green;blue","red;green;blue","vis_2;current;ir_1;vis_1","vis_2;current","","","ir_1;vis_1","","ok","",FALSE
1338,"uniform_t_vis_2_weak.csv","uniform_v_angle_1_strong.csv",1000,1000,0.41,225025.782257185,3,3,0.6,0.6,4,2,0.666666666666667,0.833333333333333,0.428571428571429,0.6,0.5,0.6,0.633333333333333,0.716666666666667,0.246885359939347,0.433333333333333,2,TRUE,TRUE,TRUE,TRUE,FALSE,"green;red;blue","green;red;blue","vis_2;vis_1;ir_3;vis_3","vis_2;vis_1","","","ir_3;vis_3","","ok","",FALSE
191,"uniform_diode_ir_1_strong.csv","uniform_t_vis_2_mid.csv",1000,1000,1.02,87901.9139060792,3,3,0.6,0.6,5,3,0.583333333333333,0.75,0.375,0.5,0.461538461538462,0.545454545454545,0.591666666666667,0.675,0.167359670348801,0.333711906235957,2,TRUE,TRUE,TRUE,TRUE,FALSE,"red;green;blue","red;green;blue","vis_2;ir_1;vis_1;ir_3;l_31","vis_2;ir_1;vis_1","","","ir_3;l_31","","ok","",FALSE
352,"uniform_diode_vis_2_mid.csv","uniform_l_32_mid.csv",1000,1000,0.36,122226.490003614,3,3,0.6,0.6,5,3,0.583333333333333,0.75,0.375,0.5,0.461538461538462,0.545454545454545,0.591666666666667,0.675,0.167359670348801,0.333711906235957,2,TRUE,TRUE,TRUE,TRUE,FALSE,"red;green;blue","red;green;blue","vis_2;l_32;l_31;ir_1;vis_3","vis_2;l_32;l_31","","","ir_1;vis_3","","ok","",FALSE
492,"uniform_green_strong.csv","uniform_pol_1_strong.csv",1000,1000,0.75,30086.7998589465,3,3,0.6,0.6,5,3,0.583333333333333,0.75,0.375,0.5,0.461538461538462,0.545454545454545,0.591666666666667,0.675,0.167359670348801,0.333711906235957,2,TRUE,TRUE,TRUE,TRUE,FALSE,"red;green;blue","red;green;blue","vis_2;vis_1;ir_1;vis_3;ir_3","vis_2;vis_1;ir_1","","","vis_3;ir_3","","ok","",FALSE
581,"uniform_l_12_mid.csv","uniform_t_ir_3_mid.csv",1000,1000,0.17,39531.5136452178,3,3,0.6,0.6,5,3,0.583333333333333,0.75,0.375,0.5,0.461538461538462,0.545454545454545,0.591666666666667,0.675,0.167359670348801,0.333711906235957,2,TRUE,TRUE,TRUE,TRUE,FALSE,"red;blue;green","red;blue;green","vis_2;ir_1;vis_3;l_31;l_12","vis_2;ir_1;vis_3","","","l_31;l_12","","ok","",FALSE
701,"uniform_l_31_mid.csv","uniform_t_vis_2_mid.csv",1000,1000,0.69,121924.117952022,3,3,0.6,0.6,5,3,0.583333333333333,0.75,0.375,0.5,0.461538461538462,0.545454545454545,0.591666666666667,0.675,0.167359670348801,0.333711906235957,2,TRUE,TRUE,TRUE,TRUE,FALSE,"green;red;blue","green;red;blue","vis_2;l_31;current;ir_1;vis_1","vis_2;l_31;current","","","ir_1;vis_1","","ok","",FALSE
702,"uniform_l_31_mid.csv","uniform_t_vis_2_strong.csv",1000,1000,0.29,97784.7140115266,3,3,0.6,0.6,5,3,0.583333333333333,0.75,0.375,0.5,0.461538461538462,0.545454545454545,0.591666666666667,0.675,0.167359670348801,0.333711906235957,2,TRUE,TRUE,TRUE,TRUE,FALSE,"green;red;blue","green;red;blue","vis_2;current;l_31;ir_1;vis_1","vis_2;current;l_31","","","ir_1;vis_1","","ok","",FALSE
768,"uniform_osr_angle_1_mid.csv","uniform_t_ir_3_weak.csv",1000,1000,0.29,45228.2997934489,3,3,0.6,0.6,5,3,0.583333333333333,0.75,0.375,0.5,0.461538461538462,0.545454545454545,0.591666666666667,0.675,0.167359670348801,0.333711906235957,2,TRUE,TRUE,TRUE,TRUE,FALSE,"red;blue;green","red;blue;green","vis_2;ir_1;vis_1;l_32;vis_3","vis_2;ir_1;vis_1","","","l_32;vis_3","","ok","",FALSE
821,"uniform_osr_angle_1_weak.csv","uniform_osr_c_mid.csv",1000,1000,0.28,42454.0620651883,3,3,0.6,0.6,5,3,0.583333333333333,0.75,0.375,0.5,0.461538461538462,0.545454545454545,0.591666666666667,0.675,0.167359670348801,0.333711906235957,2,TRUE,TRUE,TRUE,TRUE,FALSE,"red;blue;green","red;blue;green","vis_2;vis_3;ir_3;vis_1;ir_1","vis_2;vis_3;ir_3","","","vis_1;ir_1","","ok","",FALSE
971,"uniform_osr_c_mid.csv","uniform_v_c_mid.csv",1000,1000,0.39,42694.012417829,3,3,0.6,0.6,5,3,0.583333333333333,0.75,0.375,0.5,0.461538461538462,0.545454545454545,0.591666666666667,0.675,0.167359670348801,0.333711906235957,2,TRUE,TRUE,TRUE,TRUE,FALSE,"red;blue;green","red;blue;green","vis_2;vis_3;vis_1;ir_1;ir_3","vis_2;vis_3;vis_1","","","ir_1;ir_3","","ok","",FALSE
1104,"uniform_pol_2_strong.csv","uniform_red_strong.csv",1000,1000,0.53,111349.655143275,3,3,0.6,0.6,5,3,0.583333333333333,0.75,0.375,0.5,0.461538461538462,0.545454545454545,0.591666666666667,0.675,0.167359670348801,0.333711906235957,2,TRUE,TRUE,TRUE,TRUE,FALSE,"red;blue;green","red;blue;green","vis_2;current;vis_3;ir_1;ir_3","vis_2;current;vis_3","","","ir_1;ir_3","","ok","",FALSE
1109,"uniform_pol_2_strong.csv","uniform_t_ir_3_strong.csv",1000,1000,1.09,46890.9254577983,3,3,0.6,0.6,5,3,0.583333333333333,0.75,0.375,0.5,0.461538461538462,0.545454545454545,0.591666666666667,0.675,0.167359670348801,0.333711906235957,2,TRUE,TRUE,TRUE,TRUE,FALSE,"red;blue;green","red;blue;green","vis_2;current;ir_3;vis_3;l_12","vis_2;current;ir_3","","","vis_3;l_12","","ok","",FALSE
1175,"uniform_t_ir_1_mid.csv","uniform_t_vis_1_strong.csv",1000,1000,0.36,35994.9104789574,3,3,0.6,0.6,5,3,0.583333333333333,0.75,0.375,0.5,0.461538461538462,0.545454545454545,0.591666666666667,0.675,0.167359670348801,0.333711906235957,2,TRUE,TRUE,TRUE,TRUE,FALSE,"red;blue;green","red;blue;green","vis_2;vis_3;current;l_11;vis_1","vis_2;vis_3;current","","","l_11;vis_1","","ok","",FALSE
1208,"uniform_t_ir_1_weak.csv","uniform_t_ir_3_mid.csv",1000,1000,0.54,31153.4811883364,3,3,0.6,0.6,5,3,0.583333333333333,0.75,0.375,0.5,0.461538461538462,0.545454545454545,0.591666666666667,0.675,0.167359670348801,0.333711906235957,2,TRUE,TRUE,TRUE,TRUE,FALSE,"red;blue;green","red;blue;green","vis_2;vis_1;vis_3;l_32;ir_1","vis_2;vis_1;vis_3","","","l_32;ir_1","","ok","",FALSE
1214,"uniform_t_ir_1_weak.csv","uniform_t_vis_2_mid.csv",1000,1000,0.29,109773.712025158,3,3,0.6,0.6,5,3,0.583333333333333,0.75,0.375,0.5,0.461538461538462,0.545454545454545,0.591666666666667,0.675,0.167359670348801,0.333711906235957,2,TRUE,TRUE,TRUE,TRUE,FALSE,"red;green;blue","red;green;blue","vis_2;ir_1;current;vis_1;ir_3","vis_2;ir_1;current","","","vis_1;ir_3","","ok","",FALSE
1271,"uniform_t_ir_3_weak.csv","uniform_v_angle_2_strong.csv",1000,1000,0.46,30848.7102746822,3,3,0.6,0.6,5,3,0.583333333333333,0.75,0.375,0.5,0.461538461538462,0.545454545454545,0.591666666666667,0.675,0.167359670348801,0.333711906235957,2,TRUE,TRUE,TRUE,TRUE,FALSE,"red;blue;green","red;blue;green","vis_2;vis_1;ir_1;current;vis_3","vis_2;vis_1;ir_1","","","current;vis_3","","ok","",FALSE
1273,"uniform_t_ir_3_weak.csv","uniform_v_c_strong.csv",1000,1000,1.13,43416.2984387827,3,3,0.6,0.6,5,3,0.583333333333333,0.75,0.375,0.5,0.461538461538462,0.545454545454545,0.591666666666667,0.675,0.167359670348801,0.333711906235957,2,TRUE,TRUE,TRUE,TRUE,FALSE,"red;blue;green","red;blue;green","vis_2;current;vis_1;ir_1;vis_3","vis_2;current;vis_1","","","ir_1;vis_3","","ok","",FALSE
1353,"uniform_t_vis_3_strong.csv","uniform_v_angle_1_strong.csv",1000,1000,0.8,52785.4867980928,3,3,0.6,0.6,5,3,0.583333333333333,0.75,0.375,0.5,0.461538461538462,0.545454545454545,0.591666666666667,0.675,0.167359670348801,0.333711906235957,2,TRUE,TRUE,TRUE,TRUE,FALSE,"red;blue;green","red;blue;green","vis_2;current;ir_3;ir_1;vis_1","vis_2;current;ir_3","","","ir_1;vis_1","","ok","",FALSE
1377,"uniform_v_angle_2_strong.csv","uniform_v_c_strong.csv",1000,1000,0.35,62288.4475552856,3,3,0.6,0.6,5,3,0.583333333333333,0.75,0.375,0.5,0.461538461538462,0.545454545454545,0.591666666666667,0.675,0.167359670348801,0.333711906235957,2,TRUE,TRUE,TRUE,TRUE,FALSE,"red;blue;green","red;blue;green","vis_2;current;vis_3;ir_1;vis_1","vis_2;current;vis_3","","","ir_1;vis_1","","ok","",FALSE
273,"uniform_diode_ir_3_strong.csv","uniform_pol_2_mid.csv",1000,1000,0.16,52699.6931974908,3,3,0.6,0.6,6,4,0.5,0.666666666666667,0.333333333333333,0.428571428571429,0.428571428571429,0.5,0.55,0.633333333333333,0.0912870929175277,0.246885359939347,2,TRUE,TRUE,TRUE,TRUE,FALSE,"red;blue;green","red;blue;green","vis_2;ir_3;vis_1;vis_3;current;ir_1","vis_2;ir_3;vis_1;vis_3","","","current;ir_1","","ok","",FALSE
296,"uniform_diode_ir_3_strong.csv","uniform_v_c_mid.csv",1000,1000,0.12,48794.5200631201,3,3,0.6,0.6,6,4,0.5,0.666666666666667,0.333333333333333,0.428571428571429,0.428571428571429,0.5,0.55,0.633333333333333,0.0912870929175277,0.246885359939347,2,TRUE,TRUE,TRUE,TRUE,FALSE,"red;blue;green","red;blue;green","vis_2;vis_3;ir_1;vis_1;ir_3;l_11","vis_2;vis_3;ir_1;vis_1","","","ir_3;l_11","","ok","",FALSE
577,"uniform_l_12_mid.csv","uniform_red_strong.csv",1000,1000,0.2,54164.2299496289,3,3,0.6,0.6,6,4,0.5,0.666666666666667,0.333333333333333,0.428571428571429,0.428571428571429,0.5,0.55,0.633333333333333,0.0912870929175277,0.246885359939347,2,TRUE,TRUE,TRUE,TRUE,FALSE,"red;blue;green","red;blue;green","vis_2;vis_3;ir_3;l_12;ir_1;l_32","vis_2;vis_3;ir_3;l_12","","","ir_1;l_32","","ok","",FALSE
683,"uniform_l_31_mid.csv","uniform_osr_c_mid.csv",1000,1000,0.25,35410.4734175686,3,3,0.6,0.6,6,4,0.5,0.666666666666667,0.333333333333333,0.428571428571429,0.428571428571429,0.5,0.55,0.633333333333333,0.0912870929175277,0.246885359939347,2,TRUE,TRUE,TRUE,TRUE,FALSE,"red;blue;green","red;blue;green","vis_2;ir_1;vis_1;vis_3;ir_3;current","vis_2;ir_1;vis_1;vis_3","","","ir_3;current","","ok","",FALSE
892,"uniform_osr_angle_2_strong.csv","uniform_red_strong.csv",1000,1000,0.3,70471.1904038468,3,3,0.6,0.6,6,4,0.5,0.666666666666667,0.333333333333333,0.428571428571429,0.428571428571429,0.5,0.55,0.633333333333333,0.0912870929175277,0.246885359939347,2,TRUE,TRUE,TRUE,TRUE,FALSE,"red;blue;green","red;blue;green","vis_2;vis_3;ir_3;current;ir_1;vis_1","vis_2;vis_3;ir_3;current","","","ir_1;vis_1","","ok","",FALSE
1154,"uniform_red_strong.csv","uniform_t_vis_1_mid.csv",1000,1000,0.66,44807.1990905316,3,3,0.6,0.6,6,4,0.5,0.666666666666667,0.333333333333333,0.428571428571429,0.428571428571429,0.5,0.55,0.633333333333333,0.0912870929175277,0.246885359939347,2,TRUE,TRUE,TRUE,TRUE,FALSE,"red;blue;green","red;blue;green","vis_2;current;ir_3;vis_3;vis_1;ir_1","vis_2;current;ir_3;vis_3","","","vis_1;ir_1","","ok","",FALSE
1230,"uniform_t_ir_3_mid.csv","uniform_t_vis_1_weak.csv",1000,1000,0.19,47652.8534792695,3,3,0.6,0.6,6,4,0.5,0.666666666666667,0.333333333333333,0.428571428571429,0.428571428571429,0.5,0.55,0.633333333333333,0.0912870929175277,0.246885359939347,2,TRUE,TRUE,TRUE,TRUE,FALSE,"red;blue;green","red;blue;green","vis_2;ir_1;l_32;ir_3;vis_3;vis_1","vis_2;ir_1;l_32;ir_3","","","vis_3;vis_1","","ok","",FALSE
1365,"uniform_v_angle_1_mid.csv","uniform_v_angle_2_mid.csv",1000,1000,0.15,48355.663393497,3,3,0.6,0.6,6,4,0.5,0.666666666666667,0.333333333333333,0.428571428571429,0.428571428571429,0.5,0.55,0.633333333333333,0.0912870929175277,0.246885359939347,2,TRUE,TRUE,TRUE,TRUE,FALSE,"red;blue;green","red;blue;green","vis_2;current;vis_3;ir_1;ir_3;vis_1","vis_2;current;vis_3;ir_1","","","ir_3;vis_1","","ok","",FALSE
374,"uniform_diode_vis_2_mid.csv","uniform_t_vis_1_mid.csv",1000,1000,0.3,79308.5323650435,3,3,0.6,0.6,7,5,0.416666666666667,0.583333333333333,0.3,0.375,0.4,0.461538461538462,0.508333333333333,0.591666666666667,0.0154303349962092,0.167359670348801,2,TRUE,TRUE,TRUE,TRUE,FALSE,"red;green;blue","red;green;blue","vis_2;vis_1;ir_1;vis_3;ir_3;current;pol_1","vis_2;vis_1;ir_1;vis_3;ir_3","","","current;pol_1","","ok","",FALSE
815,"uniform_osr_angle_1_strong.csv","uniform_v_angle_2_strong.csv",1000,1000,0.16,61648.651082009,3,3,0.6,0.6,7,5,0.416666666666667,0.583333333333333,0.3,0.375,0.4,0.461538461538462,0.508333333333333,0.591666666666667,0.0154303349962092,0.167359670348801,2,TRUE,TRUE,TRUE,TRUE,FALSE,"red;blue;green","red;blue;green","vis_2;vis_1;ir_1;current;vis_3;ir_3;pol_2","vis_2;vis_1;ir_1;current;vis_3","","","ir_3;pol_2","","ok","",FALSE
151,"uniform_diode_ir_1_mid.csv","uniform_v_angle_2_strong.csv",1000,1000,0.16,41693.8968158995,3,3,0.6,0.6,8,6,0.333333333333333,0.5,0.272727272727273,0.333333333333333,0.375,0.428571428571429,0.466666666666667,0.55,-0.0635641726163728,0.0912870929175277,2,TRUE,TRUE,TRUE,TRUE,FALSE,"red;blue;green","red;blue;green","vis_2;current;vis_1;ir_3;l_32;l_12;vis_3;l_11","vis_2;current;vis_1;ir_3;l_32;l_12","","","vis_3;l_11","","ok","",FALSE
252,"uniform_diode_ir_3_strong.csv","uniform_diode_vis_2_mid.csv",1000,1000,0.26,66409.8242390672,3,3,0.6,0.6,8,6,0.333333333333333,0.5,0.272727272727273,0.333333333333333,0.375,0.428571428571429,0.466666666666667,0.55,-0.0635641726163728,0.0912870929175277,2,TRUE,TRUE,TRUE,TRUE,FALSE,"red;green;blue","red;green;blue","vis_2;ir_3;vis_3;ir_1;current;vis_1;pol_2;l_11","vis_2;ir_3;vis_3;ir_1;current;vis_1","","","pol_2;l_11","","ok","",FALSE
536,"uniform_l_11_mid.csv","uniform_red_mid.csv",1000,1000,0.25,95768.521642227,2,2,0.4,0.4,3,1,0.75,0.916666666666667,0.4,0.666666666666667,0.4,0.5,0.575,0.658333333333333,0.15,0.378489059622558,2,TRUE,TRUE,TRUE,TRUE,FALSE,"red;blue","red;blue","vis_2;ir_1;vis_3","vis_2","","","ir_1;vis_3","","ok","",FALSE
950,"uniform_osr_c_mid.csv","uniform_red_mid.csv",1000,1000,0.22,388242.159220769,2,2,0.4,0.4,3,1,0.75,0.916666666666667,0.4,0.666666666666667,0.4,0.5,0.575,0.658333333333333,0.15,0.378489059622558,2,TRUE,TRUE,TRUE,TRUE,FALSE,"red;blue","red;blue","vis_2;ir_1;current","vis_2","","","ir_1;current","","ok","",FALSE
1127,"uniform_red_mid.csv","uniform_t_ir_1_mid.csv",1000,1000,0.37,166481.617626402,2,2,0.4,0.4,4,2,0.666666666666667,0.833333333333333,0.333333333333333,0.5,0.363636363636364,0.444444444444444,0.533333333333333,0.616666666666667,0.0635641726163728,0.250640205913802,2,TRUE,TRUE,TRUE,TRUE,FALSE,"red;blue","red;blue","vis_2;current;ir_1;vis_3","vis_2;current","","","ir_1;vis_3","","ok","",FALSE
1140,"uniform_red_mid.csv","uniform_t_vis_3_strong.csv",1000,1000,0.29,1647371.76431801,2,2,0.4,0.4,4,2,0.666666666666667,0.833333333333333,0.333333333333333,0.5,0.363636363636364,0.444444444444444,0.533333333333333,0.616666666666667,0.0635641726163728,0.250640205913802,2,TRUE,TRUE,TRUE,TRUE,FALSE,"red;blue","red;blue","vis_2;vis_3;current;ir_1","vis_2;vis_3","","","current;ir_1","","ok","",FALSE
1143,"uniform_red_mid.csv","uniform_v_angle_1_strong.csv",1000,1000,0.36,66984.6809612613,2,2,0.4,0.4,4,2,0.666666666666667,0.833333333333333,0.333333333333333,0.5,0.363636363636364,0.444444444444444,0.533333333333333,0.616666666666667,0.0635641726163728,0.250640205913802,2,TRUE,TRUE,TRUE,TRUE,FALSE,"red;blue","red;blue","vis_2;ir_1;ir_3;vis_3","vis_2;ir_1","","","ir_3;vis_3","","ok","",FALSE
1005,"uniform_osr_c_weak.csv","uniform_red_mid.csv",1000,1000,0.07,77445.1626323478,2,2,0.4,0.4,5,3,0.583333333333333,0.75,0.285714285714286,0.4,0.333333333333333,0.4,0.491666666666667,0.575,-0.0154303349962092,0.15,2,TRUE,TRUE,TRUE,TRUE,FALSE,"red;blue","red;blue","vis_2;ir_1;vis_1;vis_3;ir_3","vis_2;ir_1;vis_1","","","vis_3;ir_3","","ok","",FALSE
1139,"uniform_red_mid.csv","uniform_t_vis_3_mid.csv",1000,1000,0.19,67807.7539032335,2,2,0.4,0.4,6,4,0.5,0.666666666666667,0.25,0.333333333333333,0.307692307692308,0.363636363636364,0.45,0.533333333333333,-0.0912870929175277,0.0635641726163728,2,TRUE,TRUE,TRUE,TRUE,FALSE,"red;blue","red;blue","vis_2;ir_1;pol_2;current;vis_1;vis_3","vis_2;ir_1;pol_2;current","","","vis_1;vis_3","","ok","",FALSE
990,"uniform_osr_c_strong.csv","uniform_t_vis_2_strong.csv",1000,1000,0.24,123762.39135792,4,4,0.8,0.8,2,1,0.833333333333333,0.916666666666667,0.666666666666667,0.8,0.727272727272727,0.8,0.816666666666667,0.858333333333333,0.603859639855542,0.716666666666667,1,TRUE,TRUE,TRUE,TRUE,FALSE,"green;red;blue;l_22","green;red;blue;l_22","vis_2;vis_1","vis_2","","","vis_1","","ok","",FALSE
350,"uniform_diode_vis_2_mid.csv","uniform_l_22_mid.csv",1000,1000,0.63,152677.098936024,4,4,0.8,0.8,3,2,0.75,0.833333333333333,0.571428571428571,0.666666666666667,0.666666666666667,0.727272727272727,0.775,0.816666666666667,0.509201054874903,0.603859639855542,1,TRUE,TRUE,TRUE,TRUE,FALSE,"green;red;l_22;blue","green;red;l_22;blue","vis_2;vis_1;ir_1","vis_2;vis_1","","","ir_1","","ok","",FALSE
839,"uniform_osr_angle_1_weak.csv","uniform_t_vis_2_mid.csv",1000,1000,0.34,95688.6168826407,4,4,0.8,0.8,3,2,0.75,0.833333333333333,0.571428571428571,0.666666666666667,0.666666666666667,0.727272727272727,0.775,0.816666666666667,0.509201054874903,0.603859639855542,1,TRUE,TRUE,TRUE,TRUE,FALSE,"red;green;blue;l_22","red;green;blue;l_22","vis_2;ir_1;vis_1","vis_2;ir_3","","","ir_1;vis_1","ir_3","ok","",FALSE
128,"uniform_diode_ir_1_mid.csv","uniform_pol_1_strong.csv",1000,1000,0.17,36529.6526668891,4,4,0.8,0.8,4,3,0.666666666666667,0.75,0.5,0.571428571428571,0.615384615384615,0.666666666666667,0.733333333333333,0.775,0.426006433615129,0.509201054874903,1,TRUE,TRUE,TRUE,TRUE,FALSE,"red;green;blue;l_21","red;green;blue;l_21","vis_2;current;vis_1;pol_2","vis_2;current;vis_1","","","pol_2","","ok","",FALSE
554,"uniform_l_11_mid.csv","uniform_v_angle_1_strong.csv",1000,1000,0.25,36238.0247645968,4,4,0.8,0.8,4,3,0.666666666666667,0.75,0.5,0.571428571428571,0.615384615384615,0.666666666666667,0.733333333333333,0.775,0.426006433615129,0.509201054874903,1,TRUE,TRUE,TRUE,TRUE,FALSE,"red;blue;green;l_22","red;blue;green;l_22","vis_2;vis_3;current;ir_1","vis_2;vis_3;current","","","ir_1","","ok","",FALSE
682,"uniform_l_31_mid.csv","uniform_osr_angle_2_weak.csv",1000,1000,0.34,60685.4998231109,4,4,0.8,0.8,4,3,0.666666666666667,0.75,0.5,0.571428571428571,0.615384615384615,0.666666666666667,0.733333333333333,0.775,0.426006433615129,0.509201054874903,1,TRUE,TRUE,TRUE,TRUE,FALSE,"red;blue;green;l_21","red;blue;green;l_21","vis_2;ir_1;vis_1;current","vis_2;ir_1;vis_1","","","current","","ok","",FALSE
808,"uniform_osr_angle_1_strong.csv","uniform_t_vis_2_weak.csv",1000,1000,0.48,112622.637610607,4,4,0.8,0.8,4,3,0.666666666666667,0.75,0.5,0.571428571428571,0.615384615384615,0.666666666666667,0.733333333333333,0.775,0.426006433615129,0.509201054874903,1,TRUE,TRUE,TRUE,TRUE,FALSE,"red;green;blue;l_22","red;green;blue;l_22","vis_2;ir_3;current;ir_1","vis_2;vis_3;ir_3","","","current;ir_1","vis_3","ok","",FALSE
1207,"uniform_t_ir_1_strong.csv","uniform_v_c_strong.csv",1000,1000,0.25,44391.9283118421,4,4,0.8,0.8,4,3,0.666666666666667,0.75,0.5,0.571428571428571,0.615384615384615,0.666666666666667,0.733333333333333,0.775,0.426006433615129,0.509201054874903,1,TRUE,TRUE,TRUE,TRUE,FALSE,"red;blue;green;l_21","red;blue;green;l_21","vis_2;current;vis_3;vis_1","vis_2;current;vis_3","","","vis_1","","ok","",FALSE
127,"uniform_diode_ir_1_mid.csv","uniform_pol_1_mid.csv",1000,1000,0.39,70719.3371118679,4,4,0.8,0.8,5,4,0.583333333333333,0.666666666666667,0.444444444444444,0.5,0.571428571428571,0.615384615384615,0.691666666666667,0.733333333333333,0.349933856183856,0.426006433615129,1,TRUE,TRUE,TRUE,TRUE,FALSE,"red;blue;green;l_21","red;blue;green;l_21","vis_2;vis_1;current;l_12;ir_3","vis_2;vis_1;current;l_12","","","ir_3","","ok","",FALSE
135,"uniform_diode_ir_1_mid.csv","uniform_t_ir_1_weak.csv",1000,1000,0.56,98029.7724093389,4,4,0.8,0.8,5,4,0.583333333333333,0.666666666666667,0.444444444444444,0.5,0.571428571428571,0.615384615384615,0.691666666666667,0.733333333333333,0.349933856183856,0.426006433615129,1,TRUE,TRUE,TRUE,TRUE,FALSE,"red;green;blue;l_21","red;green;blue;l_21","vis_2;vis_1;l_32;ir_1;current","vis_2;vis_1;l_32;ir_1","","","current","","ok","",FALSE
184,"uniform_diode_ir_1_strong.csv","uniform_t_ir_1_weak.csv",1000,1000,0.13,290293.523271143,4,4,0.8,0.8,5,4,0.583333333333333,0.666666666666667,0.444444444444444,0.5,0.571428571428571,0.615384615384615,0.691666666666667,0.733333333333333,0.349933856183856,0.426006433615129,1,TRUE,TRUE,TRUE,TRUE,FALSE,"red;blue;green;l_22","red;blue;green;l_22","vis_2;vis_1;l_32;pol_1;current","vis_2;vis_1;l_32;pol_1","","","current","","ok","",FALSE
532,"uniform_l_11_mid.csv","uniform_pol_1_mid.csv",1000,1000,0.07,40427.603828137,4,4,0.8,0.8,5,4,0.583333333333333,0.666666666666667,0.444444444444444,0.5,0.571428571428571,0.615384615384615,0.691666666666667,0.733333333333333,0.349933856183856,0.426006433615129,1,TRUE,TRUE,TRUE,TRUE,FALSE,"red;blue;green;l_22","red;blue;green;l_22","vis_2;vis_1;ir_1;current;vis_3","vis_2;vis_1;ir_1;current","","","vis_3","","ok","",FALSE
630,"uniform_l_21_mid.csv","uniform_t_vis_3_strong.csv",1000,1000,0.51,30764.5632023438,4,4,0.8,0.8,5,4,0.583333333333333,0.666666666666667,0.444444444444444,0.5,0.571428571428571,0.615384615384615,0.691666666666667,0.733333333333333,0.349933856183856,0.426006433615129,1,TRUE,TRUE,TRUE,TRUE,FALSE,"red;l_21;blue;green","red;l_21;blue;green","vis_2;current;ir_1;vis_1;ir_3","vis_2;current;ir_1;vis_1","","","ir_3","","ok","",FALSE
632,"uniform_l_21_mid.csv","uniform_v_angle_1_mid.csv",1000,1000,0.28,73729.3837363871,4,4,0.8,0.8,5,4,0.583333333333333,0.666666666666667,0.444444444444444,0.5,0.571428571428571,0.615384615384615,0.691666666666667,0.733333333333333,0.349933856183856,0.426006433615129,1,TRUE,TRUE,TRUE,TRUE,FALSE,"red;l_21;blue;green","red;l_21;blue;green","vis_2;current;ir_1;vis_1;vis_3","vis_2;current;ir_1;l_12","","","vis_1;vis_3","l_12","ok","",FALSE
655,"uniform_l_22_mid.csv","uniform_t_ir_1_mid.csv",1000,1000,0.16,46541.985073136,4,4,0.8,0.8,5,4,0.583333333333333,0.666666666666667,0.444444444444444,0.5,0.571428571428571,0.615384615384615,0.691666666666667,0.733333333333333,0.349933856183856,0.426006433615129,1,TRUE,TRUE,TRUE,TRUE,FALSE,"red;blue;green;l_22","red;blue;green;l_22","vis_2;vis_3;current;ir_3;vis_1","vis_2;vis_3;current;ir_3","","","vis_1","","ok","",FALSE
661,"uniform_l_22_mid.csv","uniform_t_vis_1_mid.csv",1000,1000,0.07,87580.8253721689,4,4,0.8,0.8,5,4,0.583333333333333,0.666666666666667,0.444444444444444,0.5,0.571428571428571,0.615384615384615,0.691666666666667,0.733333333333333,0.349933856183856,0.426006433615129,1,TRUE,TRUE,TRUE,TRUE,FALSE,"red;blue;green;l_22","red;blue;green;l_22","vis_2;vis_3;current;ir_1;ir_3","vis_2;vis_3;current;ir_1","","","ir_3","","ok","",FALSE
717,"uniform_l_32_mid.csv","uniform_osr_angle_2_strong.csv",1000,1000,0.04,30473.9746849827,4,4,0.8,0.8,5,4,0.583333333333333,0.666666666666667,0.444444444444444,0.5,0.571428571428571,0.615384615384615,0.691666666666667,0.733333333333333,0.349933856183856,0.426006433615129,1,TRUE,TRUE,TRUE,TRUE,FALSE,"red;blue;green;l_21","red;blue;green;l_21","vis_2;current;vis_3;ir_3;ir_1","vis_2;current;vis_3;ir_3","","","ir_1","","ok","",FALSE
733,"uniform_l_32_mid.csv","uniform_t_ir_3_weak.csv",1000,1000,0.14,73265.1957502227,4,4,0.8,0.8,5,4,0.583333333333333,0.666666666666667,0.444444444444444,0.5,0.571428571428571,0.615384615384615,0.691666666666667,0.733333333333333,0.349933856183856,0.426006433615129,1,TRUE,TRUE,TRUE,TRUE,FALSE,"red;blue;green;l_21","red;blue;green;l_21","vis_2;ir_1;vis_1;vis_3;current","vis_2;ir_1;vis_1;vis_3","","","current","","ok","",FALSE
799,"uniform_osr_angle_1_strong.csv","uniform_t_ir_1_weak.csv",1000,1000,0.09,55586.5123538107,4,4,0.8,0.8,5,4,0.583333333333333,0.666666666666667,0.444444444444444,0.5,0.571428571428571,0.615384615384615,0.691666666666667,0.733333333333333,0.349933856183856,0.426006433615129,1,TRUE,TRUE,TRUE,TRUE,FALSE,"red;blue;green;l_22","red;blue;green;l_22","vis_2;vis_1;current;ir_1;vis_3","vis_2;vis_1;current;ir_1","","","vis_3","","ok","",FALSE
824,"uniform_osr_angle_1_weak.csv","uniform_pol_1_mid.csv",1000,1000,0.17,45004.789777972,4,4,0.8,0.8,5,4,0.583333333333333,0.666666666666667,0.444444444444444,0.5,0.571428571428571,0.615384615384615,0.691666666666667,0.733333333333333,0.349933856183856,0.426006433615129,1,TRUE,TRUE,TRUE,TRUE,FALSE,"red;blue;green;l_22","red;blue;green;l_22","vis_2;vis_1;ir_1;current;vis_3","vis_2;vis_1;ir_1;current","","","vis_3","","ok","",FALSE
863,"uniform_osr_angle_2_mid.csv","uniform_t_ir_1_strong.csv",1000,1000,0.14,137264.027777144,4,4,0.8,0.8,5,4,0.583333333333333,0.666666666666667,0.444444444444444,0.5,0.571428571428571,0.615384615384615,0.691666666666667,0.733333333333333,0.349933856183856,0.426006433615129,1,TRUE,TRUE,TRUE,TRUE,FALSE,"red;blue;green;l_21","red;blue;green;l_21","vis_2;vis_3;vis_1;ir_3;current","vis_2;vis_3;vis_1;ir_3","","","current","","ok","",FALSE
1189,"uniform_t_ir_1_strong.csv","uniform_t_ir_1_weak.csv",1000,1000,0.17,61689.3531196246,4,4,0.8,0.8,5,4,0.583333333333333,0.666666666666667,0.444444444444444,0.5,0.571428571428571,0.615384615384615,0.691666666666667,0.733333333333333,0.349933856183856,0.426006433615129,1,TRUE,TRUE,TRUE,TRUE,FALSE,"red;blue;green;l_22","red;blue;green;l_22","vis_2;vis_1;current;vis_3;ir_3","vis_2;vis_1;current;vis_3","","","ir_3","","ok","",FALSE
380,"uniform_diode_vis_2_mid.csv","uniform_t_vis_3_mid.csv",1000,1000,0.22,104105.292627668,4,4,0.8,0.8,6,5,0.5,0.583333333333333,0.4,0.444444444444444,0.533333333333333,0.571428571428571,0.65,0.691666666666667,0.277746029931765,0.349933856183856,1,TRUE,TRUE,TRUE,TRUE,FALSE,"red;green;blue;l_22","red;green;blue;l_22","vis_2;vis_3;ir_3;vis_1;ir_1;current","vis_2;vis_3;ir_3;vis_1;ir_1","","","current","","ok","",FALSE
478,"uniform_green_strong.csv","uniform_l_21_mid.csv",1000,1000,0.19,41275.1420039817,4,4,0.8,0.8,6,5,0.5,0.583333333333333,0.4,0.444444444444444,0.533333333333333,0.571428571428571,0.65,0.691666666666667,0.277746029931765,0.349933856183856,1,TRUE,TRUE,TRUE,TRUE,FALSE,"red;l_21;blue;green","red;l_21;blue;green","vis_2;vis_1;ir_1;current;vis_3;ir_3","vis_2;vis_1;ir_1;current;vis_3","","","ir_3","","ok","",FALSE
559,"uniform_l_12_mid.csv","uniform_l_21_mid.csv",1000,1000,0.37,50608.3448016203,4,4,0.8,0.8,6,5,0.5,0.583333333333333,0.4,0.444444444444444,0.533333333333333,0.571428571428571,0.65,0.691666666666667,0.277746029931765,0.349933856183856,1,TRUE,TRUE,TRUE,TRUE,FALSE,"red;l_21;blue;green","red;l_21;blue;green","vis_2;current;ir_1;l_12;vis_3;vis_1","vis_2;current;ir_1;l_12;vis_3","","","vis_1","","ok","",FALSE
613,"uniform_l_21_mid.csv","uniform_pol_2_mid.csv",1000,1000,0.03,32605.1145110781,4,4,0.8,0.8,6,5,0.5,0.583333333333333,0.4,0.444444444444444,0.533333333333333,0.571428571428571,0.65,0.691666666666667,0.277746029931765,0.349933856183856,1,TRUE,TRUE,TRUE,TRUE,FALSE,"red;blue;l_21;green","red;blue;l_21;green","vis_2;vis_1;current;pol_2;ir_1;ir_3","vis_2;vis_1;current;pol_2;ir_1","","","ir_3","","ok","",FALSE
617,"uniform_l_21_mid.csv","uniform_t_ir_1_mid.csv",1000,1000,0.33,40626.5204330279,4,4,0.8,0.8,6,5,0.5,0.583333333333333,0.4,0.444444444444444,0.533333333333333,0.571428571428571,0.65,0.691666666666667,0.277746029931765,0.349933856183856,1,TRUE,TRUE,TRUE,TRUE,FALSE,"red;l_21;blue;green","red;l_21;blue;green","vis_2;current;vis_3;ir_1;ir_3;vis_1","vis_2;current;vis_3;ir_1;ir_3","","","vis_1","","ok","",FALSE
645,"uniform_l_22_mid.csv","uniform_osr_angle_2_weak.csv",1000,1000,0.18,57413.7188270386,4,4,0.8,0.8,6,5,0.5,0.583333333333333,0.4,0.444444444444444,0.533333333333333,0.571428571428571,0.65,0.691666666666667,0.277746029931765,0.349933856183856,1,TRUE,TRUE,TRUE,TRUE,FALSE,"red;blue;green;l_22","red;blue;green;l_22","vis_2;ir_1;vis_1;current;l_11;ir_3","vis_2;ir_1;vis_1;current;l_31","","","l_11;ir_3","l_31","ok","",FALSE
672,"uniform_l_22_mid.csv","uniform_v_angle_2_mid.csv",1000,1000,0.16,44087.050638512,4,4,0.8,0.8,6,5,0.5,0.583333333333333,0.4,0.444444444444444,0.533333333333333,0.571428571428571,0.65,0.691666666666667,0.277746029931765,0.349933856183856,1,TRUE,TRUE,TRUE,TRUE,FALSE,"red;blue;green;l_22","red;blue;green;l_22","vis_2;ir_1;vis_1;vis_3;ir_3;current","vis_2;ir_1;vis_1;vis_3;ir_3","","","current","","ok","",FALSE
727,"uniform_l_32_mid.csv","uniform_red_strong.csv",1000,1000,0.18,30090.8371586878,4,4,0.8,0.8,6,5,0.5,0.583333333333333,0.4,0.444444444444444,0.533333333333333,0.571428571428571,0.65,0.691666666666667,0.277746029931765,0.349933856183856,1,TRUE,TRUE,TRUE,TRUE,FALSE,"red;blue;green;l_21","red;blue;green;l_21","vis_2;ir_1;vis_3;vis_1;ir_3;current","vis_2;ir_1;vis_3;vis_1;ir_3","","","current","","ok","",FALSE
729,"uniform_l_32_mid.csv","uniform_t_ir_1_strong.csv",1000,1000,0.35,28860.9879936132,4,4,0.8,0.8,6,5,0.5,0.583333333333333,0.4,0.444444444444444,0.533333333333333,0.571428571428571,0.65,0.691666666666667,0.277746029931765,0.349933856183856,1,TRUE,TRUE,TRUE,TRUE,FALSE,"red;blue;green;l_21","red;blue;green;l_21","vis_2;current;vis_3;l_31;vis_1;ir_3","vis_2;current;vis_3;l_31;l_11","","","vis_1;ir_3","l_11","ok","",FALSE
753,"uniform_osr_angle_1_mid.csv","uniform_osr_angle_2_weak.csv",1000,1000,0.11,61282.5241114288,4,4,0.8,0.8,6,5,0.5,0.583333333333333,0.4,0.444444444444444,0.533333333333333,0.571428571428571,0.65,0.691666666666667,0.277746029931765,0.349933856183856,1,TRUE,TRUE,TRUE,TRUE,FALSE,"red;blue;green;l_21","red;blue;green;l_21","vis_2;vis_1;ir_1;current;vis_3;l_12","vis_2;vis_1;ir_1;current;vis_3","","","l_12","","ok","",FALSE
777,"uniform_osr_angle_1_mid.csv","uniform_t_vis_3_weak.csv",1000,1000,0.33,39063.563753508,4,4,0.8,0.8,6,5,0.5,0.583333333333333,0.4,0.444444444444444,0.533333333333333,0.571428571428571,0.65,0.691666666666667,0.277746029931765,0.349933856183856,1,TRUE,TRUE,TRUE,TRUE,FALSE,"red;blue;green;l_22","red;blue;green;l_22","vis_2;ir_1;vis_1;current;pol_1;vis_3","vis_2;ir_1;vis_1;current;pol_1","","","vis_3","","ok","",FALSE
811,"uniform_osr_angle_1_strong.csv","uniform_t_vis_3_weak.csv",1000,1000,0.23,66705.0877907613,4,4,0.8,0.8,6,5,0.5,0.583333333333333,0.4,0.444444444444444,0.533333333333333,0.571428571428571,0.65,0.691666666666667,0.277746029931765,0.349933856183856,1,TRUE,TRUE,TRUE,TRUE,FALSE,"red;green;blue;l_22","red;green;blue;l_22","vis_2;ir_1;vis_1;ir_3;vis_3;current","vis_2;ir_1;vis_1;ir_3;vis_3","","","current","","ok","",FALSE
848,"uniform_osr_angle_1_weak.csv","uniform_v_angle_2_strong.csv",1000,1000,0.25,57471.6855382409,4,4,0.8,0.8,6,5,0.5,0.583333333333333,0.4,0.444444444444444,0.533333333333333,0.571428571428571,0.65,0.691666666666667,0.277746029931765,0.349933856183856,1,TRUE,TRUE,TRUE,TRUE,FALSE,"red;blue;green;l_22","red;blue;green;l_22","vis_2;current;ir_1;vis_1;vis_3;ir_3","vis_2;current;ir_1;vis_1;vis_3","","","ir_3","","ok","",FALSE
1006,"uniform_osr_c_weak.csv","uniform_red_strong.csv",1000,1000,0.38,44143.173693645,4,4,0.8,0.8,6,5,0.5,0.583333333333333,0.4,0.444444444444444,0.533333333333333,0.571428571428571,0.65,0.691666666666667,0.277746029931765,0.349933856183856,1,TRUE,TRUE,TRUE,TRUE,FALSE,"red;blue;l_21;green","red;blue;l_21;green","vis_2;ir_1;vis_3;ir_3;vis_1;l_32","vis_2;ir_1;vis_3;ir_3;vis_1","","","l_32","","ok","",FALSE
373,"uniform_diode_vis_2_mid.csv","uniform_t_ir_3_weak.csv",1000,1000,0.23,119795.646570755,4,4,0.8,0.8,7,6,0.416666666666667,0.5,0.363636363636364,0.4,0.5,0.533333333333333,0.608333333333333,0.65,0.206583561003212,0.277746029931765,1,TRUE,TRUE,TRUE,TRUE,FALSE,"red;green;blue;l_21","red;green;blue;l_21","vis_2;ir_3;vis_3;ir_1;l_32;pol_2;pol_1","vis_2;ir_3;vis_3;ir_1;l_32;pol_2","","","pol_1","","ok","",FALSE
667,"uniform_l_22_mid.csv","uniform_t_vis_3_mid.csv",1000,1000,0.11,37646.5769391357,4,4,0.8,0.8,7,6,0.416666666666667,0.5,0.363636363636364,0.4,0.5,0.533333333333333,0.608333333333333,0.65,0.206583561003212,0.277746029931765,1,TRUE,TRUE,TRUE,TRUE,FALSE,"red;green;blue;l_22","red;green;blue;l_22","vis_2;current;ir_1;vis_1;ir_3;pol_2;pol_1","vis_2;current;ir_1;vis_1;ir_3;pol_2","","","pol_1","","ok","",FALSE
1238,"uniform_t_ir_3_mid.csv","uniform_v_angle_1_strong.csv",1000,1000,0.45,85828.3629192491,3,3,0.6,0.6,2,1,0.833333333333333,0.916666666666667,0.6,0.75,0.6,0.666666666666667,0.716666666666667,0.758333333333333,0.433333333333333,0.554989027380561,1,TRUE,TRUE,TRUE,TRUE,FALSE,"red;blue;green","red;blue;green","vis_2;vis_3","vis_2","","","vis_3","","ok","",FALSE
1319,"uniform_t_vis_2_mid.csv","uniform_v_angle_1_strong.csv",1000,1000,0.2,158341.170273916,3,3,0.6,0.6,2,1,0.833333333333333,0.916666666666667,0.6,0.75,0.6,0.666666666666667,0.716666666666667,0.758333333333333,0.433333333333333,0.554989027380561,1,TRUE,TRUE,TRUE,TRUE,FALSE,"red;green;blue","red;green;blue","vis_2;vis_1","vis_2","","","vis_1","","ok","",FALSE
43,"uniform_blue_mid.csv","uniform_t_vis_2_weak.csv",1000,1000,0.21,109543.904692791,3,3,0.6,0.6,3,2,0.75,0.833333333333333,0.5,0.6,0.545454545454545,0.6,0.675,0.716666666666667,0.333711906235957,0.433333333333333,1,TRUE,TRUE,TRUE,TRUE,FALSE,"red;green;blue","red;green;blue","vis_2;current;vis_3","vis_2;current","","","vis_3","","ok","",FALSE
447,"uniform_green_mid.csv","uniform_osr_c_strong.csv",1000,1000,0.1,87438.097550566,3,3,0.6,0.6,3,2,0.75,0.833333333333333,0.5,0.6,0.545454545454545,0.6,0.675,0.716666666666667,0.333711906235957,0.433333333333333,1,TRUE,TRUE,TRUE,TRUE,FALSE,"red;blue;green","red;blue;green","vis_2;vis_1;ir_1","vis_2;vis_1","","","ir_1","","ok","",FALSE
902,"uniform_osr_angle_2_strong.csv","uniform_t_vis_2_mid.csv",1000,1000,0.27,107060.69806009,3,3,0.6,0.6,3,2,0.75,0.833333333333333,0.5,0.6,0.545454545454545,0.6,0.675,0.716666666666667,0.333711906235957,0.433333333333333,1,TRUE,TRUE,TRUE,TRUE,FALSE,"red;green;blue","red;green;blue","vis_2;ir_3;ir_1","vis_2;ir_3","","","ir_1","","ok","",FALSE
1055,"uniform_pol_1_strong.csv","uniform_pol_2_strong.csv",1000,1000,0.07,66719.2760035029,3,3,0.6,0.6,3,2,0.75,0.833333333333333,0.5,0.6,0.545454545454545,0.6,0.675,0.716666666666667,0.333711906235957,0.433333333333333,1,TRUE,TRUE,TRUE,TRUE,FALSE,"red;blue;green","red;blue;green","vis_2;current;vis_1","vis_2;current","","","vis_1","","ok","",FALSE
1062,"uniform_pol_1_strong.csv","uniform_t_ir_3_strong.csv",1000,1000,0.17,80594.691090868,3,3,0.6,0.6,3,2,0.75,0.833333333333333,0.5,0.6,0.545454545454545,0.6,0.675,0.716666666666667,0.333711906235957,0.433333333333333,1,TRUE,TRUE,TRUE,TRUE,FALSE,"red;green;blue","red;green;blue","vis_2;vis_1;vis_3","vis_2;vis_1","","","vis_3","","ok","",FALSE
1063,"uniform_pol_1_strong.csv","uniform_t_ir_3_weak.csv",1000,1000,0.44,127693.871095695,3,3,0.6,0.6,3,2,0.75,0.833333333333333,0.5,0.6,0.545454545454545,0.6,0.675,0.716666666666667,0.333711906235957,0.433333333333333,1,TRUE,TRUE,TRUE,TRUE,FALSE,"red;blue;green","red;blue;green","vis_2;vis_1;vis_3","vis_2;vis_1","","","vis_3","","ok","",FALSE
1073,"uniform_pol_1_strong.csv","uniform_v_angle_1_mid.csv",1000,1000,0.63,32347.7104096683,3,3,0.6,0.6,3,2,0.75,0.833333333333333,0.5,0.6,0.545454545454545,0.6,0.675,0.716666666666667,0.333711906235957,0.433333333333333,1,TRUE,TRUE,TRUE,TRUE,FALSE,"red;green;blue","red;green;blue","vis_2;current;vis_1","vis_2;current","","","vis_1","","ok","",FALSE
1078,"uniform_pol_1_strong.csv","uniform_v_c_strong.csv",1000,1000,0.97,39872.8968444113,3,3,0.6,0.6,3,2,0.75,0.833333333333333,0.5,0.6,0.545454545454545,0.6,0.675,0.716666666666667,0.333711906235957,0.433333333333333,1,TRUE,TRUE,TRUE,TRUE,FALSE,"red;blue;green","red;blue;green","vis_2;current;vis_1","vis_2;current","","","vis_1","","ok","",FALSE
1098,"uniform_pol_2_mid.csv","uniform_v_angle_1_strong.csv",1000,1000,0.14,26081.5158911705,3,3,0.6,0.6,3,2,0.75,0.833333333333333,0.5,0.6,0.545454545454545,0.6,0.675,0.716666666666667,0.333711906235957,0.433333333333333,1,TRUE,TRUE,TRUE,TRUE,FALSE,"red;blue;green","red;blue;green","vis_2;vis_1;ir_1","vis_2;vis_1","","","ir_1","","ok","",FALSE
1190,"uniform_t_ir_1_strong.csv","uniform_t_ir_3_mid.csv",1000,1000,0.13,33745.989038025,3,3,0.6,0.6,3,2,0.75,0.833333333333333,0.5,0.6,0.545454545454545,0.6,0.675,0.716666666666667,0.333711906235957,0.433333333333333,1,TRUE,TRUE,TRUE,TRUE,FALSE,"red;blue;green","red;blue;green","vis_2;vis_1;ir_1","vis_2;vis_1","","","ir_1","","ok","",FALSE
1197,"uniform_t_ir_1_strong.csv","uniform_t_vis_2_strong.csv",1000,1000,0.84,94806.0826502395,3,3,0.6,0.6,3,2,0.75,0.833333333333333,0.5,0.6,0.545454545454545,0.6,0.675,0.716666666666667,0.333711906235957,0.433333333333333,1,TRUE,TRUE,TRUE,TRUE,FALSE,"red;green;blue","red;green;blue","vis_2;vis_1;ir_1","vis_2;vis_1","","","ir_1","","ok","",FALSE
1228,"uniform_t_ir_3_mid.csv","uniform_t_vis_1_mid.csv",1000,1000,0.18,47100.7492754827,3,3,0.6,0.6,3,2,0.75,0.833333333333333,0.5,0.6,0.545454545454545,0.6,0.675,0.716666666666667,0.333711906235957,0.433333333333333,1,TRUE,TRUE,TRUE,TRUE,FALSE,"red;blue;green","red;blue;green","vis_2;l_31;vis_3","vis_2;l_31","","","vis_3","","ok","",FALSE
1246,"uniform_t_ir_3_strong.csv","uniform_t_vis_1_weak.csv",1000,1000,0.12,39625.7535683301,3,3,0.6,0.6,3,2,0.75,0.833333333333333,0.5,0.6,0.545454545454545,0.6,0.675,0.716666666666667,0.333711906235957,0.433333333333333,1,TRUE,TRUE,TRUE,TRUE,FALSE,"red;blue;green","red;blue;green","vis_2;vis_3;vis_1","vis_2;vis_3","","","vis_1","","ok","",FALSE
1321,"uniform_t_vis_2_mid.csv","uniform_v_angle_2_strong.csv",1000,1000,0.17,80729.855785947,3,3,0.6,0.6,3,2,0.75,0.833333333333333,0.5,0.6,0.545454545454545,0.6,0.675,0.716666666666667,0.333711906235957,0.433333333333333,1,TRUE,TRUE,TRUE,TRUE,FALSE,"red;green;blue","red;green;blue","vis_2;ir_3;ir_1","vis_2;ir_3","","","ir_1","","ok","",FALSE
1337,"uniform_t_vis_2_weak.csv","uniform_v_angle_1_mid.csv",1000,1000,0.35,128114.626687697,3,3,0.6,0.6,3,2,0.75,0.833333333333333,0.5,0.6,0.545454545454545,0.6,0.675,0.716666666666667,0.333711906235957,0.433333333333333,1,TRUE,TRUE,TRUE,TRUE,FALSE,"red;green;blue","red;green;blue","vis_2;ir_1;vis_3","vis_2;ir_1","","","vis_3","","ok","",FALSE
1371,"uniform_v_angle_1_strong.csv","uniform_v_c_mid.csv",1000,1000,0.16,165178.869053477,3,3,0.6,0.6,3,2,0.75,0.833333333333333,0.5,0.6,0.545454545454545,0.6,0.675,0.716666666666667,0.333711906235957,0.433333333333333,1,TRUE,TRUE,TRUE,TRUE,FALSE,"red;blue;green","red;blue;green","vis_2;vis_3;ir_1","vis_2;vis_3","","","ir_1","","ok","",FALSE
207,"uniform_diode_ir_3_mid.csv","uniform_green_mid.csv",1000,1000,0.71,308494.29131069,3,3,0.6,0.6,4,3,0.666666666666667,0.75,0.428571428571429,0.5,0.5,0.545454545454545,0.633333333333333,0.675,0.246885359939347,0.333711906235957,1,TRUE,TRUE,TRUE,TRUE,FALSE,"red;green;blue","red;green;blue","vis_2;vis_3;vis_1;ir_3","vis_2;vis_3;vis_1","","","ir_3","","ok","",FALSE
249,"uniform_diode_ir_3_mid.csv","uniform_v_c_mid.csv",1000,1000,0.75,80023.9448149774,3,3,0.6,0.6,4,3,0.666666666666667,0.75,0.428571428571429,0.5,0.5,0.545454545454545,0.633333333333333,0.675,0.246885359939347,0.333711906235957,1,TRUE,TRUE,TRUE,TRUE,FALSE,"red;green;blue","red;green;blue","vis_2;vis_3;ir_1;vis_1","vis_2;vis_3;ir_1","","","vis_1","","ok","",FALSE
342,"uniform_diode_vis_1_mid.csv","uniform_v_c_mid.csv",1000,1000,0.18,57715.5813420234,3,3,0.6,0.6,4,3,0.666666666666667,0.75,0.428571428571429,0.5,0.5,0.545454545454545,0.633333333333333,0.675,0.246885359939347,0.333711906235957,1,TRUE,TRUE,TRUE,TRUE,FALSE,"red;green;blue","red;green;blue","vis_2;vis_3;ir_1;ir_3","vis_2;vis_3;ir_1","","","ir_3","","ok","",FALSE
351,"uniform_diode_vis_2_mid.csv","uniform_l_31_mid.csv",1000,1000,0.72,103754.336213241,3,3,0.6,0.6,4,3,0.666666666666667,0.75,0.428571428571429,0.5,0.5,0.545454545454545,0.633333333333333,0.675,0.246885359939347,0.333711906235957,1,TRUE,TRUE,TRUE,TRUE,FALSE,"red;green;blue","red;green;blue","vis_2;l_31;ir_1;current","vis_2;l_31;ir_1","","","current","","ok","",FALSE
360,"uniform_diode_vis_2_mid.csv","uniform_osr_c_strong.csv",1000,1000,0.22,161147.868441621,3,3,0.6,0.6,4,3,0.666666666666667,0.75,0.428571428571429,0.5,0.5,0.545454545454545,0.633333333333333,0.675,0.246885359939347,0.333711906235957,1,TRUE,TRUE,TRUE,TRUE,FALSE,"green;red;blue","green;red;blue","vis_2;ir_3;vis_1;pol_1","vis_2;ir_3;vis_1","","","pol_1","","ok","",FALSE
418,"uniform_diode_vis_3_mid.csv","uniform_t_vis_1_mid.csv",1000,1000,0.79,34043.2582118387,3,3,0.6,0.6,4,3,0.666666666666667,0.75,0.428571428571429,0.5,0.5,0.545454545454545,0.633333333333333,0.675,0.246885359939347,0.333711906235957,1,TRUE,TRUE,TRUE,TRUE,FALSE,"red;blue;green","red;blue;green","vis_2;pol_2;current;vis_3","vis_2;pol_2;current","","","vis_3","","ok","",FALSE
443,"uniform_green_mid.csv","uniform_osr_angle_2_mid.csv",1000,1000,0.32,55829.4852137843,3,3,0.6,0.6,4,3,0.666666666666667,0.75,0.428571428571429,0.5,0.5,0.545454545454545,0.633333333333333,0.675,0.246885359939347,0.333711906235957,1,TRUE,TRUE,TRUE,TRUE,FALSE,"red;blue;green","red;blue;green","vis_2;vis_1;ir_1;ir_3","vis_2;vis_1;ir_1","","","ir_3","","ok","",FALSE
463,"uniform_green_mid.csv","uniform_t_vis_1_weak.csv",1000,1000,0.69,102823.200918785,3,3,0.6,0.6,4,3,0.666666666666667,0.75,0.428571428571429,0.5,0.5,0.545454545454545,0.633333333333333,0.675,0.246885359939347,0.333711906235957,1,TRUE,TRUE,TRUE,TRUE,FALSE,"red;blue;green","red;blue;green","vis_2;vis_3;ir_3;vis_1","vis_2;vis_3;ir_3","","","vis_1","","ok","",FALSE
543,"uniform_l_11_mid.csv","uniform_t_ir_3_weak.csv",1000,1000,0.36,82469.8577663943,3,3,0.6,0.6,4,3,0.666666666666667,0.75,0.428571428571429,0.5,0.5,0.545454545454545,0.633333333333333,0.675,0.246885359939347,0.333711906235957,1,TRUE,TRUE,TRUE,TRUE,FALSE,"red;blue;green","red;blue;green","vis_2;ir_1;vis_1;vis_3","vis_2;ir_1;vis_1","","","vis_3","","ok","",FALSE
587,"uniform_l_12_mid.csv","uniform_t_vis_2_mid.csv",1000,1000,0.4,123853.57295327,3,3,0.6,0.6,4,3,0.666666666666667,0.75,0.428571428571429,0.5,0.5,0.545454545454545,0.633333333333333,0.675,0.246885359939347,0.333711906235957,1,TRUE,TRUE,TRUE,TRUE,FALSE,"red;green;blue","red;green;blue","vis_2;l_12;ir_1;vis_1","vis_2;l_12;ir_1","","","vis_1","","ok","",FALSE
615,"uniform_l_21_mid.csv","uniform_red_mid.csv",1000,1000,0.24,103683.051919194,3,3,0.6,0.6,4,3,0.666666666666667,0.75,0.428571428571429,0.5,0.5,0.545454545454545,0.633333333333333,0.675,0.246885359939347,0.333711906235957,1,TRUE,TRUE,TRUE,TRUE,FALSE,"red;l_21;blue","red;l_21;blue","vis_2;vis_1;ir_1;current","vis_2;vis_1;l_12","","","ir_1;current","l_12","ok","",FALSE
762,"uniform_osr_angle_1_mid.csv","uniform_red_strong.csv",1000,1000,0.65,28858.8512697904,3,3,0.6,0.6,4,3,0.666666666666667,0.75,0.428571428571429,0.5,0.5,0.545454545454545,0.633333333333333,0.675,0.246885359939347,0.333711906235957,1,TRUE,TRUE,TRUE,TRUE,FALSE,"red;blue;green","red;blue;green","vis_2;vis_3;ir_3;ir_1","vis_2;vis_3;ir_3","","","ir_1","","ok","",FALSE
774,"uniform_osr_angle_1_mid.csv","uniform_t_vis_2_weak.csv",1000,1000,0.12,107528.160270944,3,3,0.6,0.6,4,3,0.666666666666667,0.75,0.428571428571429,0.5,0.5,0.545454545454545,0.633333333333333,0.675,0.246885359939347,0.333711906235957,1,TRUE,TRUE,TRUE,TRUE,FALSE,"red;green;blue","red;green;blue","vis_2;ir_1;current;vis_1","vis_2;ir_1;current","","","vis_1","","ok","",FALSE
800,"uniform_osr_angle_1_strong.csv","uniform_t_ir_3_mid.csv",1000,1000,0.27,43233.0970271641,3,3,0.6,0.6,4,3,0.666666666666667,0.75,0.428571428571429,0.5,0.5,0.545454545454545,0.633333333333333,0.675,0.246885359939347,0.333711906235957,1,TRUE,TRUE,TRUE,TRUE,FALSE,"red;blue;green","red;blue;green","vis_2;vis_1;vis_3;ir_1","vis_2;vis_1;vis_3","","","ir_1","","ok","",FALSE
836,"uniform_osr_angle_1_weak.csv","uniform_t_vis_1_mid.csv",1000,1000,0.85,33230.3051445976,3,3,0.6,0.6,4,3,0.666666666666667,0.75,0.428571428571429,0.5,0.5,0.545454545454545,0.633333333333333,0.675,0.246885359939347,0.333711906235957,1,TRUE,TRUE,TRUE,TRUE,FALSE,"red;blue;green","red;blue;green","vis_2;current;vis_3;ir_3","vis_2;current;vis_3","","","ir_3","","ok","",FALSE
945,"uniform_osr_c_mid.csv","uniform_osr_c_weak.csv",1000,1000,0.13,86457.268952338,3,3,0.6,0.6,4,3,0.666666666666667,0.75,0.428571428571429,0.5,0.5,0.545454545454545,0.633333333333333,0.675,0.246885359939347,0.333711906235957,1,TRUE,TRUE,TRUE,TRUE,FALSE,"red;blue;green","red;blue;green","vis_2;vis_3;ir_3;vis_1","vis_2;vis_3;ir_3","","","vis_1","","ok","",FALSE
957,"uniform_osr_c_mid.csv","uniform_t_ir_3_weak.csv",1000,1000,0.19,41923.5979736144,3,3,0.6,0.6,4,3,0.666666666666667,0.75,0.428571428571429,0.5,0.5,0.545454545454545,0.633333333333333,0.675,0.246885359939347,0.333711906235957,1,TRUE,TRUE,TRUE,TRUE,FALSE,"red;blue;green","red;blue;green","vis_2;vis_1;ir_1;vis_3","vis_2;vis_1;ir_1","","","vis_3","","ok","",FALSE
962,"uniform_osr_c_mid.csv","uniform_t_vis_2_strong.csv",1000,1000,0.18,100226.643732095,3,3,0.6,0.6,4,3,0.666666666666667,0.75,0.428571428571429,0.5,0.5,0.545454545454545,0.633333333333333,0.675,0.246885359939347,0.333711906235957,1,TRUE,TRUE,TRUE,TRUE,FALSE,"red;green;blue","red;green;blue","vis_2;pol_2;ir_1;vis_1","vis_2;pol_2;vis_3","","","ir_1;vis_1","vis_3","ok","",FALSE
1053,"uniform_pol_1_mid.csv","uniform_v_c_strong.csv",1000,1000,0.15,53243.7082311826,3,3,0.6,0.6,4,3,0.666666666666667,0.75,0.428571428571429,0.5,0.5,0.545454545454545,0.633333333333333,0.675,0.246885359939347,0.333711906235957,1,TRUE,TRUE,TRUE,TRUE,FALSE,"red;blue;green","red;blue;green","vis_2;vis_1;current;ir_1","vis_2;vis_1;current","","","ir_1","","ok","",FALSE
1057,"uniform_pol_1_strong.csv","uniform_red_strong.csv",1000,1000,0.49,28441.0239639139,3,3,0.6,0.6,4,3,0.666666666666667,0.75,0.428571428571429,0.5,0.5,0.545454545454545,0.633333333333333,0.675,0.246885359939347,0.333711906235957,1,TRUE,TRUE,TRUE,TRUE,FALSE,"red;blue;green","red;blue;green","vis_2;vis_1;ir_1;pol_1","vis_2;vis_1;ir_1","","","pol_1","","ok","",FALSE
1170,"uniform_t_ir_1_mid.csv","uniform_t_ir_1_weak.csv",1000,1000,0.26,67254.2113058211,3,3,0.6,0.6,4,3,0.666666666666667,0.75,0.428571428571429,0.5,0.5,0.545454545454545,0.633333333333333,0.675,0.246885359939347,0.333711906235957,1,TRUE,TRUE,TRUE,TRUE,FALSE,"red;blue;green","red;blue;green","vis_2;current;vis_1;vis_3","vis_2;current;vis_1","","","vis_3","","ok","",FALSE
1227,"uniform_t_ir_3_mid.csv","uniform_t_ir_3_weak.csv",1000,1000,0.15,50628.0356347124,3,3,0.6,0.6,4,3,0.666666666666667,0.75,0.428571428571429,0.5,0.5,0.545454545454545,0.633333333333333,0.675,0.246885359939347,0.333711906235957,1,TRUE,TRUE,TRUE,TRUE,FALSE,"red;blue;green","red;blue;green","vis_2;vis_3;vis_1;ir_1","vis_2;vis_3;vis_1","","","ir_1","","ok","",FALSE
1247,"uniform_t_ir_3_strong.csv","uniform_t_vis_2_mid.csv",1000,1000,0.37,112477.915539807,3,3,0.6,0.6,4,3,0.666666666666667,0.75,0.428571428571429,0.5,0.5,0.545454545454545,0.633333333333333,0.675,0.246885359939347,0.333711906235957,1,TRUE,TRUE,TRUE,TRUE,FALSE,"red;green;blue","red;green;blue","vis_2;ir_3;vis_3;ir_1","vis_2;ir_3;l_12","","","vis_3;ir_1","l_12","ok","",FALSE
1266,"uniform_t_ir_3_weak.csv","uniform_t_vis_3_strong.csv",1000,1000,0.04,57025.0286549864,3,3,0.6,0.6,4,3,0.666666666666667,0.75,0.428571428571429,0.5,0.5,0.545454545454545,0.633333333333333,0.675,0.246885359939347,0.333711906235957,1,TRUE,TRUE,TRUE,TRUE,FALSE,"red;blue;green","red;blue;green","vis_2;vis_1;ir_1;ir_3","vis_2;vis_1;ir_1","","","ir_3","","ok","",FALSE
1286,"uniform_t_vis_1_mid.csv","uniform_v_c_mid.csv",1000,1000,0.1,36842.3568729326,3,3,0.6,0.6,4,3,0.666666666666667,0.75,0.428571428571429,0.5,0.5,0.545454545454545,0.633333333333333,0.675,0.246885359939347,0.333711906235957,1,TRUE,TRUE,TRUE,TRUE,FALSE,"red;blue;green","red;blue;green","vis_2;vis_3;vis_1;ir_1","vis_2;vis_3;vis_1","","","ir_1","","ok","",FALSE
1364,"uniform_v_angle_1_mid.csv","uniform_v_angle_1_strong.csv",1000,1000,0.16,69594.1205484501,3,3,0.6,0.6,4,3,0.666666666666667,0.75,0.428571428571429,0.5,0.5,0.545454545454545,0.633333333333333,0.675,0.246885359939347,0.333711906235957,1,TRUE,TRUE,TRUE,TRUE,FALSE,"red;blue;green","red;blue;green","vis_2;current;ir_1;vis_3","vis_2;current;ir_1","","","vis_3","","ok","",FALSE
56,"uniform_blue_strong.csv","uniform_diode_ir_3_strong.csv",1000,1000,0.02,68184.9663033545,3,3,0.6,0.6,5,4,0.583333333333333,0.666666666666667,0.375,0.428571428571429,0.461538461538462,0.5,0.591666666666667,0.633333333333333,0.167359670348801,0.246885359939347,1,TRUE,TRUE,TRUE,TRUE,FALSE,"red;green;blue","red;green;blue","vis_2;vis_1;ir_1;vis_3;ir_3","vis_2;vis_1;ir_1;vis_3","","","ir_3","","ok","",FALSE
67,"uniform_blue_strong.csv","uniform_l_32_mid.csv",1000,1000,0.66,133903.045823466,3,3,0.6,0.6,5,4,0.583333333333333,0.666666666666667,0.375,0.428571428571429,0.461538461538462,0.5,0.591666666666667,0.633333333333333,0.167359670348801,0.246885359939347,1,TRUE,TRUE,TRUE,TRUE,FALSE,"red;green;blue","red;green;blue","vis_2;vis_1;vis_3;ir_3;ir_1","vis_2;vis_1;vis_3;ir_3","","","ir_1","","ok","",FALSE
80,"uniform_blue_strong.csv","uniform_pol_2_strong.csv",1000,1000,0.25,107296.60390969,3,3,0.6,0.6,5,4,0.583333333333333,0.666666666666667,0.375,0.428571428571429,0.461538461538462,0.5,0.591666666666667,0.633333333333333,0.167359670348801,0.246885359939347,1,TRUE,TRUE,TRUE,TRUE,FALSE,"red;green;blue","red;green;blue","vis_2;vis_1;current;ir_3;vis_3","vis_2;vis_1;ir_1;current","","","ir_3;vis_3","ir_1","ok","",FALSE
94,"uniform_blue_strong.csv","uniform_t_vis_2_weak.csv",1000,1000,0.14,84166.3418380879,3,3,0.6,0.6,5,4,0.583333333333333,0.666666666666667,0.375,0.428571428571429,0.461538461538462,0.5,0.591666666666667,0.633333333333333,0.167359670348801,0.246885359939347,1,TRUE,TRUE,TRUE,TRUE,FALSE,"red;green;blue","red;green;blue","ir_3;vis_2;vis_1;vis_3;ir_1","ir_3;vis_2;vis_1;vis_3","","","ir_1","","ok","",FALSE
96,"uniform_blue_strong.csv","uniform_t_vis_3_strong.csv",1000,1000,0.31,83971.7502661731,3,3,0.6,0.6,5,4,0.583333333333333,0.666666666666667,0.375,0.428571428571429,0.461538461538462,0.5,0.591666666666667,0.633333333333333,0.167359670348801,0.246885359939347,1,TRUE,TRUE,TRUE,TRUE,FALSE,"red;green;blue","red;green;blue","vis_2;vis_1;vis_3;ir_3;ir_1","vis_2;vis_1;vis_3;ir_3","","","ir_1","","ok","",FALSE
156,"uniform_diode_ir_1_strong.csv","uniform_diode_vis_1_mid.csv",1000,1000,0.11,45866.6957294274,3,3,0.6,0.6,5,4,0.583333333333333,0.666666666666667,0.375,0.428571428571429,0.461538461538462,0.5,0.591666666666667,0.633333333333333,0.167359670348801,0.246885359939347,1,TRUE,TRUE,TRUE,TRUE,FALSE,"red;blue;green","red;blue;green","vis_2;vis_3;vis_1;ir_3;ir_1","vis_2;vis_3;vis_1;ir_3","","","ir_1","","ok","",FALSE
262,"uniform_diode_ir_3_strong.csv","uniform_osr_angle_1_mid.csv",1000,1000,0.36,58937.2168156174,3,3,0.6,0.6,5,4,0.583333333333333,0.666666666666667,0.375,0.428571428571429,0.461538461538462,0.5,0.591666666666667,0.633333333333333,0.167359670348801,0.246885359939347,1,TRUE,TRUE,TRUE,TRUE,FALSE,"red;blue;green","red;blue;green","vis_2;current;vis_3;ir_1;vis_1","vis_2;current;vis_3;ir_1","","","vis_1","","ok","",FALSE
279,"uniform_diode_ir_3_strong.csv","uniform_t_ir_1_weak.csv",1000,1000,0.5,53272.1159180992,3,3,0.6,0.6,5,4,0.583333333333333,0.666666666666667,0.375,0.428571428571429,0.461538461538462,0.5,0.591666666666667,0.633333333333333,0.167359670348801,0.246885359939347,1,TRUE,TRUE,TRUE,TRUE,FALSE,"red;blue;green","red;blue;green","vis_2;current;vis_1;vis_3;l_11","vis_2;current;vis_1;l_31","","","vis_3;l_11","l_31","ok","",FALSE
281,"uniform_diode_ir_3_strong.csv","uniform_t_ir_3_strong.csv",1000,1000,0.19,49168.9450588158,3,3,0.6,0.6,5,4,0.583333333333333,0.666666666666667,0.375,0.428571428571429,0.461538461538462,0.5,0.591666666666667,0.633333333333333,0.167359670348801,0.246885359939347,1,TRUE,TRUE,TRUE,TRUE,FALSE,"red;blue;green","red;blue;green","vis_2;vis_3;pol_2;l_11;current","vis_2;vis_3;pol_2;l_11","","","current","","ok","",FALSE
311,"uniform_diode_vis_1_mid.csv","uniform_osr_angle_2_mid.csv",1000,1000,0.34,67784.5758193594,3,3,0.6,0.6,5,4,0.583333333333333,0.666666666666667,0.375,0.428571428571429,0.461538461538462,0.5,0.591666666666667,0.633333333333333,0.167359670348801,0.246885359939347,1,TRUE,TRUE,TRUE,TRUE,FALSE,"red;blue;green","red;blue;green","vis_2;ir_3;vis_3;ir_1;current","vis_2;ir_3;vis_3;ir_1","","","current","","ok","",FALSE
346,"uniform_diode_vis_2_mid.csv","uniform_green_strong.csv",1000,1000,0.29,38717.5692339292,3,3,0.6,0.6,5,4,0.583333333333333,0.666666666666667,0.375,0.428571428571429,0.461538461538462,0.5,0.591666666666667,0.633333333333333,0.167359670348801,0.246885359939347,1,TRUE,TRUE,TRUE,TRUE,FALSE,"green;red;blue","green;red;blue","vis_2;ir_1;ir_3;vis_3;vis_1","vis_2;ir_1;ir_3;vis_3","","","vis_1","","ok","",FALSE
388,"uniform_diode_vis_2_mid.csv","uniform_v_c_strong.csv",1000,1000,0.41,98573.0899927191,3,3,0.6,0.6,5,4,0.583333333333333,0.666666666666667,0.375,0.428571428571429,0.461538461538462,0.5,0.591666666666667,0.633333333333333,0.167359670348801,0.246885359939347,1,TRUE,TRUE,TRUE,TRUE,FALSE,"red;green;blue","red;green;blue","current;vis_2;vis_1;ir_1;vis_3","current;vis_2;vis_1;ir_1","","","vis_3","","ok","",FALSE
390,"uniform_diode_vis_3_mid.csv","uniform_green_strong.csv",1000,1000,0.18,38290.1999612365,3,3,0.6,0.6,5,4,0.583333333333333,0.666666666666667,0.375,0.428571428571429,0.461538461538462,0.5,0.591666666666667,0.633333333333333,0.167359670348801,0.246885359939347,1,TRUE,TRUE,TRUE,TRUE,FALSE,"red;green;blue","red;green;blue","vis_2;vis_1;ir_1;pol_2;vis_3","vis_2;vis_1;ir_1;pol_2","","","vis_3","","ok","",FALSE
408,"uniform_diode_vis_3_mid.csv","uniform_pol_2_mid.csv",1000,1000,0.18,45764.8731697688,3,3,0.6,0.6,5,4,0.583333333333333,0.666666666666667,0.375,0.428571428571429,0.461538461538462,0.5,0.591666666666667,0.633333333333333,0.167359670348801,0.246885359939347,1,TRUE,TRUE,TRUE,TRUE,FALSE,"red;blue;green","red;blue;green","vis_2;current;vis_1;vis_3;ir_1","vis_2;current;vis_1;vis_3","","","ir_1","","ok","",FALSE
461,"uniform_green_mid.csv","uniform_t_vis_1_mid.csv",1000,1000,0.13,108913.561059529,3,3,0.6,0.6,5,4,0.583333333333333,0.666666666666667,0.375,0.428571428571429,0.461538461538462,0.5,0.591666666666667,0.633333333333333,0.167359670348801,0.246885359939347,1,TRUE,TRUE,TRUE,TRUE,FALSE,"red;blue;green","red;blue;green","vis_2;vis_3;vis_1;ir_3;current","vis_2;vis_3;vis_1;ir_3","","","current","","ok","",FALSE
482,"uniform_green_strong.csv","uniform_osr_angle_1_mid.csv",1000,1000,1.23,35810.3097139429,3,3,0.6,0.6,5,4,0.583333333333333,0.666666666666667,0.375,0.428571428571429,0.461538461538462,0.5,0.591666666666667,0.633333333333333,0.167359670348801,0.246885359939347,1,TRUE,TRUE,TRUE,TRUE,FALSE,"red;green;blue","red;green;blue","vis_2;ir_1;vis_3;vis_1;ir_3","vis_2;ir_1;vis_3;vis_1","","","ir_3","","ok","",FALSE
499,"uniform_green_strong.csv","uniform_t_ir_1_weak.csv",1000,1000,0.38,39505.2515444179,3,3,0.6,0.6,5,4,0.583333333333333,0.666666666666667,0.375,0.428571428571429,0.461538461538462,0.5,0.591666666666667,0.633333333333333,0.167359670348801,0.246885359939347,1,TRUE,TRUE,TRUE,TRUE,FALSE,"red;green;blue","red;green;blue","vis_2;vis_1;vis_3;ir_1;ir_3","vis_2;vis_1;vis_3;ir_1","","","ir_3","","ok","",FALSE
501,"uniform_green_strong.csv","uniform_t_ir_3_strong.csv",1000,1000,0.44,89116.9433429629,3,3,0.6,0.6,5,4,0.583333333333333,0.666666666666667,0.375,0.428571428571429,0.461538461538462,0.5,0.591666666666667,0.633333333333333,0.167359670348801,0.246885359939347,1,TRUE,TRUE,TRUE,TRUE,FALSE,"red;blue;green","red;blue;green","vis_2;vis_3;vis_1;ir_1;ir_3","vis_2;vis_3;vis_1;ir_1","","","ir_3","","ok","",FALSE
512,"uniform_green_strong.csv","uniform_v_angle_1_mid.csv",1000,1000,0.51,24427.4606206002,3,3,0.6,0.6,5,4,0.583333333333333,0.666666666666667,0.375,0.428571428571429,0.461538461538462,0.5,0.591666666666667,0.633333333333333,0.167359670348801,0.246885359939347,1,TRUE,TRUE,TRUE,TRUE,FALSE,"red;green;blue","red;green;blue","vis_2;ir_1;vis_1;vis_3;ir_3","vis_2;ir_1;vis_1;vis_3","","","ir_3","","ok","",FALSE
517,"uniform_green_strong.csv","uniform_v_c_strong.csv",1000,1000,0.84,38726.7313608888,3,3,0.6,0.6,5,4,0.583333333333333,0.666666666666667,0.375,0.428571428571429,0.461538461538462,0.5,0.591666666666667,0.633333333333333,0.167359670348801,0.246885359939347,1,TRUE,TRUE,TRUE,TRUE,FALSE,"red;green;blue","red;green;blue","vis_2;vis_1;vis_3;ir_1;current","vis_2;vis_1;vis_3;ir_1","","","current","","ok","",FALSE
534,"uniform_l_11_mid.csv","uniform_pol_2_mid.csv",1000,1000,0.47,42589.7931286897,3,3,0.6,0.6,5,4,0.583333333333333,0.666666666666667,0.375,0.428571428571429,0.461538461538462,0.5,0.591666666666667,0.633333333333333,0.167359670348801,0.246885359939347,1,TRUE,TRUE,TRUE,TRUE,FALSE,"red;blue;green","red;blue;green","vis_2;vis_1;ir_1;vis_3;ir_3","vis_2;vis_1;ir_1;vis_3","","","ir_3","","ok","",FALSE
567,"uniform_l_12_mid.csv","uniform_osr_angle_2_strong.csv",1000,1000,0.05,49313.8727471494,3,3,0.6,0.6,5,4,0.583333333333333,0.666666666666667,0.375,0.428571428571429,0.461538461538462,0.5,0.591666666666667,0.633333333333333,0.167359670348801,0.246885359939347,1,TRUE,TRUE,TRUE,TRUE,FALSE,"red;blue;green","red;blue;green","vis_2;vis_3;l_12;ir_1;vis_1","vis_2;vis_3;l_12;ir_1","","","vis_1","","ok","",FALSE
694,"uniform_l_31_mid.csv","uniform_t_ir_1_weak.csv",1000,1000,0.11,51667.9518383499,3,3,0.6,0.6,5,4,0.583333333333333,0.666666666666667,0.375,0.428571428571429,0.461538461538462,0.5,0.591666666666667,0.633333333333333,0.167359670348801,0.246885359939347,1,TRUE,TRUE,TRUE,TRUE,FALSE,"red;blue;green","red;blue;green","vis_2;current;ir_1;vis_1;vis_3","vis_2;current;ir_1;vis_1","","","vis_3","","ok","",FALSE
700,"uniform_l_31_mid.csv","uniform_t_vis_1_weak.csv",1000,1000,0.04,57767.4997829198,3,3,0.6,0.6,5,4,0.583333333333333,0.666666666666667,0.375,0.428571428571429,0.461538461538462,0.5,0.591666666666667,0.633333333333333,0.167359670348801,0.246885359939347,1,TRUE,TRUE,TRUE,TRUE,FALSE,"red;blue;green","red;blue;green","vis_2;vis_3;ir_1;current;vis_1","vis_2;vis_3;ir_1;current","","","vis_1","","ok","",FALSE
778,"uniform_osr_angle_1_mid.csv","uniform_v_angle_1_mid.csv",1000,1000,0.44,50171.3376615079,3,3,0.6,0.6,5,4,0.583333333333333,0.666666666666667,0.375,0.428571428571429,0.461538461538462,0.5,0.591666666666667,0.633333333333333,0.167359670348801,0.246885359939347,1,TRUE,TRUE,TRUE,TRUE,FALSE,"red;blue;green","red;blue;green","vis_2;current;ir_1;vis_1;vis_3","vis_2;current;ir_1;vis_1","","","vis_3","","ok","",FALSE
810,"uniform_osr_angle_1_strong.csv","uniform_t_vis_3_strong.csv",1000,1000,0.67,38162.4199729054,3,3,0.6,0.6,5,4,0.583333333333333,0.666666666666667,0.375,0.428571428571429,0.461538461538462,0.5,0.591666666666667,0.633333333333333,0.167359670348801,0.246885359939347,1,TRUE,TRUE,TRUE,TRUE,FALSE,"red;blue;green","red;blue;green","vis_2;ir_3;vis_1;current;ir_1","vis_2;ir_3;vis_1;current","","","ir_1","","ok","",FALSE
854,"uniform_osr_angle_2_mid.csv","uniform_osr_c_strong.csv",1000,1000,0.16,81756.7024505986,3,3,0.6,0.6,5,4,0.583333333333333,0.666666666666667,0.375,0.428571428571429,0.461538461538462,0.5,0.591666666666667,0.633333333333333,0.167359670348801,0.246885359939347,1,TRUE,TRUE,TRUE,TRUE,FALSE,"red;blue;green","red;blue;green","vis_2;vis_1;current;ir_1;l_32","vis_2;vis_1;current;ir_1","","","l_32","","ok","",FALSE
868,"uniform_osr_angle_2_mid.csv","uniform_t_vis_1_mid.csv",1000,1000,0.13,45115.0437524398,3,3,0.6,0.6,5,4,0.583333333333333,0.666666666666667,0.375,0.428571428571429,0.461538461538462,0.5,0.591666666666667,0.633333333333333,0.167359670348801,0.246885359939347,1,TRUE,TRUE,TRUE,TRUE,FALSE,"red;blue;green","red;blue;green","vis_2;vis_3;current;vis_1;ir_3","vis_2;vis_3;current;vis_1","","","ir_3","","ok","",FALSE
885,"uniform_osr_angle_2_strong.csv","uniform_osr_c_strong.csv",1000,1000,0.1,56735.1737867684,3,3,0.6,0.6,5,4,0.583333333333333,0.666666666666667,0.375,0.428571428571429,0.461538461538462,0.5,0.591666666666667,0.633333333333333,0.167359670348801,0.246885359939347,1,TRUE,TRUE,TRUE,TRUE,FALSE,"red;green;blue","red;green;blue","vis_2;current;ir_3;vis_1;l_32","vis_2;current;ir_3;vis_1","","","l_32","","ok","",FALSE
906,"uniform_osr_angle_2_strong.csv","uniform_t_vis_3_strong.csv",1000,1000,0.39,70462.9367389278,3,3,0.6,0.6,5,4,0.583333333333333,0.666666666666667,0.375,0.428571428571429,0.461538461538462,0.5,0.591666666666667,0.633333333333333,0.167359670348801,0.246885359939347,1,TRUE,TRUE,TRUE,TRUE,FALSE,"red;blue;green","red;blue;green","vis_2;ir_3;vis_1;current;ir_1","vis_2;ir_3;vis_1;current","","","ir_1","","ok","",FALSE
1070,"uniform_pol_1_strong.csv","uniform_t_vis_3_mid.csv",1000,1000,0.11,35981.7445662126,3,3,0.6,0.6,5,4,0.583333333333333,0.666666666666667,0.375,0.428571428571429,0.461538461538462,0.5,0.591666666666667,0.633333333333333,0.167359670348801,0.246885359939347,1,TRUE,TRUE,TRUE,TRUE,FALSE,"red;green;blue","red;green;blue","vis_2;current;vis_1;pol_2;ir_1","vis_2;current;vis_1;pol_2","","","ir_1","","ok","",FALSE
1095,"uniform_pol_2_mid.csv","uniform_t_vis_3_strong.csv",1000,1000,0.42,48895.0680601527,3,3,0.6,0.6,5,4,0.583333333333333,0.666666666666667,0.375,0.428571428571429,0.461538461538462,0.5,0.591666666666667,0.633333333333333,0.167359670348801,0.246885359939347,1,TRUE,TRUE,TRUE,TRUE,FALSE,"red;blue;green","red;blue;green","vis_2;vis_3;vis_1;ir_1;ir_3","vis_2;vis_3;vis_1;ir_1","","","ir_3","","ok","",FALSE
1119,"uniform_pol_2_strong.csv","uniform_t_vis_3_weak.csv",1000,1000,0.31,46437.9675714303,3,3,0.6,0.6,5,4,0.583333333333333,0.666666666666667,0.375,0.428571428571429,0.461538461538462,0.5,0.591666666666667,0.633333333333333,0.167359670348801,0.246885359939347,1,TRUE,TRUE,TRUE,TRUE,FALSE,"red;blue;green","red;blue;green","vis_2;ir_1;current;ir_3;vis_1","vis_2;ir_1;current;ir_3","","","vis_1","","ok","",FALSE
1134,"uniform_red_mid.csv","uniform_t_vis_1_strong.csv",1000,1000,0.22,141990.201654057,3,3,0.6,0.6,5,4,0.583333333333333,0.666666666666667,0.375,0.428571428571429,0.461538461538462,0.5,0.591666666666667,0.633333333333333,0.167359670348801,0.246885359939347,1,TRUE,TRUE,TRUE,TRUE,FALSE,"red;blue;green","red;blue;green","vis_2;vis_3;ir_3;ir_1;vis_1","vis_2;vis_3;ir_3;current","","","ir_1;vis_1","current","ok","",FALSE
1173,"uniform_t_ir_1_mid.csv","uniform_t_ir_3_weak.csv",1000,1000,0.12,98647.6596510818,3,3,0.6,0.6,5,4,0.583333333333333,0.666666666666667,0.375,0.428571428571429,0.461538461538462,0.5,0.591666666666667,0.633333333333333,0.167359670348801,0.246885359939347,1,TRUE,TRUE,TRUE,TRUE,FALSE,"red;blue;green","red;blue;green","vis_2;vis_1;ir_1;vis_3;l_11","vis_2;vis_1;ir_1;vis_3","","","l_11","","ok","",FALSE
1202,"uniform_t_ir_1_strong.csv","uniform_v_angle_1_mid.csv",1000,1000,0.08,30259.9113626766,3,3,0.6,0.6,5,4,0.583333333333333,0.666666666666667,0.375,0.428571428571429,0.461538461538462,0.5,0.591666666666667,0.633333333333333,0.167359670348801,0.246885359939347,1,TRUE,TRUE,TRUE,TRUE,FALSE,"red;blue;green","red;blue;green","vis_2;current;vis_3;ir_3;vis_1","vis_2;current;vis_3;ir_3","","","vis_1","","ok","",FALSE
1240,"uniform_t_ir_3_mid.csv","uniform_v_angle_2_strong.csv",1000,1000,0.09,104107.902864549,3,3,0.6,0.6,5,4,0.583333333333333,0.666666666666667,0.375,0.428571428571429,0.461538461538462,0.5,0.591666666666667,0.633333333333333,0.167359670348801,0.246885359939347,1,TRUE,TRUE,TRUE,TRUE,FALSE,"red;blue;green","red;blue;green","vis_2;vis_1;ir_1;l_32;current","vis_2;vis_1;ir_1;l_32","","","current","","ok","",FALSE
1253,"uniform_t_ir_3_strong.csv","uniform_v_angle_1_mid.csv",1000,1000,0.02,57816.3334598011,3,3,0.6,0.6,5,4,0.583333333333333,0.666666666666667,0.375,0.428571428571429,0.461538461538462,0.5,0.591666666666667,0.633333333333333,0.167359670348801,0.246885359939347,1,TRUE,TRUE,TRUE,TRUE,FALSE,"red;blue;green","red;blue;green","vis_2;vis_3;current;ir_1;vis_1","vis_2;vis_3;current;ir_1","","","vis_1","","ok","",FALSE
1284,"uniform_t_vis_1_mid.csv","uniform_v_angle_2_mid.csv",1000,1000,0.28,38024.5570121955,3,3,0.6,0.6,5,4,0.583333333333333,0.666666666666667,0.375,0.428571428571429,0.461538461538462,0.5,0.591666666666667,0.633333333333333,0.167359670348801,0.246885359939347,1,TRUE,TRUE,TRUE,TRUE,FALSE,"red;blue;green","red;blue;green","vis_2;current;vis_3;pol_1;ir_3","vis_2;current;vis_3;pol_1","","","ir_3","","ok","",FALSE
1325,"uniform_t_vis_2_strong.csv","uniform_t_vis_3_mid.csv",1000,1000,0.1,197265.223348636,3,3,0.6,0.6,5,4,0.583333333333333,0.666666666666667,0.375,0.428571428571429,0.461538461538462,0.5,0.591666666666667,0.633333333333333,0.167359670348801,0.246885359939347,1,TRUE,TRUE,TRUE,TRUE,FALSE,"red;green;blue","red;green;blue","vis_2;vis_3;ir_3;ir_1;current","vis_2;vis_3;ir_3;ir_1","","","current","","ok","",FALSE
1354,"uniform_t_vis_3_strong.csv","uniform_v_angle_2_mid.csv",1000,1000,0.13,34664.7502751615,3,3,0.6,0.6,5,4,0.583333333333333,0.666666666666667,0.375,0.428571428571429,0.461538461538462,0.5,0.591666666666667,0.633333333333333,0.167359670348801,0.246885359939347,1,TRUE,TRUE,TRUE,TRUE,FALSE,"red;blue;green","red;blue;green","vis_2;ir_3;current;ir_1;vis_1","vis_2;ir_3;current;ir_1","","","vis_1","","ok","",FALSE
69,"uniform_blue_strong.csv","uniform_osr_angle_1_strong.csv",1000,1000,0.09,138797.13083502,3,3,0.6,0.6,6,5,0.5,0.583333333333333,0.333333333333333,0.375,0.428571428571429,0.461538461538462,0.55,0.591666666666667,0.0912870929175277,0.167359670348801,1,TRUE,TRUE,TRUE,TRUE,FALSE,"red;green;blue","red;green;blue","vis_2;vis_1;vis_3;current;ir_3;ir_1","vis_2;vis_1;vis_3;current;ir_3","","","ir_1","","ok","",FALSE
144,"uniform_diode_ir_1_mid.csv","uniform_t_vis_2_weak.csv",1000,1000,0.33,147894.099331481,3,3,0.6,0.6,6,5,0.5,0.583333333333333,0.333333333333333,0.375,0.428571428571429,0.461538461538462,0.55,0.591666666666667,0.0912870929175277,0.167359670348801,1,TRUE,TRUE,TRUE,TRUE,FALSE,"red;green;blue","red;green;blue","vis_2;ir_1;vis_1;ir_3;pol_2;l_11","vis_2;ir_1;vis_1;ir_3;pol_2","","","l_11","","ok","",FALSE
193,"uniform_diode_ir_1_strong.csv","uniform_t_vis_2_weak.csv",1000,1000,0.19,134072.250358745,3,3,0.6,0.6,6,5,0.5,0.583333333333333,0.333333333333333,0.375,0.428571428571429,0.461538461538462,0.55,0.591666666666667,0.0912870929175277,0.167359670348801,1,TRUE,TRUE,TRUE,TRUE,FALSE,"red;green;blue","red;green;blue","vis_2;ir_1;ir_3;vis_1;vis_3;l_11","vis_2;ir_1;ir_3;vis_1;vis_3","","","l_11","","ok","",FALSE
215,"uniform_diode_ir_3_mid.csv","uniform_osr_angle_1_mid.csv",1000,1000,0.05,50603.2982878101,3,3,0.6,0.6,6,5,0.5,0.583333333333333,0.333333333333333,0.375,0.428571428571429,0.461538461538462,0.55,0.591666666666667,0.0912870929175277,0.167359670348801,1,TRUE,TRUE,TRUE,TRUE,FALSE,"red;blue;green","red;blue;green","vis_2;vis_3;vis_1;ir_1;ir_3;current","vis_2;vis_3;vis_1;ir_1;ir_3","","","current","","ok","",FALSE
263,"uniform_diode_ir_3_strong.csv","uniform_osr_angle_1_strong.csv",1000,1000,0.05,43551.5646594938,3,3,0.6,0.6,6,5,0.5,0.583333333333333,0.333333333333333,0.375,0.428571428571429,0.461538461538462,0.55,0.591666666666667,0.0912870929175277,0.167359670348801,1,TRUE,TRUE,TRUE,TRUE,FALSE,"red;blue;green","red;blue;green","vis_2;vis_3;vis_1;ir_1;current;pol_2","vis_2;vis_3;vis_1;ir_1;current","","","pol_2","","ok","",FALSE
267,"uniform_diode_ir_3_strong.csv","uniform_osr_angle_2_weak.csv",1000,1000,0.01,54472.5998655653,3,3,0.6,0.6,6,5,0.5,0.583333333333333,0.333333333333333,0.375,0.428571428571429,0.461538461538462,0.55,0.591666666666667,0.0912870929175277,0.167359670348801,1,TRUE,TRUE,TRUE,TRUE,FALSE,"red;blue;green","red;blue;green","vis_2;current;ir_1;l_11;ir_3;pol_2","vis_2;current;ir_1;l_11;ir_3","","","pol_2","","ok","",FALSE
332,"uniform_diode_vis_1_mid.csv","uniform_t_vis_2_mid.csv",1000,1000,0.21,93641.5619417699,3,3,0.6,0.6,6,5,0.5,0.583333333333333,0.333333333333333,0.375,0.428571428571429,0.461538461538462,0.55,0.591666666666667,0.0912870929175277,0.167359670348801,1,TRUE,TRUE,TRUE,TRUE,FALSE,"red;green;blue","red;green;blue","vis_2;vis_1;ir_1;ir_3;vis_3;current","vis_2;vis_1;ir_1;ir_3;vis_3","","","current","","ok","",FALSE
387,"uniform_diode_vis_2_mid.csv","uniform_v_c_mid.csv",1000,1000,0.18,116276.569889709,3,3,0.6,0.6,6,5,0.5,0.583333333333333,0.333333333333333,0.375,0.428571428571429,0.461538461538462,0.55,0.591666666666667,0.0912870929175277,0.167359670348801,1,TRUE,TRUE,TRUE,TRUE,FALSE,"red;green;blue","red;green;blue","vis_2;current;vis_1;vis_3;ir_1;ir_3","vis_2;current;vis_1;vis_3;ir_1","","","ir_3","","ok","",FALSE
429,"uniform_diode_vis_3_mid.csv","uniform_v_angle_2_mid.csv",1000,1000,0.25,32386.5271038476,3,3,0.6,0.6,6,5,0.5,0.583333333333333,0.333333333333333,0.375,0.428571428571429,0.461538461538462,0.55,0.591666666666667,0.0912870929175277,0.167359670348801,1,TRUE,TRUE,TRUE,TRUE,FALSE,"red;blue;green","red;blue;green","vis_2;current;ir_1;pol_2;vis_1;pol_1","vis_2;current;ir_1;pol_2;ir_3","","","vis_1;pol_1","ir_3","ok","",FALSE
555,"uniform_l_11_mid.csv","uniform_v_angle_2_mid.csv",1000,1000,0.09,52861.0721068666,3,3,0.6,0.6,6,5,0.5,0.583333333333333,0.333333333333333,0.375,0.428571428571429,0.461538461538462,0.55,0.591666666666667,0.0912870929175277,0.167359670348801,1,TRUE,TRUE,TRUE,TRUE,FALSE,"red;blue;green","red;blue;green","vis_2;vis_3;ir_3;ir_1;current;vis_1","vis_2;vis_3;ir_3;ir_1;current","","","vis_1","","ok","",FALSE
572,"uniform_l_12_mid.csv","uniform_pol_1_mid.csv",1000,1000,0.02,78921.7452502105,3,3,0.6,0.6,6,5,0.5,0.583333333333333,0.333333333333333,0.375,0.428571428571429,0.461538461538462,0.55,0.591666666666667,0.0912870929175277,0.167359670348801,1,TRUE,TRUE,TRUE,TRUE,FALSE,"red;blue;green","red;blue;green","vis_2;vis_1;ir_1;l_12;current;vis_3","vis_2;vis_1;ir_1;l_12;current","","","vis_3","","ok","",FALSE
812,"uniform_osr_angle_1_strong.csv","uniform_v_angle_1_mid.csv",1000,1000,0.61,46877.7661461181,3,3,0.6,0.6,6,5,0.5,0.583333333333333,0.333333333333333,0.375,0.428571428571429,0.461538461538462,0.55,0.591666666666667,0.0912870929175277,0.167359670348801,1,TRUE,TRUE,TRUE,TRUE,FALSE,"red;blue;green","red;blue;green","vis_2;vis_1;current;ir_1;vis_3;ir_3","vis_2;vis_1;current;ir_1;vis_3","","","ir_3","","ok","",FALSE
884,"uniform_osr_angle_2_strong.csv","uniform_osr_c_mid.csv",1000,1000,0.18,38265.8325238286,3,3,0.6,0.6,6,5,0.5,0.583333333333333,0.333333333333333,0.375,0.428571428571429,0.461538461538462,0.55,0.591666666666667,0.0912870929175277,0.167359670348801,1,TRUE,TRUE,TRUE,TRUE,FALSE,"red;blue;green","red;blue;green","vis_2;ir_3;vis_3;current;vis_1;ir_1","vis_2;ir_3;vis_3;current;vis_1","","","ir_1","","ok","",FALSE
967,"uniform_osr_c_mid.csv","uniform_v_angle_1_mid.csv",1000,1000,0.24,32294.1372200049,3,3,0.6,0.6,6,5,0.5,0.583333333333333,0.333333333333333,0.375,0.428571428571429,0.461538461538462,0.55,0.591666666666667,0.0912870929175277,0.167359670348801,1,TRUE,TRUE,TRUE,TRUE,FALSE,"red;blue;green","red;blue;green","vis_2;ir_3;current;vis_1;vis_3;ir_1","vis_2;ir_3;current;vis_1;vis_3","","","ir_1","","ok","",FALSE
1039,"uniform_pol_1_mid.csv","uniform_t_vis_1_mid.csv",1000,1000,0.1,31934.5724441744,3,3,0.6,0.6,6,5,0.5,0.583333333333333,0.333333333333333,0.375,0.428571428571429,0.461538461538462,0.55,0.591666666666667,0.0912870929175277,0.167359670348801,1,TRUE,TRUE,TRUE,TRUE,FALSE,"red;blue;green","red;blue;green","vis_2;current;vis_1;vis_3;ir_1;ir_3","vis_2;current;vis_1;vis_3;ir_1","","","ir_3","","ok","",FALSE
1315,"uniform_t_vis_2_mid.csv","uniform_t_vis_3_mid.csv",1000,1000,0.1,121059.113651441,3,3,0.6,0.6,6,5,0.5,0.583333333333333,0.333333333333333,0.375,0.428571428571429,0.461538461538462,0.55,0.591666666666667,0.0912870929175277,0.167359670348801,1,TRUE,TRUE,TRUE,TRUE,FALSE,"red;green;l_22","red;green;l_22","vis_2;vis_3;ir_3;ir_1;vis_1;current","vis_2;vis_3;ir_3;ir_1;vis_1","","","current","","ok","",FALSE
1350,"uniform_t_vis_3_mid.csv","uniform_v_c_strong.csv",1000,1000,0.15,90397.2034894358,3,3,0.6,0.6,6,5,0.5,0.583333333333333,0.333333333333333,0.375,0.428571428571429,0.461538461538462,0.55,0.591666666666667,0.0912870929175277,0.167359670348801,1,TRUE,TRUE,TRUE,TRUE,FALSE,"red;blue;green","red;blue;green","vis_2;vis_1;ir_1;ir_3;current;pol_2","vis_2;vis_1;ir_1;ir_3;current","","","pol_2","","ok","",FALSE
1363,"uniform_t_vis_3_weak.csv","uniform_v_c_strong.csv",1000,1000,0.08,48238.479648782,3,3,0.6,0.6,6,5,0.5,0.583333333333333,0.333333333333333,0.375,0.428571428571429,0.461538461538462,0.55,0.591666666666667,0.0912870929175277,0.167359670348801,1,TRUE,TRUE,TRUE,TRUE,FALSE,"red;blue;green","red;blue;green","vis_2;vis_1;ir_1;current;vis_3;pol_1","vis_2;vis_1;ir_1;current;vis_3","","","pol_1","","ok","",FALSE
231,"uniform_diode_ir_3_mid.csv","uniform_t_ir_1_strong.csv",1000,1000,0.15,38776.4457257961,3,3,0.6,0.6,7,6,0.416666666666667,0.5,0.3,0.333333333333333,0.4,0.428571428571429,0.508333333333333,0.55,0.0154303349962092,0.0912870929175277,1,TRUE,TRUE,TRUE,TRUE,FALSE,"red;blue;green","red;blue;green","vis_2;vis_3;ir_3;vis_1;ir_1;l_11;pol_2","vis_2;vis_3;ir_3;vis_1;ir_1;l_11","","","pol_2","","ok","",FALSE
713,"uniform_l_32_mid.csv","uniform_osr_angle_1_mid.csv",1000,1000,0.18,81066.7352634109,3,3,0.6,0.6,7,6,0.416666666666667,0.5,0.3,0.333333333333333,0.4,0.428571428571429,0.508333333333333,0.55,0.0154303349962092,0.0912870929175277,1,TRUE,TRUE,TRUE,TRUE,FALSE,"red;blue;green","red;blue;green","vis_2;vis_1;current;ir_1;vis_3;pol_1;ir_3","vis_2;vis_1;current;ir_1;vis_3;pol_1","","","ir_3","","ok","",FALSE
775,"uniform_osr_angle_1_mid.csv","uniform_t_vis_3_mid.csv",1000,1000,0.46,42843.2285981754,3,3,0.6,0.6,7,6,0.416666666666667,0.5,0.3,0.333333333333333,0.4,0.428571428571429,0.508333333333333,0.55,0.0154303349962092,0.0912870929175277,1,TRUE,TRUE,TRUE,TRUE,FALSE,"red;blue;green","red;blue;green","vis_2;ir_1;current;ir_3;vis_1;pol_1;pol_2","vis_2;ir_1;current;ir_3;vis_1;pol_1","","","pol_2","","ok","",FALSE
1114,"uniform_pol_2_strong.csv","uniform_t_vis_2_mid.csv",1000,1000,0.21,150901.851470421,3,3,0.6,0.6,7,6,0.416666666666667,0.5,0.3,0.333333333333333,0.4,0.428571428571429,0.508333333333333,0.55,0.0154303349962092,0.0912870929175277,1,TRUE,FALSE,TRUE,TRUE,FALSE,"red;green;blue","red;green;l_22","vis_2;pol_2;vis_3;current;vis_1;ir_3;ir_1","vis_2;pol_2;vis_3;current;vis_1;ir_3","blue","l_22","ir_1","","ok","",FALSE
1176,"uniform_t_ir_1_mid.csv","uniform_t_vis_1_weak.csv",1000,1000,0.12,38437.1977577107,3,3,0.6,0.6,7,6,0.416666666666667,0.5,0.3,0.333333333333333,0.4,0.428571428571429,0.508333333333333,0.55,0.0154303349962092,0.0912870929175277,1,TRUE,TRUE,TRUE,TRUE,FALSE,"red;blue;green","red;blue;green","vis_2;vis_3;current;ir_1;pol_1;ir_3;vis_1","vis_2;vis_3;current;ir_1;pol_1;ir_3","","","vis_1","","ok","",FALSE
155,"uniform_diode_ir_1_strong.csv","uniform_diode_ir_3_strong.csv",1000,1000,0.17,31155.7740899224,3,3,0.6,0.6,8,7,0.333333333333333,0.416666666666667,0.272727272727273,0.3,0.375,0.4,0.466666666666667,0.508333333333333,-0.0635641726163728,0.0154303349962092,1,TRUE,TRUE,TRUE,TRUE,FALSE,"red;blue;green","red;blue;green","vis_2;ir_3;vis_3;vis_1;current;ir_1;pol_2;l_11","vis_2;ir_3;vis_3;vis_1;current;ir_1;pol_2","","","l_11","","ok","",FALSE
10,"uniform_blue_mid.csv","uniform_green_strong.csv",1000,1000,0.16,94890.0767211231,2,2,0.4,0.4,2,1,0.833333333333333,0.916666666666667,0.5,0.666666666666667,0.444444444444444,0.5,0.616666666666667,0.658333333333333,0.250640205913802,0.378489059622558,1,TRUE,TRUE,TRUE,TRUE,FALSE,"red;green","red;green","vis_2;ir_1","vis_2","","","ir_1","","ok","",FALSE
761,"uniform_osr_angle_1_mid.csv","uniform_red_mid.csv",1000,1000,0.26,1691590.34112702,2,2,0.4,0.4,3,2,0.75,0.833333333333333,0.4,0.5,0.4,0.444444444444444,0.575,0.616666666666667,0.15,0.250640205913802,1,TRUE,TRUE,TRUE,TRUE,FALSE,"red;blue","red;blue","vis_2;ir_1;current","vis_2;ir_1","","","current","","ok","",FALSE
860,"uniform_osr_angle_2_mid.csv","uniform_red_mid.csv",1000,1000,0.4,64381.1498784649,2,2,0.4,0.4,3,2,0.75,0.833333333333333,0.4,0.5,0.4,0.444444444444444,0.575,0.616666666666667,0.15,0.250640205913802,1,TRUE,TRUE,TRUE,TRUE,FALSE,"red;blue","red;blue","vis_2;ir_1;current","vis_2;ir_1","","","current","","ok","",FALSE
921,"uniform_osr_angle_2_weak.csv","uniform_red_mid.csv",1000,1000,0.36,61279.9131341357,2,2,0.4,0.4,3,2,0.75,0.833333333333333,0.4,0.5,0.4,0.444444444444444,0.575,0.616666666666667,0.15,0.250640205913802,1,TRUE,TRUE,TRUE,TRUE,FALSE,"red;blue","red;blue","vis_2;current;ir_1","vis_2;pol_2","","","current;ir_1","pol_2","ok","",FALSE
1144,"uniform_red_mid.csv","uniform_v_angle_2_mid.csv",1000,1000,0.19,216219.067674999,2,2,0.4,0.4,3,2,0.75,0.833333333333333,0.4,0.5,0.4,0.444444444444444,0.575,0.616666666666667,0.15,0.250640205913802,1,TRUE,TRUE,TRUE,TRUE,FALSE,"red;blue","red;blue","vis_2;ir_1;current","vis_2;ir_1","","","current","","ok","",FALSE
466,"uniform_green_mid.csv","uniform_t_vis_2_weak.csv",1000,1000,0.19,154456.09289264,2,2,0.4,0.4,4,3,0.666666666666667,0.75,0.333333333333333,0.4,0.363636363636364,0.4,0.533333333333333,0.575,0.0635641726163728,0.15,1,TRUE,TRUE,TRUE,TRUE,FALSE,"red;green","red;green","vis_2;vis_3;vis_1;ir_1","vis_2;vis_3;vis_1","","","ir_1","","ok","",FALSE
795,"uniform_osr_angle_1_strong.csv","uniform_red_mid.csv",1000,1000,0.2,62021.991557186,2,2,0.4,0.4,4,3,0.666666666666667,0.75,0.333333333333333,0.4,0.363636363636364,0.4,0.533333333333333,0.575,0.0635641726163728,0.15,1,TRUE,TRUE,TRUE,TRUE,FALSE,"red;blue","red;blue","vis_2;l_12;current;ir_1","vis_2;l_12;current","","","ir_1","","ok","",FALSE
891,"uniform_osr_angle_2_strong.csv","uniform_red_mid.csv",1000,1000,0.31,56701.3119449438,2,2,0.4,0.4,4,3,0.666666666666667,0.75,0.333333333333333,0.4,0.363636363636364,0.4,0.533333333333333,0.575,0.0635641726163728,0.15,1,TRUE,TRUE,TRUE,TRUE,FALSE,"red;blue","red;blue","vis_2;current;vis_3;ir_1","vis_2;current;vis_3","","","ir_1","","ok","",FALSE
1323,"uniform_t_vis_2_mid.csv","uniform_v_c_strong.csv",1000,1000,0.19,118942.197610192,2,2,0.4,0.4,4,3,0.666666666666667,0.75,0.333333333333333,0.4,0.363636363636364,0.4,0.533333333333333,0.575,0.0635641726163728,0.15,1,TRUE,TRUE,TRUE,TRUE,FALSE,"red;green","red;green","vis_2;current;ir_1;vis_1","vis_2;current;l_12","","","ir_1;vis_1","l_12","ok","",FALSE
1069,"uniform_pol_1_strong.csv","uniform_t_vis_2_weak.csv",1000,1000,0.14,124606.72769849,2,2,0.4,0.4,5,4,0.583333333333333,0.666666666666667,0.285714285714286,0.333333333333333,0.333333333333333,0.363636363636364,0.491666666666667,0.533333333333333,-0.0154303349962092,0.0635641726163728,1,TRUE,TRUE,TRUE,TRUE,FALSE,"red;green","red;green","vis_2;vis_3;pol_1;ir_1;ir_3","vis_2;vis_3;pol_1;ir_1","","","ir_3","","ok","",FALSE
