"environment","n_cells","OLS","CV","minimum_eigenvalue_Cgamma","minimum_eigenvalue_C0","in_Cgamma","in_C0","sample_size","sample_size_e","sample_size_o","sample_label","gamma_cv","membership_tolerance","class"
"ENSG00000080603",110,0.121612725432057,0.124569337778538,-0.0369800791390067,-0.058786877756574,TRUE,FALSE,NA,11485,1120,"Full sample: n1 = 11485, n2 = 1120",1.93,0.05,"Cgamma"
"ENSG00000103226",115,0.118099022912481,0.124255632193067,-0.0337291265220616,-0.0814093546268726,TRUE,FALSE,NA,11485,1120,"Full sample: n1 = 11485, n2 = 1120",1.93,0.05,"Cgamma"
"ENSG00000069329",118,0.100093708278546,0.101820561135353,-0.0590911931506083,-0.341616051800375,FALSE,FALSE,NA,11485,1120,"Full sample: n1 = 11485, n2 = 1120",1.93,0.05,"outside"
"ENSG00000168827",1669,0.108713684453076,0.111367413579907,-0.00847182091650703,-0.0164421047308464,TRUE,TRUE,NA,11485,1120,"Full sample: n1 = 11485, n2 = 1120",1.93,0.05,"C0"
"ENSG00000132522",122,0.0886745576737173,0.0918852257408225,-0.0275874103178173,-0.0588179494671235,TRUE,FALSE,NA,11485,1120,"Full sample: n1 = 11485, n2 = 1120",1.93,0.05,"Cgamma"
"ENSG00000037637",876,0.104590527877647,0.106220298926568,-0.00776797760724359,-0.0166185182624237,TRUE,TRUE,NA,11485,1120,"Full sample: n1 = 11485, n2 = 1120",1.93,0.05,"C0"
"ENSG00000247077",173,0.146170018190636,0.153285169246487,-0.0653321708264301,-0.0726586867848606,FALSE,FALSE,NA,11485,1120,"Full sample: n1 = 11485, n2 = 1120",1.93,0.05,"outside"
"ENSG00000108064",3458,0.099991396946309,0.102743458421295,-0.000713558643088967,-0.0224240481238352,TRUE,TRUE,NA,11485,1120,"Full sample: n1 = 11485, n2 = 1120",1.93,0.05,"C0"
"ENSG00000108091",1051,0.102729992750784,0.103933306873119,-0.0202784025292731,-0.0365453986801814,TRUE,TRUE,NA,11485,1120,"Full sample: n1 = 11485, n2 = 1120",1.93,0.05,"C0"
"ENSG00000179988",262,0.099894410561065,0.100601116745366,-0.0399053755551564,-0.0771719150624356,TRUE,FALSE,NA,11485,1120,"Full sample: n1 = 11485, n2 = 1120",1.93,0.05,"Cgamma"
"ENSG00000072756",347,0.417736783473827,0.403112606542038,-0.714038452108756,-0.979561178665886,FALSE,FALSE,NA,11485,1120,"Full sample: n1 = 11485, n2 = 1120",1.93,0.05,"outside"
"ENSG00000162004",492,0.0911440573323046,0.0935793710936823,-0.0139690466676721,-0.0219438946397301,TRUE,TRUE,NA,11485,1120,"Full sample: n1 = 11485, n2 = 1120",1.93,0.05,"C0"
"ENSG00000164615",155,0.1165314900172,0.116542465088689,-0.0379215657555692,-0.0566104326589167,TRUE,FALSE,NA,11485,1120,"Full sample: n1 = 11485, n2 = 1120",1.93,0.05,"Cgamma"
"ENSG00000125037",103,0.0864102833524625,0.0902780835718133,-0.0255916717901718,-0.045311180667393,TRUE,TRUE,NA,11485,1120,"Full sample: n1 = 11485, n2 = 1120",1.93,0.05,"C0"
"ENSG00000137100",144,0.101176251268572,0.10158202354028,-0.165532378290468,-0.408528377939984,FALSE,FALSE,NA,11485,1120,"Full sample: n1 = 11485, n2 = 1120",1.93,0.05,"outside"
"ENSG00000123200",102,0.194903196381957,0.212035221911019,-0.82715641164523,-0.918727956750777,FALSE,FALSE,NA,11485,1120,"Full sample: n1 = 11485, n2 = 1120",1.93,0.05,"outside"
"ENSG00000136273",222,0.0860712405078088,0.0874308068126409,-0.0226568576296127,-0.0317614716586461,TRUE,TRUE,NA,11485,1120,"Full sample: n1 = 11485, n2 = 1120",1.93,0.05,"C0"
"ENSG00000112130",209,0.106094599411163,0.107271222117145,-0.0148020514005363,-0.0311377476932303,TRUE,TRUE,NA,11485,1120,"Full sample: n1 = 11485, n2 = 1120",1.93,0.05,"C0"
"ENSG00000109670",197,0.0910693387724175,0.095792204339069,-0.0127081809608224,-0.0402406874092286,TRUE,TRUE,NA,11485,1120,"Full sample: n1 = 11485, n2 = 1120",1.93,0.05,"C0"
"ENSG00000177885",112,0.0863365947115863,0.0872695838679594,-0.0248122814979984,-0.0335668569190605,TRUE,TRUE,NA,11485,1120,"Full sample: n1 = 11485, n2 = 1120",1.93,0.05,"C0"
"ENSG00000110203",219,0.100172486291246,0.100891931545774,-0.0143380660539051,-0.024098287911134,TRUE,TRUE,NA,11485,1120,"Full sample: n1 = 11485, n2 = 1120",1.93,0.05,"C0"
"ENSG00000119414",1539,0.0993925146024482,0.101684456668174,-0.00687455579746698,-0.0402481250082619,TRUE,TRUE,NA,11485,1120,"Full sample: n1 = 11485, n2 = 1120",1.93,0.05,"C0"
"ENSG00000197912",115,0.0929022029622152,0.0957937273860971,-0.00703169010367496,-0.0157237641236392,TRUE,TRUE,NA,11485,1120,"Full sample: n1 = 11485, n2 = 1120",1.93,0.05,"C0"
"ENSG00000105281",1877,0.0882189254098025,0.0914481808534285,-0.000593439056338323,-0.00290538441076331,TRUE,TRUE,NA,11485,1120,"Full sample: n1 = 11485, n2 = 1120",1.93,0.05,"C0"
"ENSG00000108312",132,0.0960097247142011,0.101783060204243,-0.0245549978307976,-0.02795942736233,TRUE,TRUE,NA,11485,1120,"Full sample: n1 = 11485, n2 = 1120",1.93,0.05,"C0"
"ENSG00000171862",187,0.0817216578489499,0.0851821529808773,-0.00866129590208305,-0.0150414855154205,TRUE,TRUE,NA,11485,1120,"Full sample: n1 = 11485, n2 = 1120",1.93,0.05,"C0"
"ENSG00000268043",1159,0.0948011680202718,0.0999158464867087,-0.148288081568121,-0.173995883937488,FALSE,FALSE,NA,11485,1120,"Full sample: n1 = 11485, n2 = 1120",1.93,0.05,"outside"
"ENSG00000072506",809,0.0963437260572147,0.0989588733630876,0.0017853387390821,-0.0274546954816226,TRUE,TRUE,NA,11485,1120,"Full sample: n1 = 11485, n2 = 1120",1.93,0.05,"C0"
"ENSG00000180817",128,0.111791416260532,0.113167451653594,-0.0347637392288788,-0.110801992845898,TRUE,FALSE,NA,11485,1120,"Full sample: n1 = 11485, n2 = 1120",1.93,0.05,"Cgamma"
"ENSG00000106682",148,0.105334091569056,0.106257008622129,-0.0224096620327879,-0.0385174667741631,TRUE,TRUE,NA,11485,1120,"Full sample: n1 = 11485, n2 = 1120",1.93,0.05,"C0"
"ENSG00000146007",192,0.107137834031881,0.10712375384955,-0.944010342626196,-1.22302946731351,FALSE,FALSE,NA,11485,1120,"Full sample: n1 = 11485, n2 = 1120",1.93,0.05,"outside"
"ENSG00000113141",191,0.15903579345366,0.152489471981466,-1.7655274240476,-2.06768699613427,FALSE,FALSE,NA,11485,1120,"Full sample: n1 = 11485, n2 = 1120",1.93,0.05,"outside"
"ENSG00000176108",104,0.176436107837822,0.170652599577509,-0.54292473742137,-0.753816351225985,FALSE,FALSE,NA,11485,1120,"Full sample: n1 = 11485, n2 = 1120",1.93,0.05,"outside"
"ENSG00000171421",1565,0.102030270913011,0.104370060909273,-0.00212870756690348,-0.00517987874040618,TRUE,TRUE,NA,11485,1120,"Full sample: n1 = 11485, n2 = 1120",1.93,0.05,"C0"
"ENSG00000250312",400,0.0927538028400102,0.0945748207104387,-0.00269669818885794,-0.00865513481563424,TRUE,TRUE,NA,11485,1120,"Full sample: n1 = 11485, n2 = 1120",1.93,0.05,"C0"
"ENSG00000215712",597,0.119211116926592,0.12065847070704,-0.029159576202103,-0.0469524574359244,TRUE,TRUE,NA,11485,1120,"Full sample: n1 = 11485, n2 = 1120",1.93,0.05,"C0"
"ENSG00000168906",152,0.132254625074394,0.129668361429658,-0.047971498974027,-0.0731160310593014,TRUE,FALSE,NA,11485,1120,"Full sample: n1 = 11485, n2 = 1120",1.93,0.05,"Cgamma"
"ENSG00000112118",179,0.155050858105756,0.160067782502277,-0.32222328102271,-0.646591857609821,FALSE,FALSE,NA,11485,1120,"Full sample: n1 = 11485, n2 = 1120",1.93,0.05,"outside"
"ENSG00000169727",226,0.119398390739856,0.115830878164097,-0.505878045679867,-0.853002775305812,FALSE,FALSE,NA,11485,1120,"Full sample: n1 = 11485, n2 = 1120",1.93,0.05,"outside"
"ENSG00000135363",268,0.112209485390029,0.115568568012374,-0.0168975757252358,-0.0260384671457689,TRUE,TRUE,NA,11485,1120,"Full sample: n1 = 11485, n2 = 1120",1.93,0.05,"C0"
"ENSG00000090006",107,0.101101110492446,0.103138339594205,-0.187035532942562,-0.249486667444816,FALSE,FALSE,NA,11485,1120,"Full sample: n1 = 11485, n2 = 1120",1.93,0.05,"outside"
"ENSG00000120948",1603,0.094824292727142,0.0962127886004065,-0.150963526992314,-0.194592777157743,FALSE,FALSE,NA,11485,1120,"Full sample: n1 = 11485, n2 = 1120",1.93,0.05,"outside"
"ENSG00000129128",128,0.143450027775595,0.148987102739856,-0.108487039817563,-0.139258255204252,FALSE,FALSE,NA,11485,1120,"Full sample: n1 = 11485, n2 = 1120",1.93,0.05,"outside"
"ENSG00000035141",504,0.10733312492896,0.108576777353979,-0.0155203224985289,-0.0341863700844278,TRUE,TRUE,NA,11485,1120,"Full sample: n1 = 11485, n2 = 1120",1.93,0.05,"C0"
"ENSG00000070495",183,0.107320771551917,0.109392890868368,-0.0225059321084788,-0.0374224983249595,TRUE,TRUE,NA,11485,1120,"Full sample: n1 = 11485, n2 = 1120",1.93,0.05,"C0"
"ENSG00000144401",105,0.0923527643900336,0.0904532889542016,-0.027487467408451,-0.0864717130542589,TRUE,FALSE,NA,11485,1120,"Full sample: n1 = 11485, n2 = 1120",1.93,0.05,"Cgamma"
"ENSG00000141098",123,0.146203544142774,0.150100704164547,-0.115010961726813,-0.329225343194982,FALSE,FALSE,NA,11485,1120,"Full sample: n1 = 11485, n2 = 1120",1.93,0.05,"outside"
"ENSG00000167721",145,0.130171638562615,0.132514311044897,-0.151281672576676,-0.30894871432812,FALSE,FALSE,NA,11485,1120,"Full sample: n1 = 11485, n2 = 1120",1.93,0.05,"outside"
"ENSG00000101057",877,0.0987831668739207,0.0994193157799637,-0.0054253491042538,-0.0104472853440826,TRUE,TRUE,NA,11485,1120,"Full sample: n1 = 11485, n2 = 1120",1.93,0.05,"C0"
"ENSG00000197734",292,0.546782539863572,0.487580338373248,-1.77082022305505,-2.11559122634163,FALSE,FALSE,NA,11485,1120,"Full sample: n1 = 11485, n2 = 1120",1.93,0.05,"outside"
"ENSG00000132313",1452,0.0918469190442667,0.0950320000310337,0.000982286352275626,-8.32045493902962e-05,TRUE,TRUE,NA,11485,1120,"Full sample: n1 = 11485, n2 = 1120",1.93,0.05,"C0"
"ENSG00000171552",373,0.0876806476270024,0.0886117969194412,-0.0104396709169711,-0.0130639363752729,TRUE,TRUE,NA,11485,1120,"Full sample: n1 = 11485, n2 = 1120",1.93,0.05,"C0"
"ENSG00000130725",233,0.0797645513646015,0.0819070182520524,-0.00455814679349748,-0.00862667565645953,TRUE,TRUE,NA,11485,1120,"Full sample: n1 = 11485, n2 = 1120",1.93,0.05,"C0"
"ENSG00000139697",156,0.113967332617775,0.119846550002616,-0.257372705789169,-0.290447216505352,FALSE,FALSE,NA,11485,1120,"Full sample: n1 = 11485, n2 = 1120",1.93,0.05,"outside"
"ENSG00000119203",173,0.175288046279817,0.173398798811156,-0.475954943207969,-0.711699615691208,FALSE,FALSE,NA,11485,1120,"Full sample: n1 = 11485, n2 = 1120",1.93,0.05,"outside"
"ENSG00000104897",136,0.238632432089234,0.244873519579405,-0.33242167056745,-0.457967368654116,FALSE,FALSE,NA,11485,1120,"Full sample: n1 = 11485, n2 = 1120",1.93,0.05,"outside"
"ENSG00000146576",378,0.116652194231493,0.119906936087558,-0.017111353799574,-0.0289697007583879,TRUE,TRUE,NA,11485,1120,"Full sample: n1 = 11485, n2 = 1120",1.93,0.05,"C0"
"ENSG00000182149",182,0.094860248303352,0.098535430282177,-0.0117691252080893,-0.0230878981162712,TRUE,TRUE,NA,11485,1120,"Full sample: n1 = 11485, n2 = 1120",1.93,0.05,"C0"
"ENSG00000115364",108,0.0854131438072991,0.0864684426629332,-0.0324719240532475,-0.0483845658984464,TRUE,TRUE,NA,11485,1120,"Full sample: n1 = 11485, n2 = 1120",1.93,0.05,"C0"
"ENSG00000131475",101,0.123623430554985,0.123056196267299,-0.0321560049085996,-0.0677932209993995,TRUE,FALSE,NA,11485,1120,"Full sample: n1 = 11485, n2 = 1120",1.93,0.05,"Cgamma"
"ENSG00000072849",140,0.510500033401828,0.519205354075019,-2.24391215473997,-2.61992872654545,FALSE,FALSE,NA,11485,1120,"Full sample: n1 = 11485, n2 = 1120",1.93,0.05,"outside"
"ENSG00000205571",424,0.3574876307691,0.327415692422103,-1.62997115495772,-1.95596055982254,FALSE,FALSE,NA,11485,1120,"Full sample: n1 = 11485, n2 = 1120",1.93,0.05,"outside"
"ENSG00000134153",134,0.0822927258011499,0.0816482116574329,-0.0465811905307604,-0.0691506632312829,TRUE,FALSE,NA,11485,1120,"Full sample: n1 = 11485, n2 = 1120",1.93,0.05,"Cgamma"
"ENSG00000100890",151,0.0757772449385037,0.0793396833463369,-0.00567012861600167,-0.0148337390142087,TRUE,TRUE,NA,11485,1120,"Full sample: n1 = 11485, n2 = 1120",1.93,0.05,"C0"
"ENSG00000115216",149,0.104320909760956,0.106319942982224,-0.0335830826227303,-0.0553109586483087,TRUE,FALSE,NA,11485,1120,"Full sample: n1 = 11485, n2 = 1120",1.93,0.05,"Cgamma"
"ENSG00000100129",114,0.425116797486109,0.443449797850714,-0.390977765723854,-0.444686022489812,FALSE,FALSE,NA,11485,1120,"Full sample: n1 = 11485, n2 = 1120",1.93,0.05,"outside"
"ENSG00000136888",124,0.110961603435669,0.112300271180497,-0.0318114733012338,-0.0661531836385003,TRUE,FALSE,NA,11485,1120,"Full sample: n1 = 11485, n2 = 1120",1.93,0.05,"Cgamma"
"ENSG00000184058",306,0.089485323936493,0.0936389672173524,-0.0211275024032918,-0.0440528385933484,TRUE,TRUE,NA,11485,1120,"Full sample: n1 = 11485, n2 = 1120",1.93,0.05,"C0"
"ENSG00000204469",147,0.0826486828384371,0.0866286280712948,-0.0360804012382972,-0.0593078709624279,TRUE,FALSE,NA,11485,1120,"Full sample: n1 = 11485, n2 = 1120",1.93,0.05,"Cgamma"
"ENSG00000015676",129,0.174732843291927,0.177931271173472,-0.500605163228945,-0.878277728089832,FALSE,FALSE,NA,11485,1120,"Full sample: n1 = 11485, n2 = 1120",1.93,0.05,"outside"
"ENSG00000174780",140,0.499792919333807,0.516879672997711,-2.37032496672277,-2.7270702829624,FALSE,FALSE,NA,11485,1120,"Full sample: n1 = 11485, n2 = 1120",1.93,0.05,"outside"
"ENSG00000101166",127,0.393396055137402,0.383680821979103,-0.790169185940841,-1.03418676126903,FALSE,FALSE,NA,11485,1120,"Full sample: n1 = 11485, n2 = 1120",1.93,0.05,"outside"
"ENSG00000130312",159,0.131235914796162,0.129706390650439,-0.287160208746585,-0.503420141179567,FALSE,FALSE,NA,11485,1120,"Full sample: n1 = 11485, n2 = 1120",1.93,0.05,"outside"
"ENSG00000006715",246,0.0824851064844156,0.0869092627959256,-0.00524057587841936,-0.0100987618364505,TRUE,TRUE,NA,11485,1120,"Full sample: n1 = 11485, n2 = 1120",1.93,0.05,"C0"
"ENSG00000148396",210,0.0963064990391818,0.101506779272927,-0.0472957721419745,-0.0725746326319048,TRUE,FALSE,NA,11485,1120,"Full sample: n1 = 11485, n2 = 1120",1.93,0.05,"Cgamma"
"ENSG00000140943",184,0.103503456638131,0.105945882823094,-0.0145468541367808,-0.02607033533368,TRUE,TRUE,NA,11485,1120,"Full sample: n1 = 11485, n2 = 1120",1.93,0.05,"C0"
"ENSG00000103363",128,0.129936505707238,0.132452197788805,-0.436156775887519,-0.522326644150921,FALSE,FALSE,NA,11485,1120,"Full sample: n1 = 11485, n2 = 1120",1.93,0.05,"outside"
"ENSG00000108963",239,0.108163396020092,0.112204401904256,-0.0268105088934764,-0.0446009420990178,TRUE,TRUE,NA,11485,1120,"Full sample: n1 = 11485, n2 = 1120",1.93,0.05,"C0"
"ENSG00000261236",108,0.122388988430191,0.121121062796216,-0.054781881332155,-0.099763840234337,FALSE,FALSE,NA,11485,1120,"Full sample: n1 = 11485, n2 = 1120",1.93,0.05,"outside"
"ENSG00000070785",103,0.815995875652966,0.779929338394687,-3.31724199802352,-3.75280629887996,FALSE,FALSE,NA,11485,1120,"Full sample: n1 = 11485, n2 = 1120",1.93,0.05,"outside"
"ENSG00000084463",109,0.158538674700308,0.151063091899026,-0.263512354980656,-0.461308988119933,FALSE,FALSE,NA,11485,1120,"Full sample: n1 = 11485, n2 = 1120",1.93,0.05,"outside"
"ENSG00000197111",202,0.119694023801784,0.117126324181911,-0.0789250906939658,-0.132213208725763,FALSE,FALSE,NA,11485,1120,"Full sample: n1 = 11485, n2 = 1120",1.93,0.05,"outside"
"ENSG00000104866",347,0.156147358726494,0.157623009498812,-0.190130289089601,-0.263646768122814,FALSE,FALSE,NA,11485,1120,"Full sample: n1 = 11485, n2 = 1120",1.93,0.05,"outside"
"ENSG00000064102",288,0.0932115793944412,0.0965195869279638,-0.0136260902898282,-0.0268121456295982,TRUE,TRUE,NA,11485,1120,"Full sample: n1 = 11485, n2 = 1120",1.93,0.05,"C0"
"ENSG00000124789",107,0.273294730556467,0.282437591879471,-0.361154675444498,-0.594773066923218,FALSE,FALSE,NA,11485,1120,"Full sample: n1 = 11485, n2 = 1120",1.93,0.05,"outside"
"ENSG00000119777",687,0.099807622963085,0.103269383277535,-0.0165325481623305,-0.0355740712753341,TRUE,TRUE,NA,11485,1120,"Full sample: n1 = 11485, n2 = 1120",1.93,0.05,"C0"
"ENSG00000050820",593,0.104932849473696,0.107900756003007,-0.00894452637551904,-0.0117925611676701,TRUE,TRUE,NA,11485,1120,"Full sample: n1 = 11485, n2 = 1120",1.93,0.05,"C0"
"ENSG00000142731",174,0.132068861457899,0.136342591136382,-0.639050730036531,-1.01671561545898,FALSE,FALSE,NA,11485,1120,"Full sample: n1 = 11485, n2 = 1120",1.93,0.05,"outside"
"ENSG00000108559",111,0.127798866735638,0.124838866536575,-0.38250385524164,-0.662190809266012,FALSE,FALSE,NA,11485,1120,"Full sample: n1 = 11485, n2 = 1120",1.93,0.05,"outside"
"ENSG00000182872",128,0.330970509152016,0.326856161324766,-0.852421578874138,-1.17846000095931,FALSE,FALSE,NA,11485,1120,"Full sample: n1 = 11485, n2 = 1120",1.93,0.05,"outside"
"ENSG00000111642",109,0.137076545701622,0.142178208827492,-0.0701711141408855,-0.171143588695273,FALSE,FALSE,NA,11485,1120,"Full sample: n1 = 11485, n2 = 1120",1.93,0.05,"outside"
"ENSG00000126088",239,0.136028511883783,0.130109049711775,-0.0885626205847198,-0.135607538906817,FALSE,FALSE,NA,11485,1120,"Full sample: n1 = 11485, n2 = 1120",1.93,0.05,"outside"
"ENSG00000143952",230,0.102139304857743,0.101511501345309,-0.0278177540226417,-0.0556247937450691,TRUE,FALSE,NA,11485,1120,"Full sample: n1 = 11485, n2 = 1120",1.93,0.05,"Cgamma"
"ENSG00000099949",207,0.0969095954313476,0.101510505167811,-0.0809185583914987,-0.118653616516783,FALSE,FALSE,NA,11485,1120,"Full sample: n1 = 11485, n2 = 1120",1.93,0.05,"outside"
"ENSG00000064995",113,0.116666658655939,0.112850832225212,-0.515627196748235,-0.545760178219672,FALSE,FALSE,NA,11485,1120,"Full sample: n1 = 11485, n2 = 1120",1.93,0.05,"outside"
"ENSG00000197265",265,0.254343877350708,0.271423960298169,-0.733222202817157,-0.972125023539563,FALSE,FALSE,NA,11485,1120,"Full sample: n1 = 11485, n2 = 1120",1.93,0.05,"outside"
"ENSG00000183479",384,0.110025670395724,0.112091099388696,-0.0435478015358526,-0.195578224803677,TRUE,FALSE,NA,11485,1120,"Full sample: n1 = 11485, n2 = 1120",1.93,0.05,"Cgamma"
"ENSG00000149016",222,0.115060288888786,0.11655944035151,-0.117207559635099,-0.230333706235116,FALSE,FALSE,NA,11485,1120,"Full sample: n1 = 11485, n2 = 1120",1.93,0.05,"outside"
"ENSG00000104835",108,0.0972705684150597,0.100554725060061,-0.0471721534308255,-0.0690124643310424,TRUE,FALSE,NA,11485,1120,"Full sample: n1 = 11485, n2 = 1120",1.93,0.05,"Cgamma"
"ENSG00000137845",358,0.102737531896626,0.103680143832717,-0.0725483547843344,-0.138289521700634,FALSE,FALSE,NA,11485,1120,"Full sample: n1 = 11485, n2 = 1120",1.93,0.05,"outside"
"ENSG00000102710",179,0.109005451338453,0.111670296052945,-0.123761217282629,-0.192021352964133,FALSE,FALSE,NA,11485,1120,"Full sample: n1 = 11485, n2 = 1120",1.93,0.05,"outside"
"ENSG00000108349",168,0.111823421028699,0.112935996017449,-0.016155537748408,-0.0246835237031074,TRUE,TRUE,NA,11485,1120,"Full sample: n1 = 11485, n2 = 1120",1.93,0.05,"C0"
"ENSG00000134809",108,0.135907614743983,0.13145480451178,-0.316814119515074,-0.512735786334184,FALSE,FALSE,NA,11485,1120,"Full sample: n1 = 11485, n2 = 1120",1.93,0.05,"outside"
"ENSG00000175792",103,0.369932907242504,0.324474137057152,-2.54938873220666,-2.85337557336854,FALSE,FALSE,NA,11485,1120,"Full sample: n1 = 11485, n2 = 1120",1.93,0.05,"outside"
"ENSG00000204152",343,0.773525095531789,0.748145765939067,-1.75274208595641,-2.10144395658347,FALSE,FALSE,NA,11485,1120,"Full sample: n1 = 11485, n2 = 1120",1.93,0.05,"outside"
"ENSG00000116774",135,0.0757699758388894,0.0797359737245616,-0.0184844583856526,-0.021539691798997,TRUE,TRUE,NA,11485,1120,"Full sample: n1 = 11485, n2 = 1120",1.93,0.05,"C0"
"ENSG00000105258",143,0.324356879604163,0.294747007368204,-1.17829230113192,-1.44685955518036,FALSE,FALSE,NA,11485,1120,"Full sample: n1 = 11485, n2 = 1120",1.93,0.05,"outside"
"ENSG00000092036",153,0.0955927407178564,0.0983628841792697,-0.363921137732448,-0.634015060545118,FALSE,FALSE,NA,11485,1120,"Full sample: n1 = 11485, n2 = 1120",1.93,0.05,"outside"
"ENSG00000126698",138,0.107814337151544,0.107430726957233,-0.0873677408825505,-0.114845768525828,FALSE,FALSE,NA,11485,1120,"Full sample: n1 = 11485, n2 = 1120",1.93,0.05,"outside"
"ENSG00000069248",106,0.256393184779732,0.255257068096889,-0.592269269912633,-0.883643800007585,FALSE,FALSE,NA,11485,1120,"Full sample: n1 = 11485, n2 = 1120",1.93,0.05,"outside"
"ENSG00000108654",197,0.0922665625221604,0.0961208679653413,-0.0286675512616499,-0.0447654760589394,TRUE,TRUE,NA,11485,1120,"Full sample: n1 = 11485, n2 = 1120",1.93,0.05,"C0"
"ENSG00000205609",337,0.690543709416093,0.634084832699947,-2.58123087411459,-3.11214450184381,FALSE,FALSE,NA,11485,1120,"Full sample: n1 = 11485, n2 = 1120",1.93,0.05,"outside"
"ENSG00000213523",161,0.0980301601349446,0.0994488413910949,-0.0594569619347803,-0.118931791568835,FALSE,FALSE,NA,11485,1120,"Full sample: n1 = 11485, n2 = 1120",1.93,0.05,"outside"
"ENSG00000178773",184,0.0822838136466292,0.083043780163777,-0.0267331177481935,-0.0424433268880201,TRUE,TRUE,NA,11485,1120,"Full sample: n1 = 11485, n2 = 1120",1.93,0.05,"C0"
"ENSG00000100201",154,0.106015261520223,0.104869964866356,-0.0645176752636937,-0.093980452399538,FALSE,FALSE,NA,11485,1120,"Full sample: n1 = 11485, n2 = 1120",1.93,0.05,"outside"
"ENSG00000182446",182,0.500561931928131,0.492235851376811,-1.60889237364815,-1.85033517071346,FALSE,FALSE,NA,11485,1120,"Full sample: n1 = 11485, n2 = 1120",1.93,0.05,"outside"
"ENSG00000079999",163,0.108561835411853,0.111180509331651,-0.018828316477716,-0.0402045942484931,TRUE,TRUE,NA,11485,1120,"Full sample: n1 = 11485, n2 = 1120",1.93,0.05,"C0"
"ENSG00000147050",213,0.0947580020115406,0.0969248862093981,-0.00871287926475084,-0.0140314803895573,TRUE,TRUE,NA,11485,1120,"Full sample: n1 = 11485, n2 = 1120",1.93,0.05,"C0"
"ENSG00000242485",104,0.108463151708779,0.113448882107005,-0.020703665141551,-0.0337355942290055,TRUE,TRUE,NA,11485,1120,"Full sample: n1 = 11485, n2 = 1120",1.93,0.05,"C0"
"ENSG00000161203",202,0.114619686489682,0.115863414223988,-0.0455477550252567,-0.0845228434954717,TRUE,FALSE,NA,11485,1120,"Full sample: n1 = 11485, n2 = 1120",1.93,0.05,"Cgamma"
"ENSG00000124571",162,0.101503214846491,0.101099549821624,-0.0108722505853369,-0.0262679326631127,TRUE,TRUE,NA,11485,1120,"Full sample: n1 = 11485, n2 = 1120",1.93,0.05,"C0"
"ENSG00000151461",104,0.135713523107298,0.153499106878718,-0.172407492215062,-0.189685197513253,FALSE,FALSE,NA,11485,1120,"Full sample: n1 = 11485, n2 = 1120",1.93,0.05,"outside"
"ENSG00000203760",130,0.126452710186308,0.128523958206612,-0.0412460539827341,-0.0659328825991699,TRUE,FALSE,NA,11485,1120,"Full sample: n1 = 11485, n2 = 1120",1.93,0.05,"Cgamma"
"ENSG00000204371",171,0.134064222084547,0.138869754449236,-0.164820283315646,-0.386865953710322,FALSE,FALSE,NA,11485,1120,"Full sample: n1 = 11485, n2 = 1120",1.93,0.05,"outside"
"ENSG00000090061",273,0.0999333992888492,0.100579107873024,-0.0106895218518721,-0.0168652212238531,TRUE,TRUE,NA,11485,1120,"Full sample: n1 = 11485, n2 = 1120",1.93,0.05,"C0"
"ENSG00000134852",647,0.130188091674249,0.138895871537948,-0.0916542913786188,-0.11736455277434,FALSE,FALSE,NA,11485,1120,"Full sample: n1 = 11485, n2 = 1120",1.93,0.05,"outside"
"ENSG00000071859",116,0.169884916775382,0.164179814913794,-0.221500044674867,-0.361350160154291,FALSE,FALSE,NA,11485,1120,"Full sample: n1 = 11485, n2 = 1120",1.93,0.05,"outside"
"ENSG00000013374",144,0.169154954765247,0.172506442625597,-0.0787080594603179,-0.142737528654334,FALSE,FALSE,NA,11485,1120,"Full sample: n1 = 11485, n2 = 1120",1.93,0.05,"outside"
"ENSG00000164077",172,0.0721085931549476,0.0767073882015829,-0.0264617468000321,-0.0582251359072396,TRUE,FALSE,NA,11485,1120,"Full sample: n1 = 11485, n2 = 1120",1.93,0.05,"Cgamma"
"ENSG00000135486",133,0.101657620326699,0.110175677542816,-0.0514784892798813,-0.089175594470217,FALSE,FALSE,NA,11485,1120,"Full sample: n1 = 11485, n2 = 1120",1.93,0.05,"outside"
"ENSG00000164941",148,0.138776734012743,0.140699889152241,-0.408545926968108,-0.532789269955109,FALSE,FALSE,NA,11485,1120,"Full sample: n1 = 11485, n2 = 1120",1.93,0.05,"outside"
"ENSG00000131931",150,0.341490270512451,0.329540867832353,-2.23603278616263,-2.63080864898631,FALSE,FALSE,NA,11485,1120,"Full sample: n1 = 11485, n2 = 1120",1.93,0.05,"outside"
"ENSG00000108424",177,0.185017762393396,0.192367745583297,-0.612608444944158,-0.985780399021399,FALSE,FALSE,NA,11485,1120,"Full sample: n1 = 11485, n2 = 1120",1.93,0.05,"outside"
"ENSG00000164902",108,0.287678954593028,0.271047841996468,-0.812379855702587,-1.04711694226441,FALSE,FALSE,NA,11485,1120,"Full sample: n1 = 11485, n2 = 1120",1.93,0.05,"outside"
"ENSG00000105185",135,0.101679585430769,0.101474583745149,-0.0140265263334277,-0.0475714174395576,TRUE,TRUE,NA,11485,1120,"Full sample: n1 = 11485, n2 = 1120",1.93,0.05,"C0"
"ENSG00000125484",889,0.103925744236975,0.10676104087988,-0.00833833171165366,-0.0362524970771406,TRUE,TRUE,NA,11485,1120,"Full sample: n1 = 11485, n2 = 1120",1.93,0.05,"C0"
"ENSG00000104517",102,0.139504919675133,0.14197673655596,-0.0478245404615616,-0.0695389257488273,TRUE,FALSE,NA,11485,1120,"Full sample: n1 = 11485, n2 = 1120",1.93,0.05,"Cgamma"
"ENSG00000167513",101,0.255378774249881,0.257430909026034,-1.05021425890372,-1.40863257926636,FALSE,FALSE,NA,11485,1120,"Full sample: n1 = 11485, n2 = 1120",1.93,0.05,"outside"
"ENSG00000150776",117,0.0937321729377248,0.0957280020079179,-0.0632274270651529,-0.113118512389321,FALSE,FALSE,NA,11485,1120,"Full sample: n1 = 11485, n2 = 1120",1.93,0.05,"outside"
"ENSG00000163930",110,0.086596744377185,0.0888795202892246,-0.0321219035204215,-0.136769086125797,TRUE,FALSE,NA,11485,1120,"Full sample: n1 = 11485, n2 = 1120",1.93,0.05,"Cgamma"
"ENSG00000185838",105,0.144642479978235,0.147830596863834,-0.1027715616173,-0.162076039958783,FALSE,FALSE,NA,11485,1120,"Full sample: n1 = 11485, n2 = 1120",1.93,0.05,"outside"
"ENSG00000124207",252,0.137470294529161,0.139478270084598,-0.485878666630991,-0.82314220791718,FALSE,FALSE,NA,11485,1120,"Full sample: n1 = 11485, n2 = 1120",1.93,0.05,"outside"
"ENSG00000130024",124,0.0772065727068719,0.081816629534471,-0.0286824534412343,-0.0521997389204315,TRUE,FALSE,NA,11485,1120,"Full sample: n1 = 11485, n2 = 1120",1.93,0.05,"Cgamma"
"ENSG00000169045",145,0.0658735426887955,0.0691799294738297,-0.0214903368486799,-0.0401583593640425,TRUE,TRUE,NA,11485,1120,"Full sample: n1 = 11485, n2 = 1120",1.93,0.05,"C0"
"ENSG00000284024",104,0.121798984176163,0.124529183112408,-0.0298168125131046,-0.106902813220007,TRUE,FALSE,NA,11485,1120,"Full sample: n1 = 11485, n2 = 1120",1.93,0.05,"Cgamma"
"ENSG00000187531",237,0.174732135833208,0.172355823795785,-0.755613380826074,-0.966366409380637,FALSE,FALSE,NA,11485,1120,"Full sample: n1 = 11485, n2 = 1120",1.93,0.05,"outside"
"ENSG00000241837",135,0.0851339710561919,0.088747714159231,0.00994025293760593,-0.0080989917296224,TRUE,TRUE,NA,11485,1120,"Full sample: n1 = 11485, n2 = 1120",1.93,0.05,"C0"
"ENSG00000129055",111,0.101642371735894,0.102970133884452,-0.0262154629562519,-0.0391892715541522,TRUE,TRUE,NA,11485,1120,"Full sample: n1 = 11485, n2 = 1120",1.93,0.05,"C0"
"ENSG00000110921",422,0.0999396324576126,0.103466484222309,-0.0119376065618202,-0.0319577370259197,TRUE,TRUE,NA,11485,1120,"Full sample: n1 = 11485, n2 = 1120",1.93,0.05,"C0"
"ENSG00000133059",258,0.104968497738792,0.105769772877579,-0.0120749788416796,-0.0316026988785443,TRUE,TRUE,NA,11485,1120,"Full sample: n1 = 11485, n2 = 1120",1.93,0.05,"C0"
"ENSG00000100209",227,0.125102663453218,0.131321229348742,-0.199076723446218,-0.403972811976495,FALSE,FALSE,NA,11485,1120,"Full sample: n1 = 11485, n2 = 1120",1.93,0.05,"outside"
"ENSG00000117360",111,0.231251951626048,0.192332721339905,-2.21252903915723,-2.52250735426388,FALSE,FALSE,NA,11485,1120,"Full sample: n1 = 11485, n2 = 1120",1.93,0.05,"outside"
"ENSG00000072274",299,0.094823205824802,0.0956774144767725,0.00315953344168137,-0.00320324108654794,TRUE,TRUE,NA,11485,1120,"Full sample: n1 = 11485, n2 = 1120",1.93,0.05,"C0"
"ENSG00000197780",182,0.141433259495222,0.136174396761238,-0.657091922888206,-0.688776033091122,FALSE,FALSE,NA,11485,1120,"Full sample: n1 = 11485, n2 = 1120",1.93,0.05,"outside"
"ENSG00000014123",111,0.088635702079587,0.0911603520590282,-0.0325439384081585,-0.0382286236316912,TRUE,TRUE,NA,11485,1120,"Full sample: n1 = 11485, n2 = 1120",1.93,0.05,"C0"
"ENSG00000076003",120,0.107339068759228,0.118818077315996,-0.485583151038025,-0.813410148695009,FALSE,FALSE,NA,11485,1120,"Full sample: n1 = 11485, n2 = 1120",1.93,0.05,"outside"
"ENSG00000178202",768,0.0986379595872135,0.101449171130179,-0.0228214960723489,-0.0425830245855165,TRUE,TRUE,NA,11485,1120,"Full sample: n1 = 11485, n2 = 1120",1.93,0.05,"C0"
"ENSG00000109618",168,0.0783102976443176,0.0807423042727631,-0.00880820405876716,-0.01950158942864,TRUE,TRUE,NA,11485,1120,"Full sample: n1 = 11485, n2 = 1120",1.93,0.05,"C0"
"ENSG00000162775",213,0.102834610307239,0.110324578023702,-0.163852877192359,-0.185932083553602,FALSE,FALSE,NA,11485,1120,"Full sample: n1 = 11485, n2 = 1120",1.93,0.05,"outside"
"ENSG00000183054",381,0.0814756422287669,0.0830792824600406,0.00240415491289616,-0.00691694563954726,TRUE,TRUE,NA,11485,1120,"Full sample: n1 = 11485, n2 = 1120",1.93,0.05,"C0"
"ENSG00000100804",137,1.07054829523682,1.08502773106274,-6.90196065978727,-7.24915259638378,FALSE,FALSE,NA,11485,1120,"Full sample: n1 = 11485, n2 = 1120",1.93,0.05,"outside"
"ENSG00000168872",393,0.0816018058607424,0.0845461992237583,-0.00566387812460536,-0.0152312398159834,TRUE,TRUE,NA,11485,1120,"Full sample: n1 = 11485, n2 = 1120",1.93,0.05,"C0"
"ENSG00000169564",170,0.0969130211242583,0.0992494111541185,-0.0270856926421987,-0.0615338822305651,TRUE,FALSE,NA,11485,1120,"Full sample: n1 = 11485, n2 = 1120",1.93,0.05,"Cgamma"
"ENSG00000139350",140,0.105419500438374,0.108621645323329,-0.0205856064156166,-0.0234430752282166,TRUE,TRUE,NA,11485,1120,"Full sample: n1 = 11485, n2 = 1120",1.93,0.05,"C0"
"ENSG00000105618",144,0.263534223273435,0.218689502233034,-2.37753960335569,-2.69614769164191,FALSE,FALSE,NA,11485,1120,"Full sample: n1 = 11485, n2 = 1120",1.93,0.05,"outside"
"ENSG00000140830",169,0.0802724712185591,0.0814840738607829,-0.0185039001209337,-0.0336711207469507,TRUE,TRUE,NA,11485,1120,"Full sample: n1 = 11485, n2 = 1120",1.93,0.05,"C0"
"ENSG00000285053",125,0.150812070211095,0.154110474568834,-0.0551961490188621,-0.084709794881254,FALSE,FALSE,NA,11485,1120,"Full sample: n1 = 11485, n2 = 1120",1.93,0.05,"outside"
"ENSG00000153786",388,0.140007650640405,0.145420888529368,-0.0819757938439338,-0.126293795034116,FALSE,FALSE,NA,11485,1120,"Full sample: n1 = 11485, n2 = 1120",1.93,0.05,"outside"
"ENSG00000131351",169,0.0921253220735077,0.0967641932310278,-0.030425435203134,-0.123987025325329,TRUE,FALSE,NA,11485,1120,"Full sample: n1 = 11485, n2 = 1120",1.93,0.05,"Cgamma"
"ENSG00000168286",144,0.0898824336648758,0.0937568921634871,-0.0679970807283453,-0.118616011327056,FALSE,FALSE,NA,11485,1120,"Full sample: n1 = 11485, n2 = 1120",1.93,0.05,"outside"
"ENSG00000153391",147,0.0982783693266425,0.100189210699013,-0.00789663368870486,-0.0176111604417017,TRUE,TRUE,NA,11485,1120,"Full sample: n1 = 11485, n2 = 1120",1.93,0.05,"C0"
"ENSG00000110713",102,0.154184242645659,0.160402167779745,-2.38667542655641,-2.62393476637777,FALSE,FALSE,NA,11485,1120,"Full sample: n1 = 11485, n2 = 1120",1.93,0.05,"outside"
"ENSG00000047410",126,0.0978788761386917,0.097830441964801,-0.048059126605658,-0.112336773922888,TRUE,FALSE,NA,11485,1120,"Full sample: n1 = 11485, n2 = 1120",1.93,0.05,"Cgamma"
"ENSG00000163634",146,0.121407552518521,0.125434260303008,-0.311031148617386,-0.553258000835454,FALSE,FALSE,NA,11485,1120,"Full sample: n1 = 11485, n2 = 1120",1.93,0.05,"outside"
"ENSG00000079785",121,0.237787036813732,0.248168105661085,-0.211551774296631,-0.254243754896335,FALSE,FALSE,NA,11485,1120,"Full sample: n1 = 11485, n2 = 1120",1.93,0.05,"outside"
"ENSG00000213638",286,0.122531768785416,0.126659571845713,-0.0296597503906239,-0.0397724456888846,TRUE,TRUE,NA,11485,1120,"Full sample: n1 = 11485, n2 = 1120",1.93,0.05,"C0"
"ENSG00000138035",140,0.0756067862795834,0.0776430664259305,-0.00293003659152377,-0.0405074320336598,TRUE,TRUE,NA,11485,1120,"Full sample: n1 = 11485, n2 = 1120",1.93,0.05,"C0"
"ENSG00000163528",136,0.425898486977684,0.419269618705275,-0.596687004251256,-0.794898154478302,FALSE,FALSE,NA,11485,1120,"Full sample: n1 = 11485, n2 = 1120",1.93,0.05,"outside"
"ENSG00000167985",190,0.0889201662323196,0.0913886440862731,-0.00567214475942874,-0.00892913187975303,TRUE,TRUE,NA,11485,1120,"Full sample: n1 = 11485, n2 = 1120",1.93,0.05,"C0"
"ENSG00000103356",129,0.119496252716226,0.125416651656265,-0.0486821577575864,-0.0588080030280536,TRUE,FALSE,NA,11485,1120,"Full sample: n1 = 11485, n2 = 1120",1.93,0.05,"Cgamma"
"ENSG00000103423",155,0.109093638604992,0.115057460558362,-0.067620417628418,-0.118745765825272,FALSE,FALSE,NA,11485,1120,"Full sample: n1 = 11485, n2 = 1120",1.93,0.05,"outside"
"ENSG00000189366",212,0.130839912815612,0.13537190560887,-0.0330421042997062,-0.0396666341523314,TRUE,TRUE,NA,11485,1120,"Full sample: n1 = 11485, n2 = 1120",1.93,0.05,"C0"
"ENSG00000156603",195,0.0964135708270162,0.104763981807255,-0.493794213589635,-0.710145167243441,FALSE,FALSE,NA,11485,1120,"Full sample: n1 = 11485, n2 = 1120",1.93,0.05,"outside"
"ENSG00000188986",148,0.263239911157897,0.259700091771947,-0.240858771921963,-0.311031338390732,FALSE,FALSE,NA,11485,1120,"Full sample: n1 = 11485, n2 = 1120",1.93,0.05,"outside"
"ENSG00000116670",229,0.10359904661694,0.105202441821189,-0.0295341590994239,-0.0511303550682296,TRUE,FALSE,NA,11485,1120,"Full sample: n1 = 11485, n2 = 1120",1.93,0.05,"Cgamma"
"ENSG00000103061",106,0.110786462546026,0.115273632760566,-0.05894684915813,-0.094043934891675,FALSE,FALSE,NA,11485,1120,"Full sample: n1 = 11485, n2 = 1120",1.93,0.05,"outside"
"ENSG00000101557",171,0.0878670463424596,0.0918005663915199,-0.00324851281197334,-0.0208393980167885,TRUE,TRUE,NA,11485,1120,"Full sample: n1 = 11485, n2 = 1120",1.93,0.05,"C0"
"ENSG00000105656",168,0.186202038898289,0.179996188348085,-0.505217866754504,-0.802095602320357,FALSE,FALSE,NA,11485,1120,"Full sample: n1 = 11485, n2 = 1120",1.93,0.05,"outside"
"ENSG00000157778",221,0.119101991674832,0.117649296452861,-0.273244219777272,-0.470092603512667,FALSE,FALSE,NA,11485,1120,"Full sample: n1 = 11485, n2 = 1120",1.93,0.05,"outside"
"ENSG00000012174",151,0.111843472905225,0.11404808175007,-0.0228977182844431,-0.0371795094601452,TRUE,TRUE,NA,11485,1120,"Full sample: n1 = 11485, n2 = 1120",1.93,0.05,"C0"
"ENSG00000083896",184,0.124340624360915,0.125879129682995,-0.570836983552653,-0.785637154816991,FALSE,FALSE,NA,11485,1120,"Full sample: n1 = 11485, n2 = 1120",1.93,0.05,"outside"
"ENSG00000116688",211,0.110574627707527,0.113287656983588,-0.0134827525181676,-0.038178472603838,TRUE,TRUE,NA,11485,1120,"Full sample: n1 = 11485, n2 = 1120",1.93,0.05,"C0"
"ENSG00000176225",101,0.1051027922675,0.107094999537839,-0.0434412219185325,-0.0651408877852411,TRUE,FALSE,NA,11485,1120,"Full sample: n1 = 11485, n2 = 1120",1.93,0.05,"Cgamma"
"ENSG00000167543",141,0.156837878521872,0.159308561852634,-0.0593448857172236,-0.0739321774171594,FALSE,FALSE,NA,11485,1120,"Full sample: n1 = 11485, n2 = 1120",1.93,0.05,"outside"
"ENSG00000112972",259,0.10265385438326,0.106988926054817,-0.0224829022010434,-0.0403078382335313,TRUE,TRUE,NA,11485,1120,"Full sample: n1 = 11485, n2 = 1120",1.93,0.05,"C0"
"ENSG00000117751",142,0.128727487350606,0.127757886660823,-0.0366228233353169,-0.0754572439973855,TRUE,FALSE,NA,11485,1120,"Full sample: n1 = 11485, n2 = 1120",1.93,0.05,"Cgamma"
"ENSG00000099821",212,0.0977858584626348,0.100182891582163,-0.0885814281139301,-0.146079403180677,FALSE,FALSE,NA,11485,1120,"Full sample: n1 = 11485, n2 = 1120",1.93,0.05,"outside"
"ENSG00000115507",127,0.101188547480683,0.105726531711601,-0.0134761034504736,-0.0187529451854612,TRUE,TRUE,NA,11485,1120,"Full sample: n1 = 11485, n2 = 1120",1.93,0.05,"C0"
"ENSG00000169249",216,0.115711636139716,0.118892184417471,-0.0128014559234649,-0.0195009086671714,TRUE,TRUE,NA,11485,1120,"Full sample: n1 = 11485, n2 = 1120",1.93,0.05,"C0"
"ENSG00000138614",351,0.0968926183432811,0.0985732530094001,-0.0208237908835452,-0.0458313137312052,TRUE,TRUE,NA,11485,1120,"Full sample: n1 = 11485, n2 = 1120",1.93,0.05,"C0"
"ENSG00000126226",145,0.108121997640394,0.111401807499411,-0.0112633833960374,-0.0264778417796436,TRUE,TRUE,NA,11485,1120,"Full sample: n1 = 11485, n2 = 1120",1.93,0.05,"C0"
"ENSG00000079819",125,0.0817164628591987,0.087495447664556,-0.00807710718353753,-0.0183415984561889,TRUE,TRUE,NA,11485,1120,"Full sample: n1 = 11485, n2 = 1120",1.93,0.05,"C0"
"ENSG00000010810",146,0.113982484486804,0.112927895488603,-0.0335806042734393,-0.111366068452367,TRUE,FALSE,NA,11485,1120,"Full sample: n1 = 11485, n2 = 1120",1.93,0.05,"Cgamma"
"ENSG00000159086",138,0.0967969650780398,0.0959813785407558,-0.37800666580415,-0.611571058527995,FALSE,FALSE,NA,11485,1120,"Full sample: n1 = 11485, n2 = 1120",1.93,0.05,"outside"
"ENSG00000175283",121,0.0704975955025618,0.0751701483203585,-0.0128339759225494,-0.0365177379887958,TRUE,TRUE,NA,11485,1120,"Full sample: n1 = 11485, n2 = 1120",1.93,0.05,"C0"
"ENSG00000160783",320,0.18611014506278,0.188961856522355,-0.236113546127883,-0.414492215696867,FALSE,FALSE,NA,11485,1120,"Full sample: n1 = 11485, n2 = 1120",1.93,0.05,"outside"
"ENSG00000185591",189,0.103839005549485,0.106540585303541,-0.0170741061565327,-0.0315584424797814,TRUE,TRUE,NA,11485,1120,"Full sample: n1 = 11485, n2 = 1120",1.93,0.05,"C0"
"ENSG00000170906",169,0.150260329598875,0.165689003322012,-0.355029533936726,-0.38008606245358,FALSE,FALSE,NA,11485,1120,"Full sample: n1 = 11485, n2 = 1120",1.93,0.05,"outside"
"ENSG00000156162",184,0.0806995461206274,0.0832850273740003,-0.0225876833636049,-0.0534960222275334,TRUE,FALSE,NA,11485,1120,"Full sample: n1 = 11485, n2 = 1120",1.93,0.05,"Cgamma"
"ENSG00000138231",131,0.341015443242739,0.336568162609458,-0.584044153532238,-0.731587977813252,FALSE,FALSE,NA,11485,1120,"Full sample: n1 = 11485, n2 = 1120",1.93,0.05,"outside"
"ENSG00000185668",133,0.119009787875265,0.119620558178876,-0.756944985891355,-0.916728898325354,FALSE,FALSE,NA,11485,1120,"Full sample: n1 = 11485, n2 = 1120",1.93,0.05,"outside"
"ENSG00000213593",137,0.0998334145133247,0.104445479272155,-0.202567926100622,-0.351451871699437,FALSE,FALSE,NA,11485,1120,"Full sample: n1 = 11485, n2 = 1120",1.93,0.05,"outside"
"ENSG00000140694",153,0.113519253359245,0.117478208225767,-0.0359024340054925,-0.0771849616430145,TRUE,FALSE,NA,11485,1120,"Full sample: n1 = 11485, n2 = 1120",1.93,0.05,"Cgamma"
"ENSG00000243725",124,0.0925713606982348,0.094689934564697,-0.0304778199642991,-0.0519845296089983,TRUE,FALSE,NA,11485,1120,"Full sample: n1 = 11485, n2 = 1120",1.93,0.05,"Cgamma"
"ENSG00000113312",116,0.37280227408123,0.368167584648438,-0.524379677306465,-0.678916095084005,FALSE,FALSE,NA,11485,1120,"Full sample: n1 = 11485, n2 = 1120",1.93,0.05,"outside"
"ENSG00000182220",265,0.0994858906655536,0.102161497647014,-0.0338253361285875,-0.0439353434969034,TRUE,TRUE,NA,11485,1120,"Full sample: n1 = 11485, n2 = 1120",1.93,0.05,"C0"
"ENSG00000161654",111,0.126868874263414,0.131066089270942,-0.0456954670809939,-0.0815477545895487,TRUE,FALSE,NA,11485,1120,"Full sample: n1 = 11485, n2 = 1120",1.93,0.05,"Cgamma"
"ENSG00000149357",321,0.0880155902716735,0.0904005199904411,-0.00968265413214353,-0.0262655818804905,TRUE,TRUE,NA,11485,1120,"Full sample: n1 = 11485, n2 = 1120",1.93,0.05,"C0"
"ENSG00000066136",111,0.126594932616971,0.124137410501694,-0.238708580995442,-0.588671606325919,FALSE,FALSE,NA,11485,1120,"Full sample: n1 = 11485, n2 = 1120",1.93,0.05,"outside"
"ENSG00000010292",106,0.109374716521391,0.112882266683568,-0.0668457706531252,-0.115224817904562,FALSE,FALSE,NA,11485,1120,"Full sample: n1 = 11485, n2 = 1120",1.93,0.05,"outside"
"ENSG00000115947",159,0.0870588551142238,0.0891172322069054,0.00763864448728665,-0.00503312907913768,TRUE,TRUE,NA,11485,1120,"Full sample: n1 = 11485, n2 = 1120",1.93,0.05,"C0"
"ENSG00000099991",161,0.107233497899563,0.106488405609272,-0.00409963678030512,-0.028556117705297,TRUE,TRUE,NA,11485,1120,"Full sample: n1 = 11485, n2 = 1120",1.93,0.05,"C0"
"ENSG00000166598",138,0.104202036012919,0.104816013344044,-0.0196770057766136,-0.0328978970732828,TRUE,TRUE,NA,11485,1120,"Full sample: n1 = 11485, n2 = 1120",1.93,0.05,"C0"
"ENSG00000185651",122,0.0747487665209724,0.0769450590644163,-0.00584990196866828,-0.0549599681489352,TRUE,FALSE,NA,11485,1120,"Full sample: n1 = 11485, n2 = 1120",1.93,0.05,"Cgamma"
"ENSG00000100462",126,0.193149965804772,0.195473310771904,-0.324480170040902,-0.437193091461658,FALSE,FALSE,NA,11485,1120,"Full sample: n1 = 11485, n2 = 1120",1.93,0.05,"outside"
"ENSG00000188994",129,0.103490223341804,0.104960638168177,-0.0268361994915557,-0.0415493645836869,TRUE,TRUE,NA,11485,1120,"Full sample: n1 = 11485, n2 = 1120",1.93,0.05,"C0"
"ENSG00000275023",104,0.165851668775072,0.171284042666544,-0.41111900628302,-0.679716257737423,FALSE,FALSE,NA,11485,1120,"Full sample: n1 = 11485, n2 = 1120",1.93,0.05,"outside"
"ENSG00000107290",121,0.133049558295864,0.136356540364715,-0.0672590949769981,-0.0962633033245291,FALSE,FALSE,NA,11485,1120,"Full sample: n1 = 11485, n2 = 1120",1.93,0.05,"outside"
"ENSG00000172757",139,0.156016607006732,0.181933640203968,-2.20188932686107,-2.25644773168227,FALSE,FALSE,NA,11485,1120,"Full sample: n1 = 11485, n2 = 1120",1.93,0.05,"outside"
"ENSG00000004487",178,0.110623270931006,0.110552902972034,-0.0269214617142156,-0.0554172756211924,TRUE,FALSE,NA,11485,1120,"Full sample: n1 = 11485, n2 = 1120",1.93,0.05,"Cgamma"
"ENSG00000171159",152,0.11238694948567,0.112829214559164,-0.0298752797986009,-0.0529676576449847,TRUE,FALSE,NA,11485,1120,"Full sample: n1 = 11485, n2 = 1120",1.93,0.05,"Cgamma"
"ENSG00000170291",101,0.181548356923291,0.179662469706018,-0.232092789026773,-0.311365346304717,FALSE,FALSE,NA,11485,1120,"Full sample: n1 = 11485, n2 = 1120",1.93,0.05,"outside"
"ENSG00000204316",256,0.0947169480590032,0.0959701880521609,-0.00900994456714401,-0.0359656876271653,TRUE,TRUE,NA,11485,1120,"Full sample: n1 = 11485, n2 = 1120",1.93,0.05,"C0"
"ENSG00000172922",129,0.125708207576561,0.128536799016143,-0.0281226247890219,-0.0320381958033584,TRUE,TRUE,NA,11485,1120,"Full sample: n1 = 11485, n2 = 1120",1.93,0.05,"C0"
"ENSG00000146457",351,0.137734258466712,0.144178434629538,-0.213631898803343,-0.262733993641678,FALSE,FALSE,NA,11485,1120,"Full sample: n1 = 11485, n2 = 1120",1.93,0.05,"outside"
"ENSG00000109920",114,0.0881371128735015,0.0908075930581924,-0.189343642573257,-0.387986754591465,FALSE,FALSE,NA,11485,1120,"Full sample: n1 = 11485, n2 = 1120",1.93,0.05,"outside"
"ENSG00000185883",220,0.0937048614311247,0.0947806228608401,-0.0250350586458448,-0.0565594180822565,TRUE,FALSE,NA,11485,1120,"Full sample: n1 = 11485, n2 = 1120",1.93,0.05,"Cgamma"
"ENSG00000113194",115,0.100340030866439,0.105013603842621,-0.0207625019741202,-0.0309127838015884,TRUE,TRUE,NA,11485,1120,"Full sample: n1 = 11485, n2 = 1120",1.93,0.05,"C0"
"ENSG00000153814",226,0.106506948529776,0.111658185139579,-0.0362969477260632,-0.0696986031746577,TRUE,FALSE,NA,11485,1120,"Full sample: n1 = 11485, n2 = 1120",1.93,0.05,"Cgamma"
"ENSG00000092020",128,0.083027498206333,0.0868106452102753,-0.0348697949462824,-0.0487214873426946,TRUE,TRUE,NA,11485,1120,"Full sample: n1 = 11485, n2 = 1120",1.93,0.05,"C0"
"ENSG00000090905",106,0.243477614937553,0.231911965992205,-0.862989702349796,-1.20587373099031,FALSE,FALSE,NA,11485,1120,"Full sample: n1 = 11485, n2 = 1120",1.93,0.05,"outside"
"ENSG00000134014",108,0.328884961630323,0.321251326531623,-0.599138818870699,-0.797213634897743,FALSE,FALSE,NA,11485,1120,"Full sample: n1 = 11485, n2 = 1120",1.93,0.05,"outside"
"ENSG00000169750",127,0.406757308655304,0.389339549536084,-4.64887859153624,-5.24763117979736,FALSE,FALSE,NA,11485,1120,"Full sample: n1 = 11485, n2 = 1120",1.93,0.05,"outside"
"ENSG00000165898",143,0.0793046386369247,0.0792075612229946,-0.0106565435471795,-0.0426891455629066,TRUE,TRUE,NA,11485,1120,"Full sample: n1 = 11485, n2 = 1120",1.93,0.05,"C0"
"ENSG00000116809",282,0.153015744524474,0.156138000850718,-0.0612756357983978,-0.0784615703762267,FALSE,FALSE,NA,11485,1120,"Full sample: n1 = 11485, n2 = 1120",1.93,0.05,"outside"
"ENSG00000165644",138,0.135140702625222,0.145035712801597,-0.06812310684211,-0.0902968327435833,FALSE,FALSE,NA,11485,1120,"Full sample: n1 = 11485, n2 = 1120",1.93,0.05,"outside"
"ENSG00000112249",118,0.168896006812208,0.171971396568181,-0.567849443508702,-0.725324482876386,FALSE,FALSE,NA,11485,1120,"Full sample: n1 = 11485, n2 = 1120",1.93,0.05,"outside"
"ENSG00000174243",168,0.163961005217569,0.148341047381846,-1.62159914012714,-1.9131446563227,FALSE,FALSE,NA,11485,1120,"Full sample: n1 = 11485, n2 = 1120",1.93,0.05,"outside"
"ENSG00000250067",237,0.0979635547887076,0.100069685947381,-0.0233100447687369,-0.0343528264999569,TRUE,TRUE,NA,11485,1120,"Full sample: n1 = 11485, n2 = 1120",1.93,0.05,"C0"
"ENSG00000168118",176,0.195099025482569,0.196153796988165,-0.158830718456046,-0.191101520419661,FALSE,FALSE,NA,11485,1120,"Full sample: n1 = 11485, n2 = 1120",1.93,0.05,"outside"
"ENSG00000152382",138,0.0975001184289152,0.097345334526494,-0.0587355450793544,-0.145655968188718,FALSE,FALSE,NA,11485,1120,"Full sample: n1 = 11485, n2 = 1120",1.93,0.05,"outside"
"ENSG00000063046",380,0.10260875542315,0.107904433210449,-0.0368437817707083,-0.0728805908292315,TRUE,FALSE,NA,11485,1120,"Full sample: n1 = 11485, n2 = 1120",1.93,0.05,"Cgamma"
"ENSG00000130640",154,0.140847327604568,0.142436730153269,-0.426281915067817,-0.692244055373437,FALSE,FALSE,NA,11485,1120,"Full sample: n1 = 11485, n2 = 1120",1.93,0.05,"outside"
"ENSG00000101158",111,0.356989373839579,0.351970454579945,-0.316908187670874,-0.361604909268769,FALSE,FALSE,NA,11485,1120,"Full sample: n1 = 11485, n2 = 1120",1.93,0.05,"outside"
"ENSG00000189091",146,0.34531331780713,0.338134302505512,-1.38901694129499,-1.75246117783608,FALSE,FALSE,NA,11485,1120,"Full sample: n1 = 11485, n2 = 1120",1.93,0.05,"outside"
"ENSG00000110172",142,0.0926923850616097,0.0937361286174654,-0.0585188563300776,-0.0802956718219405,FALSE,FALSE,NA,11485,1120,"Full sample: n1 = 11485, n2 = 1120",1.93,0.05,"outside"
"ENSG00000165819",212,0.0947652968319936,0.100755448591796,-0.334713009415892,-0.384412446211035,FALSE,FALSE,NA,11485,1120,"Full sample: n1 = 11485, n2 = 1120",1.93,0.05,"outside"
"ENSG00000137955",105,0.557858743244779,0.541166155885162,-2.64976620232154,-3.07209281128421,FALSE,FALSE,NA,11485,1120,"Full sample: n1 = 11485, n2 = 1120",1.93,0.05,"outside"
"ENSG00000132294",214,0.104033747144685,0.108662588994733,-0.0103401265790382,-0.0179523971490281,TRUE,TRUE,NA,11485,1120,"Full sample: n1 = 11485, n2 = 1120",1.93,0.05,"C0"
"ENSG00000132463",122,0.118998980580727,0.122407706357094,-0.0421711019796509,-0.0676318695437566,TRUE,FALSE,NA,11485,1120,"Full sample: n1 = 11485, n2 = 1120",1.93,0.05,"Cgamma"
"ENSG00000132153",105,0.102444979656731,0.102940440807033,-0.019919324893743,-0.0385543500540429,TRUE,TRUE,NA,11485,1120,"Full sample: n1 = 11485, n2 = 1120",1.93,0.05,"C0"
"ENSG00000071243",133,0.123137508783657,0.125797434751952,-0.0628632892906819,-0.0927383152969955,FALSE,FALSE,NA,11485,1120,"Full sample: n1 = 11485, n2 = 1120",1.93,0.05,"outside"
"ENSG00000089639",140,0.103943508033379,0.107877184401869,-0.0812451866647456,-0.130363434998229,FALSE,FALSE,NA,11485,1120,"Full sample: n1 = 11485, n2 = 1120",1.93,0.05,"outside"
"ENSG00000060688",217,0.0897696794435389,0.0932102275008482,-0.00606910839951738,-0.0341479321886066,TRUE,TRUE,NA,11485,1120,"Full sample: n1 = 11485, n2 = 1120",1.93,0.05,"C0"
"ENSG00000116455",105,0.147584497769534,0.150330521463237,-0.0699673384077937,-0.110316415695765,FALSE,FALSE,NA,11485,1120,"Full sample: n1 = 11485, n2 = 1120",1.93,0.05,"outside"
"ENSG00000089159",128,0.104315029423727,0.10849309581364,-0.0341271343549051,-0.0722164826992941,TRUE,FALSE,NA,11485,1120,"Full sample: n1 = 11485, n2 = 1120",1.93,0.05,"Cgamma"
"ENSG00000134265",224,0.107526272612963,0.112251924349138,-0.0425657424929582,-0.0597179852625454,TRUE,FALSE,NA,11485,1120,"Full sample: n1 = 11485, n2 = 1120",1.93,0.05,"Cgamma"
"ENSG00000092203",160,0.140679338445437,0.150632223825742,-0.0713986464247048,-0.0803758925194603,FALSE,FALSE,NA,11485,1120,"Full sample: n1 = 11485, n2 = 1120",1.93,0.05,"outside"
"ENSG00000100084",221,0.125492003301233,0.128452932394298,-0.0397457699480237,-0.0654689822647395,TRUE,FALSE,NA,11485,1120,"Full sample: n1 = 11485, n2 = 1120",1.93,0.05,"Cgamma"
"ENSG00000137267",149,0.119502754060287,0.121355094530913,-0.0376814144724885,-0.0531400307215259,TRUE,FALSE,NA,11485,1120,"Full sample: n1 = 11485, n2 = 1120",1.93,0.05,"Cgamma"
"ENSG00000115875",145,0.14771009172522,0.152288038529012,-0.358676706415427,-0.63103196818068,FALSE,FALSE,NA,11485,1120,"Full sample: n1 = 11485, n2 = 1120",1.93,0.05,"outside"
"ENSG00000160193",140,0.117664067276089,0.118163861764532,-0.0181935464885031,-0.0295347845788659,TRUE,TRUE,NA,11485,1120,"Full sample: n1 = 11485, n2 = 1120",1.93,0.05,"C0"
"ENSG00000196230",249,0.100013542468431,0.10216530400523,-0.0234828575705937,-0.0595017975950906,TRUE,FALSE,NA,11485,1120,"Full sample: n1 = 11485, n2 = 1120",1.93,0.05,"Cgamma"
"ENSG00000124193",148,0.114680091928731,0.114998228525675,-0.027213619052357,-0.0774539888470705,TRUE,FALSE,NA,11485,1120,"Full sample: n1 = 11485, n2 = 1120",1.93,0.05,"Cgamma"
"ENSG00000145191",114,0.836987619670777,0.79817145664933,-3.32848532622987,-3.77401195216466,FALSE,FALSE,NA,11485,1120,"Full sample: n1 = 11485, n2 = 1120",1.93,0.05,"outside"
"ENSG00000129932",118,0.101413768305996,0.106173226463702,-0.0504948954643054,-0.064767441269823,FALSE,FALSE,NA,11485,1120,"Full sample: n1 = 11485, n2 = 1120",1.93,0.05,"outside"
"ENSG00000118420",143,0.138098404556302,0.140655990309638,-0.0576172850651955,-0.12771432320864,FALSE,FALSE,NA,11485,1120,"Full sample: n1 = 11485, n2 = 1120",1.93,0.05,"outside"
"ENSG00000204209",111,0.0821622654373612,0.0824863809076931,-0.0137769760010617,-0.0247087127753804,TRUE,TRUE,NA,11485,1120,"Full sample: n1 = 11485, n2 = 1120",1.93,0.05,"C0"
"ENSG00000110321",155,0.330765042986077,0.328048359290036,-0.428227645127818,-0.515979826537212,FALSE,FALSE,NA,11485,1120,"Full sample: n1 = 11485, n2 = 1120",1.93,0.05,"outside"
"ENSG00000121350",130,0.452369279437414,0.453686917845395,-0.574398008841444,-0.703224746631727,FALSE,FALSE,NA,11485,1120,"Full sample: n1 = 11485, n2 = 1120",1.93,0.05,"outside"
"ENSG00000162601",106,0.0983663107061312,0.0958839806502088,-0.0850696688277757,-0.123831867863506,FALSE,FALSE,NA,11485,1120,"Full sample: n1 = 11485, n2 = 1120",1.93,0.05,"outside"
"ENSG00000070366",123,0.115220044411293,0.125033943540267,-0.0851860355240604,-0.10073391736981,FALSE,FALSE,NA,11485,1120,"Full sample: n1 = 11485, n2 = 1120",1.93,0.05,"outside"
"ENSG00000111300",139,0.130504257740759,0.137333760695766,-0.130819375448782,-0.24108886086807,FALSE,FALSE,NA,11485,1120,"Full sample: n1 = 11485, n2 = 1120",1.93,0.05,"outside"
"ENSG00000154229",107,0.148620140104407,0.14466240647084,-0.10793714137724,-0.146149572642832,FALSE,FALSE,NA,11485,1120,"Full sample: n1 = 11485, n2 = 1120",1.93,0.05,"outside"
"ENSG00000108423",123,0.121375417391301,0.122555521031512,-0.0347939195943847,-0.0410778230215976,TRUE,TRUE,NA,11485,1120,"Full sample: n1 = 11485, n2 = 1120",1.93,0.05,"C0"
"ENSG00000117410",107,0.0849378224969813,0.0882299487835419,-0.0538290045826397,-0.126952807430153,FALSE,FALSE,NA,11485,1120,"Full sample: n1 = 11485, n2 = 1120",1.93,0.05,"outside"
"ENSG00000139977",134,0.100466492313258,0.10173490249229,0.000927985997091534,-0.0207517555973992,TRUE,TRUE,NA,11485,1120,"Full sample: n1 = 11485, n2 = 1120",1.93,0.05,"C0"
"ENSG00000185246",183,0.0917498146277646,0.0925277188574188,3.93363793344499e-06,-0.0106278559189282,TRUE,TRUE,NA,11485,1120,"Full sample: n1 = 11485, n2 = 1120",1.93,0.05,"C0"
"ENSG00000164975",120,0.252036593442182,0.245264433524013,-0.619907103643385,-0.798868435518553,FALSE,FALSE,NA,11485,1120,"Full sample: n1 = 11485, n2 = 1120",1.93,0.05,"outside"
"ENSG00000241370",124,0.205835234235467,0.204229510492668,-0.261139384523975,-0.427325371788568,FALSE,FALSE,NA,11485,1120,"Full sample: n1 = 11485, n2 = 1120",1.93,0.05,"outside"
"ENSG00000105732",154,0.085832318133304,0.0891907542902153,-0.0180929724515494,-0.100630257461815,TRUE,FALSE,NA,11485,1120,"Full sample: n1 = 11485, n2 = 1120",1.93,0.05,"Cgamma"
"ENSG00000101972",110,0.159557285130132,0.165510286212677,-0.0630290403858439,-0.0685293107743573,FALSE,FALSE,NA,11485,1120,"Full sample: n1 = 11485, n2 = 1120",1.93,0.05,"outside"
"ENSG00000198176",164,0.0828984833552671,0.0842963506151577,-0.00748262339706139,-0.019785005521331,TRUE,TRUE,NA,11485,1120,"Full sample: n1 = 11485, n2 = 1120",1.93,0.05,"C0"
"ENSG00000152253",473,0.359111793636799,0.368120212363481,-0.930728668052629,-1.23312497278197,FALSE,FALSE,NA,11485,1120,"Full sample: n1 = 11485, n2 = 1120",1.93,0.05,"outside"
"ENSG00000110700",121,0.282327231683759,0.299023786704131,-2.81078466035231,-2.90561632850447,FALSE,FALSE,NA,11485,1120,"Full sample: n1 = 11485, n2 = 1120",1.93,0.05,"outside"
"ENSG00000087302",192,0.279075402441265,0.285441300103376,-0.302935145475912,-0.393773896373666,FALSE,FALSE,NA,11485,1120,"Full sample: n1 = 11485, n2 = 1120",1.93,0.05,"outside"
"ENSG00000111707",127,0.20889188874355,0.201185755771086,-0.326334846492218,-0.409032557364866,FALSE,FALSE,NA,11485,1120,"Full sample: n1 = 11485, n2 = 1120",1.93,0.05,"outside"
"ENSG00000168917",387,0.0990860960212001,0.101010026887542,-0.0214726962943813,-0.0367703288213528,TRUE,TRUE,NA,11485,1120,"Full sample: n1 = 11485, n2 = 1120",1.93,0.05,"C0"
"ENSG00000198841",130,0.180817159002034,0.182951673816204,-0.18569371777545,-0.255929153767357,FALSE,FALSE,NA,11485,1120,"Full sample: n1 = 11485, n2 = 1120",1.93,0.05,"outside"
"ENSG00000146282",132,0.0877117553798638,0.0886894724069719,-0.0404369614290132,-0.0534857598378276,TRUE,FALSE,NA,11485,1120,"Full sample: n1 = 11485, n2 = 1120",1.93,0.05,"Cgamma"
"ENSG00000172613",149,0.0775627162176889,0.0794836828509683,-0.0106824701233723,-0.0261184118276832,TRUE,TRUE,NA,11485,1120,"Full sample: n1 = 11485, n2 = 1120",1.93,0.05,"C0"
"ENSG00000187961",117,0.09911155630188,0.100184688274503,-0.0395546269009709,-0.0699904124322932,TRUE,FALSE,NA,11485,1120,"Full sample: n1 = 11485, n2 = 1120",1.93,0.05,"Cgamma"
"ENSG00000105819",145,0.459418090781911,0.443575535432668,-0.88293965227354,-1.11660313072443,FALSE,FALSE,NA,11485,1120,"Full sample: n1 = 11485, n2 = 1120",1.93,0.05,"outside"
"ENSG00000164654",130,0.110747826495646,0.115289262455243,-0.0654986485619713,-0.117162283800814,FALSE,FALSE,NA,11485,1120,"Full sample: n1 = 11485, n2 = 1120",1.93,0.05,"outside"
"ENSG00000168924",153,0.231795474309321,0.234157169140225,-0.235852026402058,-0.300065898620255,FALSE,FALSE,NA,11485,1120,"Full sample: n1 = 11485, n2 = 1120",1.93,0.05,"outside"
"ENSG00000160075",226,0.566436278919649,0.544330694655607,-1.50624743526229,-1.68273029722667,FALSE,FALSE,NA,11485,1120,"Full sample: n1 = 11485, n2 = 1120",1.93,0.05,"outside"
"ENSG00000103187",108,0.0927620196525878,0.0954691542566607,-0.0276882127544209,-0.0593268290135436,TRUE,FALSE,NA,11485,1120,"Full sample: n1 = 11485, n2 = 1120",1.93,0.05,"Cgamma"
"ENSG00000163754",284,0.124134454239014,0.133885921083323,-0.713607018214363,-0.760629182128355,FALSE,FALSE,NA,11485,1120,"Full sample: n1 = 11485, n2 = 1120",1.93,0.05,"outside"
"ENSG00000171453",177,0.118733664997149,0.120916369993336,-0.0485611101002442,-0.0772116875687878,TRUE,FALSE,NA,11485,1120,"Full sample: n1 = 11485, n2 = 1120",1.93,0.05,"Cgamma"
"ENSG00000147416",158,0.125751721422587,0.127796623806961,-0.0701717226028717,-0.146233388888211,FALSE,FALSE,NA,11485,1120,"Full sample: n1 = 11485, n2 = 1120",1.93,0.05,"outside"
"ENSG00000100949",189,0.309948626471219,0.301355730504485,-1.66411433534111,-2.04103090051779,FALSE,FALSE,NA,11485,1120,"Full sample: n1 = 11485, n2 = 1120",1.93,0.05,"outside"
"ENSG00000198356",161,0.107178998489504,0.10833827619669,-0.0453120135564391,-0.0687102915537335,TRUE,FALSE,NA,11485,1120,"Full sample: n1 = 11485, n2 = 1120",1.93,0.05,"Cgamma"
"ENSG00000213465",193,0.113994919662976,0.117455432640322,-0.0229769249005039,-0.0371661599388541,TRUE,TRUE,NA,11485,1120,"Full sample: n1 = 11485, n2 = 1120",1.93,0.05,"C0"
"ENSG00000241468",223,0.116208242132467,0.119723159563109,-0.0211213178356447,-0.0279863145773912,TRUE,TRUE,NA,11485,1120,"Full sample: n1 = 11485, n2 = 1120",1.93,0.05,"C0"
"ENSG00000167578",229,0.0988183143887615,0.0996523211715742,-0.00625201670849863,-0.0130866415351609,TRUE,TRUE,NA,11485,1120,"Full sample: n1 = 11485, n2 = 1120",1.93,0.05,"C0"
"ENSG00000075856",233,0.153147600531836,0.142433142257468,-1.08707635920312,-1.32823448271765,FALSE,FALSE,NA,11485,1120,"Full sample: n1 = 11485, n2 = 1120",1.93,0.05,"outside"
"ENSG00000188186",122,0.0844940535732402,0.0912663003488835,-0.00821827640846938,-0.0191488999564033,TRUE,TRUE,NA,11485,1120,"Full sample: n1 = 11485, n2 = 1120",1.93,0.05,"C0"
"ENSG00000131462",134,0.0995477591799419,0.101792594708545,-0.0350834487359968,-0.126805281262951,TRUE,FALSE,NA,11485,1120,"Full sample: n1 = 11485, n2 = 1120",1.93,0.05,"Cgamma"
"ENSG00000071553",174,0.115610802371395,0.116493804949354,-0.0351372606127303,-0.0763097092363103,TRUE,FALSE,NA,11485,1120,"Full sample: n1 = 11485, n2 = 1120",1.93,0.05,"Cgamma"
"ENSG00000171848",191,0.121068837258982,0.123964696204961,-0.380398488762901,-0.69891844567797,FALSE,FALSE,NA,11485,1120,"Full sample: n1 = 11485, n2 = 1120",1.93,0.05,"outside"
"ENSG00000258366",305,0.109235201973701,0.112215495586307,-0.0428334473939492,-0.0862087747352115,TRUE,FALSE,NA,11485,1120,"Full sample: n1 = 11485, n2 = 1120",1.93,0.05,"Cgamma"
"ENSG00000170545",170,0.107956492860224,0.112678304729608,-0.0226799892953736,-0.0289767796497406,TRUE,TRUE,NA,11485,1120,"Full sample: n1 = 11485, n2 = 1120",1.93,0.05,"C0"
"ENSG00000104859",332,0.0877225108301276,0.091211950102162,-0.00886261800163148,-0.0213741056274207,TRUE,TRUE,NA,11485,1120,"Full sample: n1 = 11485, n2 = 1120",1.93,0.05,"C0"
"ENSG00000155115",131,0.145891699651938,0.147292939358046,-0.0448116116097385,-0.0596270510789374,TRUE,FALSE,NA,11485,1120,"Full sample: n1 = 11485, n2 = 1120",1.93,0.05,"Cgamma"
"ENSG00000105419",114,0.204171976883591,0.175176532903371,-1.0768894816964,-1.16025977977007,FALSE,FALSE,NA,11485,1120,"Full sample: n1 = 11485, n2 = 1120",1.93,0.05,"outside"
"ENSG00000177889",103,0.119514371334663,0.121918729424132,-0.0865392647017779,-0.102958610165208,FALSE,FALSE,NA,11485,1120,"Full sample: n1 = 11485, n2 = 1120",1.93,0.05,"outside"
"ENSG00000156990",111,0.0958945084494521,0.0934777420442412,-0.0599295817947666,-0.123102973728527,FALSE,FALSE,NA,11485,1120,"Full sample: n1 = 11485, n2 = 1120",1.93,0.05,"outside"
"ENSG00000116580",107,0.141809083931369,0.149191457601195,-0.147834067094797,-0.243764675250293,FALSE,FALSE,NA,11485,1120,"Full sample: n1 = 11485, n2 = 1120",1.93,0.05,"outside"
"ENSG00000056097",116,0.118563073852174,0.110452456770527,-0.209597349699624,-0.31710941114157,FALSE,FALSE,NA,11485,1120,"Full sample: n1 = 11485, n2 = 1120",1.93,0.05,"outside"
"ENSG00000135040",308,0.105385318393216,0.109522475203352,-0.0220101221271463,-0.0303916640780895,TRUE,TRUE,NA,11485,1120,"Full sample: n1 = 11485, n2 = 1120",1.93,0.05,"C0"
"ENSG00000167522",149,0.0829023010037356,0.0841429999307625,-0.00738472037612678,-0.1206603394792,TRUE,FALSE,NA,11485,1120,"Full sample: n1 = 11485, n2 = 1120",1.93,0.05,"Cgamma"
"ENSG00000170348",160,0.0795996487032523,0.0815543712064402,-0.0382023204142801,-0.0625612056576106,TRUE,FALSE,NA,11485,1120,"Full sample: n1 = 11485, n2 = 1120",1.93,0.05,"Cgamma"
"ENSG00000123374",204,0.102060854301284,0.102005619785242,-0.0327983748411005,-0.0587644874607967,TRUE,FALSE,NA,11485,1120,"Full sample: n1 = 11485, n2 = 1120",1.93,0.05,"Cgamma"
"ENSG00000276043",103,0.115458805364708,0.116100523572905,-0.0294330432019715,-0.107688176121782,TRUE,FALSE,NA,11485,1120,"Full sample: n1 = 11485, n2 = 1120",1.93,0.05,"Cgamma"
"ENSG00000125971",125,0.172239289335618,0.173859925576905,-0.220202951334582,-0.428004115813141,FALSE,FALSE,NA,11485,1120,"Full sample: n1 = 11485, n2 = 1120",1.93,0.05,"outside"
"ENSG00000111667",126,0.0979918433488061,0.0993472530456402,-0.293152523332406,-0.549102431358226,FALSE,FALSE,NA,11485,1120,"Full sample: n1 = 11485, n2 = 1120",1.93,0.05,"outside"
"ENSG00000163166",106,0.0768729069959375,0.0781275935886588,-0.106290158754352,-0.189361554492148,FALSE,FALSE,NA,11485,1120,"Full sample: n1 = 11485, n2 = 1120",1.93,0.05,"outside"
"ENSG00000156467",102,0.193160239047443,0.194382175596869,-0.0983318249679331,-0.118668478106535,FALSE,FALSE,NA,11485,1120,"Full sample: n1 = 11485, n2 = 1120",1.93,0.05,"outside"
"ENSG00000085415",124,0.127341309089958,0.124697583011192,-0.423148918552877,-0.645363292782697,FALSE,FALSE,NA,11485,1120,"Full sample: n1 = 11485, n2 = 1120",1.93,0.05,"outside"
"ENSG00000126261",139,0.14314902273018,0.142644612309308,-0.206150597644932,-0.317679841058712,FALSE,FALSE,NA,11485,1120,"Full sample: n1 = 11485, n2 = 1120",1.93,0.05,"outside"
"ENSG00000106263",109,0.720338562410008,0.672577757919535,-3.98175762892805,-4.58537977452757,FALSE,FALSE,NA,11485,1120,"Full sample: n1 = 11485, n2 = 1120",1.93,0.05,"outside"
"ENSG00000264364",212,0.114029080673325,0.113483345729535,-0.0276291318545253,-0.0431202614805698,TRUE,TRUE,NA,11485,1120,"Full sample: n1 = 11485, n2 = 1120",1.93,0.05,"C0"
"ENSG00000257949",127,0.0974259392548378,0.104667192830268,-0.0560774959141414,-0.0705500738399991,FALSE,FALSE,NA,11485,1120,"Full sample: n1 = 11485, n2 = 1120",1.93,0.05,"outside"
"ENSG00000164032",264,0.0965055422013334,0.097700575984036,-0.0213006491323759,-0.0656492588067745,TRUE,FALSE,NA,11485,1120,"Full sample: n1 = 11485, n2 = 1120",1.93,0.05,"Cgamma"
"ENSG00000197136",171,0.0990166905591726,0.102452950115468,-0.0131558114262475,-0.022155139274704,TRUE,TRUE,NA,11485,1120,"Full sample: n1 = 11485, n2 = 1120",1.93,0.05,"C0"
"ENSG00000173757",173,0.128302851085936,0.129126777506895,-0.0198043038665377,-0.0254855599562594,TRUE,TRUE,NA,11485,1120,"Full sample: n1 = 11485, n2 = 1120",1.93,0.05,"C0"
"ENSG00000060339",103,0.113587499025173,0.109802076492367,-0.0217267238963152,-0.0502799362948569,TRUE,FALSE,NA,11485,1120,"Full sample: n1 = 11485, n2 = 1120",1.93,0.05,"Cgamma"
"ENSG00000127586",118,0.11116982685873,0.114117222228832,-0.0316034848674365,-0.0474838500665048,TRUE,TRUE,NA,11485,1120,"Full sample: n1 = 11485, n2 = 1120",1.93,0.05,"C0"
"ENSG00000111711",140,0.176225442001543,0.175025863727562,-0.241046257046868,-0.353329502267812,FALSE,FALSE,NA,11485,1120,"Full sample: n1 = 11485, n2 = 1120",1.93,0.05,"outside"
"ENSG00000105568",215,0.109144933603483,0.107732618990363,-0.0615945221861626,-0.185021761321727,FALSE,FALSE,NA,11485,1120,"Full sample: n1 = 11485, n2 = 1120",1.93,0.05,"outside"
"ENSG00000162385",113,0.0881863566860431,0.0872587042326336,-0.0406523030126199,-0.051573536132113,TRUE,FALSE,NA,11485,1120,"Full sample: n1 = 11485, n2 = 1120",1.93,0.05,"Cgamma"
"ENSG00000169375",126,0.133748158402179,0.135493787091856,-0.0527109521446351,-0.104702175723817,FALSE,FALSE,NA,11485,1120,"Full sample: n1 = 11485, n2 = 1120",1.93,0.05,"outside"
"ENSG00000107959",130,0.122845151241848,0.129876106726034,-0.0808319935637469,-0.130917061578796,FALSE,FALSE,NA,11485,1120,"Full sample: n1 = 11485, n2 = 1120",1.93,0.05,"outside"
"ENSG00000125691",101,0.250561599990987,0.232743311336256,-2.27960024443537,-2.43574238347838,FALSE,FALSE,NA,11485,1120,"Full sample: n1 = 11485, n2 = 1120",1.93,0.05,"outside"
"ENSG00000198952",462,0.165976340027639,0.174727336858104,-0.177310262813346,-0.259908746051187,FALSE,FALSE,NA,11485,1120,"Full sample: n1 = 11485, n2 = 1120",1.93,0.05,"outside"
"ENSG00000198700",106,0.112018311056386,0.115430955790369,-0.021130697434542,-0.051479051142587,TRUE,FALSE,NA,11485,1120,"Full sample: n1 = 11485, n2 = 1120",1.93,0.05,"Cgamma"
"ENSG00000101138",113,0.132271793740986,0.13449774758797,-0.535563549601652,-0.837780707946703,FALSE,FALSE,NA,11485,1120,"Full sample: n1 = 11485, n2 = 1120",1.93,0.05,"outside"
"ENSG00000144736",149,0.160514664577068,0.164620049411078,-0.129549245550776,-0.348154331697166,FALSE,FALSE,NA,11485,1120,"Full sample: n1 = 11485, n2 = 1120",1.93,0.05,"outside"
"ENSG00000071655",187,0.0747637111186227,0.0767248469498372,-0.00588038040550664,-0.025331182335894,TRUE,TRUE,NA,11485,1120,"Full sample: n1 = 11485, n2 = 1120",1.93,0.05,"C0"
"ENSG00000058804",109,0.14807789297699,0.155636751401265,-0.110389425899229,-0.160201185287234,FALSE,FALSE,NA,11485,1120,"Full sample: n1 = 11485, n2 = 1120",1.93,0.05,"outside"
"ENSG00000162337",104,0.118709905420791,0.123238385215115,-0.0425596068275748,-0.0777767529657676,TRUE,FALSE,NA,11485,1120,"Full sample: n1 = 11485, n2 = 1120",1.93,0.05,"Cgamma"
"ENSG00000180198",169,0.105968993654963,0.108539084453861,-0.240366877046329,-0.35124800243216,FALSE,FALSE,NA,11485,1120,"Full sample: n1 = 11485, n2 = 1120",1.93,0.05,"outside"
"ENSG00000143742",139,0.150614431936253,0.152779292834945,-0.406619723641419,-0.564550937246444,FALSE,FALSE,NA,11485,1120,"Full sample: n1 = 11485, n2 = 1120",1.93,0.05,"outside"
"ENSG00000116698",143,0.100463085346441,0.106919803440869,-0.048146975749576,-0.0557053296916492,TRUE,FALSE,NA,11485,1120,"Full sample: n1 = 11485, n2 = 1120",1.93,0.05,"Cgamma"
"ENSG00000203485",115,0.101545661533774,0.106718454271152,-0.14062543558916,-0.17025046316388,FALSE,FALSE,NA,11485,1120,"Full sample: n1 = 11485, n2 = 1120",1.93,0.05,"outside"
"ENSG00000156970",102,0.141567544365177,0.149379477778707,-0.189001619779806,-0.319013573801172,FALSE,FALSE,NA,11485,1120,"Full sample: n1 = 11485, n2 = 1120",1.93,0.05,"outside"
"ENSG00000130856",101,0.145849078197809,0.14204753627236,-0.130960578705657,-0.270722866947629,FALSE,FALSE,NA,11485,1120,"Full sample: n1 = 11485, n2 = 1120",1.93,0.05,"outside"
"ENSG00000124486",113,0.177537144475861,0.182019746588233,-0.210094315175311,-0.258978791817555,FALSE,FALSE,NA,11485,1120,"Full sample: n1 = 11485, n2 = 1120",1.93,0.05,"outside"
"ENSG00000175054",158,0.175062389931017,0.165440101325391,-0.698216769443759,-0.917648093682152,FALSE,FALSE,NA,11485,1120,"Full sample: n1 = 11485, n2 = 1120",1.93,0.05,"outside"
"ENSG00000130165",150,0.1053192536319,0.107096627083346,-0.127048068078894,-0.176849308091991,FALSE,FALSE,NA,11485,1120,"Full sample: n1 = 11485, n2 = 1120",1.93,0.05,"outside"
"ENSG00000112237",122,0.0778690767229873,0.0787871740726417,-0.075248697179671,-0.176231429653851,FALSE,FALSE,NA,11485,1120,"Full sample: n1 = 11485, n2 = 1120",1.93,0.05,"outside"
"ENSG00000123416",197,0.0846106731708293,0.0884329625994176,-0.00842252342897784,-0.0250709502816348,TRUE,TRUE,NA,11485,1120,"Full sample: n1 = 11485, n2 = 1120",1.93,0.05,"C0"
"ENSG00000144867",181,0.161725019618136,0.165837730480891,-0.217351674040271,-0.324295974573779,FALSE,FALSE,NA,11485,1120,"Full sample: n1 = 11485, n2 = 1120",1.93,0.05,"outside"
"ENSG00000089195",114,0.197675297462765,0.201787384226376,-0.145123280177307,-0.184933662672245,FALSE,FALSE,NA,11485,1120,"Full sample: n1 = 11485, n2 = 1120",1.93,0.05,"outside"
"ENSG00000160678",112,0.101065342413695,0.103309610263789,-0.0429183350565336,-0.0859829577883383,TRUE,FALSE,NA,11485,1120,"Full sample: n1 = 11485, n2 = 1120",1.93,0.05,"Cgamma"
"ENSG00000174437",135,0.31213517734686,0.330820537721215,-0.538675905941317,-0.691675895306019,FALSE,FALSE,NA,11485,1120,"Full sample: n1 = 11485, n2 = 1120",1.93,0.05,"outside"
"ENSG00000111581",138,0.175954141639659,0.175126897761184,-1.1056961088411,-1.44889795491574,FALSE,FALSE,NA,11485,1120,"Full sample: n1 = 11485, n2 = 1120",1.93,0.05,"outside"
"ENSG00000170322",148,0.0938285075198995,0.0947594025423014,-0.0209076704655707,-0.0495304125701794,TRUE,TRUE,NA,11485,1120,"Full sample: n1 = 11485, n2 = 1120",1.93,0.05,"C0"
"ENSG00000155827",147,0.180137539488153,0.177916957611776,-0.18687908308044,-0.359855938486002,FALSE,FALSE,NA,11485,1120,"Full sample: n1 = 11485, n2 = 1120",1.93,0.05,"outside"
"ENSG00000188529",111,0.163754549263164,0.169431383532371,-0.0824591696732955,-0.0941005567409558,FALSE,FALSE,NA,11485,1120,"Full sample: n1 = 11485, n2 = 1120",1.93,0.05,"outside"
"ENSG00000162396",292,0.110171154561578,0.114355763824051,-0.0180201335692917,-0.0238048143232879,TRUE,TRUE,NA,11485,1120,"Full sample: n1 = 11485, n2 = 1120",1.93,0.05,"C0"
"ENSG00000276234",117,0.086437187689751,0.0915609486115309,-0.486788204862894,-0.534974485568,FALSE,FALSE,NA,11485,1120,"Full sample: n1 = 11485, n2 = 1120",1.93,0.05,"outside"
"ENSG00000029364",115,0.0943926457489329,0.102420361693807,-0.0347039586717747,-0.0550202533316823,TRUE,FALSE,NA,11485,1120,"Full sample: n1 = 11485, n2 = 1120",1.93,0.05,"Cgamma"
"ENSG00000147604",116,0.414799708077095,0.438643827888151,-3.06454301305842,-3.16481490894294,FALSE,FALSE,NA,11485,1120,"Full sample: n1 = 11485, n2 = 1120",1.93,0.05,"outside"
"ENSG00000175550",139,0.105028033172297,0.10434002426827,-0.132556802684329,-0.194682667177208,FALSE,FALSE,NA,11485,1120,"Full sample: n1 = 11485, n2 = 1120",1.93,0.05,"outside"
"ENSG00000255529",172,0.0890051520359075,0.0862137038672592,-0.167095787723386,-0.26692685212938,FALSE,FALSE,NA,11485,1120,"Full sample: n1 = 11485, n2 = 1120",1.93,0.05,"outside"
"ENSG00000164815",112,0.0678245759039362,0.071212198461634,-0.0377208178584312,-0.0851712474678839,TRUE,FALSE,NA,11485,1120,"Full sample: n1 = 11485, n2 = 1120",1.93,0.05,"Cgamma"
"ENSG00000099956",103,0.103167160685902,0.104596989577108,-0.0535473404537378,-0.0832363799909859,FALSE,FALSE,NA,11485,1120,"Full sample: n1 = 11485, n2 = 1120",1.93,0.05,"outside"
"ENSG00000168538",230,0.319855126686452,0.299951792483732,-2.70255658376913,-3.2061390868678,FALSE,FALSE,NA,11485,1120,"Full sample: n1 = 11485, n2 = 1120",1.93,0.05,"outside"
"ENSG00000082068",132,0.309179320576073,0.308606776822305,-0.510129266636853,-0.66856020169268,FALSE,FALSE,NA,11485,1120,"Full sample: n1 = 11485, n2 = 1120",1.93,0.05,"outside"
"ENSG00000138785",134,0.0661639943890874,0.0683839621513819,-0.0172750227627517,-0.0567209683454895,TRUE,FALSE,NA,11485,1120,"Full sample: n1 = 11485, n2 = 1120",1.93,0.05,"Cgamma"
"ENSG00000058063",121,0.120573485397923,0.119837836123086,-0.248364884715525,-0.460864057566122,FALSE,FALSE,NA,11485,1120,"Full sample: n1 = 11485, n2 = 1120",1.93,0.05,"outside"
"ENSG00000102144",110,0.0964924292026896,0.097991441603965,-0.0497126484646243,-0.078760850637141,TRUE,FALSE,NA,11485,1120,"Full sample: n1 = 11485, n2 = 1120",1.93,0.05,"Cgamma"
"ENSG00000108518",122,0.113730046001274,0.118013800473518,-1.44026690039839,-1.49229860418105,FALSE,FALSE,NA,11485,1120,"Full sample: n1 = 11485, n2 = 1120",1.93,0.05,"outside"
"ENSG00000144034",126,0.654794729039829,0.693682573750166,-1.24010475757088,-1.32318057432177,FALSE,FALSE,NA,11485,1120,"Full sample: n1 = 11485, n2 = 1120",1.93,0.05,"outside"
"ENSG00000181029",101,0.299911493680489,0.281181455291137,-2.42082381446984,-2.92614211421715,FALSE,FALSE,NA,11485,1120,"Full sample: n1 = 11485, n2 = 1120",1.93,0.05,"outside"
"ENSG00000119718",147,0.769780599853823,0.736231991346025,-2.63169685586407,-3.05796114071569,FALSE,FALSE,NA,11485,1120,"Full sample: n1 = 11485, n2 = 1120",1.93,0.05,"outside"
"ENSG00000099800",117,0.209422028408825,0.219879152696835,-0.179322586775831,-0.232008883750356,FALSE,FALSE,NA,11485,1120,"Full sample: n1 = 11485, n2 = 1120",1.93,0.05,"outside"
"ENSG00000123485",116,0.109042796210077,0.112202576556421,-0.0355092956611919,-0.0708335315885982,TRUE,FALSE,NA,11485,1120,"Full sample: n1 = 11485, n2 = 1120",1.93,0.05,"Cgamma"
"ENSG00000065526",104,0.0668289808747579,0.0718330471253232,-0.0362054572147968,-0.0432884292591329,TRUE,TRUE,NA,11485,1120,"Full sample: n1 = 11485, n2 = 1120",1.93,0.05,"C0"
"ENSG00000143379",121,0.11765437867918,0.123338341976605,-0.0598056277440756,-0.0747947769335261,FALSE,FALSE,NA,11485,1120,"Full sample: n1 = 11485, n2 = 1120",1.93,0.05,"outside"
"ENSG00000100216",103,0.264195384459315,0.262000634867574,-0.367992288526772,-0.483693109636297,FALSE,FALSE,NA,11485,1120,"Full sample: n1 = 11485, n2 = 1120",1.93,0.05,"outside"
"ENSG00000144559",115,0.201023496090488,0.206074720828938,-0.178081607686505,-0.226582968553503,FALSE,FALSE,NA,11485,1120,"Full sample: n1 = 11485, n2 = 1120",1.93,0.05,"outside"
"ENSG00000054118",119,0.103406955904724,0.104796701119542,-0.0170050647205335,-0.0298203934156433,TRUE,TRUE,NA,11485,1120,"Full sample: n1 = 11485, n2 = 1120",1.93,0.05,"C0"
"ENSG00000172339",111,0.206242519960607,0.219055186392402,-0.207090117833987,-0.269237414269744,FALSE,FALSE,NA,11485,1120,"Full sample: n1 = 11485, n2 = 1120",1.93,0.05,"outside"
"ENSG00000213397",117,0.0773729937701338,0.0783700932683174,-0.0134161227653834,-0.0166832498725688,TRUE,TRUE,NA,11485,1120,"Full sample: n1 = 11485, n2 = 1120",1.93,0.05,"C0"
"ENSG00000075089",103,0.185197076094546,0.185556460666401,-0.193416113796458,-0.279232251563138,FALSE,FALSE,NA,11485,1120,"Full sample: n1 = 11485, n2 = 1120",1.93,0.05,"outside"
"ENSG00000014164",102,0.133241191368844,0.137253025462907,-0.0387972419627265,-0.0531160235590152,TRUE,FALSE,NA,11485,1120,"Full sample: n1 = 11485, n2 = 1120",1.93,0.05,"Cgamma"
"ENSG00000198258",120,0.283575343802434,0.261601348536357,-1.00577465235786,-1.3102859840135,FALSE,FALSE,NA,11485,1120,"Full sample: n1 = 11485, n2 = 1120",1.93,0.05,"outside"
"ENSG00000132912",110,0.131814857850038,0.132188421878862,-0.661687027126831,-1.06427110493399,FALSE,FALSE,NA,11485,1120,"Full sample: n1 = 11485, n2 = 1120",1.93,0.05,"outside"
"ENSG00000232838",154,0.10525761899259,0.106562986637317,-0.586050887892863,-0.63136701054735,FALSE,FALSE,NA,11485,1120,"Full sample: n1 = 11485, n2 = 1120",1.93,0.05,"outside"
"ENSG00000166260",114,0.116440478609141,0.121111261466573,-0.191210659767351,-0.30849453229115,FALSE,FALSE,NA,11485,1120,"Full sample: n1 = 11485, n2 = 1120",1.93,0.05,"outside"
"ENSG00000130816",102,0.166213536285513,0.162517699560581,-0.0883894396690061,-0.107661757718155,FALSE,FALSE,NA,11485,1120,"Full sample: n1 = 11485, n2 = 1120",1.93,0.05,"outside"
"ENSG00000165458",108,0.0933216988451581,0.0972416103639351,-0.0577670896841332,-0.115699012115788,FALSE,FALSE,NA,11485,1120,"Full sample: n1 = 11485, n2 = 1120",1.93,0.05,"outside"
"ENSG00000171314",114,0.0807985191760339,0.0818727748153901,-0.047576796675242,-0.131943781667804,TRUE,FALSE,NA,11485,1120,"Full sample: n1 = 11485, n2 = 1120",1.93,0.05,"Cgamma"
"ENSG00000110851",107,0.0768027680087068,0.077098106066471,0.00593856300794131,0.000345827322627586,TRUE,TRUE,NA,11485,1120,"Full sample: n1 = 11485, n2 = 1120",1.93,0.05,"C0"
"ENSG00000148308",103,0.140481206390751,0.140442731097554,-0.0553311206466322,-0.0794327179890891,FALSE,FALSE,NA,11485,1120,"Full sample: n1 = 11485, n2 = 1120",1.93,0.05,"outside"
"ENSG00000080603",110,0.12230958378999,0.133736518480324,-0.00657584050674847,-0.0574393955737347,TRUE,FALSE,850,850,850,"n = 850",5.15,0.05,"Cgamma"
"ENSG00000103226",115,0.11915901198548,0.14257920876084,-0.00196386054679049,-0.062836663695285,TRUE,FALSE,850,850,850,"n = 850",5.15,0.05,"Cgamma"
"ENSG00000069329",118,0.099873229856891,0.110339467413057,-0.0217782704646754,-0.303082011774466,TRUE,FALSE,850,850,850,"n = 850",5.15,0.05,"Cgamma"
"ENSG00000168827",1669,0.110339144054419,0.132352934858894,-0.000537586489884536,-0.0178191985016197,TRUE,TRUE,850,850,850,"n = 850",5.15,0.05,"C0"
"ENSG00000132522",122,0.0912661874440164,0.131061159292244,-0.0214586097583982,-0.0613905231412487,TRUE,FALSE,850,850,850,"n = 850",5.15,0.05,"Cgamma"
"ENSG00000037637",876,0.104962872826283,0.118352748788373,-0.00202268773898998,-0.0174494395542679,TRUE,TRUE,850,850,850,"n = 850",5.15,0.05,"C0"
"ENSG00000247077",173,0.146170012505084,0.170739223591065,-0.0293942560876036,-0.0723127273466003,TRUE,FALSE,850,850,850,"n = 850",5.15,0.05,"Cgamma"
"ENSG00000108064",3458,0.100073418340951,0.118012213826844,0.000236676496609821,-0.0266450341859144,TRUE,TRUE,850,850,850,"n = 850",5.15,0.05,"C0"
"ENSG00000108091",1051,0.102836867853284,0.115125214135071,-0.00823886607569506,-0.0409525672484505,TRUE,TRUE,850,850,850,"n = 850",5.15,0.05,"C0"
"ENSG00000179988",262,0.10013237149682,0.118990814821991,-0.0250655326028681,-0.0677934769447624,TRUE,FALSE,850,850,850,"n = 850",5.15,0.05,"Cgamma"
"ENSG00000072756",347,0.434354644042026,0.547296994468897,-0.47667684387375,-0.947417572676899,FALSE,FALSE,850,850,850,"n = 850",5.15,0.05,"outside"
"ENSG00000162004",492,0.0919401511658676,0.1100773283873,-0.00864508419702547,-0.0174897766933089,TRUE,TRUE,850,850,850,"n = 850",5.15,0.05,"C0"
"ENSG00000164615",155,0.117021824079003,0.134226986312258,-0.0304392512991436,-0.0519749050485712,TRUE,FALSE,850,850,850,"n = 850",5.15,0.05,"Cgamma"
"ENSG00000125037",103,0.0878104649444279,0.104675596125884,-0.0209555570826381,-0.0466433755885736,TRUE,TRUE,850,850,850,"n = 850",5.15,0.05,"C0"
"ENSG00000137100",144,0.101064562616142,0.111204928376234,-0.056351960952809,-0.364842830853103,FALSE,FALSE,850,850,850,"n = 850",5.15,0.05,"outside"
"ENSG00000123200",102,0.198136678740593,0.21210751393801,-0.744950607266311,-0.92236167509988,FALSE,FALSE,850,850,850,"n = 850",5.15,0.05,"outside"
"ENSG00000136273",222,0.085543634337996,0.101766210174579,-0.0099405653327801,-0.0309696733030813,TRUE,TRUE,850,850,850,"n = 850",5.15,0.05,"C0"
"ENSG00000112130",209,0.105368494260952,0.112434544123323,-0.0106295804038061,-0.0318860067862589,TRUE,TRUE,850,850,850,"n = 850",5.15,0.05,"C0"
"ENSG00000109670",197,0.0916173176393425,0.115581969896737,-0.00411305344236065,-0.0433898789721829,TRUE,TRUE,850,850,850,"n = 850",5.15,0.05,"C0"
"ENSG00000177885",112,0.0862337699804457,0.101837123040744,-0.0231748017769618,-0.0332465628184371,TRUE,TRUE,850,850,850,"n = 850",5.15,0.05,"C0"
"ENSG00000110203",219,0.100572900559564,0.113761913879231,-0.00884946565751183,-0.0232555133492316,TRUE,TRUE,850,850,850,"n = 850",5.15,0.05,"C0"
"ENSG00000119414",1539,0.099614745182883,0.117835932808611,-0.00562667457494026,-0.0395142632375147,TRUE,TRUE,850,850,850,"n = 850",5.15,0.05,"C0"
"ENSG00000197912",115,0.0923163683232986,0.106701363092926,-0.000776730511468174,-0.0193758741653638,TRUE,TRUE,850,850,850,"n = 850",5.15,0.05,"C0"
"ENSG00000105281",1877,0.0884004416144586,0.106698525128091,0.00145179847937495,-0.00552078239728617,TRUE,TRUE,850,850,850,"n = 850",5.15,0.05,"C0"
"ENSG00000108312",132,0.095023800502444,0.108897690911352,-0.013688695934332,-0.0247687554921213,TRUE,TRUE,850,850,850,"n = 850",5.15,0.05,"C0"
"ENSG00000171862",187,0.0814762499067089,0.0925671874900037,9.3784592726852e-05,-0.0144483040320642,TRUE,TRUE,850,850,850,"n = 850",5.15,0.05,"C0"
"ENSG00000268043",1159,0.0949923664569889,0.108105338377823,-0.13225007488907,-0.179601608702968,FALSE,FALSE,850,850,850,"n = 850",5.15,0.05,"outside"
"ENSG00000072506",809,0.0962536963671708,0.114149486129576,0.00155021370517564,-0.0324619363868887,TRUE,TRUE,850,850,850,"n = 850",5.15,0.05,"C0"
"ENSG00000180817",128,0.110814000299869,0.113762389264031,-0.00257500006734868,-0.0920636229866037,TRUE,FALSE,850,850,850,"n = 850",5.15,0.05,"Cgamma"
"ENSG00000106682",148,0.104295792822583,0.114562934421225,-0.0145050043027843,-0.0368104089455585,TRUE,TRUE,850,850,850,"n = 850",5.15,0.05,"C0"
"ENSG00000146007",192,0.105511643799556,0.116263647119245,-0.701265600459734,-1.18406100804483,FALSE,FALSE,850,850,850,"n = 850",5.15,0.05,"outside"
"ENSG00000113141",191,0.159073952393181,0.181101058548795,-1.44479948042351,-2.03538207421051,FALSE,FALSE,850,850,850,"n = 850",5.15,0.05,"outside"
"ENSG00000176108",104,0.177324119005942,0.175260470977657,-0.284618557852028,-0.721691435580268,FALSE,FALSE,850,850,850,"n = 850",5.15,0.05,"outside"
"ENSG00000171421",1565,0.101860308239449,0.117174811398155,0.00174644897926601,-0.0034732858354528,TRUE,TRUE,850,850,850,"n = 850",5.15,0.05,"C0"
"ENSG00000250312",400,0.0931842748938163,0.110287939447705,-0.0022069495353639,-0.00535533403911265,TRUE,TRUE,850,850,850,"n = 850",5.15,0.05,"C0"
"ENSG00000215712",597,0.119972554881119,0.144167740121658,-0.0111615283962817,-0.0430775595536221,TRUE,TRUE,850,850,850,"n = 850",5.15,0.05,"C0"
"ENSG00000168906",152,0.135200708001877,0.154752047035271,-0.0235534871220296,-0.0736666321447306,TRUE,FALSE,850,850,850,"n = 850",5.15,0.05,"Cgamma"
"ENSG00000112118",179,0.156762845842439,0.177037700869388,-0.119849874358191,-0.597978990463067,FALSE,FALSE,850,850,850,"n = 850",5.15,0.05,"outside"
"ENSG00000169727",226,0.118870984550629,0.12343091185235,-0.113019946361951,-0.811964288819576,FALSE,FALSE,850,850,850,"n = 850",5.15,0.05,"outside"
"ENSG00000135363",268,0.113691875096685,0.137323407523875,-0.0087978016079534,-0.0254152638815985,TRUE,TRUE,850,850,850,"n = 850",5.15,0.05,"C0"
"ENSG00000090006",107,0.102334475919755,0.122738927270823,-0.145041360518044,-0.256330812271583,FALSE,FALSE,850,850,850,"n = 850",5.15,0.05,"outside"
"ENSG00000120948",1603,0.094689495334478,0.112444860744304,-0.110723112579175,-0.190790503259437,FALSE,FALSE,850,850,850,"n = 850",5.15,0.05,"outside"
"ENSG00000129128",128,0.14260145617733,0.163498545473647,-0.0432126678553176,-0.134867562613731,TRUE,FALSE,850,850,850,"n = 850",5.15,0.05,"Cgamma"
"ENSG00000035141",504,0.108443206534355,0.129032746850764,-0.0042616879646208,-0.0332067182530114,TRUE,TRUE,850,850,850,"n = 850",5.15,0.05,"C0"
"ENSG00000070495",183,0.108908021754126,0.12626955892428,-0.0144663272758289,-0.0380872803238029,TRUE,TRUE,850,850,850,"n = 850",5.15,0.05,"C0"
"ENSG00000144401",105,0.0890034913773131,0.0846048446449279,0.010482957118607,-0.0970018771117528,TRUE,FALSE,850,850,850,"n = 850",5.15,0.05,"Cgamma"
"ENSG00000141098",123,0.148375072294553,0.172225007370807,-0.0150702091271801,-0.299733048869141,TRUE,FALSE,850,850,850,"n = 850",5.15,0.05,"Cgamma"
"ENSG00000167721",145,0.131304636627823,0.151437727785191,-0.0480790297450677,-0.296147428458479,TRUE,FALSE,850,850,850,"n = 850",5.15,0.05,"Cgamma"
"ENSG00000101057",877,0.0995102512487511,0.115464946310235,-0.0055627605437118,-0.00892477074648901,TRUE,TRUE,850,850,850,"n = 850",5.15,0.05,"C0"
"ENSG00000197734",292,0.527891339289229,0.429145143500701,-1.38331879631718,-2.0793020470824,FALSE,FALSE,850,850,850,"n = 850",5.15,0.05,"outside"
"ENSG00000132313",1452,0.0930202753053155,0.113918619216845,0.00459677956218474,-0.00265952305648659,TRUE,TRUE,850,850,850,"n = 850",5.15,0.05,"C0"
"ENSG00000171552",373,0.0873312387478898,0.105669827964063,-0.0103419145318748,-0.0145246768555249,TRUE,TRUE,850,850,850,"n = 850",5.15,0.05,"C0"
"ENSG00000130725",233,0.0795176981930903,0.09433899076984,-0.00374639642096751,-0.00866398880282586,TRUE,TRUE,850,850,850,"n = 850",5.15,0.05,"C0"
"ENSG00000139697",156,0.116393936336836,0.141932655215676,-0.236721875945104,-0.297870329955465,FALSE,FALSE,850,850,850,"n = 850",5.15,0.05,"outside"
"ENSG00000119203",173,0.180208921959867,0.21576783235825,-0.255836930681867,-0.683450038429179,FALSE,FALSE,850,850,850,"n = 850",5.15,0.05,"outside"
"ENSG00000104897",136,0.243747269662687,0.294012247821184,-0.227495805948759,-0.440779869807401,FALSE,FALSE,850,850,850,"n = 850",5.15,0.05,"outside"
"ENSG00000146576",378,0.116869298391835,0.133556707847638,-0.00386572542300751,-0.0289421315076894,TRUE,TRUE,850,850,850,"n = 850",5.15,0.05,"C0"
"ENSG00000182149",182,0.0959478909295081,0.114985926388367,-0.00279143007308365,-0.0200599612031804,TRUE,TRUE,850,850,850,"n = 850",5.15,0.05,"C0"
"ENSG00000115364",108,0.0856783323166207,0.101809781061857,-0.019239266749307,-0.0484062508189101,TRUE,TRUE,850,850,850,"n = 850",5.15,0.05,"C0"
"ENSG00000131475",101,0.122301107943196,0.121183777360198,-0.00795103312199376,-0.0623436915621562,TRUE,FALSE,850,850,850,"n = 850",5.15,0.05,"Cgamma"
"ENSG00000072849",140,0.528653221601624,0.609622455485813,-1.84629835123255,-2.60225304003331,FALSE,FALSE,850,850,850,"n = 850",5.15,0.05,"outside"
"ENSG00000205571",424,0.33507459753539,0.277448450977129,-1.30824546091256,-1.92495904573008,FALSE,FALSE,850,850,850,"n = 850",5.15,0.05,"outside"
"ENSG00000134153",134,0.0824657459652763,0.0992509108597731,-0.0310960539572297,-0.0666334862116382,TRUE,FALSE,850,850,850,"n = 850",5.15,0.05,"Cgamma"
"ENSG00000100890",151,0.0759031571673577,0.0915992000796544,0.00189832744364711,-0.0171973287787506,TRUE,TRUE,850,850,850,"n = 850",5.15,0.05,"C0"
"ENSG00000115216",149,0.102595010559835,0.109361550414055,-0.00463721123065976,-0.0576461874146408,TRUE,FALSE,850,850,850,"n = 850",5.15,0.05,"Cgamma"
"ENSG00000100129",114,0.428262016514238,0.483185449502671,-0.264326329636519,-0.450240230847862,FALSE,FALSE,850,850,850,"n = 850",5.15,0.05,"outside"
"ENSG00000136888",124,0.111746457037097,0.133266648192568,-0.0233048392370372,-0.0666757868705013,TRUE,FALSE,850,850,850,"n = 850",5.15,0.05,"Cgamma"
"ENSG00000184058",306,0.0904725858444746,0.109259386328504,-0.00590219435239942,-0.0364700337458964,TRUE,TRUE,850,850,850,"n = 850",5.15,0.05,"C0"
"ENSG00000204469",147,0.0848652220564226,0.114642047403083,-0.0160448053390302,-0.0597611628533962,TRUE,FALSE,850,850,850,"n = 850",5.15,0.05,"Cgamma"
"ENSG00000015676",129,0.173407076866043,0.1988908458218,-0.1985876223026,-0.833991878501391,FALSE,FALSE,850,850,850,"n = 850",5.15,0.05,"outside"
"ENSG00000174780",140,0.503428606311724,0.590623240990112,-1.94776557079199,-2.70108096979845,FALSE,FALSE,850,850,850,"n = 850",5.15,0.05,"outside"
"ENSG00000101166",127,0.394190568417929,0.434554080155714,-0.577539601848329,-1.0081929727632,FALSE,FALSE,850,850,850,"n = 850",5.15,0.05,"outside"
"ENSG00000130312",159,0.130126434420141,0.133990735455537,-0.131257378407697,-0.482307808659647,FALSE,FALSE,850,850,850,"n = 850",5.15,0.05,"outside"
"ENSG00000006715",246,0.0825284873399588,0.0959769483569367,0.00511253680414117,-0.00750910767485564,TRUE,TRUE,850,850,850,"n = 850",5.15,0.05,"C0"
"ENSG00000148396",210,0.0962066676819631,0.11567492925188,-0.016330765118688,-0.0693343508790125,TRUE,FALSE,850,850,850,"n = 850",5.15,0.05,"Cgamma"
"ENSG00000140943",184,0.102220594088254,0.1195139911453,-0.00663713095335695,-0.0258597773691977,TRUE,TRUE,850,850,850,"n = 850",5.15,0.05,"C0"
"ENSG00000103363",128,0.13138243811376,0.155071487065835,-0.360813766241544,-0.526914878177103,FALSE,FALSE,850,850,850,"n = 850",5.15,0.05,"outside"
"ENSG00000108963",239,0.108428580312784,0.128146041198028,-0.00846916229810169,-0.0449138715542473,TRUE,TRUE,850,850,850,"n = 850",5.15,0.05,"C0"
"ENSG00000261236",108,0.122412848991143,0.134126161270426,-0.0167929672474675,-0.0912941868633157,TRUE,FALSE,850,850,850,"n = 850",5.15,0.05,"Cgamma"
"ENSG00000070785",103,0.827811541242717,0.954560599088577,-2.74083036062086,-3.70585996850837,FALSE,FALSE,850,850,850,"n = 850",5.15,0.05,"outside"
"ENSG00000084463",109,0.157896597828787,0.170926730437782,-0.134859676195935,-0.431422485317658,FALSE,FALSE,850,850,850,"n = 850",5.15,0.05,"outside"
"ENSG00000197111",202,0.11677823869113,0.1165942039133,-0.0506968376287922,-0.128363404151149,FALSE,FALSE,850,850,850,"n = 850",5.15,0.05,"outside"
"ENSG00000104866",347,0.157480823895666,0.182535921477078,-0.13147833748553,-0.252672864861392,FALSE,FALSE,850,850,850,"n = 850",5.15,0.05,"outside"
"ENSG00000064102",288,0.0934308857521351,0.107644023143694,-0.0108714586309926,-0.0281361372736934,TRUE,TRUE,850,850,850,"n = 850",5.15,0.05,"C0"
"ENSG00000124789",107,0.271705112748319,0.277924701260235,-0.208801028718559,-0.555397135716868,FALSE,FALSE,850,850,850,"n = 850",5.15,0.05,"outside"
"ENSG00000119777",687,0.100426173172634,0.120075251168601,-0.00532365358917583,-0.0342797328031989,TRUE,TRUE,850,850,850,"n = 850",5.15,0.05,"C0"
"ENSG00000050820",593,0.106099362060978,0.129132344721197,-0.00432992399011441,-0.0148443125916165,TRUE,TRUE,850,850,850,"n = 850",5.15,0.05,"C0"
"ENSG00000142731",174,0.132087281672585,0.152516156023854,-0.252588598830632,-0.962147920414731,FALSE,FALSE,850,850,850,"n = 850",5.15,0.05,"outside"
"ENSG00000108559",111,0.124737317386501,0.125329722630467,-0.179354016501235,-0.617832216828211,FALSE,FALSE,850,850,850,"n = 850",5.15,0.05,"outside"
"ENSG00000182872",128,0.33364636975661,0.362675269238774,-0.565042043233261,-1.14892099144834,FALSE,FALSE,850,850,850,"n = 850",5.15,0.05,"outside"
"ENSG00000111642",109,0.141087599187615,0.177127493331295,-0.0316488217228388,-0.155126867500759,TRUE,FALSE,850,850,850,"n = 850",5.15,0.05,"Cgamma"
"ENSG00000126088",239,0.133805994054494,0.13976807239834,-0.0330267120268772,-0.132047302891305,TRUE,FALSE,850,850,850,"n = 850",5.15,0.05,"Cgamma"
"ENSG00000143952",230,0.101873908053188,0.116792407889267,-0.0192513473040992,-0.0490814575209717,TRUE,TRUE,850,850,850,"n = 850",5.15,0.05,"C0"
"ENSG00000099949",207,0.0954073047077532,0.104295998206443,-0.052581717835252,-0.125695808684504,FALSE,FALSE,850,850,850,"n = 850",5.15,0.05,"outside"
"ENSG00000064995",113,0.114886922167638,0.125021920782328,-0.499548384705112,-0.553189374522143,FALSE,FALSE,850,850,850,"n = 850",5.15,0.05,"outside"
"ENSG00000197265",265,0.263810727714757,0.391181719134301,-0.514581962023177,-0.951364218900597,FALSE,FALSE,850,850,850,"n = 850",5.15,0.05,"outside"
"ENSG00000183479",384,0.110658697187887,0.13288328260689,-0.00986532851618675,-0.16146049623748,TRUE,FALSE,850,850,850,"n = 850",5.15,0.05,"Cgamma"
"ENSG00000149016",222,0.114804920585903,0.123982382939627,-0.0570775223935815,-0.209624174703534,FALSE,FALSE,850,850,850,"n = 850",5.15,0.05,"outside"
"ENSG00000104835",108,0.0975151641564154,0.110185849580726,-0.0240452259610619,-0.0707430749169315,TRUE,FALSE,850,850,850,"n = 850",5.15,0.05,"Cgamma"
"ENSG00000137845",358,0.103100728171774,0.119809835726797,-0.0459000599535096,-0.12996141338164,TRUE,FALSE,850,850,850,"n = 850",5.15,0.05,"Cgamma"
"ENSG00000102710",179,0.110478321379152,0.13803955256692,-0.0754169019442475,-0.185233591754822,FALSE,FALSE,850,850,850,"n = 850",5.15,0.05,"outside"
"ENSG00000108349",168,0.113355807354439,0.129709538264274,-0.00615552898424617,-0.0270144502627014,TRUE,TRUE,850,850,850,"n = 850",5.15,0.05,"C0"
"ENSG00000134809",108,0.135622407903877,0.162777881628545,-0.18557792736459,-0.479761124640048,FALSE,FALSE,850,850,850,"n = 850",5.15,0.05,"outside"
"ENSG00000175792",103,0.345383696018083,0.242781530342125,-2.08594043780223,-2.80152031656967,FALSE,FALSE,850,850,850,"n = 850",5.15,0.05,"outside"
"ENSG00000204152",343,0.782067556953866,0.883968331616946,-1.36890786820067,-2.06814517838968,FALSE,FALSE,850,850,850,"n = 850",5.15,0.05,"outside"
"ENSG00000116774",135,0.076449715865384,0.100073535950073,-0.0120214022827241,-0.0223729615078029,TRUE,TRUE,850,850,850,"n = 850",5.15,0.05,"C0"
"ENSG00000105258",143,0.307203889600738,0.271548516029655,-0.85315475163793,-1.41151899047078,FALSE,FALSE,850,850,850,"n = 850",5.15,0.05,"outside"
"ENSG00000092036",153,0.0967352860488258,0.121037556944349,-0.191447953038363,-0.592403609388333,FALSE,FALSE,850,850,850,"n = 850",5.15,0.05,"outside"
"ENSG00000126698",138,0.10757410099559,0.1179618125178,-0.067055566725789,-0.112004642024562,FALSE,FALSE,850,850,850,"n = 850",5.15,0.05,"outside"
"ENSG00000069248",106,0.257216228842318,0.278541526048225,-0.369349716050625,-0.843119204199901,FALSE,FALSE,850,850,850,"n = 850",5.15,0.05,"outside"
"ENSG00000108654",197,0.0921332798010009,0.108878091794568,-0.015216957508521,-0.0433466696866383,TRUE,TRUE,850,850,850,"n = 850",5.15,0.05,"C0"
"ENSG00000205609",337,0.682347294016578,0.701033654589903,-1.97108408061178,-3.07633026647311,FALSE,FALSE,850,850,850,"n = 850",5.15,0.05,"outside"
"ENSG00000213523",161,0.0991906765024514,0.117184230125465,-0.0069988569490023,-0.114513423222598,TRUE,FALSE,850,850,850,"n = 850",5.15,0.05,"Cgamma"
"ENSG00000178773",184,0.0848344930738154,0.109369039411132,-0.0230083300917579,-0.0437563513008624,TRUE,TRUE,850,850,850,"n = 850",5.15,0.05,"C0"
"ENSG00000100201",154,0.10721020303243,0.128752669175622,-0.049932892540576,-0.0913180037969833,TRUE,FALSE,850,850,850,"n = 850",5.15,0.05,"Cgamma"
"ENSG00000182446",182,0.517202034414442,0.610325514435117,-1.33842269218128,-1.82259189510463,FALSE,FALSE,850,850,850,"n = 850",5.15,0.05,"outside"
"ENSG00000079999",163,0.108430664402761,0.122882009835402,-0.00399031793772791,-0.0312459117226589,TRUE,TRUE,850,850,850,"n = 850",5.15,0.05,"C0"
"ENSG00000147050",213,0.0941561831662129,0.106365279279647,0.00361085709884188,-0.013319883340166,TRUE,TRUE,850,850,850,"n = 850",5.15,0.05,"C0"
"ENSG00000242485",104,0.108008385938506,0.11867294512234,-0.0129204924349044,-0.0351439659249184,TRUE,TRUE,850,850,850,"n = 850",5.15,0.05,"C0"
"ENSG00000161203",202,0.11724413678428,0.141431750186694,-0.0289694504453235,-0.0792674008421608,TRUE,FALSE,850,850,850,"n = 850",5.15,0.05,"Cgamma"
"ENSG00000124571",162,0.101285370903159,0.110667391369138,-0.0074073295687023,-0.0281815976782535,TRUE,TRUE,850,850,850,"n = 850",5.15,0.05,"C0"
"ENSG00000151461",104,0.137093387694785,0.164010616462932,-0.119479663888112,-0.191574070387661,FALSE,FALSE,850,850,850,"n = 850",5.15,0.05,"outside"
"ENSG00000203760",130,0.12506418980327,0.131713471103163,-0.0178065264821872,-0.0574582478174961,TRUE,FALSE,850,850,850,"n = 850",5.15,0.05,"Cgamma"
"ENSG00000204371",171,0.134925836945048,0.150944033770449,-0.0709633337635352,-0.344562665209292,FALSE,FALSE,850,850,850,"n = 850",5.15,0.05,"outside"
"ENSG00000090061",273,0.100504348418611,0.118060173515144,-0.00912536797814185,-0.0143483600472824,TRUE,TRUE,850,850,850,"n = 850",5.15,0.05,"C0"
"ENSG00000134852",647,0.132856881855106,0.156910005801063,-0.0430705367550875,-0.118978217846842,TRUE,FALSE,850,850,850,"n = 850",5.15,0.05,"Cgamma"
"ENSG00000071859",116,0.169439024307579,0.157945821326501,-0.0688973244109197,-0.338488632364074,FALSE,FALSE,850,850,850,"n = 850",5.15,0.05,"outside"
"ENSG00000013374",144,0.167058971183174,0.172890162966132,-0.0284366057034,-0.13486521515336,TRUE,FALSE,850,850,850,"n = 850",5.15,0.05,"Cgamma"
"ENSG00000164077",172,0.0721009303416692,0.090991485120955,-0.00505033085237451,-0.060160105508166,TRUE,FALSE,850,850,850,"n = 850",5.15,0.05,"Cgamma"
"ENSG00000135486",133,0.102484217118925,0.129309598790289,-0.0126875056359782,-0.0898986074555018,TRUE,FALSE,850,850,850,"n = 850",5.15,0.05,"Cgamma"
"ENSG00000164941",148,0.140399262608689,0.168352956725764,-0.303968776235411,-0.529952719601497,FALSE,FALSE,850,850,850,"n = 850",5.15,0.05,"outside"
"ENSG00000131931",150,0.35036027492691,0.369306033840796,-1.65976351439657,-2.58112916083864,FALSE,FALSE,850,850,850,"n = 850",5.15,0.05,"outside"
"ENSG00000108424",177,0.185682573179634,0.205051095334336,-0.27548537879692,-0.932892640864895,FALSE,FALSE,850,850,850,"n = 850",5.15,0.05,"outside"
"ENSG00000164902",108,0.278564979429368,0.256064034126487,-0.584231022471318,-1.01514005911178,FALSE,FALSE,850,850,850,"n = 850",5.15,0.05,"outside"
"ENSG00000105185",135,0.100881132457006,0.106026044558477,-0.00342101732458568,-0.0447602323598714,TRUE,TRUE,850,850,850,"n = 850",5.15,0.05,"C0"
"ENSG00000125484",889,0.105163462396399,0.125216283608618,0.00119240163352264,-0.0323717260405674,TRUE,TRUE,850,850,850,"n = 850",5.15,0.05,"C0"
"ENSG00000104517",102,0.14183099751952,0.157021219627134,-0.0154451062614563,-0.0731317292469013,TRUE,FALSE,850,850,850,"n = 850",5.15,0.05,"Cgamma"
"ENSG00000167513",101,0.252681714175971,0.249109135572401,-0.642310278114492,-1.36052406801022,FALSE,FALSE,850,850,850,"n = 850",5.15,0.05,"outside"
"ENSG00000150776",117,0.0950044433136022,0.113408949387873,-0.0363852692620917,-0.112828459997199,TRUE,FALSE,850,850,850,"n = 850",5.15,0.05,"Cgamma"
"ENSG00000163930",110,0.0870324206844294,0.102273248614384,-0.0050250988504403,-0.107588405800775,TRUE,FALSE,850,850,850,"n = 850",5.15,0.05,"Cgamma"
"ENSG00000185838",105,0.146920229664057,0.178885974451808,-0.0491809105127011,-0.15016079032441,TRUE,FALSE,850,850,850,"n = 850",5.15,0.05,"Cgamma"
"ENSG00000124207",252,0.136514578227417,0.159153785624594,-0.274143734793667,-0.788604585602795,FALSE,FALSE,850,850,850,"n = 850",5.15,0.05,"outside"
"ENSG00000130024",124,0.0771411617207407,0.0918194468205512,-0.0149240501967017,-0.0497365986798232,TRUE,TRUE,850,850,850,"n = 850",5.15,0.05,"C0"
"ENSG00000169045",145,0.0665461459433455,0.0828606626063286,-0.0182108753367166,-0.0374153130896412,TRUE,TRUE,850,850,850,"n = 850",5.15,0.05,"C0"
"ENSG00000284024",104,0.122534765053176,0.144003177881367,-0.0194972013925811,-0.086740489302738,TRUE,FALSE,850,850,850,"n = 850",5.15,0.05,"Cgamma"
"ENSG00000187531",237,0.1736125488818,0.181051855343081,-0.591851066399437,-0.942960987192825,FALSE,FALSE,850,850,850,"n = 850",5.15,0.05,"outside"
"ENSG00000241837",135,0.0855570453411168,0.105286477541088,0.00982976475554996,-0.0118932350506166,TRUE,TRUE,850,850,850,"n = 850",5.15,0.05,"C0"
"ENSG00000129055",111,0.0998080158397842,0.107463834947407,-0.00699794825747246,-0.0373696698372561,TRUE,TRUE,850,850,850,"n = 850",5.15,0.05,"C0"
"ENSG00000110921",422,0.0997274702617147,0.11385144236609,-0.00342570740058474,-0.028736901700566,TRUE,TRUE,850,850,850,"n = 850",5.15,0.05,"C0"
"ENSG00000133059",258,0.105292589409317,0.122669412269991,0.000549239982191819,-0.0358679068987927,TRUE,TRUE,850,850,850,"n = 850",5.15,0.05,"C0"
"ENSG00000100209",227,0.126189664029568,0.143123042599503,-0.103905810050431,-0.364560207239152,FALSE,FALSE,850,850,850,"n = 850",5.15,0.05,"outside"
"ENSG00000117360",111,0.210473935438879,0.141763682689109,-1.84634318746251,-2.47903633113961,FALSE,FALSE,850,850,850,"n = 850",5.15,0.05,"outside"
"ENSG00000072274",299,0.0952429206562905,0.109647302379974,0.0050733740711141,-0.00470691528888249,TRUE,TRUE,850,850,850,"n = 850",5.15,0.05,"C0"
"ENSG00000197780",182,0.137965724736228,0.144170378184747,-0.634873964008952,-0.69690725078829,FALSE,FALSE,850,850,850,"n = 850",5.15,0.05,"outside"
"ENSG00000014123",111,0.0861779140109638,0.0927555503062114,-0.0208027974004055,-0.0342483088176928,TRUE,TRUE,850,850,850,"n = 850",5.15,0.05,"C0"
"ENSG00000076003",120,0.106522385017304,0.124129678483626,-0.238792613876566,-0.765342408320067,FALSE,FALSE,850,850,850,"n = 850",5.15,0.05,"outside"
"ENSG00000178202",768,0.0990456415669962,0.119601408042572,-0.0100603275235325,-0.0414540244512923,TRUE,TRUE,850,850,850,"n = 850",5.15,0.05,"C0"
"ENSG00000109618",168,0.0797430171736881,0.0963342496099154,0.0048874078724138,-0.0177202096728388,TRUE,TRUE,850,850,850,"n = 850",5.15,0.05,"C0"
"ENSG00000162775",213,0.103587167044112,0.118686317972046,-0.14925555727628,-0.191159619533579,FALSE,FALSE,850,850,850,"n = 850",5.15,0.05,"outside"
"ENSG00000183054",381,0.082267011256026,0.0982331598066298,0.00693987775949941,-0.00910905936287926,TRUE,TRUE,850,850,850,"n = 850",5.15,0.05,"C0"
"ENSG00000100804",137,1.12298645377484,1.24416232537338,-6.33608432695481,-7.2025432952541,FALSE,FALSE,850,850,850,"n = 850",5.15,0.05,"outside"
"ENSG00000168872",393,0.0832198808009183,0.103479609733987,-0.000857861244093867,-0.0190201111508319,TRUE,TRUE,850,850,850,"n = 850",5.15,0.05,"C0"
"ENSG00000169564",170,0.0966019901826494,0.112288532758432,-0.00072691254784116,-0.0561105892672786,TRUE,FALSE,850,850,850,"n = 850",5.15,0.05,"Cgamma"
"ENSG00000139350",140,0.107139662538708,0.123093946636416,0.000423248695221681,-0.0237932192877886,TRUE,TRUE,850,850,850,"n = 850",5.15,0.05,"C0"
"ENSG00000105618",144,0.239606037192428,0.176288749542825,-2.02669521910354,-2.6609430851732,FALSE,FALSE,850,850,850,"n = 850",5.15,0.05,"outside"
"ENSG00000140830",169,0.0809371361559336,0.0919066916220442,-0.00906450721102334,-0.0331750525262848,TRUE,TRUE,850,850,850,"n = 850",5.15,0.05,"C0"
"ENSG00000285053",125,0.152361141039296,0.172623209955683,-0.015197067847988,-0.0765718165461982,TRUE,FALSE,850,850,850,"n = 850",5.15,0.05,"Cgamma"
"ENSG00000153786",388,0.141905030536259,0.168480679460998,-0.0697491540443551,-0.108664989490914,FALSE,FALSE,850,850,850,"n = 850",5.15,0.05,"outside"
"ENSG00000131351",169,0.0926612007172754,0.108801795646934,-0.00656602550979385,-0.101537471013866,TRUE,FALSE,850,850,850,"n = 850",5.15,0.05,"Cgamma"
"ENSG00000168286",144,0.0909602179523053,0.114092677515888,-0.029817115961526,-0.109522138971646,TRUE,FALSE,850,850,850,"n = 850",5.15,0.05,"Cgamma"
"ENSG00000153391",147,0.0985690194817715,0.11305819920506,-0.00344506504892644,-0.0195222392048433,TRUE,TRUE,850,850,850,"n = 850",5.15,0.05,"C0"
"ENSG00000110713",102,0.157958972993969,0.203056343964474,-2.00606719816411,-2.58055541281719,FALSE,FALSE,850,850,850,"n = 850",5.15,0.05,"outside"
"ENSG00000047410",126,0.0968903160628757,0.100197763168556,-0.0132669895073214,-0.0958487199640536,TRUE,FALSE,850,850,850,"n = 850",5.15,0.05,"Cgamma"
"ENSG00000163634",146,0.121572439474807,0.142220516664794,-0.160909024775768,-0.513461571632998,FALSE,FALSE,850,850,850,"n = 850",5.15,0.05,"outside"
"ENSG00000079785",121,0.238711161662015,0.270776261908572,-0.104614123377964,-0.249932790765471,FALSE,FALSE,850,850,850,"n = 850",5.15,0.05,"outside"
"ENSG00000213638",286,0.123298772322581,0.146932580301089,-0.018290817415175,-0.0379176647963154,TRUE,TRUE,850,850,850,"n = 850",5.15,0.05,"C0"
"ENSG00000138035",140,0.0749551911074291,0.0900436447348282,0.00306573001690998,-0.0453685643078103,TRUE,TRUE,850,850,850,"n = 850",5.15,0.05,"C0"
"ENSG00000163528",136,0.42964585768149,0.493405348333595,-0.417617912003035,-0.778372875047777,FALSE,FALSE,850,850,850,"n = 850",5.15,0.05,"outside"
"ENSG00000167985",190,0.0897210965997342,0.103356348454731,0.00219667658492542,-0.00891045800198437,TRUE,TRUE,850,850,850,"n = 850",5.15,0.05,"C0"
"ENSG00000103356",129,0.119931487555857,0.125970607522934,-0.0236725495856624,-0.0603486980322666,TRUE,FALSE,850,850,850,"n = 850",5.15,0.05,"Cgamma"
"ENSG00000103423",155,0.10938758639671,0.142197592620228,-0.0216066369198426,-0.12561846442839,TRUE,FALSE,850,850,850,"n = 850",5.15,0.05,"Cgamma"
"ENSG00000189366",212,0.130930538087018,0.14619628068759,0.00230704112197005,-0.0383427123333787,TRUE,TRUE,850,850,850,"n = 850",5.15,0.05,"C0"
"ENSG00000156603",195,0.0988741401296436,0.15071987967375,-0.32196165577523,-0.680801323022938,FALSE,FALSE,850,850,850,"n = 850",5.15,0.05,"outside"
"ENSG00000188986",148,0.264561297999246,0.266938710347888,-0.123205139967536,-0.317367401423195,FALSE,FALSE,850,850,850,"n = 850",5.15,0.05,"outside"
"ENSG00000116670",229,0.105414049773191,0.128503856394109,-0.0123120034634355,-0.0495081315884886,TRUE,TRUE,850,850,850,"n = 850",5.15,0.05,"C0"
"ENSG00000103061",106,0.113822710181697,0.146739814638393,-0.0309834509504125,-0.0905963041017668,TRUE,FALSE,850,850,850,"n = 850",5.15,0.05,"Cgamma"
"ENSG00000101557",171,0.0886519588816658,0.109798852231639,-0.00240183594913161,-0.0232432159257517,TRUE,TRUE,850,850,850,"n = 850",5.15,0.05,"C0"
"ENSG00000105656",168,0.188857983122717,0.191061346969727,-0.263337559579114,-0.7690705398951,FALSE,FALSE,850,850,850,"n = 850",5.15,0.05,"outside"
"ENSG00000157778",221,0.119250671891573,0.130528401584581,-0.120383403026703,-0.445566967481568,FALSE,FALSE,850,850,850,"n = 850",5.15,0.05,"outside"
"ENSG00000012174",151,0.112544714345162,0.134059366360801,-0.015268400336273,-0.0363244090008929,TRUE,TRUE,850,850,850,"n = 850",5.15,0.05,"C0"
"ENSG00000083896",184,0.125274515610881,0.146514582350835,-0.414674886151547,-0.775198377790348,FALSE,FALSE,850,850,850,"n = 850",5.15,0.05,"outside"
"ENSG00000116688",211,0.11072956844511,0.125726576245059,-0.00674754774591694,-0.0314544749301169,TRUE,TRUE,850,850,850,"n = 850",5.15,0.05,"C0"
"ENSG00000176225",101,0.101252121093396,0.0991420161659206,-0.0159891180477598,-0.0561041166702128,TRUE,FALSE,850,850,850,"n = 850",5.15,0.05,"Cgamma"
"ENSG00000167543",141,0.154887595015493,0.168987576769246,-0.0091261469871808,-0.0730195845947083,TRUE,FALSE,850,850,850,"n = 850",5.15,0.05,"Cgamma"
"ENSG00000112972",259,0.103317216864149,0.12435293017945,-0.0128782190653151,-0.0428550910993868,TRUE,TRUE,850,850,850,"n = 850",5.15,0.05,"C0"
"ENSG00000117751",142,0.127974965485905,0.137069696730222,-0.0066102377453339,-0.0790865697723778,TRUE,FALSE,850,850,850,"n = 850",5.15,0.05,"Cgamma"
"ENSG00000099821",212,0.0955639194793351,0.105816332196285,-0.0407543261589575,-0.149225814382558,TRUE,FALSE,850,850,850,"n = 850",5.15,0.05,"Cgamma"
"ENSG00000115507",127,0.1016971246826,0.12002843272119,-0.00105027656499299,-0.0203342191076732,TRUE,TRUE,850,850,850,"n = 850",5.15,0.05,"C0"
"ENSG00000169249",216,0.116030911746752,0.134797014135679,-0.00358338563218974,-0.0197230826258455,TRUE,TRUE,850,850,850,"n = 850",5.15,0.05,"C0"
"ENSG00000138614",351,0.0967978962109987,0.108752754534143,-0.0136605838330526,-0.0443945920091367,TRUE,TRUE,850,850,850,"n = 850",5.15,0.05,"C0"
"ENSG00000126226",145,0.106848792188348,0.118886142241787,0.00445332546815744,-0.0240900977182687,TRUE,TRUE,850,850,850,"n = 850",5.15,0.05,"C0"
"ENSG00000079819",125,0.0824001496805399,0.102982131493564,0.00380897078264269,-0.0149735672669808,TRUE,TRUE,850,850,850,"n = 850",5.15,0.05,"C0"
"ENSG00000010810",146,0.112945298425985,0.115286941971413,-0.0137652279751148,-0.0852837235926919,TRUE,FALSE,850,850,850,"n = 850",5.15,0.05,"Cgamma"
"ENSG00000159086",138,0.0962186032767903,0.112158131767365,-0.225307503010342,-0.576399805860316,FALSE,FALSE,850,850,850,"n = 850",5.15,0.05,"outside"
"ENSG00000175283",121,0.0708019716325364,0.0843939171666084,0.00256847436542555,-0.0380378059292775,TRUE,TRUE,850,850,850,"n = 850",5.15,0.05,"C0"
"ENSG00000160783",320,0.189027751941899,0.231880358788248,-0.140984054871131,-0.385571651349547,FALSE,FALSE,850,850,850,"n = 850",5.15,0.05,"outside"
"ENSG00000185591",189,0.104454774918482,0.122674563477462,-0.0104378837127438,-0.0276879127823409,TRUE,TRUE,850,850,850,"n = 850",5.15,0.05,"C0"
"ENSG00000170906",169,0.145310717788172,0.14537629853556,-0.297618397904975,-0.381828347311367,FALSE,FALSE,850,850,850,"n = 850",5.15,0.05,"outside"
"ENSG00000156162",184,0.0814417879295831,0.10262454483233,0.000952062504243536,-0.0515577095140497,TRUE,FALSE,850,850,850,"n = 850",5.15,0.05,"Cgamma"
"ENSG00000138231",131,0.350790466831983,0.36834474837608,-0.426863997125883,-0.719926067018455,FALSE,FALSE,850,850,850,"n = 850",5.15,0.05,"outside"
"ENSG00000185668",133,0.118469864304382,0.129136313867152,-0.57906075101194,-0.907669440857845,FALSE,FALSE,850,850,850,"n = 850",5.15,0.05,"outside"
"ENSG00000213593",137,0.101296716681831,0.137987882404648,-0.125330353966735,-0.330219478036672,FALSE,FALSE,850,850,850,"n = 850",5.15,0.05,"outside"
"ENSG00000140694",153,0.113264299435417,0.121527848901866,-0.012633807234012,-0.0616586365724973,TRUE,FALSE,850,850,850,"n = 850",5.15,0.05,"Cgamma"
"ENSG00000243725",124,0.0928128165115095,0.112160039376603,-0.0211297436843088,-0.0545950792931971,TRUE,FALSE,850,850,850,"n = 850",5.15,0.05,"Cgamma"
"ENSG00000113312",116,0.371674083977215,0.416450404242321,-0.370728527113995,-0.660033815758553,FALSE,FALSE,850,850,850,"n = 850",5.15,0.05,"outside"
"ENSG00000182220",265,0.100034769902293,0.121864117921478,-0.032428884624929,-0.0478037833952258,TRUE,TRUE,850,850,850,"n = 850",5.15,0.05,"C0"
"ENSG00000161654",111,0.129377439629394,0.163435603131151,-0.0234376776695226,-0.0732052701906121,TRUE,FALSE,850,850,850,"n = 850",5.15,0.05,"Cgamma"
"ENSG00000149357",321,0.0889860425721933,0.103619960553445,-0.00204460959314036,-0.0266031369968777,TRUE,TRUE,850,850,850,"n = 850",5.15,0.05,"C0"
"ENSG00000066136",111,0.127347603564474,0.146981853946301,-0.0256804073730155,-0.545164615927003,TRUE,FALSE,850,850,850,"n = 850",5.15,0.05,"Cgamma"
"ENSG00000010292",106,0.109732099052292,0.119208543870092,-0.0549978003978933,-0.0988064150547197,FALSE,FALSE,850,850,850,"n = 850",5.15,0.05,"outside"
"ENSG00000115947",159,0.0871651916282145,0.0983126538879804,0.0154465508234184,-0.00840296073094311,TRUE,TRUE,850,850,850,"n = 850",5.15,0.05,"C0"
"ENSG00000099991",161,0.10754368182085,0.121429446131259,-0.00449673282954845,-0.028831870150574,TRUE,TRUE,850,850,850,"n = 850",5.15,0.05,"C0"
"ENSG00000166598",138,0.105224881262129,0.127580131590363,-0.0180687469067732,-0.0361880895367555,TRUE,TRUE,850,850,850,"n = 850",5.15,0.05,"C0"
"ENSG00000185651",122,0.0764770045227369,0.0948916441569004,0.00576770857538125,-0.0578213217103306,TRUE,FALSE,850,850,850,"n = 850",5.15,0.05,"Cgamma"
"ENSG00000100462",126,0.202960718224274,0.260710592470691,-0.225614906749192,-0.425650735078668,FALSE,FALSE,850,850,850,"n = 850",5.15,0.05,"outside"
"ENSG00000188994",129,0.104042786757349,0.123573303227952,-0.0231275744185379,-0.0413319746953032,TRUE,TRUE,850,850,850,"n = 850",5.15,0.05,"C0"
"ENSG00000275023",104,0.168934166500342,0.218276084665928,-0.210190575962624,-0.642087011603507,FALSE,FALSE,850,850,850,"n = 850",5.15,0.05,"outside"
"ENSG00000107290",121,0.132070569559273,0.151426716594811,-0.0246252306337682,-0.0895261874424183,TRUE,FALSE,850,850,850,"n = 850",5.15,0.05,"Cgamma"
"ENSG00000172757",139,0.189187761874303,0.741072532958547,-2.14382848624079,-2.2531928580403,FALSE,FALSE,850,850,850,"n = 850",5.15,0.05,"outside"
"ENSG00000004487",178,0.111343626599688,0.132981558161578,-0.017124220404419,-0.0586474537402341,TRUE,FALSE,850,850,850,"n = 850",5.15,0.05,"Cgamma"
"ENSG00000171159",152,0.113147712783324,0.132428215515711,-0.0193014233224746,-0.0475171764889841,TRUE,TRUE,850,850,850,"n = 850",5.15,0.05,"C0"
"ENSG00000170291",101,0.184397179068459,0.239678754550091,-0.16128689126045,-0.303045368964891,FALSE,FALSE,850,850,850,"n = 850",5.15,0.05,"outside"
"ENSG00000204316",256,0.0951416088532506,0.108498529612186,-0.000502523163719707,-0.0305868199503212,TRUE,TRUE,850,850,850,"n = 850",5.15,0.05,"C0"
"ENSG00000172922",129,0.126760915420437,0.149655928270462,-0.0255102181234662,-0.0336700030104818,TRUE,TRUE,850,850,850,"n = 850",5.15,0.05,"C0"
"ENSG00000146457",351,0.137789448083225,0.153765555121028,-0.169794266271764,-0.264142472723405,FALSE,FALSE,850,850,850,"n = 850",5.15,0.05,"outside"
"ENSG00000109920",114,0.0868342434568602,0.098366273837754,-0.0908195902416386,-0.353467680079073,FALSE,FALSE,850,850,850,"n = 850",5.15,0.05,"outside"
"ENSG00000185883",220,0.0922627964562299,0.0981581243915351,-0.0112446137326866,-0.0473495868278029,TRUE,TRUE,850,850,850,"n = 850",5.15,0.05,"C0"
"ENSG00000113194",115,0.101904998816362,0.123997142277553,0.00172684332615848,-0.0312451993426238,TRUE,TRUE,850,850,850,"n = 850",5.15,0.05,"C0"
"ENSG00000153814",226,0.106284957766344,0.120035284754514,0.000144298535808257,-0.0557258490061202,TRUE,FALSE,850,850,850,"n = 850",5.15,0.05,"Cgamma"
"ENSG00000092020",128,0.0815750227815091,0.0952861959325298,-0.0161820966471958,-0.0504664452297601,TRUE,FALSE,850,850,850,"n = 850",5.15,0.05,"Cgamma"
"ENSG00000090905",106,0.23943676649618,0.240768210000642,-0.475563458711939,-1.16201726954853,FALSE,FALSE,850,850,850,"n = 850",5.15,0.05,"outside"
"ENSG00000134014",108,0.338515036214577,0.445528063009848,-0.446170451328405,-0.77158647974162,FALSE,FALSE,850,850,850,"n = 850",5.15,0.05,"outside"
"ENSG00000169750",127,0.419775873151915,0.4054668546426,-3.84356547266815,-5.21981699382599,FALSE,FALSE,850,850,850,"n = 850",5.15,0.05,"outside"
"ENSG00000165898",143,0.0801133875221978,0.0900781227721608,-0.00863422792049324,-0.0413510069507734,TRUE,TRUE,850,850,850,"n = 850",5.15,0.05,"C0"
"ENSG00000116809",282,0.156793210246639,0.193031194852433,-0.0403381304722236,-0.079430342273554,TRUE,FALSE,850,850,850,"n = 850",5.15,0.05,"Cgamma"
"ENSG00000165644",138,0.135834144463906,0.168972300199279,-0.0256235104171707,-0.0943765988692549,TRUE,FALSE,850,850,850,"n = 850",5.15,0.05,"Cgamma"
"ENSG00000112249",118,0.165609595547141,0.172663884472873,-0.416251054614373,-0.703112271179345,FALSE,FALSE,850,850,850,"n = 850",5.15,0.05,"outside"
"ENSG00000174243",168,0.155532208519776,0.161163421215684,-1.35475382992573,-1.88454240766837,FALSE,FALSE,850,850,850,"n = 850",5.15,0.05,"outside"
"ENSG00000250067",237,0.0987054621696272,0.113820860493519,-0.014701166503644,-0.0353047810522701,TRUE,TRUE,850,850,850,"n = 850",5.15,0.05,"C0"
"ENSG00000168118",176,0.190644405712552,0.197806094892731,-0.0757892637749077,-0.189767117244579,FALSE,FALSE,850,850,850,"n = 850",5.15,0.05,"outside"
"ENSG00000152382",138,0.0960874204928191,0.097534237480163,-0.0278612983937044,-0.129082631108127,TRUE,FALSE,850,850,850,"n = 850",5.15,0.05,"Cgamma"
"ENSG00000063046",380,0.102403841392011,0.118208748286561,0.00327781397668029,-0.0699111558203402,TRUE,FALSE,850,850,850,"n = 850",5.15,0.05,"Cgamma"
"ENSG00000130640",154,0.145746633760258,0.185076497225298,-0.233075025468068,-0.647218830420558,FALSE,FALSE,850,850,850,"n = 850",5.15,0.05,"outside"
"ENSG00000101158",111,0.362152946577033,0.388161047003305,-0.193958209825166,-0.367550536533372,FALSE,FALSE,850,850,850,"n = 850",5.15,0.05,"outside"
"ENSG00000189091",146,0.340043044248507,0.35389250299216,-1.07171477029882,-1.72687702595537,FALSE,FALSE,850,850,850,"n = 850",5.15,0.05,"outside"
"ENSG00000110172",142,0.0938106652628014,0.104120187279984,-0.0249791398340454,-0.0795814112199546,TRUE,FALSE,850,850,850,"n = 850",5.15,0.05,"Cgamma"
"ENSG00000165819",212,0.0945894630619991,0.109118649235709,-0.291268879014004,-0.388334559357382,FALSE,FALSE,850,850,850,"n = 850",5.15,0.05,"outside"
"ENSG00000137955",105,0.567666703370281,0.572602120589612,-2.13411012241449,-3.04615560776135,FALSE,FALSE,850,850,850,"n = 850",5.15,0.05,"outside"
"ENSG00000132294",214,0.10460988326391,0.128522921581649,-0.00382366142354887,-0.0185072180739106,TRUE,TRUE,850,850,850,"n = 850",5.15,0.05,"C0"
"ENSG00000132463",122,0.118161453406037,0.12743375775176,-0.00944411672031864,-0.0642640332042815,TRUE,FALSE,850,850,850,"n = 850",5.15,0.05,"Cgamma"
"ENSG00000132153",105,0.103414554588707,0.121996808363406,-0.00552414890085828,-0.0388269425856535,TRUE,TRUE,850,850,850,"n = 850",5.15,0.05,"C0"
"ENSG00000071243",133,0.122448025598213,0.136928808687039,-0.0252195626075859,-0.09529088039064,TRUE,FALSE,850,850,850,"n = 850",5.15,0.05,"Cgamma"
"ENSG00000089639",140,0.106854700888015,0.149670312308023,-0.0544481911693217,-0.121416442358904,FALSE,FALSE,850,850,850,"n = 850",5.15,0.05,"outside"
"ENSG00000060688",217,0.0898684250123494,0.103770078465727,-0.00160646556185021,-0.0294390940674025,TRUE,TRUE,850,850,850,"n = 850",5.15,0.05,"C0"
"ENSG00000116455",105,0.148418926153319,0.16172625512056,-0.0145049255131266,-0.109712091226307,TRUE,FALSE,850,850,850,"n = 850",5.15,0.05,"Cgamma"
"ENSG00000089159",128,0.104781904842631,0.131927179677913,-0.023609925193454,-0.0759386398349457,TRUE,FALSE,850,850,850,"n = 850",5.15,0.05,"Cgamma"
"ENSG00000134265",224,0.108874302076371,0.130556466240705,-0.0155592050543691,-0.0578222461443562,TRUE,FALSE,850,850,850,"n = 850",5.15,0.05,"Cgamma"
"ENSG00000092203",160,0.143576074762872,0.191479994524467,-0.0437763258898471,-0.0798081622897482,TRUE,FALSE,850,850,850,"n = 850",5.15,0.05,"Cgamma"
"ENSG00000100084",221,0.128598916527818,0.159946797646016,-0.0196554855764849,-0.0659943625424134,TRUE,FALSE,850,850,850,"n = 850",5.15,0.05,"Cgamma"
"ENSG00000137267",149,0.120090490390855,0.132863419079536,-0.0282470081780846,-0.0513103796998772,TRUE,FALSE,850,850,850,"n = 850",5.15,0.05,"Cgamma"
"ENSG00000115875",145,0.149537021089389,0.177764024967923,-0.175450808241111,-0.59217838743416,FALSE,FALSE,850,850,850,"n = 850",5.15,0.05,"outside"
"ENSG00000160193",140,0.118823876759313,0.137897405384902,-0.0106725568961668,-0.0320562443203582,TRUE,TRUE,850,850,850,"n = 850",5.15,0.05,"C0"
"ENSG00000196230",249,0.0999532030140712,0.114876895083135,-0.013745090838309,-0.0564422495289224,TRUE,FALSE,850,850,850,"n = 850",5.15,0.05,"Cgamma"
"ENSG00000124193",148,0.115087293054799,0.12996423924457,-0.00467708336636925,-0.0716933127737142,TRUE,FALSE,850,850,850,"n = 850",5.15,0.05,"Cgamma"
"ENSG00000145191",114,0.849976566288661,0.956669153954716,-2.73596343627784,-3.72583930015933,FALSE,FALSE,850,850,850,"n = 850",5.15,0.05,"outside"
"ENSG00000129932",118,0.10307512105398,0.126196013515077,-0.0297032089976668,-0.0625335277234149,TRUE,FALSE,850,850,850,"n = 850",5.15,0.05,"Cgamma"
"ENSG00000118420",143,0.138886309509846,0.151451894685948,-0.0165371967151749,-0.114079607158919,TRUE,FALSE,850,850,850,"n = 850",5.15,0.05,"Cgamma"
"ENSG00000204209",111,0.0809092633612344,0.0835353945611344,-0.00270960145032455,-0.0281330188924557,TRUE,TRUE,850,850,850,"n = 850",5.15,0.05,"C0"
"ENSG00000110321",155,0.329632243094673,0.39891247477909,-0.313770636658233,-0.509138422477518,FALSE,FALSE,850,850,850,"n = 850",5.15,0.05,"outside"
"ENSG00000121350",130,0.451552571721928,0.483199078419573,-0.414875890336292,-0.68725240569356,FALSE,FALSE,850,850,850,"n = 850",5.15,0.05,"outside"
"ENSG00000162601",106,0.0972371896888437,0.114396586320345,-0.0582919523724491,-0.124029471775575,FALSE,FALSE,850,850,850,"n = 850",5.15,0.05,"outside"
"ENSG00000070366",123,0.118889554341584,0.151399211349181,-0.0454795109307823,-0.102199206529868,TRUE,FALSE,850,850,850,"n = 850",5.15,0.05,"Cgamma"
"ENSG00000111300",139,0.132845243043389,0.153267508447022,-0.0596082112614767,-0.215790812350369,FALSE,FALSE,850,850,850,"n = 850",5.15,0.05,"outside"
"ENSG00000154229",107,0.149074442387644,0.166037440720095,-0.0513712899474283,-0.146952317498399,FALSE,FALSE,850,850,850,"n = 850",5.15,0.05,"outside"
"ENSG00000108423",123,0.122466184413702,0.142287680133028,-0.0178524039486871,-0.0394048198125456,TRUE,TRUE,850,850,850,"n = 850",5.15,0.05,"C0"
"ENSG00000117410",107,0.0863713672610053,0.109792981171507,-0.0306030765711796,-0.112199138068252,TRUE,FALSE,850,850,850,"n = 850",5.15,0.05,"Cgamma"
"ENSG00000139977",134,0.100308988575023,0.109338780217439,0.011592726119051,-0.0206232927761444,TRUE,TRUE,850,850,850,"n = 850",5.15,0.05,"C0"
"ENSG00000185246",183,0.0924859418738155,0.112160996801277,0.000813058756338502,-0.00898228454349408,TRUE,TRUE,850,850,850,"n = 850",5.15,0.05,"C0"
"ENSG00000164975",120,0.237543602761622,0.212806588317147,-0.462371137692243,-0.77634720235095,FALSE,FALSE,850,850,850,"n = 850",5.15,0.05,"outside"
"ENSG00000241370",124,0.203411390056119,0.22834811671262,-0.15239684877664,-0.403765781586319,FALSE,FALSE,850,850,850,"n = 850",5.15,0.05,"outside"
"ENSG00000105732",154,0.086054120961747,0.102021434954691,0.00858528333121408,-0.0792666136249045,TRUE,FALSE,850,850,850,"n = 850",5.15,0.05,"Cgamma"
"ENSG00000101972",110,0.161319198864229,0.189314233505493,-0.031208409284024,-0.068163170708327,TRUE,FALSE,850,850,850,"n = 850",5.15,0.05,"Cgamma"
"ENSG00000198176",164,0.0822312209115535,0.0875139079666564,0.00374055396474924,-0.0137563263092844,TRUE,TRUE,850,850,850,"n = 850",5.15,0.05,"C0"
"ENSG00000152253",473,0.372318517855868,0.473020602778275,-0.596523970551122,-1.19485972446028,FALSE,FALSE,850,850,850,"n = 850",5.15,0.05,"outside"
"ENSG00000110700",121,0.301488761903262,0.391850988018661,-2.66162032263913,-2.88858873709555,FALSE,FALSE,850,850,850,"n = 850",5.15,0.05,"outside"
"ENSG00000087302",192,0.277687964409836,0.299460536638013,-0.178726604852274,-0.381907025125927,FALSE,FALSE,850,850,850,"n = 850",5.15,0.05,"outside"
"ENSG00000111707",127,0.220088299563602,0.261958529789469,-0.244963132333062,-0.415196011580454,FALSE,FALSE,850,850,850,"n = 850",5.15,0.05,"outside"
"ENSG00000168917",387,0.0989625349069664,0.114498727500728,-0.00172942926819581,-0.0361126497310795,TRUE,TRUE,850,850,850,"n = 850",5.15,0.05,"C0"
"ENSG00000198841",130,0.183603125827329,0.241110213810576,-0.113357798748158,-0.248705443053725,FALSE,FALSE,850,850,850,"n = 850",5.15,0.05,"outside"
"ENSG00000146282",132,0.0880741678486772,0.0991852204199101,-0.023317612965891,-0.050935131466309,TRUE,FALSE,850,850,850,"n = 850",5.15,0.05,"Cgamma"
"ENSG00000172613",149,0.0765221251337563,0.0883582489375474,0.0064479205279959,-0.0251661604892828,TRUE,TRUE,850,850,850,"n = 850",5.15,0.05,"C0"
"ENSG00000187961",117,0.0984160870970682,0.111236102080229,-0.0141172931700449,-0.0679619109949393,TRUE,FALSE,850,850,850,"n = 850",5.15,0.05,"Cgamma"
"ENSG00000105819",145,0.46779343351364,0.56698512683403,-0.654413891818171,-1.08758297715334,FALSE,FALSE,850,850,850,"n = 850",5.15,0.05,"outside"
"ENSG00000164654",130,0.107704571135486,0.111107555001584,-0.0365819389086142,-0.106730940948546,TRUE,FALSE,850,850,850,"n = 850",5.15,0.05,"Cgamma"
"ENSG00000168924",153,0.235407289910426,0.296086220680163,-0.151563725146492,-0.292864260015757,FALSE,FALSE,850,850,850,"n = 850",5.15,0.05,"outside"
"ENSG00000160075",226,0.590484803645703,0.870221510353969,-1.29819737768924,-1.65008160623519,FALSE,FALSE,850,850,850,"n = 850",5.15,0.05,"outside"
"ENSG00000103187",108,0.0926652852728211,0.105706136812683,-0.0182028804973821,-0.0439430579071029,TRUE,TRUE,850,850,850,"n = 850",5.15,0.05,"C0"
"ENSG00000163754",284,0.123869032952321,0.12841972667626,-0.667922214805514,-0.773270022102376,FALSE,FALSE,850,850,850,"n = 850",5.15,0.05,"outside"
"ENSG00000171453",177,0.118446704050705,0.13110594896765,-0.012874946186541,-0.0742658576522254,TRUE,FALSE,850,850,850,"n = 850",5.15,0.05,"Cgamma"
"ENSG00000147416",158,0.126426377459008,0.153024411811181,-0.0258990351464501,-0.131093908224369,TRUE,FALSE,850,850,850,"n = 850",5.15,0.05,"Cgamma"
"ENSG00000100949",189,0.315721903596531,0.321309687702549,-1.23643171890923,-2.01072556367016,FALSE,FALSE,850,850,850,"n = 850",5.15,0.05,"outside"
"ENSG00000198356",161,0.105028988883722,0.113050840244017,-0.0193749548907893,-0.0662421716329203,TRUE,FALSE,850,850,850,"n = 850",5.15,0.05,"Cgamma"
"ENSG00000213465",193,0.115226463314305,0.137333850777461,-0.00884383741412534,-0.035254346053812,TRUE,TRUE,850,850,850,"n = 850",5.15,0.05,"C0"
"ENSG00000241468",223,0.117412886694675,0.143762445885985,-0.0201309236504332,-0.0263886434335902,TRUE,TRUE,850,850,850,"n = 850",5.15,0.05,"C0"
"ENSG00000167578",229,0.0990814436588677,0.109191539585422,-0.00510192688169409,-0.0151199553212922,TRUE,TRUE,850,850,850,"n = 850",5.15,0.05,"C0"
"ENSG00000075856",233,0.14636371062392,0.1418576007778,-0.872949889603037,-1.2959573967738,FALSE,FALSE,850,850,850,"n = 850",5.15,0.05,"outside"
"ENSG00000188186",122,0.0853510595396951,0.10068816820101,0.010147634460628,-0.0173071458703655,TRUE,TRUE,850,850,850,"n = 850",5.15,0.05,"C0"
"ENSG00000131462",134,0.101299826009834,0.125802281608428,-0.00552014877878684,-0.100947420857264,TRUE,FALSE,850,850,850,"n = 850",5.15,0.05,"Cgamma"
"ENSG00000071553",174,0.113773402043458,0.125663059075209,-0.00920176741647137,-0.0664453221318503,TRUE,FALSE,850,850,850,"n = 850",5.15,0.05,"Cgamma"
"ENSG00000171848",191,0.119287263755162,0.125981928489241,-0.152566293592502,-0.652941555570852,FALSE,FALSE,850,850,850,"n = 850",5.15,0.05,"outside"
"ENSG00000258366",305,0.109119290011664,0.120615126263829,-0.00746573518697286,-0.0767095540858347,TRUE,FALSE,850,850,850,"n = 850",5.15,0.05,"Cgamma"
"ENSG00000170545",170,0.107427812624934,0.117997474526312,-0.00417735330638426,-0.0271562188244851,TRUE,TRUE,850,850,850,"n = 850",5.15,0.05,"C0"
"ENSG00000104859",332,0.0883718932931273,0.105851846722241,0.00250120254303475,-0.0208327131053617,TRUE,TRUE,850,850,850,"n = 850",5.15,0.05,"C0"
"ENSG00000155115",131,0.146974284702227,0.173786358629248,-0.0152765356773679,-0.0586362135749222,TRUE,FALSE,850,850,850,"n = 850",5.15,0.05,"Cgamma"
"ENSG00000105419",114,0.192584398019558,0.179998286016787,-0.964606214350296,-1.16465474718834,FALSE,FALSE,850,850,850,"n = 850",5.15,0.05,"outside"
"ENSG00000177889",103,0.11972962950588,0.137493615257512,-0.0722023044362334,-0.101197149381995,FALSE,FALSE,850,850,850,"n = 850",5.15,0.05,"outside"
"ENSG00000156990",111,0.0925087592338862,0.0880536655360057,-0.0266595188923747,-0.116900838768049,TRUE,FALSE,850,850,850,"n = 850",5.15,0.05,"Cgamma"
"ENSG00000116580",107,0.143382239953753,0.173111230562389,-0.0904002763992937,-0.222304143721477,FALSE,FALSE,850,850,850,"n = 850",5.15,0.05,"outside"
"ENSG00000056097",116,0.119145673167411,0.122254239798664,-0.107346856981144,-0.324497827639992,FALSE,FALSE,850,850,850,"n = 850",5.15,0.05,"outside"
"ENSG00000135040",308,0.105715775381189,0.123182383717947,-0.00506078693816583,-0.0299991639652019,TRUE,TRUE,850,850,850,"n = 850",5.15,0.05,"C0"
"ENSG00000167522",149,0.0832583317558651,0.102132327672105,-0.00429306070957971,-0.125341620808244,TRUE,FALSE,850,850,850,"n = 850",5.15,0.05,"Cgamma"
"ENSG00000170348",160,0.0777591580704863,0.084743272592311,-0.029351886736738,-0.062192081503772,TRUE,FALSE,850,850,850,"n = 850",5.15,0.05,"Cgamma"
"ENSG00000123374",204,0.101299074971926,0.11325760842789,-0.0258557263790955,-0.0577169129972522,TRUE,FALSE,850,850,850,"n = 850",5.15,0.05,"Cgamma"
"ENSG00000276043",103,0.116022307463921,0.136925406001795,-0.0148035774488342,-0.0850262891908715,TRUE,FALSE,850,850,850,"n = 850",5.15,0.05,"Cgamma"
"ENSG00000125971",125,0.175053604867973,0.210656342541861,-0.099512408190017,-0.393175052102265,FALSE,FALSE,850,850,850,"n = 850",5.15,0.05,"outside"
"ENSG00000111667",126,0.0961630201172933,0.11803036106308,-0.0640173956438364,-0.518312328906575,FALSE,FALSE,850,850,850,"n = 850",5.15,0.05,"outside"
"ENSG00000163166",106,0.077541422869324,0.0903462196261967,-0.0567306482474268,-0.178754817807568,FALSE,FALSE,850,850,850,"n = 850",5.15,0.05,"outside"
"ENSG00000156467",102,0.195003715782486,0.220816169614471,-0.0410129250027086,-0.115409811858561,TRUE,FALSE,850,850,850,"n = 850",5.15,0.05,"Cgamma"
"ENSG00000085415",124,0.125599866261581,0.140287645507935,-0.276738197440478,-0.612375600905572,FALSE,FALSE,850,850,850,"n = 850",5.15,0.05,"outside"
"ENSG00000126261",139,0.144002574889973,0.160488932473808,-0.119728666120355,-0.301249439430409,FALSE,FALSE,850,850,850,"n = 850",5.15,0.05,"outside"
"ENSG00000106263",109,0.719449664540131,0.792896126074646,-3.21380147824569,-4.54872694300285,FALSE,FALSE,850,850,850,"n = 850",5.15,0.05,"outside"
"ENSG00000264364",212,0.113804882728553,0.125759303197081,-0.0203267753623072,-0.039609890328632,TRUE,TRUE,850,850,850,"n = 850",5.15,0.05,"C0"
"ENSG00000257949",127,0.0990246069395793,0.116841913246589,-0.0511066187390937,-0.070120729840236,FALSE,FALSE,850,850,850,"n = 850",5.15,0.05,"outside"
"ENSG00000164032",264,0.0957244672537036,0.105697475108676,-0.000448204853331514,-0.0723722948555776,TRUE,FALSE,850,850,850,"n = 850",5.15,0.05,"Cgamma"
"ENSG00000197136",171,0.0990908752236673,0.114199143448359,-0.00859269469695828,-0.0238691690676415,TRUE,TRUE,850,850,850,"n = 850",5.15,0.05,"C0"
"ENSG00000173757",173,0.128956697130641,0.148315340194406,-0.012608822900971,-0.0258078606874399,TRUE,TRUE,850,850,850,"n = 850",5.15,0.05,"C0"
"ENSG00000060339",103,0.113372474619738,0.122654359205546,-0.00702594314316018,-0.0503930716538124,TRUE,FALSE,850,850,850,"n = 850",5.15,0.05,"Cgamma"
"ENSG00000127586",118,0.112122791482625,0.1379610272555,-0.0279070253382629,-0.0416705100863969,TRUE,TRUE,850,850,850,"n = 850",5.15,0.05,"C0"
"ENSG00000111711",140,0.175356795350825,0.182384057928447,-0.157321138809948,-0.339858096806992,FALSE,FALSE,850,850,850,"n = 850",5.15,0.05,"outside"
"ENSG00000105568",215,0.110916965104872,0.12947539272784,-0.0281148386713002,-0.156953041905427,TRUE,FALSE,850,850,850,"n = 850",5.15,0.05,"Cgamma"
"ENSG00000162385",113,0.0890947054454728,0.112950642289396,-0.0352934337799843,-0.0503881405048414,TRUE,FALSE,850,850,850,"n = 850",5.15,0.05,"Cgamma"
"ENSG00000169375",126,0.135685391639666,0.160499279538367,-0.0419852992242471,-0.0854892738948377,TRUE,FALSE,850,850,850,"n = 850",5.15,0.05,"Cgamma"
"ENSG00000107959",130,0.12434946405309,0.166282827609133,-0.0592434654389043,-0.114065784607843,FALSE,FALSE,850,850,850,"n = 850",5.15,0.05,"outside"
"ENSG00000125691",101,0.253654562189251,0.262132028025409,-2.04232903446719,-2.41872850603946,FALSE,FALSE,850,850,850,"n = 850",5.15,0.05,"outside"
"ENSG00000198952",462,0.168688183042988,0.193253448550357,-0.0963732241889734,-0.250998928669351,FALSE,FALSE,850,850,850,"n = 850",5.15,0.05,"outside"
"ENSG00000198700",106,0.112807479627086,0.125971555813702,-0.00397346166258313,-0.0504822990775884,TRUE,FALSE,850,850,850,"n = 850",5.15,0.05,"Cgamma"
"ENSG00000101138",113,0.132102313174935,0.160522508448523,-0.288068801860588,-0.793470150852357,FALSE,FALSE,850,850,850,"n = 850",5.15,0.05,"outside"
"ENSG00000144736",149,0.163250006535953,0.184370940951844,-0.0527917913125021,-0.313001673125169,FALSE,FALSE,850,850,850,"n = 850",5.15,0.05,"outside"
"ENSG00000071655",187,0.0748316867942515,0.0955801223360079,0.00121484477587323,-0.0250035085486503,TRUE,TRUE,850,850,850,"n = 850",5.15,0.05,"C0"
"ENSG00000058804",109,0.14741928211639,0.160870982815291,-0.0737417395350265,-0.147289537018101,FALSE,FALSE,850,850,850,"n = 850",5.15,0.05,"outside"
"ENSG00000162337",104,0.119789337121658,0.131866344492885,0.00223211307258136,-0.0682912524036706,TRUE,FALSE,850,850,850,"n = 850",5.15,0.05,"Cgamma"
"ENSG00000180198",169,0.105922111224569,0.12320615006841,-0.16028737443989,-0.323400281022673,FALSE,FALSE,850,850,850,"n = 850",5.15,0.05,"outside"
"ENSG00000143742",139,0.148708727158811,0.196859914478394,-0.305394223996188,-0.54920024909329,FALSE,FALSE,850,850,850,"n = 850",5.15,0.05,"outside"
"ENSG00000116698",143,0.103267320870195,0.137208037901558,-0.0304995605796414,-0.0554773397210161,TRUE,FALSE,850,850,850,"n = 850",5.15,0.05,"Cgamma"
"ENSG00000203485",115,0.101079676273318,0.118411320553818,-0.102520763885873,-0.173644912352054,FALSE,FALSE,850,850,850,"n = 850",5.15,0.05,"outside"
"ENSG00000156970",102,0.147976162835397,0.219007818592325,-0.139296602599712,-0.296462857634297,FALSE,FALSE,850,850,850,"n = 850",5.15,0.05,"outside"
"ENSG00000130856",101,0.14392600372892,0.14640640438529,-0.065474323306531,-0.256834233174874,FALSE,FALSE,850,850,850,"n = 850",5.15,0.05,"outside"
"ENSG00000124486",113,0.176013965937261,0.21372441526719,-0.130985756062656,-0.255899831502754,FALSE,FALSE,850,850,850,"n = 850",5.15,0.05,"outside"
"ENSG00000175054",158,0.171334859152135,0.178185137502913,-0.490897741925978,-0.880625983262313,FALSE,FALSE,850,850,850,"n = 850",5.15,0.05,"outside"
"ENSG00000130165",150,0.104215516764856,0.120520253916823,-0.0986604251967642,-0.179372707640031,FALSE,FALSE,850,850,850,"n = 850",5.15,0.05,"outside"
"ENSG00000112237",122,0.0790060998431401,0.0899742258914799,-0.0178364679600275,-0.177922135707793,TRUE,FALSE,850,850,850,"n = 850",5.15,0.05,"Cgamma"
"ENSG00000123416",197,0.0846467755057699,0.103637253341986,-0.00369552590167202,-0.020093322150554,TRUE,TRUE,850,850,850,"n = 850",5.15,0.05,"C0"
"ENSG00000144867",181,0.1630182838807,0.197903007751247,-0.130127050210208,-0.311429767069696,FALSE,FALSE,850,850,850,"n = 850",5.15,0.05,"outside"
"ENSG00000089195",114,0.195779813589828,0.212931861446322,-0.0340797497711958,-0.185368436711273,TRUE,FALSE,850,850,850,"n = 850",5.15,0.05,"Cgamma"
"ENSG00000160678",112,0.102138908177492,0.115057917601954,-0.0236427079905987,-0.0869057339152496,TRUE,FALSE,850,850,850,"n = 850",5.15,0.05,"Cgamma"
"ENSG00000174437",135,0.31157658727611,0.395137485599979,-0.401889679311737,-0.685093983780032,FALSE,FALSE,850,850,850,"n = 850",5.15,0.05,"outside"
"ENSG00000111581",138,0.174135846971004,0.181271384331533,-0.742769063288986,-1.40141850463473,FALSE,FALSE,850,850,850,"n = 850",5.15,0.05,"outside"
"ENSG00000170322",148,0.0943591366065998,0.109648867628762,-0.0034992619037716,-0.0404756710134203,TRUE,TRUE,850,850,850,"n = 850",5.15,0.05,"C0"
"ENSG00000155827",147,0.179603370184455,0.173402306897676,-0.0584459054031701,-0.3523385548283,FALSE,FALSE,850,850,850,"n = 850",5.15,0.05,"outside"
"ENSG00000188529",111,0.163810495420504,0.17915228162162,-0.0224232956531134,-0.0927951304096971,TRUE,FALSE,850,850,850,"n = 850",5.15,0.05,"Cgamma"
"ENSG00000162396",292,0.11086413810307,0.131620246143724,-0.00736042636563253,-0.0237747061019996,TRUE,TRUE,850,850,850,"n = 850",5.15,0.05,"C0"
"ENSG00000276234",117,0.0853637614681457,0.0913561870200148,-0.442748600497698,-0.545800460696533,FALSE,FALSE,850,850,850,"n = 850",5.15,0.05,"outside"
"ENSG00000029364",115,0.0972815692756451,0.12909625395709,-0.0231531003587508,-0.0512479657520122,TRUE,FALSE,850,850,850,"n = 850",5.15,0.05,"Cgamma"
"ENSG00000147604",116,0.416922362962389,0.341281988123827,-2.92532450636234,-3.1581510008475,FALSE,FALSE,850,850,850,"n = 850",5.15,0.05,"outside"
"ENSG00000175550",139,0.102213180948599,0.105942127724421,-0.0963605811667721,-0.198236902508976,FALSE,FALSE,850,850,850,"n = 850",5.15,0.05,"outside"
"ENSG00000255529",172,0.0858640824742605,0.0944965629113903,-0.11429329598134,-0.261163387664384,FALSE,FALSE,850,850,850,"n = 850",5.15,0.05,"outside"
"ENSG00000164815",112,0.0686045014469732,0.078152682619427,-0.0194065114707777,-0.0761025997053262,TRUE,FALSE,850,850,850,"n = 850",5.15,0.05,"Cgamma"
"ENSG00000099956",103,0.104646322150286,0.132275961998987,-0.0473087607099559,-0.0844886813634628,TRUE,FALSE,850,850,850,"n = 850",5.15,0.05,"Cgamma"
"ENSG00000168538",230,0.328571445458212,0.305043565837073,-2.08936575896281,-3.17378813234108,FALSE,FALSE,850,850,850,"n = 850",5.15,0.05,"outside"
"ENSG00000082068",132,0.311438195297228,0.333166996324147,-0.361234193277553,-0.65428402627825,FALSE,FALSE,850,850,850,"n = 850",5.15,0.05,"outside"
"ENSG00000138785",134,0.0679428059530293,0.0835238854778639,-0.0129482621075594,-0.065641824000088,TRUE,FALSE,850,850,850,"n = 850",5.15,0.05,"Cgamma"
"ENSG00000058063",121,0.117411027845378,0.130386643205003,-0.123884308261757,-0.430354109181476,FALSE,FALSE,850,850,850,"n = 850",5.15,0.05,"outside"
"ENSG00000102144",110,0.0970275745568796,0.116228780390406,-0.0207094490826839,-0.0804582410421135,TRUE,FALSE,850,850,850,"n = 850",5.15,0.05,"Cgamma"
"ENSG00000108518",122,0.113829876168098,0.185325235659227,-1.37430616809713,-1.49147801070011,FALSE,FALSE,850,850,850,"n = 850",5.15,0.05,"outside"
"ENSG00000144034",126,0.6546327977305,0.594045154067555,-1.09685192285835,-1.31908982314116,FALSE,FALSE,850,850,850,"n = 850",5.15,0.05,"outside"
"ENSG00000181029",101,0.30280004437856,0.262678681108018,-1.83147037329419,-2.89673579582081,FALSE,FALSE,850,850,850,"n = 850",5.15,0.05,"outside"
"ENSG00000119718",147,0.775896148011722,0.868165768177357,-2.09777090130026,-3.01349507153751,FALSE,FALSE,850,850,850,"n = 850",5.15,0.05,"outside"
"ENSG00000099800",117,0.210190246641931,0.236324400086606,-0.0794443326749228,-0.229239568273937,FALSE,FALSE,850,850,850,"n = 850",5.15,0.05,"outside"
"ENSG00000123485",116,0.107557733578599,0.120621360262647,-0.023801341236192,-0.0770197576329844,TRUE,FALSE,850,850,850,"n = 850",5.15,0.05,"Cgamma"
"ENSG00000065526",104,0.067170008603946,0.0778390155360174,-0.0262219156495599,-0.0431392697562369,TRUE,TRUE,850,850,850,"n = 850",5.15,0.05,"C0"
"ENSG00000143379",121,0.12120550453705,0.153987850954757,-0.0240521706852424,-0.0752722759428205,TRUE,FALSE,850,850,850,"n = 850",5.15,0.05,"Cgamma"
"ENSG00000100216",103,0.261723987292929,0.29405923177628,-0.239961538238585,-0.479297238246617,FALSE,FALSE,850,850,850,"n = 850",5.15,0.05,"outside"
"ENSG00000144559",115,0.199126709728704,0.229470669873353,-0.0735129149729373,-0.228895758362892,FALSE,FALSE,850,850,850,"n = 850",5.15,0.05,"outside"
"ENSG00000054118",119,0.103824645349223,0.122309069753468,-0.00662325132435527,-0.031982698539103,TRUE,TRUE,850,850,850,"n = 850",5.15,0.05,"C0"
"ENSG00000172339",111,0.208078299994004,0.260462567872559,-0.126546439989232,-0.268501429638093,FALSE,FALSE,850,850,850,"n = 850",5.15,0.05,"outside"
"ENSG00000213397",117,0.0781445743825644,0.104222249648097,-0.0129189929605988,-0.017231939261681,TRUE,TRUE,850,850,850,"n = 850",5.15,0.05,"C0"
"ENSG00000075089",103,0.179093360927824,0.165016726270218,-0.0679629115031525,-0.28304835067107,FALSE,FALSE,850,850,850,"n = 850",5.15,0.05,"outside"
"ENSG00000014164",102,0.13248326163931,0.145500164448239,-0.00776751157255249,-0.045286237471735,TRUE,TRUE,850,850,850,"n = 850",5.15,0.05,"C0"
"ENSG00000198258",120,0.280040159493839,0.278152550341862,-0.740862396809646,-1.2778131155252,FALSE,FALSE,850,850,850,"n = 850",5.15,0.05,"outside"
"ENSG00000132912",110,0.134300805317613,0.162320772740723,-0.248730117945252,-1.0104524595266,FALSE,FALSE,850,850,850,"n = 850",5.15,0.05,"outside"
"ENSG00000232838",154,0.103744372680525,0.112288266263653,-0.537163090485259,-0.641001970600964,FALSE,FALSE,850,850,850,"n = 850",5.15,0.05,"outside"
"ENSG00000166260",114,0.118513598732816,0.126551460688925,-0.136002578529495,-0.279497210633421,FALSE,FALSE,850,850,850,"n = 850",5.15,0.05,"outside"
"ENSG00000130816",102,0.162154380885854,0.157308178398883,-0.0364793906776846,-0.104164332185816,TRUE,FALSE,850,850,850,"n = 850",5.15,0.05,"Cgamma"
"ENSG00000165458",108,0.0933915908750303,0.123435236991709,-0.0334994412011611,-0.10308774461306,TRUE,FALSE,850,850,850,"n = 850",5.15,0.05,"Cgamma"
"ENSG00000171314",114,0.0797910022026699,0.0847408879430137,-0.0143375685781748,-0.119916447420423,TRUE,FALSE,850,850,850,"n = 850",5.15,0.05,"Cgamma"
"ENSG00000110851",107,0.0763474977223587,0.078180636536574,0.00721330112781854,0.00110929729566192,TRUE,TRUE,850,850,850,"n = 850",5.15,0.05,"C0"
"ENSG00000148308",103,0.143418442413602,0.182780487391973,-0.035509417946058,-0.0784737554012578,TRUE,FALSE,850,850,850,"n = 850",5.15,0.05,"Cgamma"
"ENSG00000080603",110,0.121635530624999,0.12553453138864,-0.0435134092795133,-0.0612804932259196,TRUE,FALSE,650,650,650,"n = 650",1.63,0.05,"Cgamma"
"ENSG00000103226",115,0.119344824412765,0.124006736002135,-0.0314579881077683,-0.0577544261020292,TRUE,FALSE,650,650,650,"n = 650",1.63,0.05,"Cgamma"
"ENSG00000069329",118,0.100159423156543,0.100033582842559,-0.056799973010977,-0.276980744608984,FALSE,FALSE,650,650,650,"n = 650",1.63,0.05,"outside"
"ENSG00000168827",1669,0.10917942507188,0.114604006910359,-0.0149298791977041,-0.0198675679073127,TRUE,TRUE,650,650,650,"n = 650",1.63,0.05,"C0"
"ENSG00000132522",122,0.0913555056125761,0.0979238010175429,-0.0291556825196001,-0.0583757325781306,TRUE,FALSE,650,650,650,"n = 650",1.63,0.05,"Cgamma"
"ENSG00000037637",876,0.105378837515847,0.106670306697762,-0.00960719288910595,-0.0183560096238113,TRUE,TRUE,650,650,650,"n = 650",1.63,0.05,"C0"
"ENSG00000247077",173,0.14373707461916,0.150833047827033,-0.0601633740396429,-0.0692084716885915,FALSE,FALSE,650,650,650,"n = 650",1.63,0.05,"outside"
"ENSG00000108064",3458,0.0993831597977042,0.102618224038674,-0.00308802435023627,-0.025189003672941,TRUE,TRUE,650,650,650,"n = 650",1.63,0.05,"C0"
"ENSG00000108091",1051,0.103051999962628,0.104179281167336,-0.0248211443552308,-0.0397767016354031,TRUE,TRUE,650,650,650,"n = 650",1.63,0.05,"C0"
"ENSG00000179988",262,0.100390234141632,0.102880852883991,-0.0419068613183391,-0.0704380945679372,TRUE,FALSE,650,650,650,"n = 650",1.63,0.05,"Cgamma"
"ENSG00000072756",347,0.442644122792683,0.452042612541036,-0.714791660483385,-0.938544312218856,FALSE,FALSE,650,650,650,"n = 650",1.63,0.05,"outside"
"ENSG00000162004",492,0.0919316712609045,0.0942699373265263,-0.0177142353473225,-0.0224790720857444,TRUE,TRUE,650,650,650,"n = 650",1.63,0.05,"C0"
"ENSG00000164615",155,0.117192276775423,0.119699739228282,-0.0401173116049637,-0.0497088962185065,TRUE,TRUE,650,650,650,"n = 650",1.63,0.05,"C0"
"ENSG00000125037",103,0.0879636952767315,0.0906362206423958,-0.0367152346129672,-0.0501105874333738,TRUE,FALSE,650,650,650,"n = 650",1.63,0.05,"Cgamma"
"ENSG00000137100",144,0.100202847189538,0.100276951655218,-0.165632972738611,-0.341642478038472,FALSE,FALSE,650,650,650,"n = 650",1.63,0.05,"outside"
"ENSG00000123200",102,0.194280914722492,0.197401532382007,-0.842106331314171,-0.922355416176088,FALSE,FALSE,650,650,650,"n = 650",1.63,0.05,"outside"
"ENSG00000136273",222,0.0852897594685407,0.0883000647053861,-0.0182118180434314,-0.0300088431545992,TRUE,TRUE,650,650,650,"n = 650",1.63,0.05,"C0"
"ENSG00000112130",209,0.104985115987329,0.106160922320787,-0.0209616829813178,-0.0319000725751159,TRUE,TRUE,650,650,650,"n = 650",1.63,0.05,"C0"
"ENSG00000109670",197,0.0907256534351401,0.0957598136832143,-0.0145257317312689,-0.0383189634942635,TRUE,TRUE,650,650,650,"n = 650",1.63,0.05,"C0"
"ENSG00000177885",112,0.0869301466802673,0.0899637191422015,-0.0264247558479046,-0.0352975064978911,TRUE,TRUE,650,650,650,"n = 650",1.63,0.05,"C0"
"ENSG00000110203",219,0.101198991408781,0.102117632736212,-0.0126525250377072,-0.0238282018236783,TRUE,TRUE,650,650,650,"n = 650",1.63,0.05,"C0"
"ENSG00000119414",1539,0.0995452377955671,0.102391057834742,-0.00769923924765361,-0.0347118324526692,TRUE,TRUE,650,650,650,"n = 650",1.63,0.05,"C0"
"ENSG00000197912",115,0.0913876433368528,0.0947414459192826,-0.0103355675542356,-0.0201561956263853,TRUE,TRUE,650,650,650,"n = 650",1.63,0.05,"C0"
"ENSG00000105281",1877,0.0876137784677248,0.0905299528078252,-0.00400698373628594,-0.00744049462913632,TRUE,TRUE,650,650,650,"n = 650",1.63,0.05,"C0"
"ENSG00000108312",132,0.0936210963663604,0.09657859252636,-0.0134601385298645,-0.023422342370749,TRUE,TRUE,650,650,650,"n = 650",1.63,0.05,"C0"
"ENSG00000171862",187,0.0799277975192347,0.0813683346521803,-0.00318697197261898,-0.0129226672756848,TRUE,TRUE,650,650,650,"n = 650",1.63,0.05,"C0"
"ENSG00000268043",1159,0.0939596690577341,0.0958648767069147,-0.153550382877255,-0.179129465710518,FALSE,FALSE,650,650,650,"n = 650",1.63,0.05,"outside"
"ENSG00000072506",809,0.0956628552019097,0.0991849451552733,0.00087491305918776,-0.0303856349595447,TRUE,TRUE,650,650,650,"n = 650",1.63,0.05,"C0"
"ENSG00000180817",128,0.110189227260146,0.105862305125856,-0.0253087782796442,-0.086560893622147,TRUE,FALSE,650,650,650,"n = 650",1.63,0.05,"Cgamma"
"ENSG00000106682",148,0.103740142037928,0.104655894297932,-0.0295686822524991,-0.0395434098837491,TRUE,TRUE,650,650,650,"n = 650",1.63,0.05,"C0"
"ENSG00000146007",192,0.106007348458122,0.104903395496354,-0.935106325267248,-1.15522971587094,FALSE,FALSE,650,650,650,"n = 650",1.63,0.05,"outside"
"ENSG00000113141",191,0.16325244240933,0.16667814267757,-1.79399817494273,-2.03376168727177,FALSE,FALSE,650,650,650,"n = 650",1.63,0.05,"outside"
"ENSG00000176108",104,0.178688501296452,0.178746701113621,-0.532486519154112,-0.706078518206179,FALSE,FALSE,650,650,650,"n = 650",1.63,0.05,"outside"
"ENSG00000171421",1565,0.101150893252294,0.104102755182326,-0.00194704998571107,-0.00467384434797235,TRUE,TRUE,650,650,650,"n = 650",1.63,0.05,"C0"
"ENSG00000250312",400,0.0927378417045362,0.0958601771206495,-0.00325683642411376,-0.00569494998572233,TRUE,TRUE,650,650,650,"n = 650",1.63,0.05,"C0"
"ENSG00000215712",597,0.119673164610787,0.123837811373712,-0.0316671093038537,-0.044786815675126,TRUE,TRUE,650,650,650,"n = 650",1.63,0.05,"C0"
"ENSG00000168906",152,0.13637664961291,0.141378414407234,-0.0549869635136995,-0.0803274404018486,FALSE,FALSE,650,650,650,"n = 650",1.63,0.05,"outside"
"ENSG00000112118",179,0.157404656357003,0.159870620567337,-0.310749284170106,-0.567645886364728,FALSE,FALSE,650,650,650,"n = 650",1.63,0.05,"outside"
"ENSG00000169727",226,0.120224031922113,0.116563483619936,-0.489419730587518,-0.783450232662296,FALSE,FALSE,650,650,650,"n = 650",1.63,0.05,"outside"
"ENSG00000135363",268,0.113966052916309,0.118960151912004,-0.0196800289981609,-0.0255694257901531,TRUE,TRUE,650,650,650,"n = 650",1.63,0.05,"C0"
"ENSG00000090006",107,0.102498843531878,0.102152055883105,-0.20454815464021,-0.260487838645886,FALSE,FALSE,650,650,650,"n = 650",1.63,0.05,"outside"
"ENSG00000120948",1603,0.0947019414411748,0.0973067961299781,-0.154473375224202,-0.184575348487826,FALSE,FALSE,650,650,650,"n = 650",1.63,0.05,"outside"
"ENSG00000129128",128,0.141308380781842,0.144140594964249,-0.10416773897637,-0.132995637578545,FALSE,FALSE,650,650,650,"n = 650",1.63,0.05,"outside"
"ENSG00000035141",504,0.109006912679401,0.112141234325614,-0.0179818904920804,-0.0355613183693127,TRUE,TRUE,650,650,650,"n = 650",1.63,0.05,"C0"
"ENSG00000070495",183,0.109803379513791,0.111289352259263,-0.0254359264179981,-0.0388060326451709,TRUE,TRUE,650,650,650,"n = 650",1.63,0.05,"C0"
"ENSG00000144401",105,0.0875063460294284,0.0869594276895353,-0.0345304253958266,-0.0928333078416242,TRUE,FALSE,650,650,650,"n = 650",1.63,0.05,"Cgamma"
"ENSG00000141098",123,0.148771944102651,0.157378791878271,-0.121694265900367,-0.280339507511654,FALSE,FALSE,650,650,650,"n = 650",1.63,0.05,"outside"
"ENSG00000167721",145,0.131924259600764,0.139246298469112,-0.160413965267983,-0.286296093757212,FALSE,FALSE,650,650,650,"n = 650",1.63,0.05,"outside"
"ENSG00000101057",877,0.0997467209293516,0.101103317439129,-0.00787113184594408,-0.0121922777051873,TRUE,TRUE,650,650,650,"n = 650",1.63,0.05,"C0"
"ENSG00000197734",292,0.540429546851486,0.502511776026822,-1.76538837875843,-2.05447444206208,FALSE,FALSE,650,650,650,"n = 650",1.63,0.05,"outside"
"ENSG00000132313",1452,0.0923635913947388,0.0960734881694717,-0.00156630959190373,-0.00400382866653886,TRUE,TRUE,650,650,650,"n = 650",1.63,0.05,"C0"
"ENSG00000171552",373,0.0874273106740946,0.0897229962832542,-0.0119375521927023,-0.0150741414764676,TRUE,TRUE,650,650,650,"n = 650",1.63,0.05,"C0"
"ENSG00000130725",233,0.0792582627351757,0.0804678547159329,-0.00791519442534058,-0.00988222972930513,TRUE,TRUE,650,650,650,"n = 650",1.63,0.05,"C0"
"ENSG00000139697",156,0.11563918163543,0.11956513617238,-0.269340017081279,-0.298873974632149,FALSE,FALSE,650,650,650,"n = 650",1.63,0.05,"outside"
"ENSG00000119203",173,0.185955745225777,0.192562132881169,-0.509034224956602,-0.690372261405962,FALSE,FALSE,650,650,650,"n = 650",1.63,0.05,"outside"
"ENSG00000104897",136,0.246043187772034,0.253579306706571,-0.336715246298521,-0.441714144189667,FALSE,FALSE,650,650,650,"n = 650",1.63,0.05,"outside"
"ENSG00000146576",378,0.11703076475734,0.11927613087449,-0.0165359095603522,-0.0341150200045806,TRUE,TRUE,650,650,650,"n = 650",1.63,0.05,"C0"
"ENSG00000182149",182,0.094709085005416,0.0977363513007806,-0.0152298421834947,-0.0245914770299838,TRUE,TRUE,650,650,650,"n = 650",1.63,0.05,"C0"
"ENSG00000115364",108,0.0855501663891044,0.0865327534466699,-0.0361135837062575,-0.0475668742747534,TRUE,TRUE,650,650,650,"n = 650",1.63,0.05,"C0"
"ENSG00000131475",101,0.122112806280028,0.118009499629532,-0.0196221452148662,-0.0612095922765957,TRUE,FALSE,650,650,650,"n = 650",1.63,0.05,"Cgamma"
"ENSG00000072849",140,0.532290214853315,0.572326776280458,-2.29185982286729,-2.60628291974222,FALSE,FALSE,650,650,650,"n = 650",1.63,0.05,"outside"
"ENSG00000205571",424,0.341679108550578,0.323415803131668,-1.63350267017683,-1.90521163009009,FALSE,FALSE,650,650,650,"n = 650",1.63,0.05,"outside"
"ENSG00000134153",134,0.0821500775476853,0.0851132496812539,-0.0551091440391475,-0.0699380155248078,FALSE,FALSE,650,650,650,"n = 650",1.63,0.05,"outside"
"ENSG00000100890",151,0.0750836885578914,0.0773944000533103,-0.00691967141188085,-0.0151710883227818,TRUE,TRUE,650,650,650,"n = 650",1.63,0.05,"C0"
"ENSG00000115216",149,0.102377910093664,0.102794500840525,-0.0310955752458492,-0.059229020622665,TRUE,FALSE,650,650,650,"n = 650",1.63,0.05,"Cgamma"
"ENSG00000100129",114,0.417726060403327,0.437040856443795,-0.384304186887554,-0.439258295362234,FALSE,FALSE,650,650,650,"n = 650",1.63,0.05,"outside"
"ENSG00000136888",124,0.112468349256258,0.115134801312158,-0.0344413700870067,-0.063824682293058,TRUE,FALSE,650,650,650,"n = 650",1.63,0.05,"Cgamma"
"ENSG00000184058",306,0.0899421932054612,0.093936499529471,-0.0273666679779744,-0.0386760220769549,TRUE,TRUE,650,650,650,"n = 650",1.63,0.05,"C0"
"ENSG00000204469",147,0.0841463535513292,0.0895169072774053,-0.0353334523814394,-0.0593406516313098,TRUE,FALSE,650,650,650,"n = 650",1.63,0.05,"Cgamma"
"ENSG00000015676",129,0.173491945446195,0.176548049858517,-0.472117714949423,-0.797986350862818,FALSE,FALSE,650,650,650,"n = 650",1.63,0.05,"outside"
"ENSG00000174780",140,0.520277928396054,0.545012494629802,-2.40714027212447,-2.70370749852481,FALSE,FALSE,650,650,650,"n = 650",1.63,0.05,"outside"
"ENSG00000101166",127,0.398604278336942,0.404073044033848,-0.797761924649191,-1.00035967035355,FALSE,FALSE,650,650,650,"n = 650",1.63,0.05,"outside"
"ENSG00000130312",159,0.131361117469255,0.130212518844902,-0.291348205191884,-0.467330132711381,FALSE,FALSE,650,650,650,"n = 650",1.63,0.05,"outside"
"ENSG00000006715",246,0.0813916164288137,0.0833561733474637,0.000160168122622895,-0.00725137291224025,TRUE,TRUE,650,650,650,"n = 650",1.63,0.05,"C0"
"ENSG00000148396",210,0.0958075650811429,0.0995068530995424,-0.0472604941637456,-0.0658469200385902,TRUE,FALSE,650,650,650,"n = 650",1.63,0.05,"Cgamma"
"ENSG00000140943",184,0.10161767647624,0.105625080865969,-0.01296934376467,-0.0245714608094152,TRUE,TRUE,650,650,650,"n = 650",1.63,0.05,"C0"
"ENSG00000103363",128,0.131370144487402,0.133005010049892,-0.469555305905647,-0.536418282471397,FALSE,FALSE,650,650,650,"n = 650",1.63,0.05,"outside"
"ENSG00000108963",239,0.106605584597499,0.109789197845874,-0.0313212588959704,-0.0476201335975322,TRUE,TRUE,650,650,650,"n = 650",1.63,0.05,"C0"
"ENSG00000261236",108,0.123315164578589,0.124450121979531,-0.0558079152021233,-0.0889542460996539,FALSE,FALSE,650,650,650,"n = 650",1.63,0.05,"outside"
"ENSG00000070785",103,0.854116689526458,0.864780913930765,-3.31925534320803,-3.68218848987453,FALSE,FALSE,650,650,650,"n = 650",1.63,0.05,"outside"
"ENSG00000084463",109,0.159259118707611,0.158591975770259,-0.267583906663239,-0.418013173626724,FALSE,FALSE,650,650,650,"n = 650",1.63,0.05,"outside"
"ENSG00000197111",202,0.118043553898923,0.115222078019425,-0.0668815053942562,-0.132923664896689,FALSE,FALSE,650,650,650,"n = 650",1.63,0.05,"outside"
"ENSG00000104866",347,0.157790345694376,0.162222696314522,-0.196144755109751,-0.250932029880186,FALSE,FALSE,650,650,650,"n = 650",1.63,0.05,"outside"
"ENSG00000064102",288,0.0935051965816813,0.0957679772943975,-0.0145662989868041,-0.034503310027846,TRUE,TRUE,650,650,650,"n = 650",1.63,0.05,"C0"
"ENSG00000124789",107,0.27185979596796,0.278162145139742,-0.360325740371822,-0.537288516273782,FALSE,FALSE,650,650,650,"n = 650",1.63,0.05,"outside"
"ENSG00000119777",687,0.0993963027574666,0.101069382112782,-0.0122569248719004,-0.0359796992266282,TRUE,TRUE,650,650,650,"n = 650",1.63,0.05,"C0"
"ENSG00000050820",593,0.105342750762932,0.109069646917226,-0.00902160938668706,-0.014878397835264,TRUE,TRUE,650,650,650,"n = 650",1.63,0.05,"C0"
"ENSG00000142731",174,0.132813034847245,0.138208033399482,-0.610640785154255,-0.926448913655066,FALSE,FALSE,650,650,650,"n = 650",1.63,0.05,"outside"
"ENSG00000108559",111,0.126752820968871,0.126544808612364,-0.368340876159599,-0.589735950245264,FALSE,FALSE,650,650,650,"n = 650",1.63,0.05,"outside"
"ENSG00000182872",128,0.337356179646343,0.344543930959751,-0.872012435701152,-1.14640905366571,FALSE,FALSE,650,650,650,"n = 650",1.63,0.05,"outside"
"ENSG00000111642",109,0.141306862646718,0.150163048165291,-0.0784883647907122,-0.141165230600452,FALSE,FALSE,650,650,650,"n = 650",1.63,0.05,"outside"
"ENSG00000126088",239,0.136217761222007,0.133593541306873,-0.104132776623451,-0.1421225353847,FALSE,FALSE,650,650,650,"n = 650",1.63,0.05,"outside"
"ENSG00000143952",230,0.102795754429742,0.104922804454547,-0.041127183186578,-0.054475353857464,TRUE,FALSE,650,650,650,"n = 650",1.63,0.05,"Cgamma"
"ENSG00000099949",207,0.0947120758784591,0.0950204004461639,-0.08221367407044,-0.125743222783051,FALSE,FALSE,650,650,650,"n = 650",1.63,0.05,"outside"
"ENSG00000064995",113,0.117566773974755,0.114917072395337,-0.535677513961069,-0.557511560179758,FALSE,FALSE,650,650,650,"n = 650",1.63,0.05,"outside"
"ENSG00000197265",265,0.259478065596529,0.284111535915191,-0.767537848268314,-0.960884897461001,FALSE,FALSE,650,650,650,"n = 650",1.63,0.05,"outside"
"ENSG00000183479",384,0.111515171096917,0.114570260440411,-0.0515772337698738,-0.146930681972009,FALSE,FALSE,650,650,650,"n = 650",1.63,0.05,"outside"
"ENSG00000149016",222,0.115051247578261,0.11691239068216,-0.132246984637371,-0.209483735048136,FALSE,FALSE,650,650,650,"n = 650",1.63,0.05,"outside"
"ENSG00000104835",108,0.0965647529875092,0.100468739219139,-0.0469868070578121,-0.0690146287472016,TRUE,FALSE,650,650,650,"n = 650",1.63,0.05,"Cgamma"
"ENSG00000137845",358,0.103630161979122,0.106292020383921,-0.0825498653898085,-0.127231947922794,FALSE,FALSE,650,650,650,"n = 650",1.63,0.05,"outside"
"ENSG00000102710",179,0.108504857876936,0.116168948807067,-0.124532274559516,-0.174234327788741,FALSE,FALSE,650,650,650,"n = 650",1.63,0.05,"outside"
"ENSG00000108349",168,0.112960103192614,0.114281721816995,-0.0157561458239807,-0.0274343086252927,TRUE,TRUE,650,650,650,"n = 650",1.63,0.05,"C0"
"ENSG00000134809",108,0.13674409177468,0.140137819896544,-0.316079821828898,-0.463479733578023,FALSE,FALSE,650,650,650,"n = 650",1.63,0.05,"outside"
"ENSG00000175792",103,0.36259006474892,0.321513512161217,-2.52674989947069,-2.77627315059465,FALSE,FALSE,650,650,650,"n = 650",1.63,0.05,"outside"
"ENSG00000204152",343,0.791980219813077,0.79794073047369,-1.74915666608217,-2.04601078697932,FALSE,FALSE,650,650,650,"n = 650",1.63,0.05,"outside"
"ENSG00000116774",135,0.0756502135048815,0.0795946240351797,-0.022324229373023,-0.0246837534855406,TRUE,TRUE,650,650,650,"n = 650",1.63,0.05,"C0"
"ENSG00000105258",143,0.321362916438344,0.302141323019682,-1.19980549548719,-1.41246366270119,FALSE,FALSE,650,650,650,"n = 650",1.63,0.05,"outside"
"ENSG00000092036",153,0.0970831329286391,0.0999452704585276,-0.358819176592871,-0.567869071724025,FALSE,FALSE,650,650,650,"n = 650",1.63,0.05,"outside"
"ENSG00000126698",138,0.107719079301191,0.108595257426549,-0.0912223788250024,-0.114204624873476,FALSE,FALSE,650,650,650,"n = 650",1.63,0.05,"outside"
"ENSG00000069248",106,0.25975911856694,0.260768902691258,-0.593327339394345,-0.826214664647597,FALSE,FALSE,650,650,650,"n = 650",1.63,0.05,"outside"
"ENSG00000108654",197,0.0901286823787011,0.0937838620033357,-0.040111745460847,-0.046614509042217,TRUE,TRUE,650,650,650,"n = 650",1.63,0.05,"C0"
"ENSG00000205609",337,0.6995432587382,0.698130573177095,-2.59769885302808,-3.0493093637674,FALSE,FALSE,650,650,650,"n = 650",1.63,0.05,"outside"
"ENSG00000213523",161,0.0991919111454187,0.10228346070125,-0.0629941157694686,-0.112865753813403,FALSE,FALSE,650,650,650,"n = 650",1.63,0.05,"outside"
"ENSG00000178773",184,0.0863918904908218,0.0900909904275151,-0.031820431623664,-0.0436402831550195,TRUE,TRUE,650,650,650,"n = 650",1.63,0.05,"C0"
"ENSG00000100201",154,0.108249151871981,0.111697968496293,-0.0809001600152572,-0.0986799361202562,FALSE,FALSE,650,650,650,"n = 650",1.63,0.05,"outside"
"ENSG00000182446",182,0.51980426989277,0.554045826847429,-1.61273791388936,-1.81141475504284,FALSE,FALSE,650,650,650,"n = 650",1.63,0.05,"outside"
"ENSG00000079999",163,0.107356071721354,0.109874338187454,-0.014204531757437,-0.0329975457482101,TRUE,TRUE,650,650,650,"n = 650",1.63,0.05,"C0"
"ENSG00000147050",213,0.0932085576557926,0.0953673948823473,-0.00517398800127196,-0.0135735937787607,TRUE,TRUE,650,650,650,"n = 650",1.63,0.05,"C0"
"ENSG00000242485",104,0.107389092039332,0.108438901087008,-0.0264697429055888,-0.0368310494142087,TRUE,TRUE,650,650,650,"n = 650",1.63,0.05,"C0"
"ENSG00000161203",202,0.117402747060515,0.120651845397558,-0.0488722251492086,-0.0818457837788731,TRUE,FALSE,650,650,650,"n = 650",1.63,0.05,"Cgamma"
"ENSG00000124571",162,0.102076437318855,0.100113572344083,-0.0132835030987628,-0.0323291048635009,TRUE,TRUE,650,650,650,"n = 650",1.63,0.05,"C0"
"ENSG00000151461",104,0.134390309519657,0.142138262987469,-0.177601179524902,-0.196283164659311,FALSE,FALSE,650,650,650,"n = 650",1.63,0.05,"outside"
"ENSG00000203760",130,0.125248586800204,0.122362804705335,-0.0286270849750987,-0.0564701138572997,TRUE,FALSE,650,650,650,"n = 650",1.63,0.05,"Cgamma"
"ENSG00000204371",171,0.135621748019684,0.139380343832887,-0.156054485018238,-0.323401811663346,FALSE,FALSE,650,650,650,"n = 650",1.63,0.05,"outside"
"ENSG00000090061",273,0.101155315495215,0.102667854859248,-0.00909473148445326,-0.0255624853909288,TRUE,TRUE,650,650,650,"n = 650",1.63,0.05,"C0"
"ENSG00000134852",647,0.131145586401802,0.135145668747753,-0.0942879532356066,-0.119385061803503,FALSE,FALSE,650,650,650,"n = 650",1.63,0.05,"outside"
"ENSG00000071859",116,0.171276961585446,0.161159017601984,-0.226552884365147,-0.337763530204221,FALSE,FALSE,650,650,650,"n = 650",1.63,0.05,"outside"
"ENSG00000013374",144,0.166247325452105,0.165191587683074,-0.0659293471698857,-0.130747630697684,FALSE,FALSE,650,650,650,"n = 650",1.63,0.05,"outside"
"ENSG00000164077",172,0.0725351601100901,0.0761741012746895,-0.0343137950580772,-0.0597698429613647,TRUE,FALSE,650,650,650,"n = 650",1.63,0.05,"Cgamma"
"ENSG00000135486",133,0.100148528398332,0.108129073066801,-0.0501690080637545,-0.0834281159272157,FALSE,FALSE,650,650,650,"n = 650",1.63,0.05,"outside"
"ENSG00000164941",148,0.14098954364393,0.14516335104018,-0.424603708015166,-0.533134213784894,FALSE,FALSE,650,650,650,"n = 650",1.63,0.05,"outside"
"ENSG00000131931",150,0.362844393661054,0.359221359055572,-2.21109374393553,-2.55025248628498,FALSE,FALSE,650,650,650,"n = 650",1.63,0.05,"outside"
"ENSG00000108424",177,0.185206291891385,0.192860636444333,-0.598433464387775,-0.902940294317645,FALSE,FALSE,650,650,650,"n = 650",1.63,0.05,"outside"
"ENSG00000164902",108,0.28461090701658,0.274203790838214,-0.818559330759081,-1.0068360084957,FALSE,FALSE,650,650,650,"n = 650",1.63,0.05,"outside"
"ENSG00000105185",135,0.101442242156717,0.100032716269609,-0.00983922632198356,-0.0484075936038399,TRUE,TRUE,650,650,650,"n = 650",1.63,0.05,"C0"
"ENSG00000125484",889,0.104893523637443,0.1091471205829,-0.0183315523998565,-0.0348808046193322,TRUE,TRUE,650,650,650,"n = 650",1.63,0.05,"C0"
"ENSG00000104517",102,0.14230988341137,0.145903735362171,-0.0547776313858544,-0.075812838132819,FALSE,FALSE,650,650,650,"n = 650",1.63,0.05,"outside"
"ENSG00000167513",101,0.255839918131937,0.254069247227154,-1.04227380800788,-1.33903411533248,FALSE,FALSE,650,650,650,"n = 650",1.63,0.05,"outside"
"ENSG00000150776",117,0.0963238750984411,0.0999809939962516,-0.0697707893829238,-0.113436365126168,FALSE,FALSE,650,650,650,"n = 650",1.63,0.05,"outside"
"ENSG00000163930",110,0.0859439060893763,0.089135031121124,-0.0377430227878787,-0.0933991173459535,TRUE,FALSE,650,650,650,"n = 650",1.63,0.05,"Cgamma"
"ENSG00000185838",105,0.147817413415145,0.1521020341405,-0.098271917084422,-0.146523328481658,FALSE,FALSE,650,650,650,"n = 650",1.63,0.05,"outside"
"ENSG00000124207",252,0.13870740917038,0.141601374902266,-0.498420542486578,-0.773440507100943,FALSE,FALSE,650,650,650,"n = 650",1.63,0.05,"outside"
"ENSG00000130024",124,0.0760628106454409,0.0777446426801224,-0.0418352612444333,-0.0555331768380653,TRUE,FALSE,650,650,650,"n = 650",1.63,0.05,"Cgamma"
"ENSG00000169045",145,0.066002444500159,0.0686214998320346,-0.0276137444023992,-0.038961149420871,TRUE,TRUE,650,650,650,"n = 650",1.63,0.05,"C0"
"ENSG00000284024",104,0.122133797557297,0.127026581890419,-0.033125184836373,-0.079144528074798,TRUE,FALSE,650,650,650,"n = 650",1.63,0.05,"Cgamma"
"ENSG00000187531",237,0.174085435850342,0.173742839362353,-0.768350812110297,-0.934102598243147,FALSE,FALSE,650,650,650,"n = 650",1.63,0.05,"outside"
"ENSG00000241837",135,0.0844199221047625,0.0897127539825618,0.00571184552496412,-0.00925610360667515,TRUE,TRUE,650,650,650,"n = 650",1.63,0.05,"C0"
"ENSG00000129055",111,0.0998769416308259,0.100323805443022,-0.0211083549607554,-0.0385442547596406,TRUE,TRUE,650,650,650,"n = 650",1.63,0.05,"C0"
"ENSG00000110921",422,0.0991451060538111,0.101489003723756,-0.0114046295306207,-0.026004440505497,TRUE,TRUE,650,650,650,"n = 650",1.63,0.05,"C0"
"ENSG00000133059",258,0.10560690147742,0.108656196021473,-0.0201663199955474,-0.0338711990982132,TRUE,TRUE,650,650,650,"n = 650",1.63,0.05,"C0"
"ENSG00000100209",227,0.126099264669562,0.12924114551783,-0.201782970888028,-0.347331909107166,FALSE,FALSE,650,650,650,"n = 650",1.63,0.05,"outside"
"ENSG00000117360",111,0.215743004694764,0.189111519763808,-2.19317571808131,-2.44445411370485,FALSE,FALSE,650,650,650,"n = 650",1.63,0.05,"outside"
"ENSG00000072274",299,0.0947394681452519,0.0978909875722512,-0.000574419885736132,-0.00488941975797168,TRUE,TRUE,650,650,650,"n = 650",1.63,0.05,"C0"
"ENSG00000197780",182,0.1404393000849,0.134751553020462,-0.677689584899692,-0.70133888283276,FALSE,FALSE,650,650,650,"n = 650",1.63,0.05,"outside"
"ENSG00000014123",111,0.0846748047601735,0.0841371653802865,-0.0244753309647379,-0.0350169739845101,TRUE,TRUE,650,650,650,"n = 650",1.63,0.05,"C0"
"ENSG00000076003",120,0.106203372395434,0.112458882320197,-0.472166708715467,-0.734729360078414,FALSE,FALSE,650,650,650,"n = 650",1.63,0.05,"outside"
"ENSG00000178202",768,0.0987560511863829,0.102081791129397,-0.0298265994951077,-0.0446702183027527,TRUE,TRUE,650,650,650,"n = 650",1.63,0.05,"C0"
"ENSG00000109618",168,0.0786604546029212,0.0822592110374298,-0.0102916479819368,-0.0162223815078363,TRUE,TRUE,650,650,650,"n = 650",1.63,0.05,"C0"
"ENSG00000162775",213,0.101296562452955,0.103852151856165,-0.168736381566845,-0.190546822483041,FALSE,FALSE,650,650,650,"n = 650",1.63,0.05,"outside"
"ENSG00000183054",381,0.0823822536359022,0.0838558318344465,-9.4342834471499e-05,-0.00843097995567605,TRUE,TRUE,650,650,650,"n = 650",1.63,0.05,"C0"
"ENSG00000100804",137,1.15783679495489,1.19295468538519,-6.90704287423276,-7.19559038170614,FALSE,FALSE,650,650,650,"n = 650",1.63,0.05,"outside"
"ENSG00000168872",393,0.0827709859048163,0.0857517436184763,-0.0144141940641738,-0.0203645301321054,TRUE,TRUE,650,650,650,"n = 650",1.63,0.05,"C0"
"ENSG00000169564",170,0.0957322919353634,0.0999319144332948,-0.0306426311466064,-0.0550854663027857,TRUE,FALSE,650,650,650,"n = 650",1.63,0.05,"Cgamma"
"ENSG00000139350",140,0.106428425962266,0.106910955127741,-0.0191252438664554,-0.0246486164410225,TRUE,TRUE,650,650,650,"n = 650",1.63,0.05,"C0"
"ENSG00000105618",144,0.246630387963033,0.221615542471204,-2.375384652376,-2.63309247319504,FALSE,FALSE,650,650,650,"n = 650",1.63,0.05,"outside"
"ENSG00000140830",169,0.0814148951241881,0.0830835985161653,-0.0255694012000046,-0.0348595609258963,TRUE,TRUE,650,650,650,"n = 650",1.63,0.05,"C0"
"ENSG00000285053",125,0.151813720750399,0.156617464871274,-0.0590191171606801,-0.0797111127534461,FALSE,FALSE,650,650,650,"n = 650",1.63,0.05,"outside"
"ENSG00000153786",388,0.141782776192486,0.14912061958681,-0.0816492688673343,-0.100723446661321,FALSE,FALSE,650,650,650,"n = 650",1.63,0.05,"outside"
"ENSG00000131351",169,0.0919901503084309,0.0951789058315764,-0.0379278690184994,-0.0932911224199625,TRUE,FALSE,650,650,650,"n = 650",1.63,0.05,"Cgamma"
"ENSG00000168286",144,0.0899514978201681,0.0932976315802403,-0.0658982926234436,-0.10764467107462,FALSE,FALSE,650,650,650,"n = 650",1.63,0.05,"outside"
"ENSG00000153391",147,0.0987454837276419,0.101632695955712,-0.0107890767871848,-0.0204044198263073,TRUE,TRUE,650,650,650,"n = 650",1.63,0.05,"C0"
"ENSG00000110713",102,0.160222409770364,0.167482504651345,-2.37662040090499,-2.56926387364613,FALSE,FALSE,650,650,650,"n = 650",1.63,0.05,"outside"
"ENSG00000047410",126,0.0962052022500968,0.0974343348084061,-0.0508203567930941,-0.0863835965175472,FALSE,FALSE,650,650,650,"n = 650",1.63,0.05,"outside"
"ENSG00000163634",146,0.122044793702976,0.126457580584159,-0.310325653951932,-0.494664684588907,FALSE,FALSE,650,650,650,"n = 650",1.63,0.05,"outside"
"ENSG00000079785",121,0.234918007552486,0.233484259712217,-0.198572515016018,-0.245134070517013,FALSE,FALSE,650,650,650,"n = 650",1.63,0.05,"outside"
"ENSG00000213638",286,0.121902990587974,0.126694121264766,-0.0285670619505507,-0.0389115318732198,TRUE,TRUE,650,650,650,"n = 650",1.63,0.05,"C0"
"ENSG00000138035",140,0.0750585649124796,0.0779928519573802,-0.0105461169851816,-0.0427054356286003,TRUE,TRUE,650,650,650,"n = 650",1.63,0.05,"C0"
"ENSG00000163528",136,0.427058847259217,0.4347397490043,-0.587774998761251,-0.758344002509628,FALSE,FALSE,650,650,650,"n = 650",1.63,0.05,"outside"
"ENSG00000167985",190,0.0895016932108085,0.0910625711475554,-0.00864716704781201,-0.0114191109040632,TRUE,TRUE,650,650,650,"n = 650",1.63,0.05,"C0"
"ENSG00000103356",129,0.118209475488102,0.116179141654219,-0.0428166045958272,-0.057962159478703,TRUE,FALSE,650,650,650,"n = 650",1.63,0.05,"Cgamma"
"ENSG00000103423",155,0.106429238627808,0.115323086941029,-0.0692329245682711,-0.118822070467139,FALSE,FALSE,650,650,650,"n = 650",1.63,0.05,"outside"
"ENSG00000189366",212,0.130223800696957,0.133347730249401,-0.0278121289060805,-0.0379662440669094,TRUE,TRUE,650,650,650,"n = 650",1.63,0.05,"C0"
"ENSG00000156603",195,0.0990735010861909,0.112816620601146,-0.473525511910977,-0.660804141882626,FALSE,FALSE,650,650,650,"n = 650",1.63,0.05,"outside"
"ENSG00000188986",148,0.2652491915278,0.261208983646495,-0.260956307889743,-0.323253641017972,FALSE,FALSE,650,650,650,"n = 650",1.63,0.05,"outside"
"ENSG00000116670",229,0.105272900287653,0.110963414599438,-0.0328691942318739,-0.0513974159022313,TRUE,FALSE,650,650,650,"n = 650",1.63,0.05,"Cgamma"
"ENSG00000103061",106,0.115764266066825,0.121971932027111,-0.0671769329265808,-0.0884929002536585,FALSE,FALSE,650,650,650,"n = 650",1.63,0.05,"outside"
"ENSG00000101557",171,0.0880464413503021,0.0923655801581487,-0.00021637389103734,-0.0199461203096724,TRUE,TRUE,650,650,650,"n = 650",1.63,0.05,"C0"
"ENSG00000105656",168,0.192423564781615,0.194647728644124,-0.520362801758169,-0.763096347301018,FALSE,FALSE,650,650,650,"n = 650",1.63,0.05,"outside"
"ENSG00000157778",221,0.120852860204036,0.120897459594004,-0.275420794841936,-0.434292493230669,FALSE,FALSE,650,650,650,"n = 650",1.63,0.05,"outside"
"ENSG00000012174",151,0.112920280118989,0.115493053048412,-0.0269282957646478,-0.0366110519034166,TRUE,TRUE,650,650,650,"n = 650",1.63,0.05,"C0"
"ENSG00000083896",184,0.124473262881069,0.129142274933486,-0.566216072516993,-0.756282886138523,FALSE,FALSE,650,650,650,"n = 650",1.63,0.05,"outside"
"ENSG00000116688",211,0.109568524825282,0.110847832600652,-0.0131842985087814,-0.0345572909628236,TRUE,TRUE,650,650,650,"n = 650",1.63,0.05,"C0"
"ENSG00000176225",101,0.100916789818087,0.0978261516836267,-0.032583422070833,-0.0523397069062091,TRUE,FALSE,650,650,650,"n = 650",1.63,0.05,"Cgamma"
"ENSG00000167543",141,0.153354738375618,0.155443990106457,-0.0523342230164295,-0.070192444949669,FALSE,FALSE,650,650,650,"n = 650",1.63,0.05,"outside"
"ENSG00000112972",259,0.103262439905621,0.107189448835078,-0.0317155559608644,-0.0479114650286085,TRUE,TRUE,650,650,650,"n = 650",1.63,0.05,"C0"
"ENSG00000117751",142,0.127656505391142,0.128358542342131,-0.0424841564575196,-0.0746175364565096,TRUE,FALSE,650,650,650,"n = 650",1.63,0.05,"Cgamma"
"ENSG00000099821",212,0.0946662685688927,0.0949523936892522,-0.0967749935942704,-0.148044302208292,FALSE,FALSE,650,650,650,"n = 650",1.63,0.05,"outside"
"ENSG00000115507",127,0.101362233834013,0.105285714224971,-0.0143795312608999,-0.0209830558111306,TRUE,TRUE,650,650,650,"n = 650",1.63,0.05,"C0"
"ENSG00000169249",216,0.114591705953268,0.119694447444766,-0.013722519592061,-0.0178315430682056,TRUE,TRUE,650,650,650,"n = 650",1.63,0.05,"C0"
"ENSG00000138614",351,0.096702502033954,0.0982897787182254,-0.034489140288198,-0.0536196833060856,TRUE,FALSE,650,650,650,"n = 650",1.63,0.05,"Cgamma"
"ENSG00000126226",145,0.104715397920337,0.107108546641414,-0.0116109640790184,-0.0212978592384385,TRUE,TRUE,650,650,650,"n = 650",1.63,0.05,"C0"
"ENSG00000079819",125,0.0797686117321525,0.0856420294311594,-0.00846956932272879,-0.0174769323879322,TRUE,TRUE,650,650,650,"n = 650",1.63,0.05,"C0"
"ENSG00000010810",146,0.113056708964161,0.112208234604805,-0.0451466140491539,-0.0832653891800505,TRUE,FALSE,650,650,650,"n = 650",1.63,0.05,"Cgamma"
"ENSG00000159086",138,0.0967214883042357,0.0984942048761743,-0.375402154592875,-0.555298359760516,FALSE,FALSE,650,650,650,"n = 650",1.63,0.05,"outside"
"ENSG00000175283",121,0.0701334971846228,0.0732962197708169,-0.0188745486368899,-0.0346927945400239,TRUE,TRUE,650,650,650,"n = 650",1.63,0.05,"C0"
"ENSG00000160783",320,0.191879056086503,0.19291247762768,-0.250889317629964,-0.381312691415216,FALSE,FALSE,650,650,650,"n = 650",1.63,0.05,"outside"
"ENSG00000185591",189,0.104403217255266,0.107359988683139,-0.0156508623825374,-0.0271266173608307,TRUE,TRUE,650,650,650,"n = 650",1.63,0.05,"C0"
"ENSG00000170906",169,0.143423546599896,0.145485694904166,-0.353974005646725,-0.379651134130374,FALSE,FALSE,650,650,650,"n = 650",1.63,0.05,"outside"
"ENSG00000156162",184,0.081075611500148,0.0853258638274672,-0.0300381461643745,-0.0511565039622859,TRUE,FALSE,650,650,650,"n = 650",1.63,0.05,"Cgamma"
"ENSG00000138231",131,0.353339486607053,0.352395773321316,-0.59729401722814,-0.723485926799621,FALSE,FALSE,650,650,650,"n = 650",1.63,0.05,"outside"
"ENSG00000185668",133,0.119868297749782,0.120345966422045,-0.764968849195449,-0.900159206615028,FALSE,FALSE,650,650,650,"n = 650",1.63,0.05,"outside"
"ENSG00000213593",137,0.100560623979364,0.111045749233057,-0.19487513633179,-0.315954705571245,FALSE,FALSE,650,650,650,"n = 650",1.63,0.05,"outside"
"ENSG00000140694",153,0.11263437700767,0.114169901858569,-0.031849837140741,-0.0576090925521129,TRUE,FALSE,650,650,650,"n = 650",1.63,0.05,"Cgamma"
"ENSG00000243725",124,0.0923357321979869,0.0961338541863806,-0.041630290472105,-0.0599270358274253,TRUE,FALSE,650,650,650,"n = 650",1.63,0.05,"Cgamma"
"ENSG00000113312",116,0.37061697186812,0.375939406471602,-0.513241095592057,-0.641574352493386,FALSE,FALSE,650,650,650,"n = 650",1.63,0.05,"outside"
"ENSG00000182220",265,0.0998330546282139,0.102441918299867,-0.0367050765637286,-0.0494186733407817,TRUE,TRUE,650,650,650,"n = 650",1.63,0.05,"C0"
"ENSG00000161654",111,0.129596997435491,0.135274050089715,-0.0417924101428533,-0.0684867734654253,TRUE,FALSE,650,650,650,"n = 650",1.63,0.05,"Cgamma"
"ENSG00000149357",321,0.0874460891856054,0.0891523797838733,-0.00722508937402737,-0.0302409172938218,TRUE,TRUE,650,650,650,"n = 650",1.63,0.05,"C0"
"ENSG00000066136",111,0.128927171330637,0.129237701839419,-0.204933347394492,-0.511978772557335,FALSE,FALSE,650,650,650,"n = 650",1.63,0.05,"outside"
"ENSG00000010292",106,0.109074883232357,0.109103054714918,-0.0734512579244988,-0.0972518545667618,FALSE,FALSE,650,650,650,"n = 650",1.63,0.05,"outside"
"ENSG00000115947",159,0.0866390739879441,0.0880999107872568,-0.000960692393078414,-0.00894653862177176,TRUE,TRUE,650,650,650,"n = 650",1.63,0.05,"C0"
"ENSG00000099991",161,0.108112727641766,0.109576698709996,-0.0118556247091103,-0.039206005694704,TRUE,TRUE,650,650,650,"n = 650",1.63,0.05,"C0"
"ENSG00000166598",138,0.105642219587078,0.109804308512078,-0.0249911233942576,-0.0391387410525338,TRUE,TRUE,650,650,650,"n = 650",1.63,0.05,"C0"
"ENSG00000185651",122,0.0761783486310819,0.0799239078487766,-0.00599113448952889,-0.063948537345569,TRUE,FALSE,650,650,650,"n = 650",1.63,0.05,"Cgamma"
"ENSG00000100462",126,0.206064276891536,0.216205407198695,-0.331747281240786,-0.422427467845239,FALSE,FALSE,650,650,650,"n = 650",1.63,0.05,"outside"
"ENSG00000188994",129,0.104542894078687,0.10551294859356,-0.0352637494944746,-0.0435767951113259,TRUE,TRUE,650,650,650,"n = 650",1.63,0.05,"C0"
"ENSG00000275023",104,0.171804981856864,0.181113573061321,-0.423367695931538,-0.629586904537172,FALSE,FALSE,650,650,650,"n = 650",1.63,0.05,"outside"
"ENSG00000107290",121,0.130749249907346,0.131125931863341,-0.0661399357171644,-0.0908122386572129,FALSE,FALSE,650,650,650,"n = 650",1.63,0.05,"outside"
"ENSG00000172757",139,0.184971616391543,0.281657364009451,-2.20025910754904,-2.2448151235005,FALSE,FALSE,650,650,650,"n = 650",1.63,0.05,"outside"
"ENSG00000004487",178,0.112441187310727,0.116680223675366,-0.037332141928082,-0.0611057388894313,TRUE,FALSE,650,650,650,"n = 650",1.63,0.05,"Cgamma"
"ENSG00000171159",152,0.113927423925364,0.117145816815662,-0.0344462723247392,-0.0488393998335891,TRUE,TRUE,650,650,650,"n = 650",1.63,0.05,"C0"
"ENSG00000170291",101,0.184446352546896,0.191628792708843,-0.230752768133469,-0.294790879487541,FALSE,FALSE,650,650,650,"n = 650",1.63,0.05,"outside"
"ENSG00000204316",256,0.0942615377659335,0.0960518488497189,-0.010489137381366,-0.0260823324381146,TRUE,TRUE,650,650,650,"n = 650",1.63,0.05,"C0"
"ENSG00000172922",129,0.127391484220562,0.130625937183527,-0.0303066398724203,-0.0345618461926246,TRUE,TRUE,650,650,650,"n = 650",1.63,0.05,"C0"
"ENSG00000146457",351,0.136689403445768,0.139087385962553,-0.231911274189515,-0.271905985696275,FALSE,FALSE,650,650,650,"n = 650",1.63,0.05,"outside"
"ENSG00000109920",114,0.0871702462914997,0.087841186945535,-0.196347105905068,-0.340629530878822,FALSE,FALSE,650,650,650,"n = 650",1.63,0.05,"outside"
"ENSG00000185883",220,0.0920842655871186,0.0897109601988043,-0.0306340051765287,-0.0512797804726559,TRUE,FALSE,650,650,650,"n = 650",1.63,0.05,"Cgamma"
"ENSG00000113194",115,0.100883606607223,0.105502815613455,-0.0167824282434666,-0.0288482500218604,TRUE,TRUE,650,650,650,"n = 650",1.63,0.05,"C0"
"ENSG00000153814",226,0.105461348422909,0.106948796172934,-0.0326814008792332,-0.0529353579664265,TRUE,FALSE,650,650,650,"n = 650",1.63,0.05,"Cgamma"
"ENSG00000092020",128,0.0794279613924025,0.0817533484775552,-0.0309667078206028,-0.046995427767753,TRUE,TRUE,650,650,650,"n = 650",1.63,0.05,"C0"
"ENSG00000090905",106,0.241017048699514,0.226732667518073,-0.834428401507765,-1.12861936198264,FALSE,FALSE,650,650,650,"n = 650",1.63,0.05,"outside"
"ENSG00000134014",108,0.341005480702647,0.357407208243311,-0.592643234324972,-0.75391813685423,FALSE,FALSE,650,650,650,"n = 650",1.63,0.05,"outside"
"ENSG00000169750",127,0.427507228192542,0.438313258022299,-4.72802098318632,-5.22171974543163,FALSE,FALSE,650,650,650,"n = 650",1.63,0.05,"outside"
"ENSG00000165898",143,0.0797686420866387,0.0812658894655322,-0.0141451947634427,-0.0484416462310812,TRUE,TRUE,650,650,650,"n = 650",1.63,0.05,"C0"
"ENSG00000116809",282,0.158347048239675,0.162718525653869,-0.065609586626987,-0.0853348815772174,FALSE,FALSE,650,650,650,"n = 650",1.63,0.05,"outside"
"ENSG00000165644",138,0.132624528511798,0.140325199388303,-0.0608178585592655,-0.0873259906853423,FALSE,FALSE,650,650,650,"n = 650",1.63,0.05,"outside"
"ENSG00000112249",118,0.165039626257605,0.165963923240072,-0.558701190759642,-0.688888394754743,FALSE,FALSE,650,650,650,"n = 650",1.63,0.05,"outside"
"ENSG00000174243",168,0.157564168172442,0.152795564779679,-1.62549366865001,-1.8613551254184,FALSE,FALSE,650,650,650,"n = 650",1.63,0.05,"outside"
"ENSG00000250067",237,0.098543881037705,0.10052296143639,-0.029084988695113,-0.037202927525025,TRUE,TRUE,650,650,650,"n = 650",1.63,0.05,"C0"
"ENSG00000168118",176,0.188807444032947,0.189588414413723,-0.154291655185971,-0.18513335775424,FALSE,FALSE,650,650,650,"n = 650",1.63,0.05,"outside"
"ENSG00000152382",138,0.0946831239402094,0.0936351756833809,-0.0643239409208274,-0.117895465578194,FALSE,FALSE,650,650,650,"n = 650",1.63,0.05,"outside"
"ENSG00000063046",380,0.100474455745888,0.102829776117481,-0.034096810920162,-0.066804116676798,TRUE,FALSE,650,650,650,"n = 650",1.63,0.05,"Cgamma"
"ENSG00000130640",154,0.147008702792709,0.153949120431467,-0.416891745544783,-0.623073161136013,FALSE,FALSE,650,650,650,"n = 650",1.63,0.05,"outside"
"ENSG00000101158",111,0.365370764357747,0.361321895889977,-0.332781271868665,-0.375771094739697,FALSE,FALSE,650,650,650,"n = 650",1.63,0.05,"outside"
"ENSG00000189091",146,0.343147359756629,0.343938952102031,-1.41002075550276,-1.71752954475893,FALSE,FALSE,650,650,650,"n = 650",1.63,0.05,"outside"
"ENSG00000110172",142,0.094183405165462,0.096874521744244,-0.0613661646730339,-0.0763074967090647,FALSE,FALSE,650,650,650,"n = 650",1.63,0.05,"outside"
"ENSG00000165819",212,0.0930873513740725,0.0960748020926697,-0.360249215740655,-0.397435019335413,FALSE,FALSE,650,650,650,"n = 650",1.63,0.05,"outside"
"ENSG00000137955",105,0.58222209565098,0.595893371844798,-2.71122591522072,-3.05899118078709,FALSE,FALSE,650,650,650,"n = 650",1.63,0.05,"outside"
"ENSG00000132294",214,0.103921718042232,0.109412735008139,-0.00993198555517099,-0.0153539587186419,TRUE,TRUE,650,650,650,"n = 650",1.63,0.05,"C0"
"ENSG00000132463",122,0.118503072277796,0.116154422239388,-0.0455957277544558,-0.069206580465381,TRUE,FALSE,650,650,650,"n = 650",1.63,0.05,"Cgamma"
"ENSG00000132153",105,0.103336248034181,0.107419093034734,-0.0264813888099946,-0.0371698516878815,TRUE,TRUE,650,650,650,"n = 650",1.63,0.05,"C0"
"ENSG00000071243",133,0.121357071724364,0.124440938403595,-0.065447062139085,-0.0931930618501259,FALSE,FALSE,650,650,650,"n = 650",1.63,0.05,"outside"
"ENSG00000089639",140,0.106824205952087,0.11503961117506,-0.0781024243798409,-0.118054685898644,FALSE,FALSE,650,650,650,"n = 650",1.63,0.05,"outside"
"ENSG00000060688",217,0.0896015609430993,0.092213224231833,-0.00781749336777652,-0.031513986346868,TRUE,TRUE,650,650,650,"n = 650",1.63,0.05,"C0"
"ENSG00000116455",105,0.150196199846266,0.152449169152638,-0.0755294749133672,-0.112544114070286,FALSE,FALSE,650,650,650,"n = 650",1.63,0.05,"outside"
"ENSG00000089159",128,0.103870783413355,0.109948173285447,-0.0407991134507842,-0.070689044559882,TRUE,FALSE,650,650,650,"n = 650",1.63,0.05,"Cgamma"
"ENSG00000134265",224,0.107920599541405,0.111796421170809,-0.0394819490177123,-0.0561460886480667,TRUE,FALSE,650,650,650,"n = 650",1.63,0.05,"Cgamma"
"ENSG00000092203",160,0.141409336917924,0.151972049227635,-0.0676382370551915,-0.0771336545849186,FALSE,FALSE,650,650,650,"n = 650",1.63,0.05,"outside"
"ENSG00000100084",221,0.129223502427018,0.135209540170125,-0.0498201299377629,-0.0664381012436081,TRUE,FALSE,650,650,650,"n = 650",1.63,0.05,"Cgamma"
"ENSG00000137267",149,0.121263781013376,0.121510015172195,-0.043887376330298,-0.0547194300460058,TRUE,FALSE,650,650,650,"n = 650",1.63,0.05,"Cgamma"
"ENSG00000115875",145,0.149892230211408,0.158753766928935,-0.357801981591926,-0.568042519866408,FALSE,FALSE,650,650,650,"n = 650",1.63,0.05,"outside"
"ENSG00000160193",140,0.119285766436461,0.121571065205602,-0.0207343239330396,-0.0347911158558123,TRUE,TRUE,650,650,650,"n = 650",1.63,0.05,"C0"
"ENSG00000196230",249,0.0997050790813378,0.102066920081097,-0.030479534152853,-0.056487378771697,TRUE,FALSE,650,650,650,"n = 650",1.63,0.05,"Cgamma"
"ENSG00000124193",148,0.115918029562627,0.118881031947122,-0.0383844585248353,-0.0775222439460642,TRUE,FALSE,650,650,650,"n = 650",1.63,0.05,"Cgamma"
"ENSG00000145191",114,0.873641143149478,0.884106269163604,-3.32613853972566,-3.69910361174312,FALSE,FALSE,650,650,650,"n = 650",1.63,0.05,"outside"
"ENSG00000129932",118,0.102074765998631,0.105637984825982,-0.0569368470802764,-0.0673027989841886,FALSE,FALSE,650,650,650,"n = 650",1.63,0.05,"outside"
"ENSG00000118420",143,0.138484434466139,0.140337978332945,-0.0600512891066868,-0.108248004749861,FALSE,FALSE,650,650,650,"n = 650",1.63,0.05,"outside"
"ENSG00000204209",111,0.0786928207217756,0.0786331865839271,-0.00585439663135956,-0.0246119779595993,TRUE,TRUE,650,650,650,"n = 650",1.63,0.05,"C0"
"ENSG00000110321",155,0.329874274440426,0.345390286805797,-0.420604220798861,-0.497006003380646,FALSE,FALSE,650,650,650,"n = 650",1.63,0.05,"outside"
"ENSG00000121350",130,0.451410327255061,0.451460447159793,-0.565103006602246,-0.6772181954375,FALSE,FALSE,650,650,650,"n = 650",1.63,0.05,"outside"
"ENSG00000162601",106,0.0994855589330169,0.0989662351687076,-0.0972012758633133,-0.131773820151657,FALSE,FALSE,650,650,650,"n = 650",1.63,0.05,"outside"
"ENSG00000070366",123,0.117217167829244,0.12244426187843,-0.0889691998564907,-0.105563530780254,FALSE,FALSE,650,650,650,"n = 650",1.63,0.05,"outside"
"ENSG00000111300",139,0.131736810235105,0.138499114419284,-0.133526357215386,-0.205044150943186,FALSE,FALSE,650,650,650,"n = 650",1.63,0.05,"outside"
"ENSG00000154229",107,0.149818425234802,0.151403864462083,-0.116629571870429,-0.153362914372789,FALSE,FALSE,650,650,650,"n = 650",1.63,0.05,"outside"
"ENSG00000108423",123,0.123338115129378,0.1264718568882,-0.0347369320670417,-0.0423566444686479,TRUE,TRUE,650,650,650,"n = 650",1.63,0.05,"C0"
"ENSG00000117410",107,0.0850964379165952,0.0902815943284467,-0.063543629144495,-0.11193102467905,FALSE,FALSE,650,650,650,"n = 650",1.63,0.05,"outside"
"ENSG00000139977",134,0.0993104565730025,0.0992190823086142,0.00275230509407287,-0.0211106992906626,TRUE,TRUE,650,650,650,"n = 650",1.63,0.05,"C0"
"ENSG00000185246",183,0.0920205937881837,0.0965746005990907,-0.00406429815158597,-0.011882970274552,TRUE,TRUE,650,650,650,"n = 650",1.63,0.05,"C0"
"ENSG00000164975",120,0.241081442160416,0.226748916279487,-0.621552292813899,-0.768278581851097,FALSE,FALSE,650,650,650,"n = 650",1.63,0.05,"outside"
"ENSG00000241370",124,0.202770847748202,0.202112475599082,-0.258921891047307,-0.390389217035207,FALSE,FALSE,650,650,650,"n = 650",1.63,0.05,"outside"
"ENSG00000105732",154,0.084695651650016,0.0896206072516679,-0.0277412274107432,-0.0725456179065,TRUE,FALSE,650,650,650,"n = 650",1.63,0.05,"Cgamma"
"ENSG00000101972",110,0.160818319584562,0.166488173150348,-0.0617058753839085,-0.0684384558944056,FALSE,FALSE,650,650,650,"n = 650",1.63,0.05,"outside"
"ENSG00000198176",164,0.0815143694972011,0.082331950419767,-0.0036603703657825,-0.0151053895539874,TRUE,TRUE,650,650,650,"n = 650",1.63,0.05,"C0"
"ENSG00000152253",473,0.376965862302993,0.381860610445407,-0.933654211633116,-1.18263565973516,FALSE,FALSE,650,650,650,"n = 650",1.63,0.05,"outside"
"ENSG00000110700",121,0.308660921121761,0.309986149908117,-2.82853457611558,-2.90684961110859,FALSE,FALSE,650,650,650,"n = 650",1.63,0.05,"outside"
"ENSG00000087302",192,0.274771183898189,0.271315999702701,-0.291726823457824,-0.372684922483662,FALSE,FALSE,650,650,650,"n = 650",1.63,0.05,"outside"
"ENSG00000111707",127,0.220980261391255,0.225815386397674,-0.345205908134431,-0.416271747322731,FALSE,FALSE,650,650,650,"n = 650",1.63,0.05,"outside"
"ENSG00000168917",387,0.0986822684020412,0.101936581198853,-0.0186618451605663,-0.0363945476003135,TRUE,TRUE,650,650,650,"n = 650",1.63,0.05,"C0"
"ENSG00000198841",130,0.181570713498102,0.189325126897341,-0.181699464538056,-0.240323879082712,FALSE,FALSE,650,650,650,"n = 650",1.63,0.05,"outside"
"ENSG00000146282",132,0.0872876274397934,0.0894572689578496,-0.0472836340488751,-0.0533511358267079,TRUE,FALSE,650,650,650,"n = 650",1.63,0.05,"Cgamma"
"ENSG00000172613",149,0.0752543549425008,0.0776672095956548,-0.0146791004151745,-0.0234453906588213,TRUE,TRUE,650,650,650,"n = 650",1.63,0.05,"C0"
"ENSG00000187961",117,0.0977712899342277,0.100437021818523,-0.0452586726953662,-0.0666386615019949,TRUE,FALSE,650,650,650,"n = 650",1.63,0.05,"Cgamma"
"ENSG00000105819",145,0.474661587051044,0.484717830173448,-0.88069371634535,-1.07451254452421,FALSE,FALSE,650,650,650,"n = 650",1.63,0.05,"outside"
"ENSG00000164654",130,0.105820887397757,0.103606992430178,-0.0625713018667477,-0.101843412202252,FALSE,FALSE,650,650,650,"n = 650",1.63,0.05,"outside"
"ENSG00000168924",153,0.233345300585064,0.243449019688398,-0.230838405072751,-0.28487349377931,FALSE,FALSE,650,650,650,"n = 650",1.63,0.05,"outside"
"ENSG00000160075",226,0.607278512022767,0.649543347559613,-1.4884772776717,-1.62977136669965,FALSE,FALSE,650,650,650,"n = 650",1.63,0.05,"outside"
"ENSG00000103187",108,0.0927724611399005,0.0986138947555738,-0.0255888898234248,-0.0396370815713685,TRUE,TRUE,650,650,650,"n = 650",1.63,0.05,"C0"
"ENSG00000163754",284,0.119172151511816,0.125809447910986,-0.741287598628138,-0.779445441736359,FALSE,FALSE,650,650,650,"n = 650",1.63,0.05,"outside"
"ENSG00000171453",177,0.118286777385509,0.121026786317369,-0.0428601614003331,-0.0709891213110309,TRUE,FALSE,650,650,650,"n = 650",1.63,0.05,"Cgamma"
"ENSG00000147416",158,0.127099661479611,0.130756261272077,-0.0733961683390208,-0.127518317015375,FALSE,FALSE,650,650,650,"n = 650",1.63,0.05,"outside"
"ENSG00000100949",189,0.324552824573772,0.328849753401645,-1.70100267414795,-2.01669388185481,FALSE,FALSE,650,650,650,"n = 650",1.63,0.05,"outside"
"ENSG00000198356",161,0.104362548784581,0.105515625745837,-0.0472108077025865,-0.0671227823616564,TRUE,FALSE,650,650,650,"n = 650",1.63,0.05,"Cgamma"
"ENSG00000213465",193,0.114126772772378,0.117923106622373,-0.0285797550227931,-0.0356095611157438,TRUE,TRUE,650,650,650,"n = 650",1.63,0.05,"C0"
"ENSG00000241468",223,0.116613953764695,0.122341469131292,-0.0211275893686676,-0.0253986131331867,TRUE,TRUE,650,650,650,"n = 650",1.63,0.05,"C0"
"ENSG00000167578",229,0.0992986172876944,0.100679710930183,-0.011682074008016,-0.0164208102501878,TRUE,TRUE,650,650,650,"n = 650",1.63,0.05,"C0"
"ENSG00000075856",233,0.148900302696863,0.140396516264578,-1.08111557601174,-1.27159380743357,FALSE,FALSE,650,650,650,"n = 650",1.63,0.05,"outside"
"ENSG00000188186",122,0.0831186289450144,0.0856392244913536,-0.0126054463808236,-0.020620490788097,TRUE,TRUE,650,650,650,"n = 650",1.63,0.05,"C0"
"ENSG00000131462",134,0.101646245212351,0.105242282896219,-0.0431539296865039,-0.094309405114798,TRUE,FALSE,650,650,650,"n = 650",1.63,0.05,"Cgamma"
"ENSG00000071553",174,0.113956620903899,0.1147188315129,-0.0379022522036169,-0.0681715259260208,TRUE,FALSE,650,650,650,"n = 650",1.63,0.05,"Cgamma"
"ENSG00000171848",191,0.121144034022926,0.122232986066345,-0.371506864511442,-0.626547794005228,FALSE,FALSE,650,650,650,"n = 650",1.63,0.05,"outside"
"ENSG00000258366",305,0.109723960537865,0.110117318726621,-0.0450826304764219,-0.0732110121338736,TRUE,FALSE,650,650,650,"n = 650",1.63,0.05,"Cgamma"
"ENSG00000170545",170,0.106788367655066,0.10838632145572,-0.0154016682605221,-0.0349739036126238,TRUE,TRUE,650,650,650,"n = 650",1.63,0.05,"C0"
"ENSG00000104859",332,0.0873744757952745,0.0901999190263705,-0.0168690364426423,-0.024094862659425,TRUE,TRUE,650,650,650,"n = 650",1.63,0.05,"C0"
"ENSG00000155115",131,0.147712186782326,0.152502803210412,-0.0463096031473516,-0.0593285973456631,TRUE,FALSE,650,650,650,"n = 650",1.63,0.05,"Cgamma"
"ENSG00000105419",114,0.19794889261011,0.180179011048103,-1.10655291822371,-1.18084317250757,FALSE,FALSE,650,650,650,"n = 650",1.63,0.05,"outside"
"ENSG00000177889",103,0.119475180438515,0.122610300506968,-0.0911659982183898,-0.107409668398556,FALSE,FALSE,650,650,650,"n = 650",1.63,0.05,"outside"
"ENSG00000156990",111,0.0918261265838416,0.0906743272446979,-0.0543139834316995,-0.109569666794982,FALSE,FALSE,650,650,650,"n = 650",1.63,0.05,"outside"
"ENSG00000116580",107,0.143279117606131,0.150333361324063,-0.148285091038924,-0.215401593692405,FALSE,FALSE,650,650,650,"n = 650",1.63,0.05,"outside"
"ENSG00000056097",116,0.122733322220507,0.122514615869296,-0.241482052008251,-0.335916919649151,FALSE,FALSE,650,650,650,"n = 650",1.63,0.05,"outside"
"ENSG00000135040",308,0.104880942486511,0.108755871774207,-0.0173553796865688,-0.0265529900344155,TRUE,TRUE,650,650,650,"n = 650",1.63,0.05,"C0"
"ENSG00000167522",149,0.0832543537580377,0.0881830600274153,-0.0172571234274654,-0.125449575228191,TRUE,FALSE,650,650,650,"n = 650",1.63,0.05,"Cgamma"
"ENSG00000170348",160,0.076826603607801,0.0787597302891546,-0.0380968642892799,-0.0565963773664489,TRUE,FALSE,650,650,650,"n = 650",1.63,0.05,"Cgamma"
"ENSG00000123374",204,0.102498701131591,0.102493635542864,-0.0444213353504218,-0.0658156371121099,TRUE,FALSE,650,650,650,"n = 650",1.63,0.05,"Cgamma"
"ENSG00000276043",103,0.116370775090603,0.119916758907962,-0.0356871300524633,-0.0778566251467864,TRUE,FALSE,650,650,650,"n = 650",1.63,0.05,"Cgamma"
"ENSG00000125971",125,0.176286344377523,0.181853399895162,-0.226312690920619,-0.377978943132959,FALSE,FALSE,650,650,650,"n = 650",1.63,0.05,"outside"
"ENSG00000111667",126,0.0950264484091873,0.102034162788116,-0.284549390879874,-0.498010041427226,FALSE,FALSE,650,650,650,"n = 650",1.63,0.05,"outside"
"ENSG00000163166",106,0.0779289837094849,0.079747790090875,-0.120015692434164,-0.173990054588648,FALSE,FALSE,650,650,650,"n = 650",1.63,0.05,"outside"
"ENSG00000156467",102,0.193520558735607,0.196286615842993,-0.092143522082243,-0.113072482204165,FALSE,FALSE,650,650,650,"n = 650",1.63,0.05,"outside"
"ENSG00000085415",124,0.128328934222322,0.127623678645588,-0.420352606753061,-0.592907622408283,FALSE,FALSE,650,650,650,"n = 650",1.63,0.05,"outside"
"ENSG00000126261",139,0.145457061009715,0.146396189506603,-0.220899177766216,-0.306955955376298,FALSE,FALSE,650,650,650,"n = 650",1.63,0.05,"outside"
"ENSG00000106263",109,0.73900072899528,0.763189246232706,-4.0128084753855,-4.52081206418699,FALSE,FALSE,650,650,650,"n = 650",1.63,0.05,"outside"
"ENSG00000264364",212,0.113649363291941,0.113719661720868,-0.0262078463620256,-0.0399401981261745,TRUE,TRUE,650,650,650,"n = 650",1.63,0.05,"C0"
"ENSG00000257949",127,0.0976032983337698,0.100068885807081,-0.063701666110836,-0.072125408640785,FALSE,FALSE,650,650,650,"n = 650",1.63,0.05,"outside"
"ENSG00000164032",264,0.0941980052563524,0.0950156571654603,-0.0167981140572927,-0.0751680545029961,TRUE,FALSE,650,650,650,"n = 650",1.63,0.05,"Cgamma"
"ENSG00000197136",171,0.0984363356164073,0.100088910632051,-0.0126084235312205,-0.0252763399047578,TRUE,TRUE,650,650,650,"n = 650",1.63,0.05,"C0"
"ENSG00000173757",173,0.128465362333968,0.132198598132258,-0.0210720471433217,-0.0258352998446176,TRUE,TRUE,650,650,650,"n = 650",1.63,0.05,"C0"
"ENSG00000060339",103,0.114637712690179,0.115949514006931,-0.0293954998256136,-0.0583763258714348,TRUE,FALSE,650,650,650,"n = 650",1.63,0.05,"Cgamma"
"ENSG00000127586",118,0.112468967893039,0.114657119462995,-0.0320427005205823,-0.0413207647731506,TRUE,TRUE,650,650,650,"n = 650",1.63,0.05,"C0"
"ENSG00000111711",140,0.174767813016112,0.179360921803628,-0.24172113306219,-0.329387188547694,FALSE,FALSE,650,650,650,"n = 650",1.63,0.05,"outside"
"ENSG00000105568",215,0.112559199781735,0.116841880661774,-0.0699716695865116,-0.142088142535472,FALSE,FALSE,650,650,650,"n = 650",1.63,0.05,"outside"
"ENSG00000162385",113,0.0891596043429803,0.0931903821704775,-0.0417986103059237,-0.0530827272988481,TRUE,FALSE,650,650,650,"n = 650",1.63,0.05,"Cgamma"
"ENSG00000169375",126,0.136460044404758,0.141932936864685,-0.0553910679931296,-0.0830396830156904,FALSE,FALSE,650,650,650,"n = 650",1.63,0.05,"outside"
"ENSG00000107959",130,0.123852933885265,0.131064930155549,-0.0782086197086276,-0.110593623136584,FALSE,FALSE,650,650,650,"n = 650",1.63,0.05,"outside"
"ENSG00000125691",101,0.265749727058423,0.273788477708129,-2.2917029734098,-2.42518884519981,FALSE,FALSE,650,650,650,"n = 650",1.63,0.05,"outside"
"ENSG00000198952",462,0.167675556659639,0.170852222268633,-0.174057893480796,-0.243742072787528,FALSE,FALSE,650,650,650,"n = 650",1.63,0.05,"outside"
"ENSG00000198700",106,0.113307286045669,0.114195458000307,-0.022003478088608,-0.0478525327477211,TRUE,TRUE,650,650,650,"n = 650",1.63,0.05,"C0"
"ENSG00000101138",113,0.133452259682249,0.137460997284139,-0.533460969135046,-0.772786812296071,FALSE,FALSE,650,650,650,"n = 650",1.63,0.05,"outside"
"ENSG00000144736",149,0.163132746502176,0.165547346929728,-0.134662264768343,-0.290513961797018,FALSE,FALSE,650,650,650,"n = 650",1.63,0.05,"outside"
"ENSG00000071655",187,0.0742404453194564,0.0797193015608441,-0.00775304701682187,-0.0215177195284609,TRUE,TRUE,650,650,650,"n = 650",1.63,0.05,"C0"
"ENSG00000058804",109,0.14759710739859,0.147620303091195,-0.11427808937846,-0.141727141906125,FALSE,FALSE,650,650,650,"n = 650",1.63,0.05,"outside"
"ENSG00000162337",104,0.119263140345568,0.12185558727794,-0.0417744890725005,-0.0662699290972674,TRUE,FALSE,650,650,650,"n = 650",1.63,0.05,"Cgamma"
"ENSG00000180198",169,0.1054809327833,0.107441329826187,-0.236062588144215,-0.313191463135572,FALSE,FALSE,650,650,650,"n = 650",1.63,0.05,"outside"
"ENSG00000143742",139,0.148004172964195,0.160442633019052,-0.407125496940336,-0.536203189036533,FALSE,FALSE,650,650,650,"n = 650",1.63,0.05,"outside"
"ENSG00000116698",143,0.102175831403091,0.107536875026465,-0.0488851204880999,-0.0594760021533596,TRUE,FALSE,650,650,650,"n = 650",1.63,0.05,"Cgamma"
"ENSG00000203485",115,0.0993126340220063,0.103035221330654,-0.142297378985089,-0.168645132094254,FALSE,FALSE,650,650,650,"n = 650",1.63,0.05,"outside"
"ENSG00000156970",102,0.149004036583915,0.159946340130649,-0.19213758934599,-0.29253920040886,FALSE,FALSE,650,650,650,"n = 650",1.63,0.05,"outside"
"ENSG00000130856",101,0.144821905140845,0.146356134783041,-0.133571142523863,-0.245091290394703,FALSE,FALSE,650,650,650,"n = 650",1.63,0.05,"outside"
"ENSG00000124486",113,0.175614295272927,0.182851162816377,-0.205800749704868,-0.250764670731978,FALSE,FALSE,650,650,650,"n = 650",1.63,0.05,"outside"
"ENSG00000175054",158,0.174390582101889,0.174424593080399,-0.688581198043612,-0.860528938358135,FALSE,FALSE,650,650,650,"n = 650",1.63,0.05,"outside"
"ENSG00000130165",150,0.104516596268624,0.106680690917264,-0.13761893272683,-0.177518906725108,FALSE,FALSE,650,650,650,"n = 650",1.63,0.05,"outside"
"ENSG00000112237",122,0.0766818939115013,0.0793881922456406,-0.0984805384265227,-0.184303755083267,FALSE,FALSE,650,650,650,"n = 650",1.63,0.05,"outside"
"ENSG00000123416",197,0.0835657707971447,0.0876316869116818,-0.00841860024009158,-0.0197621922297905,TRUE,TRUE,650,650,650,"n = 650",1.63,0.05,"C0"
"ENSG00000144867",181,0.165478050547247,0.169448349309562,-0.222448060440414,-0.310165383530304,FALSE,FALSE,650,650,650,"n = 650",1.63,0.05,"outside"
"ENSG00000089195",114,0.191351255425927,0.19347222325368,-0.135201942131361,-0.17934913223346,FALSE,FALSE,650,650,650,"n = 650",1.63,0.05,"outside"
"ENSG00000160678",112,0.102150995647192,0.104108832510425,-0.057998165159975,-0.103758040600656,FALSE,FALSE,650,650,650,"n = 650",1.63,0.05,"outside"
"ENSG00000174437",135,0.311444915728759,0.333164065730104,-0.535093149613057,-0.673851151232248,FALSE,FALSE,650,650,650,"n = 650",1.63,0.05,"outside"
"ENSG00000111581",138,0.175041462810886,0.173539926458838,-1.09321747981059,-1.37622290326586,FALSE,FALSE,650,650,650,"n = 650",1.63,0.05,"outside"
"ENSG00000170322",148,0.0952987990213516,0.0940535610800874,-0.0203220469155706,-0.0446371415868904,TRUE,TRUE,650,650,650,"n = 650",1.63,0.05,"C0"
"ENSG00000155827",147,0.181501789998284,0.182732005198481,-0.211665912263207,-0.349510269064669,FALSE,FALSE,650,650,650,"n = 650",1.63,0.05,"outside"
"ENSG00000188529",111,0.163469390235508,0.167262753270269,-0.0811759733987938,-0.0948330067206895,FALSE,FALSE,650,650,650,"n = 650",1.63,0.05,"outside"
"ENSG00000162396",292,0.109657855750026,0.115648907512518,-0.0189074106921704,-0.0219122197390758,TRUE,TRUE,650,650,650,"n = 650",1.63,0.05,"C0"
"ENSG00000276234",117,0.0835580685682559,0.0856867166135732,-0.510548656114573,-0.551882467985849,FALSE,FALSE,650,650,650,"n = 650",1.63,0.05,"outside"
"ENSG00000029364",115,0.0955020046624745,0.102182951261131,-0.0445305957081602,-0.0534164401817824,TRUE,FALSE,650,650,650,"n = 650",1.63,0.05,"Cgamma"
"ENSG00000147604",116,0.41881800375905,0.375549977798969,-3.06114957161782,-3.14889505930143,FALSE,FALSE,650,650,650,"n = 650",1.63,0.05,"outside"
"ENSG00000175550",139,0.10304697467526,0.10284514598544,-0.139123619404491,-0.195263647380543,FALSE,FALSE,650,650,650,"n = 650",1.63,0.05,"outside"
"ENSG00000255529",172,0.0863239549957618,0.086713213803409,-0.178714259006218,-0.254697054165974,FALSE,FALSE,650,650,650,"n = 650",1.63,0.05,"outside"
"ENSG00000164815",112,0.0681767094213199,0.0694861290890404,-0.0493986738361139,-0.0743366008242336,TRUE,FALSE,650,650,650,"n = 650",1.63,0.05,"Cgamma"
"ENSG00000099956",103,0.104658175619697,0.108517338006239,-0.0576580728476994,-0.0862266345817477,FALSE,FALSE,650,650,650,"n = 650",1.63,0.05,"outside"
"ENSG00000168538",230,0.337189563738027,0.336460080645028,-2.75128727366313,-3.17258373981529,FALSE,FALSE,650,650,650,"n = 650",1.63,0.05,"outside"
"ENSG00000082068",132,0.307808298399027,0.300189914984233,-0.509997475562691,-0.640146882303124,FALSE,FALSE,650,650,650,"n = 650",1.63,0.05,"outside"
"ENSG00000138785",134,0.0679417870978336,0.0702721716616409,-0.0259987926796642,-0.0660428114021973,TRUE,FALSE,650,650,650,"n = 650",1.63,0.05,"Cgamma"
"ENSG00000058063",121,0.119321758619504,0.118526300371322,-0.249460560120894,-0.413685987390842,FALSE,FALSE,650,650,650,"n = 650",1.63,0.05,"outside"
"ENSG00000102144",110,0.0964786992388101,0.0992695401067271,-0.0485526985152169,-0.076018384081069,TRUE,FALSE,650,650,650,"n = 650",1.63,0.05,"Cgamma"
"ENSG00000108518",122,0.114692909077154,0.118385847260888,-1.43917142508896,-1.48379631342989,FALSE,FALSE,650,650,650,"n = 650",1.63,0.05,"outside"
"ENSG00000144034",126,0.650840584536548,0.632955772019623,-1.23888385926503,-1.31720201684015,FALSE,FALSE,650,650,650,"n = 650",1.63,0.05,"outside"
"ENSG00000181029",101,0.309816107575078,0.306034750571662,-2.47981358460462,-2.90116316885114,FALSE,FALSE,650,650,650,"n = 650",1.63,0.05,"outside"
"ENSG00000119718",147,0.795214321016665,0.797906022997037,-2.62726429562528,-2.98621962463172,FALSE,FALSE,650,650,650,"n = 650",1.63,0.05,"outside"
"ENSG00000099800",117,0.205013068618033,0.204143292706215,-0.166403505319989,-0.220713253620926,FALSE,FALSE,650,650,650,"n = 650",1.63,0.05,"outside"
"ENSG00000123485",116,0.105370059381413,0.107400751017119,-0.0338333648635456,-0.0748482333990901,TRUE,FALSE,650,650,650,"n = 650",1.63,0.05,"Cgamma"
"ENSG00000065526",104,0.0660136171633035,0.0675565666481974,-0.035569771552388,-0.0427323634548782,TRUE,TRUE,650,650,650,"n = 650",1.63,0.05,"C0"
"ENSG00000143379",121,0.119984754837201,0.121777474003939,-0.0538030061413412,-0.0770289732387929,FALSE,FALSE,650,650,650,"n = 650",1.63,0.05,"outside"
"ENSG00000100216",103,0.259346726064599,0.262203511445698,-0.363737585787934,-0.465794810704621,FALSE,FALSE,650,650,650,"n = 650",1.63,0.05,"outside"
"ENSG00000144559",115,0.195857520191223,0.201042187405559,-0.171197603859716,-0.222619636074662,FALSE,FALSE,650,650,650,"n = 650",1.63,0.05,"outside"
"ENSG00000054118",119,0.103557440628292,0.105779223967631,-0.0263216861674327,-0.0357676004186516,TRUE,TRUE,650,650,650,"n = 650",1.63,0.05,"C0"
"ENSG00000172339",111,0.205397675676635,0.216920526563634,-0.199421640597432,-0.258952880739225,FALSE,FALSE,650,650,650,"n = 650",1.63,0.05,"outside"
"ENSG00000213397",117,0.0784143990046921,0.083153043630555,-0.0153586279161409,-0.0201210284731098,TRUE,TRUE,650,650,650,"n = 650",1.63,0.05,"C0"
"ENSG00000075089",103,0.172510835010466,0.17093081746443,-0.187103263688793,-0.275009818178629,FALSE,FALSE,650,650,650,"n = 650",1.63,0.05,"outside"
"ENSG00000014164",102,0.132251884865061,0.135392016348655,-0.0290072299999417,-0.0462505062901937,TRUE,TRUE,650,650,650,"n = 650",1.63,0.05,"C0"
"ENSG00000198258",120,0.2856336606688,0.278125249488301,-0.999193437272169,-1.24994861543719,FALSE,FALSE,650,650,650,"n = 650",1.63,0.05,"outside"
"ENSG00000132912",110,0.136307778902555,0.135752191867206,-0.633447909947164,-0.973054212953542,FALSE,FALSE,650,650,650,"n = 650",1.63,0.05,"outside"
"ENSG00000232838",154,0.103655848045526,0.108283136912554,-0.61742689710249,-0.652874455803816,FALSE,FALSE,650,650,650,"n = 650",1.63,0.05,"outside"
"ENSG00000166260",114,0.117693946955811,0.120824795481682,-0.203253674247673,-0.270666255564332,FALSE,FALSE,650,650,650,"n = 650",1.63,0.05,"outside"
"ENSG00000130816",102,0.16349552041021,0.158605672406132,-0.0932891472984671,-0.113216743584972,FALSE,FALSE,650,650,650,"n = 650",1.63,0.05,"outside"
"ENSG00000165458",108,0.093489676156335,0.0997531325741326,-0.0574093366346983,-0.0975447201208401,FALSE,FALSE,650,650,650,"n = 650",1.63,0.05,"outside"
"ENSG00000171314",114,0.0787376785145047,0.0804024079394603,-0.0576122060798862,-0.113566245909574,FALSE,FALSE,650,650,650,"n = 650",1.63,0.05,"outside"
"ENSG00000110851",107,0.0768025118004382,0.076076252319201,0.0048213253407869,-0.00127247556291964,TRUE,TRUE,650,650,650,"n = 650",1.63,0.05,"C0"
"ENSG00000148308",103,0.143882306749716,0.148943668528254,-0.0572142830732266,-0.0776497846031378,FALSE,FALSE,650,650,650,"n = 650",1.63,0.05,"outside"
"ENSG00000080603",110,0.12058268944954,0.121590760031274,-0.0499527075674465,-0.0550314073304787,TRUE,FALSE,500,500,500,"n = 500",0.38,0.05,"Cgamma"
"ENSG00000103226",115,0.119498664152348,0.121239025886351,-0.0435252737916769,-0.0577392663982234,TRUE,FALSE,500,500,500,"n = 500",0.38,0.05,"Cgamma"
"ENSG00000069329",118,0.0998962678876862,0.100040344856955,-0.207591181533471,-0.289735456905133,FALSE,FALSE,500,500,500,"n = 500",0.38,0.05,"outside"
"ENSG00000168827",1669,0.110695953035415,0.111838244209108,-0.0201819591178211,-0.0215240164146308,TRUE,TRUE,500,500,500,"n = 500",0.38,0.05,"C0"
"ENSG00000132522",122,0.0942669726277623,0.0954798558782692,-0.0435911145706028,-0.0544342843539402,TRUE,FALSE,500,500,500,"n = 500",0.38,0.05,"Cgamma"
"ENSG00000037637",876,0.10511387390955,0.105084761164449,-0.0160820379820735,-0.0213302188222571,TRUE,TRUE,500,500,500,"n = 500",0.38,0.05,"C0"
"ENSG00000247077",173,0.14549221893528,0.147449977399067,-0.0734687902684379,-0.0754312249432932,FALSE,FALSE,500,500,500,"n = 500",0.38,0.05,"outside"
"ENSG00000108064",3458,0.100276875502238,0.10104354242298,-0.00862738518629052,-0.018192324004963,TRUE,TRUE,500,500,500,"n = 500",0.38,0.05,"C0"
"ENSG00000108091",1051,0.10303645267976,0.103277144871033,-0.0335947983784958,-0.0395769795287024,TRUE,TRUE,500,500,500,"n = 500",0.38,0.05,"C0"
"ENSG00000179988",262,0.100841882083218,0.101221763012673,-0.0563092189296876,-0.0679052049198177,FALSE,FALSE,500,500,500,"n = 500",0.38,0.05,"outside"
"ENSG00000072756",347,0.461371597760008,0.460692667625033,-0.898902490086397,-0.97137936281008,FALSE,FALSE,500,500,500,"n = 500",0.38,0.05,"outside"
"ENSG00000162004",492,0.0925074808640185,0.0927663278924484,-0.018178936114983,-0.0230594209324654,TRUE,TRUE,500,500,500,"n = 500",0.38,0.05,"C0"
"ENSG00000164615",155,0.118516646010254,0.11860199525625,-0.050521437843995,-0.0553062402115096,FALSE,FALSE,500,500,500,"n = 500",0.38,0.05,"outside"
"ENSG00000125037",103,0.0880439577729889,0.0891291067035007,-0.0470473558154996,-0.0524363192937037,TRUE,FALSE,500,500,500,"n = 500",0.38,0.05,"Cgamma"
"ENSG00000137100",144,0.101449442081717,0.101560558788628,-0.287691359296814,-0.353683469742413,FALSE,FALSE,500,500,500,"n = 500",0.38,0.05,"outside"
"ENSG00000123200",102,0.189571935124181,0.191571571759821,-0.899717780841115,-0.924443474839866,FALSE,FALSE,500,500,500,"n = 500",0.38,0.05,"outside"
"ENSG00000136273",222,0.0860299245667722,0.0868176217685559,-0.0219847603085594,-0.0254480487812821,TRUE,TRUE,500,500,500,"n = 500",0.38,0.05,"C0"
"ENSG00000112130",209,0.104390977720606,0.104754536598756,-0.0268334501310138,-0.0308568351314053,TRUE,TRUE,500,500,500,"n = 500",0.38,0.05,"C0"
"ENSG00000109670",197,0.0921931843625701,0.0935166672850108,-0.0342250663903979,-0.0411296794519431,TRUE,TRUE,500,500,500,"n = 500",0.38,0.05,"C0"
"ENSG00000177885",112,0.0869708915306891,0.0879992476615902,-0.0326095665539354,-0.0362433860789474,TRUE,TRUE,500,500,500,"n = 500",0.38,0.05,"C0"
"ENSG00000110203",219,0.100986560213164,0.101054431061696,-0.0226592063592475,-0.0255354365481636,TRUE,TRUE,500,500,500,"n = 500",0.38,0.05,"C0"
"ENSG00000119414",1539,0.0998415685949817,0.100402677523027,-0.022182528301049,-0.0377508742353823,TRUE,TRUE,500,500,500,"n = 500",0.38,0.05,"C0"
"ENSG00000197912",115,0.0914708396539799,0.0923897722653063,-0.0119943353288001,-0.015933584766659,TRUE,TRUE,500,500,500,"n = 500",0.38,0.05,"C0"
"ENSG00000105281",1877,0.0883785684269877,0.0890247985314298,-0.00515396290303321,-0.00687371403843955,TRUE,TRUE,500,500,500,"n = 500",0.38,0.05,"C0"
"ENSG00000108312",132,0.0925815331725185,0.0937126953699378,-0.0203999219535397,-0.0232525831783235,TRUE,TRUE,500,500,500,"n = 500",0.38,0.05,"C0"
"ENSG00000171862",187,0.080754872273074,0.0809994594065807,-0.00535061645802646,-0.00880734329683697,TRUE,TRUE,500,500,500,"n = 500",0.38,0.05,"C0"
"ENSG00000268043",1159,0.0941144533264618,0.0944255501046952,-0.16365940911343,-0.172167392817501,FALSE,FALSE,500,500,500,"n = 500",0.38,0.05,"outside"
"ENSG00000072506",809,0.0964735345873047,0.0972596064989549,-0.0143572979930837,-0.0245971385117702,TRUE,TRUE,500,500,500,"n = 500",0.38,0.05,"C0"
"ENSG00000180817",128,0.110469725948954,0.11010911493546,-0.0621529960974499,-0.0893972398146452,FALSE,FALSE,500,500,500,"n = 500",0.38,0.05,"outside"
"ENSG00000106682",148,0.104491560132632,0.104963857243924,-0.0381887185939456,-0.0405412900985332,TRUE,TRUE,500,500,500,"n = 500",0.38,0.05,"C0"
"ENSG00000146007",192,0.107143997415708,0.10711361994894,-1.1084072635946,-1.17690779438611,FALSE,FALSE,500,500,500,"n = 500",0.38,0.05,"outside"
"ENSG00000113141",191,0.166036930266549,0.166188973789109,-2.00307390526994,-2.07202512244374,FALSE,FALSE,500,500,500,"n = 500",0.38,0.05,"outside"
"ENSG00000176108",104,0.177277441859382,0.178076558909013,-0.67492497382535,-0.725180712353089,FALSE,FALSE,500,500,500,"n = 500",0.38,0.05,"outside"
"ENSG00000171421",1565,0.10178256377208,0.102576999982645,-0.0059534515327991,-0.00639305903731368,TRUE,TRUE,500,500,500,"n = 500",0.38,0.05,"C0"
"ENSG00000250312",400,0.0938378848984122,0.0945896523888427,-0.00899813229254692,-0.00973251738139687,TRUE,TRUE,500,500,500,"n = 500",0.38,0.05,"C0"
"ENSG00000215712",597,0.122235406067391,0.123134625270242,-0.0468466737891199,-0.0498581667118314,TRUE,TRUE,500,500,500,"n = 500",0.38,0.05,"C0"
"ENSG00000168906",152,0.137697478164307,0.13759143912378,-0.0716142113917106,-0.0826322496825865,FALSE,FALSE,500,500,500,"n = 500",0.38,0.05,"outside"
"ENSG00000112118",179,0.156435555244869,0.157313148251591,-0.50116083989061,-0.586139626892468,FALSE,FALSE,500,500,500,"n = 500",0.38,0.05,"outside"
"ENSG00000169727",226,0.119812413493131,0.117840553702122,-0.72540382109957,-0.80442428230146,FALSE,FALSE,500,500,500,"n = 500",0.38,0.05,"outside"
"ENSG00000135363",268,0.114485210125398,0.115587533276498,-0.0247883402975754,-0.0264400640339924,TRUE,TRUE,500,500,500,"n = 500",0.38,0.05,"C0"
"ENSG00000090006",107,0.104704884614416,0.104537766073179,-0.247236876571302,-0.265361009861008,FALSE,FALSE,500,500,500,"n = 500",0.38,0.05,"outside"
"ENSG00000120948",1603,0.0957859131613165,0.0964809946028647,-0.17983381091001,-0.190416206706823,FALSE,FALSE,500,500,500,"n = 500",0.38,0.05,"outside"
"ENSG00000129128",128,0.14407332145653,0.146249950521227,-0.132352578961019,-0.141571036730251,FALSE,FALSE,500,500,500,"n = 500",0.38,0.05,"outside"
"ENSG00000035141",504,0.110098732672726,0.110679252686916,-0.0290264227372457,-0.0339523970871317,TRUE,TRUE,500,500,500,"n = 500",0.38,0.05,"C0"
"ENSG00000070495",183,0.108950159707369,0.109887401071887,-0.0324630966985174,-0.0384943177235793,TRUE,TRUE,500,500,500,"n = 500",0.38,0.05,"C0"
"ENSG00000144401",105,0.0878757632298797,0.0879608996508592,-0.0749438973222148,-0.0956254354395918,FALSE,FALSE,500,500,500,"n = 500",0.38,0.05,"outside"
"ENSG00000141098",123,0.147494000444134,0.149092525875125,-0.223012466381554,-0.286070631296218,FALSE,FALSE,500,500,500,"n = 500",0.38,0.05,"outside"
"ENSG00000167721",145,0.130426040442346,0.131944263699771,-0.254890494703441,-0.296819252705913,FALSE,FALSE,500,500,500,"n = 500",0.38,0.05,"outside"
"ENSG00000101057",877,0.100608318506906,0.100724838340819,-0.0126107767942881,-0.0152955629267778,TRUE,TRUE,500,500,500,"n = 500",0.38,0.05,"C0"
"ENSG00000197734",292,0.541713843379067,0.52477618585936,-2.01632069333462,-2.09913162781193,FALSE,FALSE,500,500,500,"n = 500",0.38,0.05,"outside"
"ENSG00000132313",1452,0.0936206170953613,0.0945066885292939,-0.00454502729166743,-0.00503646219605184,TRUE,TRUE,500,500,500,"n = 500",0.38,0.05,"C0"
"ENSG00000171552",373,0.088211594576549,0.0887362061572797,-0.0140750986192933,-0.0151342124473718,TRUE,TRUE,500,500,500,"n = 500",0.38,0.05,"C0"
"ENSG00000130725",233,0.0801417420817776,0.0805816983451904,-0.00704168263029908,-0.00994532371389094,TRUE,TRUE,500,500,500,"n = 500",0.38,0.05,"C0"
"ENSG00000139697",156,0.116587895920123,0.116752804866973,-0.281891947720347,-0.291390830014207,FALSE,FALSE,500,500,500,"n = 500",0.38,0.05,"outside"
"ENSG00000119203",173,0.185355485287263,0.185885766807088,-0.658143062838581,-0.712701794043177,FALSE,FALSE,500,500,500,"n = 500",0.38,0.05,"outside"
"ENSG00000104897",136,0.25048966234029,0.253296848400499,-0.417397949938818,-0.456294967753381,FALSE,FALSE,500,500,500,"n = 500",0.38,0.05,"outside"
"ENSG00000146576",378,0.117365250120576,0.118133994446775,-0.0348452666344491,-0.0396572716959053,TRUE,TRUE,500,500,500,"n = 500",0.38,0.05,"C0"
"ENSG00000182149",182,0.0959061666512363,0.096506621455963,-0.0192529406117768,-0.022995613537865,TRUE,TRUE,500,500,500,"n = 500",0.38,0.05,"C0"
"ENSG00000115364",108,0.0870307757652144,0.0872551556614601,-0.0426004536650343,-0.0465992878692746,TRUE,TRUE,500,500,500,"n = 500",0.38,0.05,"C0"
"ENSG00000131475",101,0.121511001398954,0.120570832022559,-0.0512018741968384,-0.066583577979952,FALSE,FALSE,500,500,500,"n = 500",0.38,0.05,"outside"
"ENSG00000072849",140,0.538718612858786,0.549352754540159,-2.56507237152469,-2.65276733562298,FALSE,FALSE,500,500,500,"n = 500",0.38,0.05,"outside"
"ENSG00000205571",424,0.344144642985289,0.343128149106897,-1.86618230949293,-1.94635816083,FALSE,FALSE,500,500,500,"n = 500",0.38,0.05,"outside"
"ENSG00000134153",134,0.0829799830167862,0.0835007108564612,-0.0630926757628612,-0.0676324080131563,FALSE,FALSE,500,500,500,"n = 500",0.38,0.05,"outside"
"ENSG00000100890",151,0.0757876749093999,0.076327875293534,-0.00945782752865194,-0.0125787828449257,TRUE,TRUE,500,500,500,"n = 500",0.38,0.05,"C0"
"ENSG00000115216",149,0.101895556570139,0.102510807666665,-0.0468701317080474,-0.0566691732300855,TRUE,FALSE,500,500,500,"n = 500",0.38,0.05,"Cgamma"
"ENSG00000100129",114,0.42575309783194,0.432162445125271,-0.425704054661178,-0.443037783777353,FALSE,FALSE,500,500,500,"n = 500",0.38,0.05,"outside"
"ENSG00000136888",124,0.112868075966146,0.113024397051782,-0.0495390519669111,-0.0612585614100294,TRUE,FALSE,500,500,500,"n = 500",0.38,0.05,"Cgamma"
"ENSG00000184058",306,0.0903571417408526,0.0913032568058594,-0.0366014185833753,-0.0402293771469879,TRUE,TRUE,500,500,500,"n = 500",0.38,0.05,"C0"
"ENSG00000204469",147,0.0863213717429073,0.0877049215546386,-0.0596940962511604,-0.0663491050871439,FALSE,FALSE,500,500,500,"n = 500",0.38,0.05,"outside"
"ENSG00000015676",129,0.173348861475307,0.174832792041273,-0.721078323173781,-0.814286770569711,FALSE,FALSE,500,500,500,"n = 500",0.38,0.05,"outside"
"ENSG00000174780",140,0.515851605718776,0.524417790888909,-2.67881734401731,-2.76064821641268,FALSE,FALSE,500,500,500,"n = 500",0.38,0.05,"outside"
"ENSG00000101166",127,0.409647401087447,0.411447431277791,-0.960512394265895,-1.02669784525597,FALSE,FALSE,500,500,500,"n = 500",0.38,0.05,"outside"
"ENSG00000130312",159,0.130348270860246,0.129974909876808,-0.42625701347759,-0.480144582586913,FALSE,FALSE,500,500,500,"n = 500",0.38,0.05,"outside"
"ENSG00000006715",246,0.0818781780580037,0.0827686448574218,-0.00218851177638633,-0.00463604551058708,TRUE,TRUE,500,500,500,"n = 500",0.38,0.05,"C0"
"ENSG00000148396",210,0.0958559451539142,0.0971365530260081,-0.0597600753755376,-0.0665306725479592,FALSE,FALSE,500,500,500,"n = 500",0.38,0.05,"outside"
"ENSG00000140943",184,0.102020437024327,0.102945854372118,-0.0222531938794259,-0.0252116904331601,TRUE,TRUE,500,500,500,"n = 500",0.38,0.05,"C0"
"ENSG00000103363",128,0.133835015001434,0.133975250836743,-0.507526271944481,-0.528174568187106,FALSE,FALSE,500,500,500,"n = 500",0.38,0.05,"outside"
"ENSG00000108963",239,0.107504243452346,0.108186987942143,-0.0363041672695892,-0.0425229568340345,TRUE,TRUE,500,500,500,"n = 500",0.38,0.05,"C0"
"ENSG00000261236",108,0.122973712041123,0.122707011304118,-0.0757583324647215,-0.0876917979883734,FALSE,FALSE,500,500,500,"n = 500",0.38,0.05,"outside"
"ENSG00000070785",103,0.880323746538194,0.88318978836314,-3.66222062889115,-3.75901876913805,FALSE,FALSE,500,500,500,"n = 500",0.38,0.05,"outside"
"ENSG00000084463",109,0.163456617228414,0.162077434841862,-0.370201729502171,-0.424912392858414,FALSE,FALSE,500,500,500,"n = 500",0.38,0.05,"outside"
"ENSG00000197111",202,0.114996850398401,0.113775117552941,-0.0943797286533221,-0.120828573378444,FALSE,FALSE,500,500,500,"n = 500",0.38,0.05,"outside"
"ENSG00000104866",347,0.16008601716301,0.161641879817985,-0.237958366324336,-0.259408895331177,FALSE,FALSE,500,500,500,"n = 500",0.38,0.05,"outside"
"ENSG00000064102",288,0.0934280201634963,0.0940756130063604,-0.0308667312141429,-0.0368512622032143,TRUE,TRUE,500,500,500,"n = 500",0.38,0.05,"C0"
"ENSG00000124789",107,0.266665499541962,0.268323685551775,-0.487365642859515,-0.552853987215241,FALSE,FALSE,500,500,500,"n = 500",0.38,0.05,"outside"
"ENSG00000119777",687,0.101171135143349,0.102007106602776,-0.0350699623222798,-0.0410550483222807,TRUE,TRUE,500,500,500,"n = 500",0.38,0.05,"C0"
"ENSG00000050820",593,0.106615157376454,0.10726888847452,-0.0160791758704697,-0.0177338531165251,TRUE,TRUE,500,500,500,"n = 500",0.38,0.05,"C0"
"ENSG00000142731",174,0.131896294141527,0.133256642004514,-0.860423847763042,-0.951957901290381,FALSE,FALSE,500,500,500,"n = 500",0.38,0.05,"outside"
"ENSG00000108559",111,0.124720075510118,0.124306053496872,-0.539298352500389,-0.611571848020695,FALSE,FALSE,500,500,500,"n = 500",0.38,0.05,"outside"
"ENSG00000182872",128,0.340783611598125,0.342874740008249,-1.09460814286601,-1.17985204145662,FALSE,FALSE,500,500,500,"n = 500",0.38,0.05,"outside"
"ENSG00000111642",109,0.14236547803752,0.144886483053461,-0.0906973182710715,-0.152651582489291,FALSE,FALSE,500,500,500,"n = 500",0.38,0.05,"outside"
"ENSG00000126088",239,0.136299828367151,0.134914781480616,-0.129592260595679,-0.140796490580052,FALSE,FALSE,500,500,500,"n = 500",0.38,0.05,"outside"
"ENSG00000143952",230,0.10319065966824,0.103400527345221,-0.0510957485374977,-0.0552877682786777,FALSE,FALSE,500,500,500,"n = 500",0.38,0.05,"outside"
"ENSG00000099949",207,0.0937380366972733,0.093936757283874,-0.0999207878963396,-0.113791434745515,FALSE,FALSE,500,500,500,"n = 500",0.38,0.05,"outside"
"ENSG00000064995",113,0.117003089974052,0.116531842945096,-0.545719750036492,-0.551079534249311,FALSE,FALSE,500,500,500,"n = 500",0.38,0.05,"outside"
"ENSG00000197265",265,0.268119651917675,0.273464850203734,-0.931010510082547,-0.988741615771489,FALSE,FALSE,500,500,500,"n = 500",0.38,0.05,"outside"
"ENSG00000183479",384,0.11216417526319,0.112539944836401,-0.104968735784223,-0.14975224487904,FALSE,FALSE,500,500,500,"n = 500",0.38,0.05,"outside"
"ENSG00000149016",222,0.114802764992737,0.115509306595602,-0.184995908023322,-0.213477412014073,FALSE,FALSE,500,500,500,"n = 500",0.38,0.05,"outside"
"ENSG00000104835",108,0.0962698671222073,0.0970672900252732,-0.0581245186321491,-0.0657402904213581,FALSE,FALSE,500,500,500,"n = 500",0.38,0.05,"outside"
"ENSG00000137845",358,0.103973507751087,0.104230813212423,-0.114864235926662,-0.135295701383219,FALSE,FALSE,500,500,500,"n = 500",0.38,0.05,"outside"
"ENSG00000102710",179,0.111191747662164,0.113307802421411,-0.161654603357385,-0.181091640881033,FALSE,FALSE,500,500,500,"n = 500",0.38,0.05,"outside"
"ENSG00000108349",168,0.114170231965321,0.114118447234924,-0.0265102201017016,-0.0308530512451343,TRUE,TRUE,500,500,500,"n = 500",0.38,0.05,"C0"
"ENSG00000134809",108,0.141280543497422,0.142440906755882,-0.424106883285032,-0.475471778327186,FALSE,FALSE,500,500,500,"n = 500",0.38,0.05,"outside"
"ENSG00000175792",103,0.354631899173336,0.346359611935664,-2.76631928202002,-2.83352891809784,FALSE,FALSE,500,500,500,"n = 500",0.38,0.05,"outside"
"ENSG00000204152",343,0.820345547254803,0.822169342050466,-2.00560079453911,-2.09102480385678,FALSE,FALSE,500,500,500,"n = 500",0.38,0.05,"outside"
"ENSG00000116774",135,0.0771286854512733,0.0783109859038238,-0.0210370900815777,-0.0219915258397097,TRUE,TRUE,500,500,500,"n = 500",0.38,0.05,"C0"
"ENSG00000105258",143,0.317521999946299,0.312630575533373,-1.38956729023882,-1.45094247369392,FALSE,FALSE,500,500,500,"n = 500",0.38,0.05,"outside"
"ENSG00000092036",153,0.0984689829539337,0.0990546398378206,-0.511144872333595,-0.583449574942983,FALSE,FALSE,500,500,500,"n = 500",0.38,0.05,"outside"
"ENSG00000126698",138,0.10780919761183,0.107719372368854,-0.100379238615525,-0.108127512164081,FALSE,FALSE,500,500,500,"n = 500",0.38,0.05,"outside"
"ENSG00000069248",106,0.260283375152478,0.260208341245054,-0.773916442829689,-0.850583576905878,FALSE,FALSE,500,500,500,"n = 500",0.38,0.05,"outside"
"ENSG00000108654",197,0.0908910562607366,0.0917553064393124,-0.0425544309535668,-0.0450370169831491,TRUE,TRUE,500,500,500,"n = 500",0.38,0.05,"C0"
"ENSG00000205609",337,0.719407364074531,0.712818089466473,-2.9921789798421,-3.11429114223829,FALSE,FALSE,500,500,500,"n = 500",0.38,0.05,"outside"
"ENSG00000213523",161,0.0999890801516746,0.100263282804005,-0.0904052632691855,-0.108219629335812,FALSE,FALSE,500,500,500,"n = 500",0.38,0.05,"outside"
"ENSG00000178773",184,0.0869993542123249,0.0873981880815973,-0.0361785129094407,-0.0402999252778737,TRUE,TRUE,500,500,500,"n = 500",0.38,0.05,"C0"
"ENSG00000100201",154,0.109997045657327,0.110256045415032,-0.089210832374826,-0.0947718713591523,FALSE,FALSE,500,500,500,"n = 500",0.38,0.05,"outside"
"ENSG00000182446",182,0.537519784280639,0.549389686644041,-1.79592133066737,-1.85454287258537,FALSE,FALSE,500,500,500,"n = 500",0.38,0.05,"outside"
"ENSG00000079999",163,0.10780488992596,0.108151287405604,-0.0242735540339307,-0.0309652353718766,TRUE,TRUE,500,500,500,"n = 500",0.38,0.05,"C0"
"ENSG00000147050",213,0.0937977678007838,0.0941522956441005,-0.0116747015958506,-0.0144789824272515,TRUE,TRUE,500,500,500,"n = 500",0.38,0.05,"C0"
"ENSG00000242485",104,0.106571056225589,0.107302027619926,-0.0347785365097565,-0.0389584873498404,TRUE,TRUE,500,500,500,"n = 500",0.38,0.05,"C0"
"ENSG00000161203",202,0.119353040631391,0.120011163487217,-0.0701298372098911,-0.0814363554664067,FALSE,FALSE,500,500,500,"n = 500",0.38,0.05,"outside"
"ENSG00000124571",162,0.10272470172507,0.102218449924573,-0.0308580580353027,-0.036845012090812,TRUE,TRUE,500,500,500,"n = 500",0.38,0.05,"C0"
"ENSG00000151461",104,0.131816782232605,0.135775493319408,-0.19120365566838,-0.197390094498592,FALSE,FALSE,500,500,500,"n = 500",0.38,0.05,"outside"
"ENSG00000203760",130,0.123461539629855,0.12275565107503,-0.042521648100229,-0.053845211320238,TRUE,FALSE,500,500,500,"n = 500",0.38,0.05,"Cgamma"
"ENSG00000204371",171,0.133931649339936,0.134868736216522,-0.274121722471143,-0.335833467364242,FALSE,FALSE,500,500,500,"n = 500",0.38,0.05,"outside"
"ENSG00000090061",273,0.101627346693236,0.101640335182775,-0.0174922989471903,-0.024824817523389,TRUE,TRUE,500,500,500,"n = 500",0.38,0.05,"C0"
"ENSG00000134852",647,0.13135247704961,0.132876432163257,-0.113762851695286,-0.122665716589242,FALSE,FALSE,500,500,500,"n = 500",0.38,0.05,"outside"
"ENSG00000071859",116,0.172856996567094,0.171740140813829,-0.314478779641478,-0.348451428643689,FALSE,FALSE,500,500,500,"n = 500",0.38,0.05,"outside"
"ENSG00000013374",144,0.165537220949587,0.165332101364591,-0.104261718525198,-0.130259343889864,FALSE,FALSE,500,500,500,"n = 500",0.38,0.05,"outside"
"ENSG00000164077",172,0.0717494920327149,0.0729865683891578,-0.0546920379984375,-0.0641613562407497,FALSE,FALSE,500,500,500,"n = 500",0.38,0.05,"outside"
"ENSG00000135486",133,0.101068485126633,0.10347684453995,-0.0743636202499103,-0.0863725347806995,FALSE,FALSE,500,500,500,"n = 500",0.38,0.05,"outside"
"ENSG00000164941",148,0.141647066261276,0.142475189109146,-0.51033822654587,-0.547696687404631,FALSE,FALSE,500,500,500,"n = 500",0.38,0.05,"outside"
"ENSG00000131931",150,0.360970755247385,0.359009892964743,-2.50989499263698,-2.60027888767157,FALSE,FALSE,500,500,500,"n = 500",0.38,0.05,"outside"
"ENSG00000108424",177,0.182525155955837,0.183984110742713,-0.835696184866553,-0.928679436726891,FALSE,FALSE,500,500,500,"n = 500",0.38,0.05,"outside"
"ENSG00000164902",108,0.286639243326971,0.284946173359901,-0.974253388990398,-1.03372876106976,FALSE,FALSE,500,500,500,"n = 500",0.38,0.05,"outside"
"ENSG00000105185",135,0.100789102058499,0.100489712031597,-0.0306185600730271,-0.045608189293726,TRUE,TRUE,500,500,500,"n = 500",0.38,0.05,"C0"
"ENSG00000125484",889,0.105454300984869,0.106193413335801,-0.025241394918391,-0.0315457504024337,TRUE,TRUE,500,500,500,"n = 500",0.38,0.05,"C0"
"ENSG00000104517",102,0.14188311341824,0.143113037609367,-0.0660267262358083,-0.0720244710071887,FALSE,FALSE,500,500,500,"n = 500",0.38,0.05,"outside"
"ENSG00000167513",101,0.25159198759407,0.251552565757008,-1.29020949490768,-1.37636322386018,FALSE,FALSE,500,500,500,"n = 500",0.38,0.05,"outside"
"ENSG00000150776",117,0.0951149377875951,0.0953403999158339,-0.0958736018852268,-0.112637125236479,FALSE,FALSE,500,500,500,"n = 500",0.38,0.05,"outside"
"ENSG00000163930",110,0.0871775145139439,0.0876444668137682,-0.0672638164408671,-0.0986538537441406,FALSE,FALSE,500,500,500,"n = 500",0.38,0.05,"outside"
"ENSG00000185838",105,0.150412200975837,0.152296833101673,-0.135692415212666,-0.153510826676687,FALSE,FALSE,500,500,500,"n = 500",0.38,0.05,"outside"
"ENSG00000124207",252,0.137727766856898,0.138700753555261,-0.705842412568538,-0.797359394779428,FALSE,FALSE,500,500,500,"n = 500",0.38,0.05,"outside"
"ENSG00000130024",124,0.0765736727058517,0.0771649847170844,-0.0518515291322246,-0.0569111232853439,FALSE,FALSE,500,500,500,"n = 500",0.38,0.05,"outside"
"ENSG00000169045",145,0.0663910247399453,0.0671670378609152,-0.0323110238730471,-0.0364202333841231,TRUE,TRUE,500,500,500,"n = 500",0.38,0.05,"C0"
"ENSG00000284024",104,0.123165204163972,0.123895100127962,-0.0514905798512855,-0.0779127158157129,FALSE,FALSE,500,500,500,"n = 500",0.38,0.05,"outside"
"ENSG00000187531",237,0.176051816045128,0.17721294562595,-0.896695931841085,-0.951731846642262,FALSE,FALSE,500,500,500,"n = 500",0.38,0.05,"outside"
"ENSG00000241837",135,0.0855476343488274,0.0866776670543054,0.00106743054525625,-0.00601691378749984,TRUE,TRUE,500,500,500,"n = 500",0.38,0.05,"C0"
"ENSG00000129055",111,0.099414300679895,0.0998617161476275,-0.0322107189135253,-0.0366307936626581,TRUE,TRUE,500,500,500,"n = 500",0.38,0.05,"C0"
"ENSG00000110921",422,0.098859915958095,0.0993059890249151,-0.0251892907351386,-0.0303039257255138,TRUE,TRUE,500,500,500,"n = 500",0.38,0.05,"C0"
"ENSG00000133059",258,0.106222167370582,0.106319944404312,-0.028715012492051,-0.0339066739638244,TRUE,TRUE,500,500,500,"n = 500",0.38,0.05,"C0"
"ENSG00000100209",227,0.125512007748937,0.126515205270707,-0.302343595838323,-0.359739494965248,FALSE,FALSE,500,500,500,"n = 500",0.38,0.05,"outside"
"ENSG00000117360",111,0.218476041848627,0.211821299316938,-2.419692609438,-2.49044379065533,FALSE,FALSE,500,500,500,"n = 500",0.38,0.05,"outside"
"ENSG00000072274",299,0.0949835126939116,0.0956247189501229,-0.0027546808876299,-0.00381425427186233,TRUE,TRUE,500,500,500,"n = 500",0.38,0.05,"C0"
"ENSG00000197780",182,0.139311393707631,0.138489140357484,-0.686431101437502,-0.691764636336274,FALSE,FALSE,500,500,500,"n = 500",0.38,0.05,"outside"
"ENSG00000014123",111,0.0841218932591536,0.0846223653061982,-0.0314873495335375,-0.0347158897728266,TRUE,TRUE,500,500,500,"n = 500",0.38,0.05,"C0"
"ENSG00000076003",120,0.102820727716048,0.104682000269056,-0.67177359706156,-0.756138304490079,FALSE,FALSE,500,500,500,"n = 500",0.38,0.05,"outside"
"ENSG00000178202",768,0.0999286381644826,0.100804129692776,-0.0456730590839591,-0.049663902615376,TRUE,TRUE,500,500,500,"n = 500",0.38,0.05,"C0"
"ENSG00000109618",168,0.0801528255992826,0.0807643282288658,-0.0119224426754333,-0.0149746254895044,TRUE,TRUE,500,500,500,"n = 500",0.38,0.05,"C0"
"ENSG00000162775",213,0.102218110835341,0.102620233801298,-0.176132926486889,-0.183259685047514,FALSE,FALSE,500,500,500,"n = 500",0.38,0.05,"outside"
"ENSG00000183054",381,0.0833699658611262,0.0836269064409928,-0.0024395027220492,-0.00552997261470876,TRUE,TRUE,500,500,500,"n = 500",0.38,0.05,"C0"
"ENSG00000100804",137,1.14132796783934,1.15459688356653,-7.22614482563487,-7.30024018996752,FALSE,FALSE,500,500,500,"n = 500",0.38,0.05,"outside"
"ENSG00000168872",393,0.0832928599854415,0.0839337915198804,-0.0183260841121548,-0.0210865685208392,TRUE,TRUE,500,500,500,"n = 500",0.38,0.05,"C0"
"ENSG00000169564",170,0.0961357836639311,0.0969217379413838,-0.0460422755307333,-0.0543592856180073,TRUE,FALSE,500,500,500,"n = 500",0.38,0.05,"Cgamma"
"ENSG00000139350",140,0.107574700050092,0.10817588700161,-0.0243534551721221,-0.0255377338971606,TRUE,TRUE,500,500,500,"n = 500",0.38,0.05,"C0"
"ENSG00000105618",144,0.250764196095703,0.243478829980943,-2.61266706848141,-2.68552168381754,FALSE,FALSE,500,500,500,"n = 500",0.38,0.05,"outside"
"ENSG00000140830",169,0.0809564150585578,0.0810055373814563,-0.0289813946769951,-0.0320253112492578,TRUE,TRUE,500,500,500,"n = 500",0.38,0.05,"C0"
"ENSG00000285053",125,0.151975826365491,0.153408912072913,-0.0674118309036015,-0.0727093157454264,FALSE,FALSE,500,500,500,"n = 500",0.38,0.05,"outside"
"ENSG00000153786",388,0.141682572766606,0.142950198726897,-0.0880688154169777,-0.101203191029251,FALSE,FALSE,500,500,500,"n = 500",0.38,0.05,"outside"
"ENSG00000131351",169,0.0922333378191988,0.0931017235561897,-0.0641457449281165,-0.0914744880433196,FALSE,FALSE,500,500,500,"n = 500",0.38,0.05,"outside"
"ENSG00000168286",144,0.0913448914202422,0.092078332634622,-0.0950794990779129,-0.108673614015116,FALSE,FALSE,500,500,500,"n = 500",0.38,0.05,"outside"
"ENSG00000153391",147,0.0982132650225155,0.0988978925223592,-0.013770130545787,-0.0175155796314202,TRUE,TRUE,500,500,500,"n = 500",0.38,0.05,"C0"
"ENSG00000110713",102,0.159665038849847,0.16224762543828,-2.5638078373222,-2.61623730401412,FALSE,FALSE,500,500,500,"n = 500",0.38,0.05,"outside"
"ENSG00000047410",126,0.0955979027363677,0.0960011415121605,-0.0686881588909164,-0.0911412177261803,FALSE,FALSE,500,500,500,"n = 500",0.38,0.05,"outside"
"ENSG00000163634",146,0.121125358581981,0.121682722072432,-0.445708174276206,-0.511383791272833,FALSE,FALSE,500,500,500,"n = 500",0.38,0.05,"outside"
"ENSG00000079785",121,0.241583557618913,0.243100055918415,-0.235720940853327,-0.249761436040888,FALSE,FALSE,500,500,500,"n = 500",0.38,0.05,"outside"
"ENSG00000213638",286,0.123257850420093,0.124458502925573,-0.0350040477658611,-0.0379665183526368,TRUE,TRUE,500,500,500,"n = 500",0.38,0.05,"C0"
"ENSG00000138035",140,0.0755113169006766,0.0761956984084408,-0.0271260354703144,-0.0374437741619911,TRUE,TRUE,500,500,500,"n = 500",0.38,0.05,"C0"
"ENSG00000163528",136,0.443625487390751,0.445580642934505,-0.716048721260403,-0.774102458596807,FALSE,FALSE,500,500,500,"n = 500",0.38,0.05,"outside"
"ENSG00000167985",190,0.0894877189893399,0.090131000589655,-0.00888114985322735,-0.00957690147869474,TRUE,TRUE,500,500,500,"n = 500",0.38,0.05,"C0"
"ENSG00000103356",129,0.118068005381354,0.118137145141027,-0.052730552923452,-0.0580188394877379,FALSE,FALSE,500,500,500,"n = 500",0.38,0.05,"outside"
"ENSG00000103423",155,0.110053058062319,0.11218702311032,-0.100466787792982,-0.115873920171422,FALSE,FALSE,500,500,500,"n = 500",0.38,0.05,"outside"
"ENSG00000189366",212,0.129895968246154,0.130857562635437,-0.0366297492460987,-0.038923695441023,TRUE,TRUE,500,500,500,"n = 500",0.38,0.05,"C0"
"ENSG00000156603",195,0.100694317948491,0.104048810999621,-0.614472716306944,-0.669250754330104,FALSE,FALSE,500,500,500,"n = 500",0.38,0.05,"outside"
"ENSG00000188986",148,0.267313677059796,0.267318742369801,-0.30718123863762,-0.324426793611578,FALSE,FALSE,500,500,500,"n = 500",0.38,0.05,"outside"
"ENSG00000116670",229,0.10683155466211,0.107824204383995,-0.0388980767585438,-0.0454196454225458,TRUE,TRUE,500,500,500,"n = 500",0.38,0.05,"C0"
"ENSG00000103061",106,0.115241608140816,0.116588728148489,-0.077322323346307,-0.086316793594908,FALSE,FALSE,500,500,500,"n = 500",0.38,0.05,"outside"
"ENSG00000101557",171,0.088427690361991,0.089453231621437,-0.0173809969607148,-0.0267946266741458,TRUE,TRUE,500,500,500,"n = 500",0.38,0.05,"C0"
"ENSG00000105656",168,0.191224597743504,0.190554362460686,-0.712130741047274,-0.789684976152864,FALSE,FALSE,500,500,500,"n = 500",0.38,0.05,"outside"
"ENSG00000157778",221,0.121252517906963,0.12109547535049,-0.39026465381847,-0.440406573117575,FALSE,FALSE,500,500,500,"n = 500",0.38,0.05,"outside"
"ENSG00000012174",151,0.113840250653629,0.114483979864732,-0.0297693608921163,-0.0333030818519216,TRUE,TRUE,500,500,500,"n = 500",0.38,0.05,"C0"
"ENSG00000083896",184,0.125204355151337,0.12428412138309,-0.714647332100569,-0.773575439484442,FALSE,FALSE,500,500,500,"n = 500",0.38,0.05,"outside"
"ENSG00000116688",211,0.111175829941358,0.11162395625187,-0.0324926230911111,-0.0397085853063114,TRUE,TRUE,500,500,500,"n = 500",0.38,0.05,"C0"
"ENSG00000176225",101,0.0991407606342471,0.0988542057769493,-0.0476262501720497,-0.0541276999225573,TRUE,FALSE,500,500,500,"n = 500",0.38,0.05,"Cgamma"
"ENSG00000167543",141,0.153949140464762,0.154763925135735,-0.0691015064436412,-0.0734254335553274,FALSE,FALSE,500,500,500,"n = 500",0.38,0.05,"outside"
"ENSG00000112972",259,0.103177040702526,0.104194544893515,-0.0435257825078679,-0.0505767777977841,TRUE,FALSE,500,500,500,"n = 500",0.38,0.05,"Cgamma"
"ENSG00000117751",142,0.128432813239562,0.128438132313514,-0.0631070047861062,-0.073560658241964,FALSE,FALSE,500,500,500,"n = 500",0.38,0.05,"outside"
"ENSG00000099821",212,0.0951081819471042,0.0953416616102559,-0.120787466007119,-0.13742191159948,FALSE,FALSE,500,500,500,"n = 500",0.38,0.05,"outside"
"ENSG00000115507",127,0.101123008770064,0.102085411944346,-0.0184130239717634,-0.0198672677431154,TRUE,TRUE,500,500,500,"n = 500",0.38,0.05,"C0"
"ENSG00000169249",216,0.115643684499146,0.11686482888163,-0.0215428045464775,-0.0225034257740493,TRUE,TRUE,500,500,500,"n = 500",0.38,0.05,"C0"
"ENSG00000138614",351,0.0968862165328178,0.0971005370562341,-0.0492301392520005,-0.0552149152930646,TRUE,FALSE,500,500,500,"n = 500",0.38,0.05,"Cgamma"
"ENSG00000126226",145,0.105515894612845,0.106473825493308,-0.0182544707962557,-0.0223413990086439,TRUE,TRUE,500,500,500,"n = 500",0.38,0.05,"C0"
"ENSG00000079819",125,0.081447484898132,0.0831707629042724,-0.0106321549438975,-0.0138284509289493,TRUE,TRUE,500,500,500,"n = 500",0.38,0.05,"C0"
"ENSG00000010810",146,0.112451777921411,0.111985445876794,-0.0629220694591211,-0.0836142841263037,FALSE,FALSE,500,500,500,"n = 500",0.38,0.05,"outside"
"ENSG00000159086",138,0.0972079896816833,0.0975831860719703,-0.507470210849349,-0.571612945024179,FALSE,FALSE,500,500,500,"n = 500",0.38,0.05,"outside"
"ENSG00000175283",121,0.0699445834549178,0.070734223600326,-0.0336556374988906,-0.0403581425732893,TRUE,TRUE,500,500,500,"n = 500",0.38,0.05,"C0"
"ENSG00000160783",320,0.194740240579077,0.195522936054313,-0.342667169575044,-0.390401933896387,FALSE,FALSE,500,500,500,"n = 500",0.38,0.05,"outside"
"ENSG00000185591",189,0.10392763478006,0.104854133906377,-0.0270414267702782,-0.0317406560065462,TRUE,TRUE,500,500,500,"n = 500",0.38,0.05,"C0"
"ENSG00000170906",169,0.138791810134876,0.14218035558704,-0.371138287113786,-0.37924033640242,FALSE,FALSE,500,500,500,"n = 500",0.38,0.05,"outside"
"ENSG00000156162",184,0.0826644013584074,0.0839123751829289,-0.0466708898738763,-0.0526736652861266,TRUE,FALSE,500,500,500,"n = 500",0.38,0.05,"Cgamma"
"ENSG00000138231",131,0.355352072891068,0.351470571546555,-0.700560820685918,-0.741423560318855,FALSE,FALSE,500,500,500,"n = 500",0.38,0.05,"outside"
"ENSG00000185668",133,0.116925190279173,0.117446404642938,-0.874850106919377,-0.911908866442309,FALSE,FALSE,500,500,500,"n = 500",0.38,0.05,"outside"
"ENSG00000213593",137,0.101383677932792,0.103376831675302,-0.281977381232613,-0.325167584182237,FALSE,FALSE,500,500,500,"n = 500",0.38,0.05,"outside"
"ENSG00000140694",153,0.111308134221537,0.111831485470011,-0.0463962191401993,-0.0574013473976964,TRUE,FALSE,500,500,500,"n = 500",0.38,0.05,"Cgamma"
"ENSG00000243725",124,0.0930313182241936,0.0937748032330053,-0.0523194952891821,-0.0579472960194767,FALSE,FALSE,500,500,500,"n = 500",0.38,0.05,"outside"
"ENSG00000113312",116,0.382699969387767,0.385093535837008,-0.611777509204222,-0.655363365416467,FALSE,FALSE,500,500,500,"n = 500",0.38,0.05,"outside"
"ENSG00000182220",265,0.100756958197195,0.101534122187227,-0.0425978861776308,-0.0465245040032908,TRUE,TRUE,500,500,500,"n = 500",0.38,0.05,"C0"
"ENSG00000161654",111,0.131693730978755,0.133073625476365,-0.0633956399119977,-0.0709748813425157,FALSE,FALSE,500,500,500,"n = 500",0.38,0.05,"outside"
"ENSG00000149357",321,0.0892457780663829,0.0899855224134513,-0.0261909534231832,-0.0319865616072361,TRUE,TRUE,500,500,500,"n = 500",0.38,0.05,"C0"
"ENSG00000066136",111,0.130252779767046,0.130136405644112,-0.444777802564053,-0.530792581971979,FALSE,FALSE,500,500,500,"n = 500",0.38,0.05,"outside"
"ENSG00000010292",106,0.109215148800805,0.109627637950513,-0.0830469871095814,-0.0954331919569858,FALSE,FALSE,500,500,500,"n = 500",0.38,0.05,"outside"
"ENSG00000115947",159,0.0868389380482493,0.087338564189965,-0.00483306526606219,-0.00807186249522294,TRUE,TRUE,500,500,500,"n = 500",0.38,0.05,"C0"
"ENSG00000099991",161,0.108686310523681,0.108722695619287,-0.0280093514305191,-0.0379017512104496,TRUE,TRUE,500,500,500,"n = 500",0.38,0.05,"C0"
"ENSG00000166598",138,0.106568645604131,0.107429262032681,-0.0279548316700196,-0.0320553279642012,TRUE,TRUE,500,500,500,"n = 500",0.38,0.05,"C0"
"ENSG00000185651",122,0.0768452962025335,0.0775954628190285,-0.0316168533644278,-0.0510933102809993,TRUE,FALSE,500,500,500,"n = 500",0.38,0.05,"Cgamma"
"ENSG00000100462",126,0.209315852149961,0.210872865358401,-0.395287868183268,-0.425741070442655,FALSE,FALSE,500,500,500,"n = 500",0.38,0.05,"outside"
"ENSG00000188994",129,0.104868353291889,0.105037234295692,-0.0380792009267083,-0.0412318034803807,TRUE,TRUE,500,500,500,"n = 500",0.38,0.05,"C0"
"ENSG00000275023",104,0.172941131496727,0.175809415593588,-0.579880000030866,-0.647320949361737,FALSE,FALSE,500,500,500,"n = 500",0.38,0.05,"outside"
"ENSG00000107290",121,0.133093632368718,0.133723189700159,-0.0880919958698255,-0.0946818363124837,FALSE,FALSE,500,500,500,"n = 500",0.38,0.05,"outside"
"ENSG00000172757",139,0.214755836422994,0.235129831833875,-2.23985737201187,-2.25074092935617,FALSE,FALSE,500,500,500,"n = 500",0.38,0.05,"outside"
"ENSG00000004487",178,0.112808702288952,0.113381638358253,-0.0525803391871631,-0.0637326309519438,FALSE,FALSE,500,500,500,"n = 500",0.38,0.05,"outside"
"ENSG00000171159",152,0.115013503462904,0.115612238600801,-0.0453763758569367,-0.0499814037340798,TRUE,TRUE,500,500,500,"n = 500",0.38,0.05,"C0"
"ENSG00000170291",101,0.194190844270795,0.194814785200414,-0.278934832694963,-0.302830992555065,FALSE,FALSE,500,500,500,"n = 500",0.38,0.05,"outside"
"ENSG00000204316",256,0.0955163967978606,0.095867544507562,-0.0251535602587995,-0.0312563000481084,TRUE,TRUE,500,500,500,"n = 500",0.38,0.05,"C0"
"ENSG00000172922",129,0.127446310388076,0.127934451613697,-0.0324576729773701,-0.0343384426245423,TRUE,TRUE,500,500,500,"n = 500",0.38,0.05,"C0"
"ENSG00000146457",351,0.135927443599487,0.137090073664436,-0.255429520416551,-0.269171343131324,FALSE,FALSE,500,500,500,"n = 500",0.38,0.05,"outside"
"ENSG00000109920",114,0.0872555317750028,0.08812233587155,-0.292488374349053,-0.350530456265664,FALSE,FALSE,500,500,500,"n = 500",0.38,0.05,"outside"
"ENSG00000185883",220,0.0917989407708872,0.0918298058391958,-0.0452688882435267,-0.051736182073335,TRUE,FALSE,500,500,500,"n = 500",0.38,0.05,"Cgamma"
"ENSG00000113194",115,0.102500556618078,0.104029466808163,-0.030141706595729,-0.0328553713895176,TRUE,TRUE,500,500,500,"n = 500",0.38,0.05,"C0"
"ENSG00000153814",226,0.10502756021861,0.105475522031856,-0.0449756521418787,-0.0535013092733917,TRUE,FALSE,500,500,500,"n = 500",0.38,0.05,"Cgamma"
"ENSG00000092020",128,0.0800009385093262,0.080930585084247,-0.0380882376269414,-0.0440304203991127,TRUE,TRUE,500,500,500,"n = 500",0.38,0.05,"C0"
"ENSG00000090905",106,0.249345858823402,0.247897512493886,-1.06154974570556,-1.14281893999387,FALSE,FALSE,500,500,500,"n = 500",0.38,0.05,"outside"
"ENSG00000134014",108,0.36020011312601,0.362760717000755,-0.722684566871839,-0.778763999048426,FALSE,FALSE,500,500,500,"n = 500",0.38,0.05,"outside"
"ENSG00000169750",127,0.42621562200179,0.426931017380339,-5.1874673529395,-5.31326368353225,FALSE,FALSE,500,500,500,"n = 500",0.38,0.05,"outside"
"ENSG00000165898",143,0.0807784708553783,0.0807649700327176,-0.0223211433213451,-0.0363097813582909,TRUE,TRUE,500,500,500,"n = 500",0.38,0.05,"C0"
"ENSG00000116809",282,0.160365008811951,0.161373692545576,-0.0808251526884974,-0.08629417242554,FALSE,FALSE,500,500,500,"n = 500",0.38,0.05,"outside"
"ENSG00000165644",138,0.135295035536202,0.137697810653222,-0.0824393881832735,-0.089875959840452,FALSE,FALSE,500,500,500,"n = 500",0.38,0.05,"outside"
"ENSG00000112249",118,0.163264959050018,0.164885690177884,-0.658898386624808,-0.703269806566374,FALSE,FALSE,500,500,500,"n = 500",0.38,0.05,"outside"
"ENSG00000174243",168,0.159428790548883,0.15746105866189,-1.8294051928521,-1.90009523281505,FALSE,FALSE,500,500,500,"n = 500",0.38,0.05,"outside"
"ENSG00000250067",237,0.0988007778392851,0.0990171674597115,-0.0341711655803573,-0.036839202122148,TRUE,TRUE,500,500,500,"n = 500",0.38,0.05,"C0"
"ENSG00000168118",176,0.191279155585114,0.192065301485509,-0.181006083925291,-0.190185517255429,FALSE,FALSE,500,500,500,"n = 500",0.38,0.05,"outside"
"ENSG00000152382",138,0.0950887612557066,0.0945374437622691,-0.0961730095874654,-0.122635301087483,FALSE,FALSE,500,500,500,"n = 500",0.38,0.05,"outside"
"ENSG00000063046",380,0.102201146952347,0.103123283758686,-0.0620197610624276,-0.07237326474019,FALSE,FALSE,500,500,500,"n = 500",0.38,0.05,"outside"
"ENSG00000130640",154,0.150001140098869,0.151709130566787,-0.573084801022665,-0.641990598448384,FALSE,FALSE,500,500,500,"n = 500",0.38,0.05,"outside"
"ENSG00000101158",111,0.368784762261476,0.368870210764372,-0.364572045174114,-0.374516480354932,FALSE,FALSE,500,500,500,"n = 500",0.38,0.05,"outside"
"ENSG00000189091",146,0.348282708377775,0.352884199402318,-1.66852330908976,-1.76059673475669,FALSE,FALSE,500,500,500,"n = 500",0.38,0.05,"outside"
"ENSG00000110172",142,0.0936607158380414,0.0942365934784523,-0.0730662942633949,-0.0789373022523575,FALSE,FALSE,500,500,500,"n = 500",0.38,0.05,"outside"
"ENSG00000165819",212,0.0922818263295625,0.0930572673630166,-0.380875593274026,-0.392509845646013,FALSE,FALSE,500,500,500,"n = 500",0.38,0.05,"outside"
"ENSG00000137955",105,0.581275467258054,0.585417680880343,-3.03756469452181,-3.13058228808713,FALSE,FALSE,500,500,500,"n = 500",0.38,0.05,"outside"
"ENSG00000132294",214,0.104829489925813,0.105947393610134,-0.0168211426993074,-0.0195964822598951,TRUE,TRUE,500,500,500,"n = 500",0.38,0.05,"C0"
"ENSG00000132463",122,0.118434485588952,0.118125196626444,-0.0657883282764445,-0.0707006982116128,FALSE,FALSE,500,500,500,"n = 500",0.38,0.05,"outside"
"ENSG00000132153",105,0.105440274166568,0.106129178639861,-0.0388241506836275,-0.0420767287511749,TRUE,TRUE,500,500,500,"n = 500",0.38,0.05,"C0"
"ENSG00000071243",133,0.122547457569835,0.122706008088513,-0.08209632772695,-0.0907944275606566,FALSE,FALSE,500,500,500,"n = 500",0.38,0.05,"outside"
"ENSG00000089639",140,0.109796506094095,0.1119511382648,-0.106779844515835,-0.12076121563657,FALSE,FALSE,500,500,500,"n = 500",0.38,0.05,"outside"
"ENSG00000060688",217,0.0893811227920931,0.0904331877992922,-0.0203269611077004,-0.0283446991673917,TRUE,TRUE,500,500,500,"n = 500",0.38,0.05,"C0"
"ENSG00000116455",105,0.147907511607794,0.148422299595187,-0.0913652405150947,-0.104951089366909,FALSE,FALSE,500,500,500,"n = 500",0.38,0.05,"outside"
"ENSG00000089159",128,0.105043189437382,0.106063754656839,-0.0616574268733645,-0.0726571356496799,FALSE,FALSE,500,500,500,"n = 500",0.38,0.05,"outside"
"ENSG00000134265",224,0.10901833115951,0.11040349336604,-0.0558196621952181,-0.0602157533224107,FALSE,FALSE,500,500,500,"n = 500",0.38,0.05,"outside"
"ENSG00000092203",160,0.14475607038673,0.148034116845581,-0.0815358732222756,-0.0835874931332239,FALSE,FALSE,500,500,500,"n = 500",0.38,0.05,"outside"
"ENSG00000100084",221,0.130464474675574,0.13170187991648,-0.0574987274622284,-0.0639011800413841,FALSE,FALSE,500,500,500,"n = 500",0.38,0.05,"outside"
"ENSG00000137267",149,0.120170811860711,0.120183499532989,-0.0519976922337061,-0.0552597235769516,FALSE,FALSE,500,500,500,"n = 500",0.38,0.05,"outside"
"ENSG00000115875",145,0.148506464926461,0.150356641319255,-0.510373643381454,-0.584121997572355,FALSE,FALSE,500,500,500,"n = 500",0.38,0.05,"outside"
"ENSG00000160193",140,0.120499409494751,0.120896139655659,-0.035348841890999,-0.0395324135197023,TRUE,TRUE,500,500,500,"n = 500",0.38,0.05,"C0"
"ENSG00000196230",249,0.0998238075011263,0.100088793169422,-0.0416946190155254,-0.0513135900190123,TRUE,FALSE,500,500,500,"n = 500",0.38,0.05,"Cgamma"
"ENSG00000124193",148,0.116337001605498,0.117077820770741,-0.0584642977534989,-0.070980012597829,FALSE,FALSE,500,500,500,"n = 500",0.38,0.05,"outside"
"ENSG00000145191",114,0.899783668876189,0.903372869542854,-3.67421242618862,-3.77346435591621,FALSE,FALSE,500,500,500,"n = 500",0.38,0.05,"outside"
"ENSG00000129932",118,0.103172642221888,0.104213566919484,-0.0594499109550817,-0.0632721742065665,FALSE,FALSE,500,500,500,"n = 500",0.38,0.05,"outside"
"ENSG00000118420",143,0.137942510579059,0.138740393833328,-0.0848123608404321,-0.104674993535494,FALSE,FALSE,500,500,500,"n = 500",0.38,0.05,"outside"
"ENSG00000204209",111,0.0800953620937731,0.0807930416937321,-0.0204466334466402,-0.0303322730120341,TRUE,TRUE,500,500,500,"n = 500",0.38,0.05,"C0"
"ENSG00000110321",155,0.34143896960656,0.344246182492467,-0.480475513319196,-0.506773685811995,FALSE,FALSE,500,500,500,"n = 500",0.38,0.05,"outside"
"ENSG00000121350",130,0.460810591906847,0.463502668308763,-0.656873704877706,-0.694619163747354,FALSE,FALSE,500,500,500,"n = 500",0.38,0.05,"outside"
"ENSG00000162601",106,0.0995389913688433,0.0985054167721855,-0.122061272865858,-0.132694113025817,FALSE,FALSE,500,500,500,"n = 500",0.38,0.05,"outside"
"ENSG00000070366",123,0.117806682795548,0.119921786628032,-0.0995835101436376,-0.105307044096726,FALSE,FALSE,500,500,500,"n = 500",0.38,0.05,"outside"
"ENSG00000111300",139,0.130465614024413,0.131729587337006,-0.177946002553691,-0.206956179403034,FALSE,FALSE,500,500,500,"n = 500",0.38,0.05,"outside"
"ENSG00000154229",107,0.151608868343618,0.149984689767264,-0.139964688019257,-0.156034862978682,FALSE,FALSE,500,500,500,"n = 500",0.38,0.05,"outside"
"ENSG00000108423",123,0.123627262403125,0.124743730960341,-0.0417870740269281,-0.0430153136372822,TRUE,TRUE,500,500,500,"n = 500",0.38,0.05,"C0"
"ENSG00000117410",107,0.0871269333249275,0.0882813483987529,-0.0909729457379259,-0.110003247947854,FALSE,FALSE,500,500,500,"n = 500",0.38,0.05,"outside"
"ENSG00000139977",134,0.100367525717213,0.100170916732467,-0.0128981972494079,-0.0209205494734767,TRUE,TRUE,500,500,500,"n = 500",0.38,0.05,"C0"
"ENSG00000185246",183,0.0934828856830164,0.0941249551388166,-0.00792835710572685,-0.0103431136831422,TRUE,TRUE,500,500,500,"n = 500",0.38,0.05,"C0"
"ENSG00000164975",120,0.240757115422089,0.240400314267247,-0.733639699889052,-0.783865031204378,FALSE,FALSE,500,500,500,"n = 500",0.38,0.05,"outside"
"ENSG00000241370",124,0.207587135937431,0.207705987482385,-0.349595863580547,-0.400236717648903,FALSE,FALSE,500,500,500,"n = 500",0.38,0.05,"outside"
"ENSG00000105732",154,0.0849792661279762,0.0858237878714698,-0.0486772932761819,-0.0723413139288397,TRUE,FALSE,500,500,500,"n = 500",0.38,0.05,"Cgamma"
"ENSG00000101972",110,0.161806499687503,0.163561469093049,-0.0694509950327488,-0.0712082969651644,FALSE,FALSE,500,500,500,"n = 500",0.38,0.05,"outside"
"ENSG00000198176",164,0.0808301912545377,0.0809393094341226,-0.0119909605607483,-0.016040257381711,TRUE,TRUE,500,500,500,"n = 500",0.38,0.05,"C0"
"ENSG00000152253",473,0.384119259034315,0.385616112331879,-1.14008229607787,-1.21428290726703,FALSE,FALSE,500,500,500,"n = 500",0.38,0.05,"outside"
"ENSG00000110700",121,0.298728186039814,0.304136565452188,-2.90168162270305,-2.92260005978889,FALSE,FALSE,500,500,500,"n = 500",0.38,0.05,"outside"
"ENSG00000087302",192,0.281485873446641,0.282797318333729,-0.353724699529541,-0.382024596143316,FALSE,FALSE,500,500,500,"n = 500",0.38,0.05,"outside"
"ENSG00000111707",127,0.225896156964444,0.224502487504481,-0.399688524686011,-0.424047514612246,FALSE,FALSE,500,500,500,"n = 500",0.38,0.05,"outside"
"ENSG00000168917",387,0.099030951023898,0.099957687359942,-0.027673272705612,-0.0328382005413671,TRUE,TRUE,500,500,500,"n = 500",0.38,0.05,"C0"
"ENSG00000198841",130,0.19081916900487,0.191774764630792,-0.223826005365331,-0.245055005260531,FALSE,FALSE,500,500,500,"n = 500",0.38,0.05,"outside"
"ENSG00000146282",132,0.0884324976394489,0.0883094218974861,-0.0499701467183269,-0.0521217631870571,TRUE,FALSE,500,500,500,"n = 500",0.38,0.05,"Cgamma"
"ENSG00000172613",149,0.0761293497356832,0.0767991180194722,-0.0211080355416591,-0.0241697455672374,TRUE,TRUE,500,500,500,"n = 500",0.38,0.05,"C0"
"ENSG00000187961",117,0.0982151041950291,0.0989307194592015,-0.0609426853372732,-0.0679571240936351,FALSE,FALSE,500,500,500,"n = 500",0.38,0.05,"outside"
"ENSG00000105819",145,0.494716830392641,0.49554127641751,-1.04054905684378,-1.10199604368399,FALSE,FALSE,500,500,500,"n = 500",0.38,0.05,"outside"
"ENSG00000164654",130,0.105305192399527,0.105822846512155,-0.0839607859618498,-0.10107369747196,FALSE,FALSE,500,500,500,"n = 500",0.38,0.05,"outside"
"ENSG00000168924",153,0.244024029855949,0.246022183549621,-0.273904698939362,-0.292801973776417,FALSE,FALSE,500,500,500,"n = 500",0.38,0.05,"outside"
"ENSG00000160075",226,0.648433903800037,0.653701470482366,-1.62350969860244,-1.66552258887975,FALSE,FALSE,500,500,500,"n = 500",0.38,0.05,"outside"
"ENSG00000103187",108,0.0916784266846036,0.0929708675025048,-0.0300430652767299,-0.0429095793758621,TRUE,TRUE,500,500,500,"n = 500",0.38,0.05,"C0"
"ENSG00000163754",284,0.116288812955813,0.115222709392482,-0.762619103136357,-0.774144939313958,FALSE,FALSE,500,500,500,"n = 500",0.38,0.05,"outside"
"ENSG00000171453",177,0.118504721369952,0.119691037672249,-0.0673172413317178,-0.0777912350161941,FALSE,FALSE,500,500,500,"n = 500",0.38,0.05,"outside"
"ENSG00000147416",158,0.128467701914883,0.129449669324263,-0.106824428471568,-0.127735657428218,FALSE,FALSE,500,500,500,"n = 500",0.38,0.05,"outside"
"ENSG00000100949",189,0.320181161741111,0.322374069696425,-1.98030229165092,-2.06939645552996,FALSE,FALSE,500,500,500,"n = 500",0.38,0.05,"outside"
"ENSG00000198356",161,0.104250151861956,0.104714495993744,-0.054761345191868,-0.0621765027389738,FALSE,FALSE,500,500,500,"n = 500",0.38,0.05,"outside"
"ENSG00000213465",193,0.115287485675001,0.115989648848093,-0.0327951352423,-0.0358696439353383,TRUE,TRUE,500,500,500,"n = 500",0.38,0.05,"C0"
"ENSG00000241468",223,0.117837969368561,0.119408795928091,-0.0272770174902036,-0.0275246515363558,TRUE,TRUE,500,500,500,"n = 500",0.38,0.05,"C0"
"ENSG00000167578",229,0.0990045562938088,0.0990931370660007,-0.0145183048157897,-0.0164335085136402,TRUE,TRUE,500,500,500,"n = 500",0.38,0.05,"C0"
"ENSG00000075856",233,0.150192349308887,0.14771758634754,-1.2403676164631,-1.30006328323389,FALSE,FALSE,500,500,500,"n = 500",0.38,0.05,"outside"
"ENSG00000188186",122,0.0837438899870331,0.0851107132099276,-0.0152564363976595,-0.019517644585346,TRUE,TRUE,500,500,500,"n = 500",0.38,0.05,"C0"
"ENSG00000131462",134,0.103368494770723,0.10387138678512,-0.0740700918360703,-0.0979722394023671,FALSE,FALSE,500,500,500,"n = 500",0.38,0.05,"outside"
"ENSG00000071553",174,0.114025858791278,0.114544944022491,-0.0594819003724249,-0.0687320753944963,FALSE,FALSE,500,500,500,"n = 500",0.38,0.05,"outside"
"ENSG00000171848",191,0.117612020395327,0.117908717277157,-0.564777365576826,-0.646984329690848,FALSE,FALSE,500,500,500,"n = 500",0.38,0.05,"outside"
"ENSG00000258366",305,0.108587301226862,0.108670705993069,-0.0645916639423608,-0.0762102428335625,FALSE,FALSE,500,500,500,"n = 500",0.38,0.05,"outside"
"ENSG00000170545",170,0.105916777748508,0.106827337227352,-0.0224770722321403,-0.0327693732464626,TRUE,TRUE,500,500,500,"n = 500",0.38,0.05,"C0"
"ENSG00000104859",332,0.0879767853231882,0.0884691291676954,-0.0211515155283414,-0.0240786162593498,TRUE,TRUE,500,500,500,"n = 500",0.38,0.05,"C0"
"ENSG00000155115",131,0.14962946384738,0.149903286519072,-0.0600851317210746,-0.0643646647434802,FALSE,FALSE,500,500,500,"n = 500",0.38,0.05,"outside"
"ENSG00000105419",114,0.19927182083496,0.191660017727861,-1.15666537358407,-1.1788670200521,FALSE,FALSE,500,500,500,"n = 500",0.38,0.05,"outside"
"ENSG00000177889",103,0.120106961044516,0.121111275344199,-0.0955762963142023,-0.101395071640786,FALSE,FALSE,500,500,500,"n = 500",0.38,0.05,"outside"
"ENSG00000156990",111,0.0897674778650823,0.0890553958438791,-0.089271802405627,-0.111535329232582,FALSE,FALSE,500,500,500,"n = 500",0.38,0.05,"outside"
"ENSG00000116580",107,0.14324196788957,0.145196762221409,-0.190879323453079,-0.21725375845525,FALSE,FALSE,500,500,500,"n = 500",0.38,0.05,"outside"
"ENSG00000056097",116,0.120811100044544,0.120354783762061,-0.28294946037848,-0.311392756878498,FALSE,FALSE,500,500,500,"n = 500",0.38,0.05,"outside"
"ENSG00000135040",308,0.105546743765694,0.106909183687189,-0.027674188176578,-0.0300446208023521,TRUE,TRUE,500,500,500,"n = 500",0.38,0.05,"C0"
"ENSG00000167522",149,0.0838861165961225,0.0846877946450615,-0.0783883625863878,-0.115190759655317,FALSE,FALSE,500,500,500,"n = 500",0.38,0.05,"outside"
"ENSG00000170348",160,0.0763617143374827,0.0764574244211735,-0.0520986338866919,-0.0614236419507438,FALSE,FALSE,500,500,500,"n = 500",0.38,0.05,"outside"
"ENSG00000123374",204,0.1012310143307,0.101074384397533,-0.0554662954646759,-0.0626605421659022,FALSE,FALSE,500,500,500,"n = 500",0.38,0.05,"outside"
"ENSG00000276043",103,0.11697313913605,0.117578233271924,-0.0516732068742914,-0.0808676922742259,FALSE,FALSE,500,500,500,"n = 500",0.38,0.05,"outside"
"ENSG00000125971",125,0.178525077774814,0.179369529435301,-0.330186002526469,-0.385102746652845,FALSE,FALSE,500,500,500,"n = 500",0.38,0.05,"outside"
"ENSG00000111667",126,0.0953877833734152,0.0965910694992917,-0.445069853561334,-0.508325072500756,FALSE,FALSE,500,500,500,"n = 500",0.38,0.05,"outside"
"ENSG00000163166",106,0.0769954715913777,0.0772157206279986,-0.150969313108944,-0.171338388888071,FALSE,FALSE,500,500,500,"n = 500",0.38,0.05,"outside"
"ENSG00000156467",102,0.19739994117031,0.198447491319663,-0.113177254128865,-0.118840445956997,FALSE,FALSE,500,500,500,"n = 500",0.38,0.05,"outside"
"ENSG00000085415",124,0.130060208312594,0.130382853203089,-0.547804998836767,-0.608549691327802,FALSE,FALSE,500,500,500,"n = 500",0.38,0.05,"outside"
"ENSG00000126261",139,0.146254474655422,0.146552412852085,-0.278857228768996,-0.310447022651176,FALSE,FALSE,500,500,500,"n = 500",0.38,0.05,"outside"
"ENSG00000106263",109,0.762039121274569,0.765139052336832,-4.4775254870045,-4.60930746869526,FALSE,FALSE,500,500,500,"n = 500",0.38,0.05,"outside"
"ENSG00000264364",212,0.114728184956408,0.114341043205543,-0.0354829553076328,-0.0401207790715376,TRUE,TRUE,500,500,500,"n = 500",0.38,0.05,"C0"
"ENSG00000257949",127,0.0980668136896304,0.0990091010534206,-0.0663482129751631,-0.0690092474603314,FALSE,FALSE,500,500,500,"n = 500",0.38,0.05,"outside"
"ENSG00000164032",264,0.0951677363978175,0.0953707747099208,-0.0365389800219257,-0.0597775056897809,TRUE,FALSE,500,500,500,"n = 500",0.38,0.05,"Cgamma"
"ENSG00000197136",171,0.099097468038324,0.0996040022518352,-0.0209374739366427,-0.0242341326028705,TRUE,TRUE,500,500,500,"n = 500",0.38,0.05,"C0"
"ENSG00000173757",173,0.129813190474718,0.130216912965729,-0.0292412444791397,-0.0307190876691614,TRUE,TRUE,500,500,500,"n = 500",0.38,0.05,"C0"
"ENSG00000060339",103,0.113872812618642,0.113685441489355,-0.0391855984867366,-0.0488890298454621,TRUE,TRUE,500,500,500,"n = 500",0.38,0.05,"C0"
"ENSG00000127586",118,0.113636106780141,0.114623896640696,-0.0399397074033924,-0.0421496615005549,TRUE,TRUE,500,500,500,"n = 500",0.38,0.05,"C0"
"ENSG00000111711",140,0.176587098864685,0.17785537657029,-0.310873566771523,-0.346117301290157,FALSE,FALSE,500,500,500,"n = 500",0.38,0.05,"outside"
"ENSG00000105568",215,0.112942291637307,0.113510558888968,-0.108012843057004,-0.152987407631963,FALSE,FALSE,500,500,500,"n = 500",0.38,0.05,"outside"
"ENSG00000162385",113,0.0911197134481645,0.0915284384766675,-0.0475727258316525,-0.0510052268296027,TRUE,FALSE,500,500,500,"n = 500",0.38,0.05,"Cgamma"
"ENSG00000169375",126,0.137146636101873,0.138138420260557,-0.0749379659816286,-0.087488147006096,FALSE,FALSE,500,500,500,"n = 500",0.38,0.05,"outside"
"ENSG00000107959",130,0.12572743747484,0.12799790954756,-0.100447798341251,-0.113520485054027,FALSE,FALSE,500,500,500,"n = 500",0.38,0.05,"outside"
"ENSG00000125691",101,0.258505385384428,0.257080403873152,-2.43139208840739,-2.46657391237995,FALSE,FALSE,500,500,500,"n = 500",0.38,0.05,"outside"
"ENSG00000198952",462,0.168062293757294,0.169798687906687,-0.227687510562317,-0.252859238309007,FALSE,FALSE,500,500,500,"n = 500",0.38,0.05,"outside"
"ENSG00000198700",106,0.112646320177657,0.113338257935149,-0.0389186359099478,-0.0509608059776472,TRUE,FALSE,500,500,500,"n = 500",0.38,0.05,"Cgamma"
"ENSG00000101138",113,0.133918169096198,0.134266336220653,-0.718638697501728,-0.795035795588368,FALSE,FALSE,500,500,500,"n = 500",0.38,0.05,"outside"
"ENSG00000144736",149,0.163040032593406,0.163938071894594,-0.233329944818471,-0.297146675826668,FALSE,FALSE,500,500,500,"n = 500",0.38,0.05,"outside"
"ENSG00000071655",187,0.0755046125155076,0.0767861046083567,-0.0224159048410578,-0.0265850820002641,TRUE,TRUE,500,500,500,"n = 500",0.38,0.05,"C0"
"ENSG00000058804",109,0.145569781635962,0.146527287786637,-0.13369133856901,-0.144668285124246,FALSE,FALSE,500,500,500,"n = 500",0.38,0.05,"outside"
"ENSG00000162337",104,0.118028352347508,0.118613447119225,-0.0564405366326759,-0.0668991144470358,FALSE,FALSE,500,500,500,"n = 500",0.38,0.05,"outside"
"ENSG00000180198",169,0.105202268496019,0.105328406747233,-0.294159109399274,-0.324755002407857,FALSE,FALSE,500,500,500,"n = 500",0.38,0.05,"outside"
"ENSG00000143742",139,0.154442779681809,0.157751679969664,-0.502089825642269,-0.550190504197679,FALSE,FALSE,500,500,500,"n = 500",0.38,0.05,"outside"
"ENSG00000116698",143,0.104535523902282,0.106163923309954,-0.0551121611705766,-0.0593618213792391,FALSE,FALSE,500,500,500,"n = 500",0.38,0.05,"outside"
"ENSG00000203485",115,0.0998664394636906,0.101012366187181,-0.159824550500455,-0.168763812933796,FALSE,FALSE,500,500,500,"n = 500",0.38,0.05,"outside"
"ENSG00000156970",102,0.153216641844611,0.155672531710946,-0.2575190409631,-0.299641789816162,FALSE,FALSE,500,500,500,"n = 500",0.38,0.05,"outside"
"ENSG00000130856",101,0.142820269511545,0.142708726220878,-0.219441851163452,-0.259526208824868,FALSE,FALSE,500,500,500,"n = 500",0.38,0.05,"outside"
"ENSG00000124486",113,0.180906638503965,0.183548692583672,-0.244360065325965,-0.259653311346366,FALSE,FALSE,500,500,500,"n = 500",0.38,0.05,"outside"
"ENSG00000175054",158,0.176052282580236,0.176128223602736,-0.82820718979683,-0.88301971754299,FALSE,FALSE,500,500,500,"n = 500",0.38,0.05,"outside"
"ENSG00000130165",150,0.104338738518644,0.104799571342275,-0.159773448573801,-0.173638174489461,FALSE,FALSE,500,500,500,"n = 500",0.38,0.05,"outside"
"ENSG00000112237",122,0.0783010542117027,0.0787372830662086,-0.145939471622568,-0.174801013474746,FALSE,FALSE,500,500,500,"n = 500",0.38,0.05,"outside"
"ENSG00000123416",197,0.0845408099452259,0.0855994824115833,-0.0183418718991716,-0.0216135101634449,TRUE,TRUE,500,500,500,"n = 500",0.38,0.05,"C0"
"ENSG00000144867",181,0.165953535092684,0.167487274459176,-0.285380536289027,-0.317138868662408,FALSE,FALSE,500,500,500,"n = 500",0.38,0.05,"outside"
"ENSG00000089195",114,0.195677286772057,0.196646951641952,-0.165249322916536,-0.178535391899602,FALSE,FALSE,500,500,500,"n = 500",0.38,0.05,"outside"
"ENSG00000160678",112,0.102141119311297,0.101742447671044,-0.0800004739815866,-0.108297669539867,FALSE,FALSE,500,500,500,"n = 500",0.38,0.05,"outside"
"ENSG00000174437",135,0.316311435159602,0.322969575279938,-0.637068074777344,-0.68560682770788,FALSE,FALSE,500,500,500,"n = 500",0.38,0.05,"outside"
"ENSG00000111581",138,0.173908120984056,0.174044546907598,-1.32994457163843,-1.41419691047934,FALSE,FALSE,500,500,500,"n = 500",0.38,0.05,"outside"
"ENSG00000170322",148,0.0964958050623575,0.0965691287471476,-0.0381158450275866,-0.0460994205627545,TRUE,TRUE,500,500,500,"n = 500",0.38,0.05,"C0"
"ENSG00000155827",147,0.179643262830978,0.179905218716254,-0.300064484449473,-0.347327161733514,FALSE,FALSE,500,500,500,"n = 500",0.38,0.05,"outside"
"ENSG00000188529",111,0.162030610618564,0.163110309157063,-0.0906407711363276,-0.0948245151831082,FALSE,FALSE,500,500,500,"n = 500",0.38,0.05,"outside"
"ENSG00000162396",292,0.110216795500839,0.111444016434142,-0.0247260016698155,-0.0256894426389184,TRUE,TRUE,500,500,500,"n = 500",0.38,0.05,"C0"
"ENSG00000276234",117,0.0819244858513353,0.0816079763889036,-0.538424544766818,-0.550975601772822,FALSE,FALSE,500,500,500,"n = 500",0.38,0.05,"outside"
"ENSG00000029364",115,0.0965399623450185,0.0985197958168141,-0.0492397707928497,-0.0529424717522097,TRUE,FALSE,500,500,500,"n = 500",0.38,0.05,"Cgamma"
"ENSG00000147604",116,0.399833498739536,0.383278969469345,-3.14860367575494,-3.17361940588164,FALSE,FALSE,500,500,500,"n = 500",0.38,0.05,"outside"
"ENSG00000175550",139,0.102426820129411,0.102598529076092,-0.170851540222977,-0.189366056904568,FALSE,FALSE,500,500,500,"n = 500",0.38,0.05,"outside"
"ENSG00000255529",172,0.0863594564214481,0.0857733453695399,-0.226293907543153,-0.254599312420624,FALSE,FALSE,500,500,500,"n = 500",0.38,0.05,"outside"
"ENSG00000164815",112,0.06779747848357,0.068050081604421,-0.0607595905639757,-0.070904936184473,FALSE,FALSE,500,500,500,"n = 500",0.38,0.05,"outside"
"ENSG00000099956",103,0.105525000131072,0.105890754864668,-0.0727247443100015,-0.0851701615204101,FALSE,FALSE,500,500,500,"n = 500",0.38,0.05,"outside"
"ENSG00000168538",230,0.3341146281098,0.331674875359346,-3.13121843890298,-3.2437091294253,FALSE,FALSE,500,500,500,"n = 500",0.38,0.05,"outside"
"ENSG00000082068",132,0.318671541485196,0.319364025563736,-0.609404002708698,-0.651899077321121,FALSE,FALSE,500,500,500,"n = 500",0.38,0.05,"outside"
"ENSG00000138785",134,0.0684927446132843,0.0689016716220318,-0.0418952839892727,-0.0569838305746331,TRUE,FALSE,500,500,500,"n = 500",0.38,0.05,"Cgamma"
"ENSG00000058063",121,0.119133502341721,0.119159971085655,-0.360418039862286,-0.419376726093142,FALSE,FALSE,500,500,500,"n = 500",0.38,0.05,"outside"
"ENSG00000102144",110,0.0983948461741259,0.0981600960955166,-0.065473485510864,-0.0761091846087051,FALSE,FALSE,500,500,500,"n = 500",0.38,0.05,"outside"
"ENSG00000108518",122,0.118127202053185,0.117744814198812,-1.47350946670144,-1.48823056517595,FALSE,FALSE,500,500,500,"n = 500",0.38,0.05,"outside"
"ENSG00000144034",126,0.624841524112421,0.62594573869522,-1.30906630364762,-1.33195336326102,FALSE,FALSE,500,500,500,"n = 500",0.38,0.05,"outside"
"ENSG00000181029",101,0.30593668518036,0.303284121263552,-2.86246080810782,-2.97557478884174,FALSE,FALSE,500,500,500,"n = 500",0.38,0.05,"outside"
"ENSG00000119718",147,0.819459099578419,0.8196462066891,-2.95136521159759,-3.04905125844614,FALSE,FALSE,500,500,500,"n = 500",0.38,0.05,"outside"
"ENSG00000099800",117,0.210515919532694,0.20994878669033,-0.204594527180108,-0.224077827885704,FALSE,FALSE,500,500,500,"n = 500",0.38,0.05,"outside"
"ENSG00000123485",116,0.107092321034962,0.10782069862932,-0.0653816001257188,-0.0801545611314515,FALSE,FALSE,500,500,500,"n = 500",0.38,0.05,"outside"
"ENSG00000065526",104,0.0660790748744258,0.0661676096877804,-0.0382326685721828,-0.0404831261841657,TRUE,TRUE,500,500,500,"n = 500",0.38,0.05,"C0"
"ENSG00000143379",121,0.124231110661475,0.125084883226024,-0.0768170804822448,-0.0814895477076076,FALSE,FALSE,500,500,500,"n = 500",0.38,0.05,"outside"
"ENSG00000100216",103,0.268368086228617,0.268479832422008,-0.433080452913272,-0.469041922015733,FALSE,FALSE,500,500,500,"n = 500",0.38,0.05,"outside"
"ENSG00000144559",115,0.201158323700239,0.202088084483289,-0.207062724243491,-0.22398752922147,FALSE,FALSE,500,500,500,"n = 500",0.38,0.05,"outside"
"ENSG00000054118",119,0.104314397506383,0.104083235748886,-0.0320610317992486,-0.0365712938842328,TRUE,TRUE,500,500,500,"n = 500",0.38,0.05,"C0"
"ENSG00000172339",111,0.21063331197394,0.21378024260921,-0.245848918470929,-0.268194626058362,FALSE,FALSE,500,500,500,"n = 500",0.38,0.05,"outside"
"ENSG00000213397",117,0.0800984835390741,0.0809052920496897,-0.0155424954130125,-0.0197644576850783,TRUE,TRUE,500,500,500,"n = 500",0.38,0.05,"C0"
"ENSG00000075089",103,0.173743288713832,0.174486246698073,-0.239948670500077,-0.268236453448998,FALSE,FALSE,500,500,500,"n = 500",0.38,0.05,"outside"
"ENSG00000014164",102,0.130727283556891,0.131515543124743,-0.0411382541913528,-0.0460981479598013,TRUE,TRUE,500,500,500,"n = 500",0.38,0.05,"C0"
"ENSG00000198258",120,0.290357456555045,0.286238913335007,-1.19931346795409,-1.27730325257033,FALSE,FALSE,500,500,500,"n = 500",0.38,0.05,"outside"
"ENSG00000132912",110,0.137994743004758,0.137648513918399,-0.902037891481335,-0.998519730625962,FALSE,FALSE,500,500,500,"n = 500",0.38,0.05,"outside"
"ENSG00000232838",154,0.102951107559375,0.104018422985361,-0.640835731599117,-0.650204376580869,FALSE,FALSE,500,500,500,"n = 500",0.38,0.05,"outside"
"ENSG00000166260",114,0.116894066500905,0.117961213782604,-0.243350771871429,-0.278427967877058,FALSE,FALSE,500,500,500,"n = 500",0.38,0.05,"outside"
"ENSG00000130816",102,0.162378510836414,0.160661045352786,-0.106641022617262,-0.1124573556126,FALSE,FALSE,500,500,500,"n = 500",0.38,0.05,"outside"
"ENSG00000165458",108,0.0944542792605115,0.0959760097451372,-0.0826283268737609,-0.0975741786077516,FALSE,FALSE,500,500,500,"n = 500",0.38,0.05,"outside"
"ENSG00000171314",114,0.0783776854771428,0.0783937397306775,-0.0885843372809372,-0.113978481480952,FALSE,FALSE,500,500,500,"n = 500",0.38,0.05,"outside"
"ENSG00000110851",107,0.0754459708303042,0.075263957532072,0.00270871020083472,-5.77666233188471e-06,TRUE,TRUE,500,500,500,"n = 500",0.38,0.05,"C0"
"ENSG00000148308",103,0.148077839009604,0.147969465979199,-0.0723323884556254,-0.0805975815787543,FALSE,FALSE,500,500,500,"n = 500",0.38,0.05,"outside"
"ENSG00000080603",110,0.122356335845728,0.122264801181891,-0.0406069520502933,-0.0535231957064489,TRUE,FALSE,250,250,250,"n = 250",0.23,0.05,"Cgamma"
"ENSG00000103226",115,0.119564388329456,0.119930235992021,-0.0248634142288408,-0.0382479349649749,TRUE,TRUE,250,250,250,"n = 250",0.23,0.05,"C0"
"ENSG00000069329",118,0.100143663707557,0.0996783907899842,-0.165939144567226,-0.216983319051523,FALSE,FALSE,250,250,250,"n = 250",0.23,0.05,"outside"
"ENSG00000168827",1669,0.113327785483015,0.11411095609379,-0.0200029620446279,-0.0260444641837391,TRUE,TRUE,250,250,250,"n = 250",0.23,0.05,"C0"
"ENSG00000132522",122,0.0942255164146878,0.0954313005038593,-0.0550851275122876,-0.0664326556548089,FALSE,FALSE,250,250,250,"n = 250",0.23,0.05,"outside"
"ENSG00000037637",876,0.109687252811829,0.109641781751701,-0.0280860918582364,-0.0346577614079435,TRUE,TRUE,250,250,250,"n = 250",0.23,0.05,"C0"
"ENSG00000247077",173,0.147223115925394,0.147848575476745,-0.0745157054584314,-0.0855303834126106,FALSE,FALSE,250,250,250,"n = 250",0.23,0.05,"outside"
"ENSG00000108064",3458,0.101328832124802,0.101836307163346,-0.015283450206322,-0.0241121797018069,TRUE,TRUE,250,250,250,"n = 250",0.23,0.05,"C0"
"ENSG00000108091",1051,0.104403158396312,0.104621170416571,-0.051946994595555,-0.0563944822574184,FALSE,FALSE,250,250,250,"n = 250",0.23,0.05,"outside"
"ENSG00000179988",262,0.105783350572539,0.105414390226271,-0.0496406540871173,-0.0601115998831212,TRUE,FALSE,250,250,250,"n = 250",0.23,0.05,"Cgamma"
"ENSG00000072756",347,0.490185055703121,0.490699998008337,-0.901254992621993,-0.954247111936655,FALSE,FALSE,250,250,250,"n = 250",0.23,0.05,"outside"
"ENSG00000162004",492,0.0957482821998967,0.096031046817944,-0.0239260918783086,-0.0262233308820839,TRUE,TRUE,250,250,250,"n = 250",0.23,0.05,"C0"
"ENSG00000164615",155,0.124066116454781,0.123955324121875,-0.0452692082835433,-0.0554442589724765,TRUE,FALSE,250,250,250,"n = 250",0.23,0.05,"Cgamma"
"ENSG00000125037",103,0.092830227125832,0.0928749104032529,-0.047275607650111,-0.0498580928325021,TRUE,TRUE,250,250,250,"n = 250",0.23,0.05,"C0"
"ENSG00000137100",144,0.100897377780187,0.100619511218658,-0.245325872521224,-0.283927062916473,FALSE,FALSE,250,250,250,"n = 250",0.23,0.05,"outside"
"ENSG00000123200",102,0.189401200727045,0.186941288588192,-0.878912943286957,-0.894444594288776,FALSE,FALSE,250,250,250,"n = 250",0.23,0.05,"outside"
"ENSG00000136273",222,0.0873979323921841,0.0876887340295989,-0.0283501499773519,-0.0311500953555675,TRUE,TRUE,250,250,250,"n = 250",0.23,0.05,"C0"
"ENSG00000112130",209,0.103206518101746,0.103500619373454,-0.0347888924505165,-0.0383782626117733,TRUE,TRUE,250,250,250,"n = 250",0.23,0.05,"C0"
"ENSG00000109670",197,0.0923356128877264,0.0932606774761653,-0.0541482060801273,-0.0616885583654661,FALSE,FALSE,250,250,250,"n = 250",0.23,0.05,"outside"
"ENSG00000177885",112,0.0889804755615514,0.0894160805589425,-0.0428678872950253,-0.0480269449904141,TRUE,TRUE,250,250,250,"n = 250",0.23,0.05,"C0"
"ENSG00000110203",219,0.105746129520494,0.105757369673453,-0.0324881096287138,-0.035116452936973,TRUE,TRUE,250,250,250,"n = 250",0.23,0.05,"C0"
"ENSG00000119414",1539,0.100761867966177,0.101204564647455,-0.024746234427342,-0.0334835298892237,TRUE,TRUE,250,250,250,"n = 250",0.23,0.05,"C0"
"ENSG00000197912",115,0.0900530196350165,0.0908577040970796,-0.020472912559225,-0.0228973023027466,TRUE,TRUE,250,250,250,"n = 250",0.23,0.05,"C0"
"ENSG00000105281",1877,0.0886865537042667,0.0891450518654136,-0.0113147282078954,-0.0134321420226665,TRUE,TRUE,250,250,250,"n = 250",0.23,0.05,"C0"
"ENSG00000108312",132,0.0914546829335347,0.0914920587659592,-0.0229090354196813,-0.0249632326232586,TRUE,TRUE,250,250,250,"n = 250",0.23,0.05,"C0"
"ENSG00000171862",187,0.0783227332527819,0.078709978551457,-0.0104419980546121,-0.0144894215080881,TRUE,TRUE,250,250,250,"n = 250",0.23,0.05,"C0"
"ENSG00000268043",1159,0.097085070262501,0.0971584875455637,-0.1659355668115,-0.172969426859548,FALSE,FALSE,250,250,250,"n = 250",0.23,0.05,"outside"
"ENSG00000072506",809,0.0980903300303681,0.098625290372426,-0.0251444788768525,-0.034977384313613,TRUE,TRUE,250,250,250,"n = 250",0.23,0.05,"C0"
"ENSG00000180817",128,0.106064016270249,0.104904878777259,-0.0402984596526733,-0.0649213326595354,TRUE,FALSE,250,250,250,"n = 250",0.23,0.05,"Cgamma"
"ENSG00000106682",148,0.106319453933516,0.106277032788847,-0.0372672452061985,-0.0425709575048513,TRUE,TRUE,250,250,250,"n = 250",0.23,0.05,"C0"
"ENSG00000146007",192,0.112464879408436,0.111837350920937,-1.08281659491191,-1.12720345711102,FALSE,FALSE,250,250,250,"n = 250",0.23,0.05,"outside"
"ENSG00000113141",191,0.194593648183904,0.193049635362888,-2.00703604600863,-2.04917372792736,FALSE,FALSE,250,250,250,"n = 250",0.23,0.05,"outside"
"ENSG00000176108",104,0.176772451674485,0.174080318748389,-0.597413780826009,-0.632800755776783,FALSE,FALSE,250,250,250,"n = 250",0.23,0.05,"outside"
"ENSG00000171421",1565,0.101796247150725,0.102233688032157,-0.0087742338493202,-0.0144417653993438,TRUE,TRUE,250,250,250,"n = 250",0.23,0.05,"C0"
"ENSG00000250312",400,0.0969672327740322,0.0973729062287009,-0.0154325938633186,-0.0212459386010534,TRUE,TRUE,250,250,250,"n = 250",0.23,0.05,"C0"
"ENSG00000215712",597,0.125966561446867,0.126648340802874,-0.0476872607070543,-0.0584262658292806,TRUE,FALSE,250,250,250,"n = 250",0.23,0.05,"Cgamma"
"ENSG00000168906",152,0.143711896678797,0.144366599132554,-0.0781889565797907,-0.0866760673909756,FALSE,FALSE,250,250,250,"n = 250",0.23,0.05,"outside"
"ENSG00000112118",179,0.159922729694244,0.16001013821628,-0.443860760677911,-0.498589922041278,FALSE,FALSE,250,250,250,"n = 250",0.23,0.05,"outside"
"ENSG00000169727",226,0.11972642441528,0.118786672867065,-0.669694372439712,-0.722699664860248,FALSE,FALSE,250,250,250,"n = 250",0.23,0.05,"outside"
"ENSG00000135363",268,0.120208411394485,0.120933448561723,-0.0267431557340112,-0.0365096545243427,TRUE,TRUE,250,250,250,"n = 250",0.23,0.05,"C0"
"ENSG00000090006",107,0.112027022687339,0.112555910138604,-0.256353603158159,-0.268412974880104,FALSE,FALSE,250,250,250,"n = 250",0.23,0.05,"outside"
"ENSG00000120948",1603,0.0991889418597854,0.0994708133264814,-0.203772051512988,-0.211165764201588,FALSE,FALSE,250,250,250,"n = 250",0.23,0.05,"outside"
"ENSG00000129128",128,0.15045280558916,0.15033218030307,-0.137684489682169,-0.154503611867979,FALSE,FALSE,250,250,250,"n = 250",0.23,0.05,"outside"
"ENSG00000035141",504,0.113317896601999,0.113556080304579,-0.0274202306162023,-0.0361955903271143,TRUE,TRUE,250,250,250,"n = 250",0.23,0.05,"C0"
"ENSG00000070495",183,0.112287767377069,0.112185816714004,-0.0489983156697208,-0.0546113676420696,TRUE,FALSE,250,250,250,"n = 250",0.23,0.05,"Cgamma"
"ENSG00000144401",105,0.0842928316452945,0.0846213517980371,-0.0788755547914426,-0.0925969096670309,FALSE,FALSE,250,250,250,"n = 250",0.23,0.05,"outside"
"ENSG00000141098",123,0.151372257638643,0.152778455083683,-0.191156302482321,-0.23357377290185,FALSE,FALSE,250,250,250,"n = 250",0.23,0.05,"outside"
"ENSG00000167721",145,0.12595446008557,0.126512223986486,-0.230075938400508,-0.253313839798752,FALSE,FALSE,250,250,250,"n = 250",0.23,0.05,"outside"
"ENSG00000101057",877,0.103448740416295,0.10377931494385,-0.0192713493293059,-0.0240890768420461,TRUE,TRUE,250,250,250,"n = 250",0.23,0.05,"C0"
"ENSG00000197734",292,0.598898127793267,0.589332807291641,-2.01095029382369,-2.06663644736507,FALSE,FALSE,250,250,250,"n = 250",0.23,0.05,"outside"
"ENSG00000132313",1452,0.0947957107786168,0.0953860282338509,-0.00758933081034613,-0.0124675395576902,TRUE,TRUE,250,250,250,"n = 250",0.23,0.05,"C0"
"ENSG00000171552",373,0.0880771028233257,0.088442466875331,-0.0243470059860429,-0.0273872128236804,TRUE,TRUE,250,250,250,"n = 250",0.23,0.05,"C0"
"ENSG00000130725",233,0.080505139976078,0.081018983090482,-0.0201778109691068,-0.0258386355004998,TRUE,TRUE,250,250,250,"n = 250",0.23,0.05,"C0"
"ENSG00000139697",156,0.121844973141697,0.122031584937774,-0.286343669167719,-0.295346609097166,FALSE,FALSE,250,250,250,"n = 250",0.23,0.05,"outside"
"ENSG00000119203",173,0.199964046619111,0.19882122809722,-0.639882697782681,-0.674526368652686,FALSE,FALSE,250,250,250,"n = 250",0.23,0.05,"outside"
"ENSG00000104897",136,0.273364730997101,0.272412829093275,-0.424742743321391,-0.455983305993472,FALSE,FALSE,250,250,250,"n = 250",0.23,0.05,"outside"
"ENSG00000146576",378,0.12074202590107,0.121418057902821,-0.0378431122254769,-0.047268597770013,TRUE,TRUE,250,250,250,"n = 250",0.23,0.05,"C0"
"ENSG00000182149",182,0.0967931444779211,0.0971663707668707,-0.0188532823925477,-0.0204419955335331,TRUE,TRUE,250,250,250,"n = 250",0.23,0.05,"C0"
"ENSG00000115364",108,0.0898876445850429,0.090207952347978,-0.0476201346405907,-0.0508937312382939,TRUE,FALSE,250,250,250,"n = 250",0.23,0.05,"Cgamma"
"ENSG00000131475",101,0.119773128594768,0.118232388957408,-0.0312954514341389,-0.0565881400831904,TRUE,FALSE,250,250,250,"n = 250",0.23,0.05,"Cgamma"
"ENSG00000072849",140,0.657437505036863,0.654751634863139,-2.57351521997739,-2.6330358127755,FALSE,FALSE,250,250,250,"n = 250",0.23,0.05,"outside"
"ENSG00000205571",424,0.375989693004229,0.370992290505646,-1.88416774380513,-1.93712667612495,FALSE,FALSE,250,250,250,"n = 250",0.23,0.05,"outside"
"ENSG00000134153",134,0.0837487380133523,0.0844643277081237,-0.0643054421684238,-0.0654413096916169,FALSE,FALSE,250,250,250,"n = 250",0.23,0.05,"outside"
"ENSG00000100890",151,0.0768633933749873,0.0771661218808529,-0.0120438367833849,-0.0163120942805394,TRUE,TRUE,250,250,250,"n = 250",0.23,0.05,"C0"
"ENSG00000115216",149,0.100554657684727,0.100425833912919,-0.0429131977505512,-0.0508375166377034,TRUE,FALSE,250,250,250,"n = 250",0.23,0.05,"Cgamma"
"ENSG00000100129",114,0.419537017530233,0.422221540253927,-0.410017492887006,-0.440128708662805,FALSE,FALSE,250,250,250,"n = 250",0.23,0.05,"outside"
"ENSG00000136888",124,0.118737254157148,0.119143584426426,-0.0576789120925963,-0.0657790698797196,FALSE,FALSE,250,250,250,"n = 250",0.23,0.05,"outside"
"ENSG00000184058",306,0.0927109053178044,0.0930691351796906,-0.0451596669122223,-0.0473156560893229,TRUE,TRUE,250,250,250,"n = 250",0.23,0.05,"C0"
"ENSG00000204469",147,0.0905401238109379,0.0914159376194353,-0.0788650804671149,-0.0839615259792083,FALSE,FALSE,250,250,250,"n = 250",0.23,0.05,"outside"
"ENSG00000015676",129,0.171740551105076,0.171720543970789,-0.668755540497932,-0.730492381546276,FALSE,FALSE,250,250,250,"n = 250",0.23,0.05,"outside"
"ENSG00000174780",140,0.588724252412427,0.581130987598882,-2.71006304156759,-2.76349168875484,FALSE,FALSE,250,250,250,"n = 250",0.23,0.05,"outside"
"ENSG00000101166",127,0.44962503674103,0.448850364420308,-0.968004940211438,-1.01558407987062,FALSE,FALSE,250,250,250,"n = 250",0.23,0.05,"outside"
"ENSG00000130312",159,0.133707931803426,0.133101367980257,-0.378060702218731,-0.411847827118744,FALSE,FALSE,250,250,250,"n = 250",0.23,0.05,"outside"
"ENSG00000006715",246,0.0828314560479308,0.0830440979519014,-0.0077497128687366,-0.00941935021332246,TRUE,TRUE,250,250,250,"n = 250",0.23,0.05,"C0"
"ENSG00000148396",210,0.0985687767761979,0.0986260532471347,-0.0626943055583353,-0.0709873251215712,FALSE,FALSE,250,250,250,"n = 250",0.23,0.05,"outside"
"ENSG00000140943",184,0.101885527306902,0.10247159967151,-0.0214153367953907,-0.0310536814323428,TRUE,TRUE,250,250,250,"n = 250",0.23,0.05,"C0"
"ENSG00000103363",128,0.141978874182648,0.142472649327099,-0.515996350947245,-0.531105048144816,FALSE,FALSE,250,250,250,"n = 250",0.23,0.05,"outside"
"ENSG00000108963",239,0.105932426352322,0.106555350835317,-0.0265061384683856,-0.0323115965627614,TRUE,TRUE,250,250,250,"n = 250",0.23,0.05,"C0"
"ENSG00000261236",108,0.122822877385673,0.122950976969631,-0.0725828319718039,-0.0809957274954876,FALSE,FALSE,250,250,250,"n = 250",0.23,0.05,"outside"
"ENSG00000070785",103,1.02012332285522,1.01237304703769,-3.66629533025267,-3.72988855563407,FALSE,FALSE,250,250,250,"n = 250",0.23,0.05,"outside"
"ENSG00000084463",109,0.173331723321722,0.173123745735527,-0.351324472321683,-0.388999066611081,FALSE,FALSE,250,250,250,"n = 250",0.23,0.05,"outside"
"ENSG00000197111",202,0.114795251073424,0.114150222531517,-0.0962702876585447,-0.114328562389505,FALSE,FALSE,250,250,250,"n = 250",0.23,0.05,"outside"
"ENSG00000104866",347,0.176246998107532,0.175992874914628,-0.248437674003636,-0.265636577442785,FALSE,FALSE,250,250,250,"n = 250",0.23,0.05,"outside"
"ENSG00000064102",288,0.0968317888498922,0.0971541544031895,-0.0377279117387503,-0.0417787028467283,TRUE,TRUE,250,250,250,"n = 250",0.23,0.05,"C0"
"ENSG00000124789",107,0.270747769039134,0.270563070200388,-0.460971058924624,-0.502153292243393,FALSE,FALSE,250,250,250,"n = 250",0.23,0.05,"outside"
"ENSG00000119777",687,0.104212979614253,0.104373104906296,-0.0450328352990952,-0.0527311669289194,TRUE,FALSE,250,250,250,"n = 250",0.23,0.05,"Cgamma"
"ENSG00000050820",593,0.109519008019108,0.110120410968348,-0.0247300637428171,-0.0293607733826922,TRUE,TRUE,250,250,250,"n = 250",0.23,0.05,"C0"
"ENSG00000142731",174,0.135766466573121,0.135787246697996,-0.784762128605358,-0.845589545918117,FALSE,FALSE,250,250,250,"n = 250",0.23,0.05,"outside"
"ENSG00000108559",111,0.126459287548921,0.125724006303795,-0.482740838160313,-0.528202944665803,FALSE,FALSE,250,250,250,"n = 250",0.23,0.05,"outside"
"ENSG00000182872",128,0.377929845633341,0.375159250392236,-1.08739698200615,-1.14542435733767,FALSE,FALSE,250,250,250,"n = 250",0.23,0.05,"outside"
"ENSG00000111642",109,0.143993923810093,0.145190423861245,-0.100595588714454,-0.133078383099295,FALSE,FALSE,250,250,250,"n = 250",0.23,0.05,"outside"
"ENSG00000126088",239,0.142027991458417,0.141612481785605,-0.133365752315111,-0.145812356850978,FALSE,FALSE,250,250,250,"n = 250",0.23,0.05,"outside"
"ENSG00000143952",230,0.105009625317529,0.10509132176155,-0.0515451641662783,-0.055405311573204,FALSE,FALSE,250,250,250,"n = 250",0.23,0.05,"outside"
"ENSG00000099949",207,0.0937082707191446,0.0935277103550497,-0.105097608567468,-0.115248028635181,FALSE,FALSE,250,250,250,"n = 250",0.23,0.05,"outside"
"ENSG00000064995",113,0.120827058129253,0.120012106363891,-0.545345607421127,-0.550200754654253,FALSE,FALSE,250,250,250,"n = 250",0.23,0.05,"outside"
"ENSG00000197265",265,0.289575387988069,0.295589184353291,-0.922086921568644,-0.957983099782205,FALSE,FALSE,250,250,250,"n = 250",0.23,0.05,"outside"
"ENSG00000183479",384,0.116503115928115,0.116952874240831,-0.0946563206146315,-0.114007860391585,FALSE,FALSE,250,250,250,"n = 250",0.23,0.05,"outside"
"ENSG00000149016",222,0.117784637129264,0.117554136111486,-0.170004883169198,-0.185519883865701,FALSE,FALSE,250,250,250,"n = 250",0.23,0.05,"outside"
"ENSG00000104835",108,0.0967219733073144,0.0970584126350356,-0.0677819456548438,-0.0750949485412154,FALSE,FALSE,250,250,250,"n = 250",0.23,0.05,"outside"
"ENSG00000137845",358,0.104090917012998,0.104437701350977,-0.111598989544923,-0.122421876130686,FALSE,FALSE,250,250,250,"n = 250",0.23,0.05,"outside"
"ENSG00000102710",179,0.11677310614781,0.117757183862936,-0.155993631038017,-0.170836207039657,FALSE,FALSE,250,250,250,"n = 250",0.23,0.05,"outside"
"ENSG00000108349",168,0.117500953924676,0.118150791905287,-0.0242810350685889,-0.0371989742706134,TRUE,TRUE,250,250,250,"n = 250",0.23,0.05,"C0"
"ENSG00000134809",108,0.145449219290999,0.145395378770025,-0.412484201814419,-0.446221194806059,FALSE,FALSE,250,250,250,"n = 250",0.23,0.05,"outside"
"ENSG00000175792",103,0.394071906857865,0.380118383809287,-2.70272414317031,-2.74793314600871,FALSE,FALSE,250,250,250,"n = 250",0.23,0.05,"outside"
"ENSG00000204152",343,0.903043211727836,0.901163741314056,-2.01112092222305,-2.0720456093343,FALSE,FALSE,250,250,250,"n = 250",0.23,0.05,"outside"
"ENSG00000116774",135,0.0746139969558004,0.0753487574130568,-0.0242304482051334,-0.0259379551045742,TRUE,TRUE,250,250,250,"n = 250",0.23,0.05,"C0"
"ENSG00000105258",143,0.332740910251534,0.327215500549599,-1.38917877209691,-1.42882336903753,FALSE,FALSE,250,250,250,"n = 250",0.23,0.05,"outside"
"ENSG00000092036",153,0.103057858531028,0.103098865878975,-0.479819332794784,-0.524545405672638,FALSE,FALSE,250,250,250,"n = 250",0.23,0.05,"outside"
"ENSG00000126698",138,0.110891431492908,0.110646684037436,-0.0923753549941332,-0.0995849490621051,FALSE,FALSE,250,250,250,"n = 250",0.23,0.05,"outside"
"ENSG00000069248",106,0.268827787008427,0.268035956743705,-0.746514051471765,-0.794990523731743,FALSE,FALSE,250,250,250,"n = 250",0.23,0.05,"outside"
"ENSG00000108654",197,0.0893075459754473,0.0897708426762431,-0.0423055149085737,-0.0427736819018966,TRUE,TRUE,250,250,250,"n = 250",0.23,0.05,"C0"
"ENSG00000205609",337,0.818485092854792,0.813994367840186,-3.02897267811011,-3.10835415281685,FALSE,FALSE,250,250,250,"n = 250",0.23,0.05,"outside"
"ENSG00000213523",161,0.105155748658276,0.105893487706854,-0.0681199999292818,-0.0816522522866157,FALSE,FALSE,250,250,250,"n = 250",0.23,0.05,"outside"
"ENSG00000178773",184,0.0938012627791154,0.0940233320690909,-0.045187989810292,-0.0505681359475187,TRUE,FALSE,250,250,250,"n = 250",0.23,0.05,"Cgamma"
"ENSG00000100201",154,0.11598651682977,0.116509511470924,-0.0889991537949665,-0.0955121010658375,FALSE,FALSE,250,250,250,"n = 250",0.23,0.05,"outside"
"ENSG00000182446",182,0.617989162017782,0.618076890934262,-1.76865257580903,-1.811714140975,FALSE,FALSE,250,250,250,"n = 250",0.23,0.05,"outside"
"ENSG00000079999",163,0.105111636272041,0.105732677130771,-0.0184928396290854,-0.0237465232349836,TRUE,TRUE,250,250,250,"n = 250",0.23,0.05,"C0"
"ENSG00000147050",213,0.0982792739276097,0.0985773900026235,-0.0189181220443257,-0.0253204290948415,TRUE,TRUE,250,250,250,"n = 250",0.23,0.05,"C0"
"ENSG00000242485",104,0.105564225208167,0.10547293865387,-0.0388563722889086,-0.0430044561848216,TRUE,TRUE,250,250,250,"n = 250",0.23,0.05,"C0"
"ENSG00000161203",202,0.125941587414137,0.126077769095221,-0.0683838906864647,-0.0777959433143157,FALSE,FALSE,250,250,250,"n = 250",0.23,0.05,"outside"
"ENSG00000124571",162,0.107506824181639,0.107370445323811,-0.0366548986002805,-0.0455292334171697,TRUE,TRUE,250,250,250,"n = 250",0.23,0.05,"C0"
"ENSG00000151461",104,0.123334220612067,0.12282282957531,-0.176479960164951,-0.187632669171171,FALSE,FALSE,250,250,250,"n = 250",0.23,0.05,"outside"
"ENSG00000203760",130,0.125551879017653,0.124823695430091,-0.0433766356663505,-0.0525555885759217,TRUE,FALSE,250,250,250,"n = 250",0.23,0.05,"Cgamma"
"ENSG00000204371",171,0.13742404306311,0.137359364515911,-0.228193418039085,-0.263953565661635,FALSE,FALSE,250,250,250,"n = 250",0.23,0.05,"outside"
"ENSG00000090061",273,0.106396101577648,0.106512244162809,-0.0272410457646424,-0.0332930931051214,TRUE,TRUE,250,250,250,"n = 250",0.23,0.05,"C0"
"ENSG00000134852",647,0.130113921860993,0.129598968429328,-0.100155570428535,-0.111984842853314,FALSE,FALSE,250,250,250,"n = 250",0.23,0.05,"outside"
"ENSG00000071859",116,0.181667321053337,0.178787507646336,-0.284782482477552,-0.312147231889992,FALSE,FALSE,250,250,250,"n = 250",0.23,0.05,"outside"
"ENSG00000013374",144,0.16526392425619,0.164314088143689,-0.0891512095664063,-0.119961671484098,FALSE,FALSE,250,250,250,"n = 250",0.23,0.05,"outside"
"ENSG00000164077",172,0.0732230275598778,0.0736710928043506,-0.0688926226390483,-0.0738085547357378,FALSE,FALSE,250,250,250,"n = 250",0.23,0.05,"outside"
"ENSG00000135486",133,0.100400435103249,0.101371526880895,-0.0800062994321018,-0.0932639760069696,FALSE,FALSE,250,250,250,"n = 250",0.23,0.05,"outside"
"ENSG00000164941",148,0.142779563697395,0.143934474122852,-0.532405176665247,-0.559539286619202,FALSE,FALSE,250,250,250,"n = 250",0.23,0.05,"outside"
"ENSG00000131931",150,0.41033552736369,0.400729810070328,-2.42736556325464,-2.48881668557876,FALSE,FALSE,250,250,250,"n = 250",0.23,0.05,"outside"
"ENSG00000108424",177,0.18803601712177,0.188670954582644,-0.775864617581435,-0.837273762042966,FALSE,FALSE,250,250,250,"n = 250",0.23,0.05,"outside"
"ENSG00000164902",108,0.312916557625943,0.309229051340634,-0.969669411805185,-1.00973159454172,FALSE,FALSE,250,250,250,"n = 250",0.23,0.05,"outside"
"ENSG00000105185",135,0.0998659253312241,0.0996603338828448,-0.0340906699887485,-0.0423785595807397,TRUE,TRUE,250,250,250,"n = 250",0.23,0.05,"C0"
"ENSG00000125484",889,0.108175172168237,0.108851826234806,-0.0301639842610059,-0.036349540553479,TRUE,TRUE,250,250,250,"n = 250",0.23,0.05,"C0"
"ENSG00000104517",102,0.150619614724108,0.150889749411204,-0.0685468426573998,-0.0861337369339073,FALSE,FALSE,250,250,250,"n = 250",0.23,0.05,"outside"
"ENSG00000167513",101,0.274081591610187,0.27096649964456,-1.22065149124959,-1.27803310796825,FALSE,FALSE,250,250,250,"n = 250",0.23,0.05,"outside"
"ENSG00000150776",117,0.0977945780816229,0.0983446646549837,-0.109053506188061,-0.122465140558206,FALSE,FALSE,250,250,250,"n = 250",0.23,0.05,"outside"
"ENSG00000163930",110,0.0862551630639179,0.0870063373850761,-0.0576090386034902,-0.0696707178324493,FALSE,FALSE,250,250,250,"n = 250",0.23,0.05,"outside"
"ENSG00000185838",105,0.153970537559367,0.153441257153484,-0.124358144979096,-0.145343112771815,FALSE,FALSE,250,250,250,"n = 250",0.23,0.05,"outside"
"ENSG00000124207",252,0.146639829362642,0.145874655153424,-0.687078633570633,-0.746187084369524,FALSE,FALSE,250,250,250,"n = 250",0.23,0.05,"outside"
"ENSG00000130024",124,0.0746424708555576,0.0747901246294045,-0.0533461251737227,-0.0562067346584394,FALSE,FALSE,250,250,250,"n = 250",0.23,0.05,"outside"
"ENSG00000169045",145,0.069452063224277,0.0697932447791925,-0.0325207011692048,-0.037720628212805,TRUE,TRUE,250,250,250,"n = 250",0.23,0.05,"C0"
"ENSG00000284024",104,0.124076756300977,0.124820842566857,-0.0504452822975669,-0.0637802667573653,FALSE,FALSE,250,250,250,"n = 250",0.23,0.05,"outside"
"ENSG00000187531",237,0.191072588645959,0.190158971575288,-0.888519704312724,-0.925181387062674,FALSE,FALSE,250,250,250,"n = 250",0.23,0.05,"outside"
"ENSG00000241837",135,0.0854081303734827,0.0862233889941164,-0.0111869373857322,-0.0175258465744518,TRUE,TRUE,250,250,250,"n = 250",0.23,0.05,"C0"
"ENSG00000129055",111,0.100692080089235,0.100163944537903,-0.0322331274914203,-0.0402684326358876,TRUE,TRUE,250,250,250,"n = 250",0.23,0.05,"C0"
"ENSG00000110921",422,0.101118484143189,0.101227817208411,-0.0396441903647695,-0.0445777992399768,TRUE,TRUE,250,250,250,"n = 250",0.23,0.05,"C0"
"ENSG00000133059",258,0.108551096094352,0.109173421960105,-0.0445718027771417,-0.0485663308171482,TRUE,TRUE,250,250,250,"n = 250",0.23,0.05,"C0"
"ENSG00000100209",227,0.129889776839723,0.129776525704664,-0.284885041087482,-0.317269013977454,FALSE,FALSE,250,250,250,"n = 250",0.23,0.05,"outside"
"ENSG00000117360",111,0.242117598389572,0.237121467650335,-2.39302712163597,-2.4388905333242,FALSE,FALSE,250,250,250,"n = 250",0.23,0.05,"outside"
"ENSG00000072274",299,0.0948718372546681,0.0952418267551284,-0.00744379596778922,-0.0106149314653545,TRUE,TRUE,250,250,250,"n = 250",0.23,0.05,"C0"
"ENSG00000197780",182,0.139032995838409,0.138470430318783,-0.690361665562334,-0.694938200676914,FALSE,FALSE,250,250,250,"n = 250",0.23,0.05,"outside"
"ENSG00000014123",111,0.0810498675795788,0.0809683985954035,-0.0434128977391714,-0.0468679754913077,TRUE,TRUE,250,250,250,"n = 250",0.23,0.05,"C0"
"ENSG00000076003",120,0.101957363782363,0.102665151470678,-0.610103619249456,-0.666398813318356,FALSE,FALSE,250,250,250,"n = 250",0.23,0.05,"outside"
"ENSG00000178202",768,0.103869398028597,0.104448011020108,-0.0560385597934002,-0.0604919125943139,FALSE,FALSE,250,250,250,"n = 250",0.23,0.05,"outside"
"ENSG00000109618",168,0.085060435950784,0.0854240323147649,-0.0175255794008918,-0.0220544752757324,TRUE,TRUE,250,250,250,"n = 250",0.23,0.05,"C0"
"ENSG00000162775",213,0.106781411515757,0.106858405069399,-0.176012797659871,-0.182286856135652,FALSE,FALSE,250,250,250,"n = 250",0.23,0.05,"outside"
"ENSG00000183054",381,0.0858768933551525,0.0860900388636008,-0.0118631568838332,-0.0160947325323717,TRUE,TRUE,250,250,250,"n = 250",0.23,0.05,"C0"
"ENSG00000100804",137,1.35907116896725,1.32940012774292,-7.14245021952013,-7.19299062811955,FALSE,FALSE,250,250,250,"n = 250",0.23,0.05,"outside"
"ENSG00000168872",393,0.0842083566167262,0.0845666955108625,-0.0258114596085773,-0.0309009560326093,TRUE,TRUE,250,250,250,"n = 250",0.23,0.05,"C0"
"ENSG00000169564",170,0.0946870558947248,0.0954511194221805,-0.049536006849492,-0.0551296179496073,TRUE,FALSE,250,250,250,"n = 250",0.23,0.05,"Cgamma"
"ENSG00000139350",140,0.107159867623156,0.107301853942291,-0.020152128078148,-0.0291572871157459,TRUE,TRUE,250,250,250,"n = 250",0.23,0.05,"C0"
"ENSG00000105618",144,0.28275098164368,0.278323393869905,-2.62563633454137,-2.67133252419835,FALSE,FALSE,250,250,250,"n = 250",0.23,0.05,"outside"
"ENSG00000140830",169,0.08739736813429,0.0869866375622912,-0.0322752839038079,-0.0382856575869228,TRUE,TRUE,250,250,250,"n = 250",0.23,0.05,"C0"
"ENSG00000285053",125,0.151743648261244,0.151997216299269,-0.0555923424586441,-0.0697472568357183,FALSE,FALSE,250,250,250,"n = 250",0.23,0.05,"outside"
"ENSG00000153786",388,0.148126630895223,0.149165708136169,-0.0840488772289462,-0.0899661724637631,FALSE,FALSE,250,250,250,"n = 250",0.23,0.05,"outside"
"ENSG00000131351",169,0.0941070014187985,0.0945838664558201,-0.0625703160396981,-0.0776065517885238,FALSE,FALSE,250,250,250,"n = 250",0.23,0.05,"outside"
"ENSG00000168286",144,0.0950069866976222,0.0954509941333038,-0.105469510667111,-0.112894685736997,FALSE,FALSE,250,250,250,"n = 250",0.23,0.05,"outside"
"ENSG00000153391",147,0.0984620075844023,0.0987364226363203,-0.0171051797367613,-0.0209655761324935,TRUE,TRUE,250,250,250,"n = 250",0.23,0.05,"C0"
"ENSG00000110713",102,0.173582910856483,0.172129640172666,-2.47535501200473,-2.51112726073335,FALSE,FALSE,250,250,250,"n = 250",0.23,0.05,"outside"
"ENSG00000047410",126,0.0924118703116501,0.0918520242086806,-0.052889768201365,-0.06747109362951,FALSE,FALSE,250,250,250,"n = 250",0.23,0.05,"outside"
"ENSG00000163634",146,0.124807247613507,0.125373454850831,-0.402138138015754,-0.442162789272753,FALSE,FALSE,250,250,250,"n = 250",0.23,0.05,"outside"
"ENSG00000079785",121,0.246645741732891,0.246641061728258,-0.232204142941881,-0.255513078602435,FALSE,FALSE,250,250,250,"n = 250",0.23,0.05,"outside"
"ENSG00000213638",286,0.120963450397652,0.121792428382322,-0.0230432070372652,-0.0329232946166029,TRUE,TRUE,250,250,250,"n = 250",0.23,0.05,"C0"
"ENSG00000138035",140,0.0749501848863786,0.0752393006647944,-0.0412566247429557,-0.0512164975683787,TRUE,FALSE,250,250,250,"n = 250",0.23,0.05,"Cgamma"
"ENSG00000163528",136,0.455712943866256,0.457723797665937,-0.718970487918533,-0.768031978656693,FALSE,FALSE,250,250,250,"n = 250",0.23,0.05,"outside"
"ENSG00000167985",190,0.0906617300866493,0.0908088012673066,-0.00948168723297929,-0.0133196215877904,TRUE,TRUE,250,250,250,"n = 250",0.23,0.05,"C0"
"ENSG00000103356",129,0.122958407941129,0.121941836841711,-0.0470102933421359,-0.0597184189285354,TRUE,FALSE,250,250,250,"n = 250",0.23,0.05,"Cgamma"
"ENSG00000103423",155,0.110221851573771,0.111934460698935,-0.110955400593379,-0.129052083933852,FALSE,FALSE,250,250,250,"n = 250",0.23,0.05,"outside"
"ENSG00000189366",212,0.131888289459109,0.132078313583219,-0.0306906509703771,-0.0424795459092883,TRUE,TRUE,250,250,250,"n = 250",0.23,0.05,"C0"
"ENSG00000156603",195,0.110763812308027,0.113425019749807,-0.569970450489177,-0.602705087104859,FALSE,FALSE,250,250,250,"n = 250",0.23,0.05,"outside"
"ENSG00000188986",148,0.291915543050986,0.29237682483208,-0.325663769878158,-0.346038113819292,FALSE,FALSE,250,250,250,"n = 250",0.23,0.05,"outside"
"ENSG00000116670",229,0.114530387762171,0.115113841759418,-0.0344658566887871,-0.0470197883680376,TRUE,TRUE,250,250,250,"n = 250",0.23,0.05,"C0"
"ENSG00000103061",106,0.115464014696814,0.116593618491113,-0.0733309350996321,-0.0826133256741834,FALSE,FALSE,250,250,250,"n = 250",0.23,0.05,"outside"
"ENSG00000101557",171,0.0890668877045995,0.0898468876240429,-0.0402553518886148,-0.0472020226412451,TRUE,TRUE,250,250,250,"n = 250",0.23,0.05,"C0"
"ENSG00000105656",168,0.216178977567809,0.213767682246638,-0.671306234641696,-0.723684422529587,FALSE,FALSE,250,250,250,"n = 250",0.23,0.05,"outside"
"ENSG00000157778",221,0.130729278662075,0.129070631804358,-0.339169093970234,-0.373724747542256,FALSE,FALSE,250,250,250,"n = 250",0.23,0.05,"outside"
"ENSG00000012174",151,0.115076869181631,0.115119992501448,-0.0400730735912388,-0.0424814692809142,TRUE,TRUE,250,250,250,"n = 250",0.23,0.05,"C0"
"ENSG00000083896",184,0.128391912320197,0.12850354680817,-0.687252482835826,-0.72627043052594,FALSE,FALSE,250,250,250,"n = 250",0.23,0.05,"outside"
"ENSG00000116688",211,0.112501881435027,0.112650778342061,-0.0375155980305701,-0.0441625631373769,TRUE,TRUE,250,250,250,"n = 250",0.23,0.05,"C0"
"ENSG00000176225",101,0.0978610333539818,0.0975258292045627,-0.0509241558722166,-0.0558554432131813,FALSE,FALSE,250,250,250,"n = 250",0.23,0.05,"outside"
"ENSG00000167543",141,0.150899262412539,0.151232096527103,-0.0625404777576169,-0.0771890929009221,FALSE,FALSE,250,250,250,"n = 250",0.23,0.05,"outside"
"ENSG00000112972",259,0.10546865537803,0.105605629292165,-0.0419474316861769,-0.0458687688789099,TRUE,TRUE,250,250,250,"n = 250",0.23,0.05,"C0"
"ENSG00000117751",142,0.129485522171363,0.12959227416079,-0.0762542945306443,-0.0859534317425101,FALSE,FALSE,250,250,250,"n = 250",0.23,0.05,"outside"
"ENSG00000099821",212,0.0920466992529352,0.0923669909608457,-0.122232571676438,-0.139070488065923,FALSE,FALSE,250,250,250,"n = 250",0.23,0.05,"outside"
"ENSG00000115507",127,0.102494765605551,0.102826584872756,-0.0155088551491131,-0.0196784772796968,TRUE,TRUE,250,250,250,"n = 250",0.23,0.05,"C0"
"ENSG00000169249",216,0.116263949639138,0.116932216456099,-0.0161771748068438,-0.0268882428042209,TRUE,TRUE,250,250,250,"n = 250",0.23,0.05,"C0"
"ENSG00000138614",351,0.100705102101051,0.100784347046631,-0.0527087685035227,-0.0564057062321094,FALSE,FALSE,250,250,250,"n = 250",0.23,0.05,"outside"
"ENSG00000126226",145,0.100348335917772,0.100554057334079,-0.0255827567181449,-0.0307908688708452,TRUE,TRUE,250,250,250,"n = 250",0.23,0.05,"C0"
"ENSG00000079819",125,0.0795915645226873,0.0804602357246706,-0.00472986256151879,-0.00932026067372775,TRUE,TRUE,250,250,250,"n = 250",0.23,0.05,"C0"
"ENSG00000010810",146,0.112030478880306,0.111513751824871,-0.0651467874722301,-0.0694370481576447,FALSE,FALSE,250,250,250,"n = 250",0.23,0.05,"outside"
"ENSG00000159086",138,0.100641985108116,0.100105318520248,-0.483482281835907,-0.523153233431548,FALSE,FALSE,250,250,250,"n = 250",0.23,0.05,"outside"
"ENSG00000175283",121,0.0731246813238569,0.0733693415395354,-0.0499628629359917,-0.0559911619922644,TRUE,FALSE,250,250,250,"n = 250",0.23,0.05,"Cgamma"
"ENSG00000160783",320,0.203374158523672,0.202884305980209,-0.319134193233833,-0.347357022307075,FALSE,FALSE,250,250,250,"n = 250",0.23,0.05,"outside"
"ENSG00000185591",189,0.10459725089477,0.104738372804162,-0.0381016321745784,-0.0433430325350156,TRUE,TRUE,250,250,250,"n = 250",0.23,0.05,"C0"
"ENSG00000170906",169,0.134828542109219,0.133275340774884,-0.372258650536268,-0.382358944327519,FALSE,FALSE,250,250,250,"n = 250",0.23,0.05,"outside"
"ENSG00000156162",184,0.0846353855229397,0.085452893298206,-0.0607035191357059,-0.0658896304155367,FALSE,FALSE,250,250,250,"n = 250",0.23,0.05,"outside"
"ENSG00000138231",131,0.398198787781045,0.394005709706446,-0.675274845081695,-0.708455738066001,FALSE,FALSE,250,250,250,"n = 250",0.23,0.05,"outside"
"ENSG00000185668",133,0.113714635006211,0.113083982210258,-0.836575209710507,-0.859872357901466,FALSE,FALSE,250,250,250,"n = 250",0.23,0.05,"outside"
"ENSG00000213593",137,0.102561963663974,0.104422382044732,-0.26438139510044,-0.288956131011173,FALSE,FALSE,250,250,250,"n = 250",0.23,0.05,"outside"
"ENSG00000140694",153,0.114363380928878,0.114789313632552,-0.0377780985929194,-0.0475463886129476,TRUE,TRUE,250,250,250,"n = 250",0.23,0.05,"C0"
"ENSG00000243725",124,0.0934331431041423,0.094082503686149,-0.0494150097912233,-0.053096321906526,TRUE,FALSE,250,250,250,"n = 250",0.23,0.05,"Cgamma"
"ENSG00000113312",116,0.399629025761085,0.400318279484313,-0.606000046512768,-0.644679658253735,FALSE,FALSE,250,250,250,"n = 250",0.23,0.05,"outside"
"ENSG00000182220",265,0.104059619674474,0.104494215661984,-0.0479550927907355,-0.0497970624925738,TRUE,TRUE,250,250,250,"n = 250",0.23,0.05,"C0"
"ENSG00000161654",111,0.137399568812396,0.138332700168053,-0.0730375651649348,-0.0803003166842222,FALSE,FALSE,250,250,250,"n = 250",0.23,0.05,"outside"
"ENSG00000149357",321,0.0915433872583199,0.091562749646787,-0.0374735931056826,-0.0423742526329989,TRUE,TRUE,250,250,250,"n = 250",0.23,0.05,"C0"
"ENSG00000066136",111,0.133400670992759,0.132768793532069,-0.363029390990593,-0.422329291044425,FALSE,FALSE,250,250,250,"n = 250",0.23,0.05,"outside"
"ENSG00000010292",106,0.111411679791259,0.110848317962163,-0.0859010208808402,-0.0924398518550418,FALSE,FALSE,250,250,250,"n = 250",0.23,0.05,"outside"
"ENSG00000115947",159,0.0884183496480166,0.0886156948518587,-0.00966952176037005,-0.0114348979898854,TRUE,TRUE,250,250,250,"n = 250",0.23,0.05,"C0"
"ENSG00000099991",161,0.113103709773545,0.113267705900683,-0.035024449426228,-0.049728709965848,TRUE,TRUE,250,250,250,"n = 250",0.23,0.05,"C0"
"ENSG00000166598",138,0.107945975271878,0.108548342132981,-0.0324287233038249,-0.0373184518535946,TRUE,TRUE,250,250,250,"n = 250",0.23,0.05,"C0"
"ENSG00000185651",122,0.0786771827838544,0.0794797888651278,-0.0309545381183981,-0.0408708771102367,TRUE,TRUE,250,250,250,"n = 250",0.23,0.05,"C0"
"ENSG00000100462",126,0.233492748192192,0.232626293146118,-0.370619648537081,-0.394443858426304,FALSE,FALSE,250,250,250,"n = 250",0.23,0.05,"outside"
"ENSG00000188994",129,0.10540632065089,0.105521641254169,-0.0390903403849788,-0.0401897095026055,TRUE,TRUE,250,250,250,"n = 250",0.23,0.05,"C0"
"ENSG00000275023",104,0.180118926917788,0.180949597667984,-0.534967240265459,-0.576485800977429,FALSE,FALSE,250,250,250,"n = 250",0.23,0.05,"outside"
"ENSG00000107290",121,0.133070107618621,0.133542493763544,-0.086883583298527,-0.0980690222839566,FALSE,FALSE,250,250,250,"n = 250",0.23,0.05,"outside"
"ENSG00000172757",139,0.279900575237073,0.296984631968657,-2.25055370038211,-2.25745584684525,FALSE,FALSE,250,250,250,"n = 250",0.23,0.05,"outside"
"ENSG00000004487",178,0.113431374742179,0.114115730316156,-0.0548077698782553,-0.0630091584491438,FALSE,FALSE,250,250,250,"n = 250",0.23,0.05,"outside"
"ENSG00000171159",152,0.121582678747652,0.121774573876763,-0.0434606633162902,-0.0521709370509004,TRUE,FALSE,250,250,250,"n = 250",0.23,0.05,"Cgamma"
"ENSG00000170291",101,0.201619323284372,0.203710029249554,-0.293012413017731,-0.317394530709935,FALSE,FALSE,250,250,250,"n = 250",0.23,0.05,"outside"
"ENSG00000204316",256,0.0984619721201062,0.098570767383472,-0.0333429364582755,-0.0396512891656672,TRUE,TRUE,250,250,250,"n = 250",0.23,0.05,"C0"
"ENSG00000172922",129,0.130990398487771,0.131229028769498,-0.0375635089900961,-0.0410383559884133,TRUE,TRUE,250,250,250,"n = 250",0.23,0.05,"C0"
"ENSG00000146457",351,0.134286721330806,0.134268680687652,-0.252434412031999,-0.26024164891614,FALSE,FALSE,250,250,250,"n = 250",0.23,0.05,"outside"
"ENSG00000109920",114,0.0898300878025522,0.089214706133271,-0.283621568436489,-0.317931245110219,FALSE,FALSE,250,250,250,"n = 250",0.23,0.05,"outside"
"ENSG00000185883",220,0.0936736311724612,0.093164273837673,-0.0488681228743469,-0.05356741664476,TRUE,FALSE,250,250,250,"n = 250",0.23,0.05,"Cgamma"
"ENSG00000113194",115,0.106373231940726,0.106786732183299,-0.0370940296237066,-0.0445845585236361,TRUE,TRUE,250,250,250,"n = 250",0.23,0.05,"C0"
"ENSG00000153814",226,0.103425260418184,0.103782084066357,-0.0392351616953483,-0.0446311932000168,TRUE,TRUE,250,250,250,"n = 250",0.23,0.05,"C0"
"ENSG00000092020",128,0.0770933411229864,0.077282642523909,-0.0457788052088114,-0.0518938691019545,TRUE,FALSE,250,250,250,"n = 250",0.23,0.05,"Cgamma"
"ENSG00000090905",106,0.260239232074784,0.256856724857775,-1.01302126620454,-1.07073506095734,FALSE,FALSE,250,250,250,"n = 250",0.23,0.05,"outside"
"ENSG00000134014",108,0.390811690139821,0.393691208751667,-0.728828821642227,-0.771624709574546,FALSE,FALSE,250,250,250,"n = 250",0.23,0.05,"outside"
"ENSG00000169750",127,0.578479388477467,0.567663756183543,-5.1871376345393,-5.26763340314147,FALSE,FALSE,250,250,250,"n = 250",0.23,0.05,"outside"
"ENSG00000165898",143,0.0825655734514268,0.0828361244773112,-0.0219565533522889,-0.0329926540557178,TRUE,TRUE,250,250,250,"n = 250",0.23,0.05,"C0"
"ENSG00000116809",282,0.166762141174135,0.167129962390291,-0.0827956142549335,-0.0954225367353437,FALSE,FALSE,250,250,250,"n = 250",0.23,0.05,"outside"
"ENSG00000165644",138,0.138219810477411,0.139429441171216,-0.0861926069693001,-0.0989807009277796,FALSE,FALSE,250,250,250,"n = 250",0.23,0.05,"outside"
"ENSG00000112249",118,0.168286608183591,0.166672913420663,-0.620210385412185,-0.651749577785645,FALSE,FALSE,250,250,250,"n = 250",0.23,0.05,"outside"
"ENSG00000174243",168,0.178887196351768,0.177339978314627,-1.84670788919741,-1.89075686511216,FALSE,FALSE,250,250,250,"n = 250",0.23,0.05,"outside"
"ENSG00000250067",237,0.102431314506025,0.102140229781288,-0.0328953698060724,-0.0359357654603514,TRUE,TRUE,250,250,250,"n = 250",0.23,0.05,"C0"
"ENSG00000168118",176,0.193731468159414,0.194122875731323,-0.184180542934029,-0.201268028304175,FALSE,FALSE,250,250,250,"n = 250",0.23,0.05,"outside"
"ENSG00000152382",138,0.0965109961063065,0.096402256771618,-0.0828511399730998,-0.0947137978111377,FALSE,FALSE,250,250,250,"n = 250",0.23,0.05,"outside"
"ENSG00000063046",380,0.106144603031673,0.106318484241753,-0.0783211542435852,-0.0896363665650068,FALSE,FALSE,250,250,250,"n = 250",0.23,0.05,"outside"
"ENSG00000130640",154,0.156410499866073,0.156624687966523,-0.526934474154434,-0.570081195448153,FALSE,FALSE,250,250,250,"n = 250",0.23,0.05,"outside"
"ENSG00000101158",111,0.39973773423491,0.400270603065227,-0.384977788912332,-0.405584720320998,FALSE,FALSE,250,250,250,"n = 250",0.23,0.05,"outside"
"ENSG00000189091",146,0.388761996338115,0.385758021038512,-1.69559583910376,-1.7566885593874,FALSE,FALSE,250,250,250,"n = 250",0.23,0.05,"outside"
"ENSG00000110172",142,0.10234423708053,0.102438308015356,-0.0839131537247815,-0.0901045808955904,FALSE,FALSE,250,250,250,"n = 250",0.23,0.05,"outside"
"ENSG00000165819",212,0.0910830802578528,0.091363967444183,-0.377045727075027,-0.384610415645102,FALSE,FALSE,250,250,250,"n = 250",0.23,0.05,"outside"
"ENSG00000137955",105,0.691406340443188,0.683041615686718,-3.04997956240691,-3.11049983574716,FALSE,FALSE,250,250,250,"n = 250",0.23,0.05,"outside"
"ENSG00000132294",214,0.106651614725944,0.107283984901338,-0.0157393441270867,-0.0245790266150014,TRUE,TRUE,250,250,250,"n = 250",0.23,0.05,"C0"
"ENSG00000132463",122,0.122409208239642,0.122212800038895,-0.0725542098755192,-0.0762713305586296,FALSE,FALSE,250,250,250,"n = 250",0.23,0.05,"outside"
"ENSG00000132153",105,0.110720252420345,0.111625143018421,-0.0432443882195003,-0.0510131181401719,TRUE,FALSE,250,250,250,"n = 250",0.23,0.05,"Cgamma"
"ENSG00000071243",133,0.125749622764206,0.126370263292762,-0.0986234128527757,-0.104652154519921,FALSE,FALSE,250,250,250,"n = 250",0.23,0.05,"outside"
"ENSG00000089639",140,0.113011698704543,0.114145300166997,-0.115500151604873,-0.124779252908215,FALSE,FALSE,250,250,250,"n = 250",0.23,0.05,"outside"
"ENSG00000060688",217,0.0888976755961921,0.0891569397831583,-0.0288092638036702,-0.0347638734288348,TRUE,TRUE,250,250,250,"n = 250",0.23,0.05,"C0"
"ENSG00000116455",105,0.154889410936359,0.154563765914864,-0.0934393890236993,-0.112197856355801,FALSE,FALSE,250,250,250,"n = 250",0.23,0.05,"outside"
"ENSG00000089159",128,0.108000408457373,0.10947541833678,-0.0743374487286349,-0.0827751724974836,FALSE,FALSE,250,250,250,"n = 250",0.23,0.05,"outside"
"ENSG00000134265",224,0.113666929506773,0.113745145593957,-0.0619989857148675,-0.0697681935204668,FALSE,FALSE,250,250,250,"n = 250",0.23,0.05,"outside"
"ENSG00000092203",160,0.14817832865148,0.149392228456724,-0.0820849271669438,-0.0934349425408952,FALSE,FALSE,250,250,250,"n = 250",0.23,0.05,"outside"
"ENSG00000100084",221,0.13498631143769,0.13583108484718,-0.0632855444978359,-0.0696823652022365,FALSE,FALSE,250,250,250,"n = 250",0.23,0.05,"outside"
"ENSG00000137267",149,0.120704639327144,0.120827142614925,-0.058208319741348,-0.061299154370118,FALSE,FALSE,250,250,250,"n = 250",0.23,0.05,"outside"
"ENSG00000115875",145,0.145338181143374,0.146711010831216,-0.479652520519812,-0.526424787145476,FALSE,FALSE,250,250,250,"n = 250",0.23,0.05,"outside"
"ENSG00000160193",140,0.124378552534098,0.125050363233829,-0.0401386070421597,-0.0491157840542908,TRUE,TRUE,250,250,250,"n = 250",0.23,0.05,"C0"
"ENSG00000196230",249,0.101239969336121,0.101529766573134,-0.046831117303385,-0.050511274459382,TRUE,FALSE,250,250,250,"n = 250",0.23,0.05,"Cgamma"
"ENSG00000124193",148,0.118449599192184,0.118783062624854,-0.0561140238783056,-0.0660941189404151,FALSE,FALSE,250,250,250,"n = 250",0.23,0.05,"outside"
"ENSG00000145191",114,1.03366733255649,1.02569851564465,-3.66625051116282,-3.73203085432103,FALSE,FALSE,250,250,250,"n = 250",0.23,0.05,"outside"
"ENSG00000129932",118,0.096440155809913,0.096541072650719,-0.0488132109202621,-0.0535569553529958,TRUE,FALSE,250,250,250,"n = 250",0.23,0.05,"Cgamma"
"ENSG00000118420",143,0.140447681826545,0.140695727052145,-0.0899636260071945,-0.103263213788573,FALSE,FALSE,250,250,250,"n = 250",0.23,0.05,"outside"
"ENSG00000204209",111,0.0763565419242151,0.0768041152410153,-0.0259245662815275,-0.0339640040259048,TRUE,TRUE,250,250,250,"n = 250",0.23,0.05,"C0"
"ENSG00000110321",155,0.343086978340279,0.345704711367299,-0.490960309535235,-0.521228372453545,FALSE,FALSE,250,250,250,"n = 250",0.23,0.05,"outside"
"ENSG00000121350",130,0.482458846831988,0.481067443856562,-0.657420392957641,-0.693883344159103,FALSE,FALSE,250,250,250,"n = 250",0.23,0.05,"outside"
"ENSG00000162601",106,0.101072286165693,0.100969003314237,-0.125065895182276,-0.133485326365628,FALSE,FALSE,250,250,250,"n = 250",0.23,0.05,"outside"
"ENSG00000070366",123,0.113323405249982,0.11349555499569,-0.0881696290396097,-0.0964957948668863,FALSE,FALSE,250,250,250,"n = 250",0.23,0.05,"outside"
"ENSG00000111300",139,0.135410617242552,0.136604922022893,-0.162905185443976,-0.181286926467847,FALSE,FALSE,250,250,250,"n = 250",0.23,0.05,"outside"
"ENSG00000154229",107,0.151667694543854,0.151860427592543,-0.143524071317898,-0.163206484409525,FALSE,FALSE,250,250,250,"n = 250",0.23,0.05,"outside"
"ENSG00000108423",123,0.121161213418325,0.121610379821143,-0.039198812683449,-0.0439669480463546,TRUE,TRUE,250,250,250,"n = 250",0.23,0.05,"C0"
"ENSG00000117410",107,0.0909844521821144,0.091964547045321,-0.0877609481381105,-0.0959170553257778,FALSE,FALSE,250,250,250,"n = 250",0.23,0.05,"outside"
"ENSG00000139977",134,0.102447072067431,0.102743180086012,-0.0127586061162764,-0.0183693658042614,TRUE,TRUE,250,250,250,"n = 250",0.23,0.05,"C0"
"ENSG00000185246",183,0.095175023873537,0.0960566915717078,-0.0107846104763376,-0.0159124550463689,TRUE,TRUE,250,250,250,"n = 250",0.23,0.05,"C0"
"ENSG00000164975",120,0.246001133517825,0.24302241041115,-0.752437868722421,-0.788483482212603,FALSE,FALSE,250,250,250,"n = 250",0.23,0.05,"outside"
"ENSG00000241370",124,0.209357475945966,0.209304289393809,-0.358534821418073,-0.397421034446675,FALSE,FALSE,250,250,250,"n = 250",0.23,0.05,"outside"
"ENSG00000105732",154,0.0842707756967392,0.0851002566165648,-0.0335183664620993,-0.0440259136291963,TRUE,TRUE,250,250,250,"n = 250",0.23,0.05,"C0"
"ENSG00000101972",110,0.159501084917528,0.16038176332166,-0.0529442665228694,-0.0681743257321408,FALSE,FALSE,250,250,250,"n = 250",0.23,0.05,"outside"
"ENSG00000198176",164,0.0798876775775732,0.0798950140213648,-0.0230847571985349,-0.0276742011238263,TRUE,TRUE,250,250,250,"n = 250",0.23,0.05,"C0"
"ENSG00000152253",473,0.42180964903223,0.419752255487229,-1.0853835105085,-1.13531445385443,FALSE,FALSE,250,250,250,"n = 250",0.23,0.05,"outside"
"ENSG00000110700",121,0.255565024309821,0.251527146424712,-2.84864394019171,-2.86164225593503,FALSE,FALSE,250,250,250,"n = 250",0.23,0.05,"outside"
"ENSG00000087302",192,0.28902152781124,0.288310400251684,-0.355621488392427,-0.385861638341558,FALSE,FALSE,250,250,250,"n = 250",0.23,0.05,"outside"
"ENSG00000111707",127,0.238257273082785,0.240104681855074,-0.451497769683315,-0.474020575945653,FALSE,FALSE,250,250,250,"n = 250",0.23,0.05,"outside"
"ENSG00000168917",387,0.099673651434687,0.0999248218946668,-0.0229774110725906,-0.0306572268725016,TRUE,TRUE,250,250,250,"n = 250",0.23,0.05,"C0"
"ENSG00000198841",130,0.191812636834665,0.193883536295777,-0.224844185334681,-0.250632246098646,FALSE,FALSE,250,250,250,"n = 250",0.23,0.05,"outside"
"ENSG00000146282",132,0.0944532521068147,0.0948195521844174,-0.0548168606703959,-0.0563625468646366,FALSE,FALSE,250,250,250,"n = 250",0.23,0.05,"outside"
"ENSG00000172613",149,0.0769358300773924,0.0772830399249458,-0.0317257031477808,-0.036713676008632,TRUE,TRUE,250,250,250,"n = 250",0.23,0.05,"C0"
"ENSG00000187961",117,0.100770833389747,0.101093209905581,-0.0758568680006094,-0.0816656961870889,FALSE,FALSE,250,250,250,"n = 250",0.23,0.05,"outside"
"ENSG00000105819",145,0.538037116741961,0.538663692262972,-1.03973671338564,-1.08597749683883,FALSE,FALSE,250,250,250,"n = 250",0.23,0.05,"outside"
"ENSG00000164654",130,0.103858451703596,0.102879873023361,-0.0835752269803078,-0.0970894189183628,FALSE,FALSE,250,250,250,"n = 250",0.23,0.05,"outside"
"ENSG00000168924",153,0.251016020846394,0.253370626164613,-0.275187963151552,-0.299917140917064,FALSE,FALSE,250,250,250,"n = 250",0.23,0.05,"outside"
"ENSG00000160075",226,0.714018657060376,0.720823193281084,-1.62730797039453,-1.65960920695224,FALSE,FALSE,250,250,250,"n = 250",0.23,0.05,"outside"
"ENSG00000103187",108,0.0952179529388833,0.0957907585231797,-0.0363938082728452,-0.0448019208387244,TRUE,TRUE,250,250,250,"n = 250",0.23,0.05,"C0"
"ENSG00000163754",284,0.116716384273248,0.116887886816526,-0.75952219181795,-0.769137353458019,FALSE,FALSE,250,250,250,"n = 250",0.23,0.05,"outside"
"ENSG00000171453",177,0.123839329781769,0.124407532235331,-0.0675632772639753,-0.0784252429413046,FALSE,FALSE,250,250,250,"n = 250",0.23,0.05,"outside"
"ENSG00000147416",158,0.132079357813933,0.132366431333915,-0.103343817438673,-0.116255655963064,FALSE,FALSE,250,250,250,"n = 250",0.23,0.05,"outside"
"ENSG00000100949",189,0.366101755585525,0.35986205056351,-1.96203242271171,-2.02138020997724,FALSE,FALSE,250,250,250,"n = 250",0.23,0.05,"outside"
"ENSG00000198356",161,0.104133173350603,0.104081342671934,-0.0513296807350493,-0.0580549880962364,FALSE,FALSE,250,250,250,"n = 250",0.23,0.05,"outside"
"ENSG00000213465",193,0.118339579436217,0.119193209169413,-0.036779594497134,-0.0398333608585045,TRUE,TRUE,250,250,250,"n = 250",0.23,0.05,"C0"
"ENSG00000241468",223,0.119716161985103,0.120435218812261,-0.0330397915120009,-0.0377391540852034,TRUE,TRUE,250,250,250,"n = 250",0.23,0.05,"C0"
"ENSG00000167578",229,0.10173396447522,0.101773921815407,-0.0171442064096987,-0.0199535654117059,TRUE,TRUE,250,250,250,"n = 250",0.23,0.05,"C0"
"ENSG00000075856",233,0.164427399014088,0.162455852028125,-1.23435774592898,-1.27218689151892,FALSE,FALSE,250,250,250,"n = 250",0.23,0.05,"outside"
"ENSG00000188186",122,0.0837401639557413,0.0837895599470093,-0.0238354123448885,-0.0283371760031232,TRUE,TRUE,250,250,250,"n = 250",0.23,0.05,"C0"
"ENSG00000131462",134,0.1041557568257,0.105039478563773,-0.071048015440203,-0.0798048910600775,FALSE,FALSE,250,250,250,"n = 250",0.23,0.05,"outside"
"ENSG00000071553",174,0.116293857529581,0.116330049506367,-0.0641853993789475,-0.0718073160578795,FALSE,FALSE,250,250,250,"n = 250",0.23,0.05,"outside"
"ENSG00000171848",191,0.120083536731635,0.119227220820892,-0.497475496113087,-0.551531942769262,FALSE,FALSE,250,250,250,"n = 250",0.23,0.05,"outside"
"ENSG00000258366",305,0.109329144371413,0.109395456396969,-0.0659759770093904,-0.0731092079739033,FALSE,FALSE,250,250,250,"n = 250",0.23,0.05,"outside"
"ENSG00000170545",170,0.105075817471622,0.105092502637801,-0.0305622275320633,-0.0367928496941468,TRUE,TRUE,250,250,250,"n = 250",0.23,0.05,"C0"
"ENSG00000104859",332,0.0868535647990535,0.087342331763089,-0.0198864197153337,-0.0220222962773626,TRUE,TRUE,250,250,250,"n = 250",0.23,0.05,"C0"
"ENSG00000155115",131,0.150327059381057,0.150879916051329,-0.049633338867633,-0.0663260297289587,TRUE,FALSE,250,250,250,"n = 250",0.23,0.05,"Cgamma"
"ENSG00000105419",114,0.215332005046706,0.214070870632165,-1.18528834115988,-1.20193327089023,FALSE,FALSE,250,250,250,"n = 250",0.23,0.05,"outside"
"ENSG00000177889",103,0.122490592018691,0.122749788096488,-0.0988264715698483,-0.101975414561712,FALSE,FALSE,250,250,250,"n = 250",0.23,0.05,"outside"
"ENSG00000156990",111,0.0858760974442874,0.0853179024455993,-0.0877083910498292,-0.102939058333059,FALSE,FALSE,250,250,250,"n = 250",0.23,0.05,"outside"
"ENSG00000116580",107,0.147306631041923,0.147873496409392,-0.177431271428122,-0.190937345663546,FALSE,FALSE,250,250,250,"n = 250",0.23,0.05,"outside"
"ENSG00000056097",116,0.130492167716598,0.1296314964132,-0.294501151231846,-0.318432530024433,FALSE,FALSE,250,250,250,"n = 250",0.23,0.05,"outside"
"ENSG00000135040",308,0.109220660737535,0.109592014509689,-0.0320333744358509,-0.0416320590561359,TRUE,TRUE,250,250,250,"n = 250",0.23,0.05,"C0"
"ENSG00000167522",149,0.0857283222891078,0.0862235759489532,-0.0929559885544028,-0.117460897491317,FALSE,FALSE,250,250,250,"n = 250",0.23,0.05,"outside"
"ENSG00000170348",160,0.0775646889107211,0.0773179734400786,-0.0495593715641481,-0.0592752462370697,TRUE,FALSE,250,250,250,"n = 250",0.23,0.05,"Cgamma"
"ENSG00000123374",204,0.102552750650206,0.102421717352421,-0.0524757123365892,-0.0564379373621465,FALSE,FALSE,250,250,250,"n = 250",0.23,0.05,"outside"
"ENSG00000276043",103,0.11475404693728,0.115165769400865,-0.0505761048456994,-0.0674863501703684,FALSE,FALSE,250,250,250,"n = 250",0.23,0.05,"outside"
"ENSG00000125971",125,0.183916757458326,0.184448961869472,-0.293107946303397,-0.325954773759389,FALSE,FALSE,250,250,250,"n = 250",0.23,0.05,"outside"
"ENSG00000111667",126,0.0920539507974149,0.0936045598814665,-0.377934564378944,-0.420389133515079,FALSE,FALSE,250,250,250,"n = 250",0.23,0.05,"outside"
"ENSG00000163166",106,0.0785548555367178,0.0787081059155179,-0.163907079997612,-0.175809402929132,FALSE,FALSE,250,250,250,"n = 250",0.23,0.05,"outside"
"ENSG00000156467",102,0.195898184230896,0.196380538074635,-0.0998696726524643,-0.120192983122072,FALSE,FALSE,250,250,250,"n = 250",0.23,0.05,"outside"
"ENSG00000085415",124,0.137342342705764,0.136345925680518,-0.535957465485711,-0.574703380717478,FALSE,FALSE,250,250,250,"n = 250",0.23,0.05,"outside"
"ENSG00000126261",139,0.157509084715439,0.156461220726573,-0.271057941160388,-0.292836288517049,FALSE,FALSE,250,250,250,"n = 250",0.23,0.05,"outside"
"ENSG00000106263",109,0.915032411357673,0.911169834459835,-4.52677913290639,-4.61027323740536,FALSE,FALSE,250,250,250,"n = 250",0.23,0.05,"outside"
"ENSG00000264364",212,0.115530349343547,0.115878259873345,-0.0295587434876898,-0.0391552612246628,TRUE,TRUE,250,250,250,"n = 250",0.23,0.05,"C0"
"ENSG00000257949",127,0.0991068663439337,0.0994634405570776,-0.0671994262002559,-0.071425547142398,FALSE,FALSE,250,250,250,"n = 250",0.23,0.05,"outside"
"ENSG00000164032",264,0.0936858147279368,0.0940681093282371,-0.0242740024063912,-0.037940230044817,TRUE,TRUE,250,250,250,"n = 250",0.23,0.05,"C0"
"ENSG00000197136",171,0.102870491079122,0.103123311679594,-0.0285129289611176,-0.0319213518387484,TRUE,TRUE,250,250,250,"n = 250",0.23,0.05,"C0"
"ENSG00000173757",173,0.132553065287082,0.133165501664936,-0.0303283740064666,-0.037101010105102,TRUE,TRUE,250,250,250,"n = 250",0.23,0.05,"C0"
"ENSG00000060339",103,0.114069305593599,0.114071635192879,-0.0429041248396336,-0.0604521974607463,TRUE,FALSE,250,250,250,"n = 250",0.23,0.05,"Cgamma"
"ENSG00000127586",118,0.118906116697506,0.119339959627603,-0.0481613469890303,-0.0537466960402127,TRUE,FALSE,250,250,250,"n = 250",0.23,0.05,"Cgamma"
"ENSG00000111711",140,0.190988611251612,0.190084196987706,-0.298160545426727,-0.327417027784584,FALSE,FALSE,250,250,250,"n = 250",0.23,0.05,"outside"
"ENSG00000105568",215,0.117663134079329,0.117891017036218,-0.0870726718181533,-0.103763023589831,FALSE,FALSE,250,250,250,"n = 250",0.23,0.05,"outside"
"ENSG00000162385",113,0.0968219659150346,0.0972048265710377,-0.0524965706352986,-0.0558231704039334,FALSE,FALSE,250,250,250,"n = 250",0.23,0.05,"outside"
"ENSG00000169375",126,0.143876225219965,0.144483632426877,-0.077982140254305,-0.0844292038828391,FALSE,FALSE,250,250,250,"n = 250",0.23,0.05,"outside"
"ENSG00000107959",130,0.125861313063131,0.127128587136679,-0.105663176665694,-0.111032799763625,FALSE,FALSE,250,250,250,"n = 250",0.23,0.05,"outside"
"ENSG00000125691",101,0.254727919960431,0.250682802132704,-2.36716525976356,-2.39023131073436,FALSE,FALSE,250,250,250,"n = 250",0.23,0.05,"outside"
"ENSG00000198952",462,0.170593370995045,0.168937798096287,-0.200869919532732,-0.222882892502405,FALSE,FALSE,250,250,250,"n = 250",0.23,0.05,"outside"
"ENSG00000198700",106,0.115358985079111,0.115626841174725,-0.0345362326822924,-0.0498038737138479,TRUE,TRUE,250,250,250,"n = 250",0.23,0.05,"C0"
"ENSG00000101138",113,0.133972278007479,0.134886820843732,-0.668440176096877,-0.71678700253532,FALSE,FALSE,250,250,250,"n = 250",0.23,0.05,"outside"
"ENSG00000144736",149,0.167022063830544,0.167671270392941,-0.191367996717284,-0.228408098435065,FALSE,FALSE,250,250,250,"n = 250",0.23,0.05,"outside"
"ENSG00000071655",187,0.0752131405385228,0.076123234489554,-0.0372191420014943,-0.0436528658277344,TRUE,TRUE,250,250,250,"n = 250",0.23,0.05,"C0"
"ENSG00000058804",109,0.146213116686391,0.145947909826715,-0.141331325592619,-0.146674193035699,FALSE,FALSE,250,250,250,"n = 250",0.23,0.05,"outside"
"ENSG00000162337",104,0.118615855287488,0.11891408033167,-0.0360768883507773,-0.0501705491233759,TRUE,FALSE,250,250,250,"n = 250",0.23,0.05,"Cgamma"
"ENSG00000180198",169,0.106796524011824,0.107277258973963,-0.276767441752849,-0.293764971453425,FALSE,FALSE,250,250,250,"n = 250",0.23,0.05,"outside"
"ENSG00000143742",139,0.16604425563839,0.167780191151059,-0.536220413215344,-0.570815850229658,FALSE,FALSE,250,250,250,"n = 250",0.23,0.05,"outside"
"ENSG00000116698",143,0.101246448874472,0.101841995198225,-0.0474508238282237,-0.0534643524947631,TRUE,FALSE,250,250,250,"n = 250",0.23,0.05,"Cgamma"
"ENSG00000203485",115,0.100424448131029,0.101307997405412,-0.179415245811033,-0.186479615473835,FALSE,FALSE,250,250,250,"n = 250",0.23,0.05,"outside"
"ENSG00000156970",102,0.162541751973708,0.164138485951574,-0.231140125098452,-0.252249902170638,FALSE,FALSE,250,250,250,"n = 250",0.23,0.05,"outside"
"ENSG00000130856",101,0.139783271449981,0.139392680461667,-0.18693934653956,-0.210773218138345,FALSE,FALSE,250,250,250,"n = 250",0.23,0.05,"outside"
"ENSG00000124486",113,0.183392100074261,0.184546665618157,-0.266099867301403,-0.285563911965014,FALSE,FALSE,250,250,250,"n = 250",0.23,0.05,"outside"
"ENSG00000175054",158,0.18847690707461,0.186752638627732,-0.79120113132842,-0.827024766862208,FALSE,FALSE,250,250,250,"n = 250",0.23,0.05,"outside"
"ENSG00000130165",150,0.10156892335736,0.102026316164349,-0.181333698370065,-0.191364337815962,FALSE,FALSE,250,250,250,"n = 250",0.23,0.05,"outside"
"ENSG00000112237",122,0.0756943132949177,0.0764143012921531,-0.111731578764447,-0.127525457407784,FALSE,FALSE,250,250,250,"n = 250",0.23,0.05,"outside"
"ENSG00000123416",197,0.0858780568798743,0.0864919475080776,-0.0308507275380479,-0.0356356162699297,TRUE,TRUE,250,250,250,"n = 250",0.23,0.05,"C0"
"ENSG00000144867",181,0.172905887112364,0.172035235114321,-0.28030146237371,-0.303979119055272,FALSE,FALSE,250,250,250,"n = 250",0.23,0.05,"outside"
"ENSG00000089195",114,0.188970108147439,0.189746733983395,-0.149908054439009,-0.175681512404167,FALSE,FALSE,250,250,250,"n = 250",0.23,0.05,"outside"
"ENSG00000160678",112,0.0989772263197425,0.0992948203097165,-0.0927912451077809,-0.128822040465314,FALSE,FALSE,250,250,250,"n = 250",0.23,0.05,"outside"
"ENSG00000174437",135,0.334124104956045,0.335055354426933,-0.666295714160132,-0.706471929308189,FALSE,FALSE,250,250,250,"n = 250",0.23,0.05,"outside"
"ENSG00000111581",138,0.181605467402791,0.180272468405095,-1.27786062433103,-1.33332825122478,FALSE,FALSE,250,250,250,"n = 250",0.23,0.05,"outside"
"ENSG00000170322",148,0.0964121124183834,0.0958868129046253,-0.0334761683883839,-0.0458772221980811,TRUE,TRUE,250,250,250,"n = 250",0.23,0.05,"C0"
"ENSG00000155827",147,0.197124477625182,0.19739139038682,-0.315054444889515,-0.349135957425728,FALSE,FALSE,250,250,250,"n = 250",0.23,0.05,"outside"
"ENSG00000188529",111,0.166939096286106,0.16638160194478,-0.0781643555809442,-0.0954538145852764,FALSE,FALSE,250,250,250,"n = 250",0.23,0.05,"outside"
"ENSG00000162396",292,0.111732699724052,0.112501687725066,-0.0199911104235602,-0.0292882486179772,TRUE,TRUE,250,250,250,"n = 250",0.23,0.05,"C0"
"ENSG00000276234",117,0.0803053051128364,0.08028481089823,-0.538297240118021,-0.547604916355376,FALSE,FALSE,250,250,250,"n = 250",0.23,0.05,"outside"
"ENSG00000029364",115,0.0976289164956856,0.098510740223443,-0.0468701844183987,-0.049909118356116,TRUE,TRUE,250,250,250,"n = 250",0.23,0.05,"C0"
"ENSG00000147604",116,0.460926507877415,0.441365049168279,-3.08776743366889,-3.10779932997691,FALSE,FALSE,250,250,250,"n = 250",0.23,0.05,"outside"
"ENSG00000175550",139,0.103233718070547,0.102642070333429,-0.188288984647089,-0.20099385087486,FALSE,FALSE,250,250,250,"n = 250",0.23,0.05,"outside"
"ENSG00000255529",172,0.0869100380651908,0.0868301926048331,-0.239525924533986,-0.25817418635172,FALSE,FALSE,250,250,250,"n = 250",0.23,0.05,"outside"
"ENSG00000164815",112,0.0694556303877513,0.069483114537193,-0.0628450201749386,-0.0678998283489145,FALSE,FALSE,250,250,250,"n = 250",0.23,0.05,"outside"
"ENSG00000099956",103,0.109500310978808,0.109738550562076,-0.0806645992880492,-0.0891406712186825,FALSE,FALSE,250,250,250,"n = 250",0.23,0.05,"outside"
"ENSG00000168538",230,0.421942726434147,0.412371545635138,-3.10560228493426,-3.17918426805133,FALSE,FALSE,250,250,250,"n = 250",0.23,0.05,"outside"
"ENSG00000082068",132,0.341357676590254,0.340299445784751,-0.60193044115623,-0.636003625544223,FALSE,FALSE,250,250,250,"n = 250",0.23,0.05,"outside"
"ENSG00000138785",134,0.0749362134202457,0.0751610351579755,-0.062732022490078,-0.0744706935695592,FALSE,FALSE,250,250,250,"n = 250",0.23,0.05,"outside"
"ENSG00000058063",121,0.122204426761435,0.121901366391278,-0.339772759954416,-0.375103433456446,FALSE,FALSE,250,250,250,"n = 250",0.23,0.05,"outside"
"ENSG00000102144",110,0.103804850916981,0.104098168931301,-0.0681913031505723,-0.0774050640942726,FALSE,FALSE,250,250,250,"n = 250",0.23,0.05,"outside"
"ENSG00000108518",122,0.125559388538444,0.127570997621209,-1.48276537257,-1.4941937055638,FALSE,FALSE,250,250,250,"n = 250",0.23,0.05,"outside"
"ENSG00000144034",126,0.616850936981889,0.603077716812262,-1.26410080836352,-1.28823942756853,FALSE,FALSE,250,250,250,"n = 250",0.23,0.05,"outside"
"ENSG00000181029",101,0.381928050716271,0.373254503967316,-2.85196156366303,-2.92545081758594,FALSE,FALSE,250,250,250,"n = 250",0.23,0.05,"outside"
"ENSG00000119718",147,0.930587847339997,0.924030158208172,-2.94859986785395,-3.01422826435035,FALSE,FALSE,250,250,250,"n = 250",0.23,0.05,"outside"
"ENSG00000099800",117,0.219346350150307,0.219020414350733,-0.194905808905472,-0.220925302264921,FALSE,FALSE,250,250,250,"n = 250",0.23,0.05,"outside"
"ENSG00000123485",116,0.110407397266421,0.111015965618554,-0.0729456801914086,-0.0860147201084513,FALSE,FALSE,250,250,250,"n = 250",0.23,0.05,"outside"
"ENSG00000065526",104,0.0687786325994025,0.068773311936149,-0.0404133215285013,-0.044493393145499,TRUE,TRUE,250,250,250,"n = 250",0.23,0.05,"C0"
"ENSG00000143379",121,0.133357379873746,0.133824395444941,-0.0803569552586714,-0.0899002272755908,FALSE,FALSE,250,250,250,"n = 250",0.23,0.05,"outside"
"ENSG00000100216",103,0.267816930695013,0.269450846279486,-0.44633365306831,-0.481340759767771,FALSE,FALSE,250,250,250,"n = 250",0.23,0.05,"outside"
"ENSG00000144559",115,0.201415002749236,0.202938731886328,-0.211459088714047,-0.237251259812293,FALSE,FALSE,250,250,250,"n = 250",0.23,0.05,"outside"
"ENSG00000054118",119,0.104372062007842,0.104959328207173,-0.0326537873045526,-0.0349379804207709,TRUE,TRUE,250,250,250,"n = 250",0.23,0.05,"C0"
"ENSG00000172339",111,0.222757786030978,0.223638786278339,-0.262824278004422,-0.288962718337838,FALSE,FALSE,250,250,250,"n = 250",0.23,0.05,"outside"
"ENSG00000213397",117,0.0831403769783541,0.0840014879864821,-0.0261594714531038,-0.0309660924518288,TRUE,TRUE,250,250,250,"n = 250",0.23,0.05,"C0"
"ENSG00000075089",103,0.159026527559993,0.159215820581142,-0.223467042281739,-0.254685512149807,FALSE,FALSE,250,250,250,"n = 250",0.23,0.05,"outside"
"ENSG00000014164",102,0.133126135539545,0.133742270799998,-0.0293745191539777,-0.0459851599749847,TRUE,TRUE,250,250,250,"n = 250",0.23,0.05,"C0"
"ENSG00000198258",120,0.327292887121223,0.323960742966129,-1.19243693830441,-1.2446128035251,FALSE,FALSE,250,250,250,"n = 250",0.23,0.05,"outside"
"ENSG00000132912",110,0.142038718591944,0.14121097404942,-0.835551051939856,-0.899640553258804,FALSE,FALSE,250,250,250,"n = 250",0.23,0.05,"outside"
"ENSG00000232838",154,0.104719291218011,0.10511638228716,-0.639686008708802,-0.645553099570433,FALSE,FALSE,250,250,250,"n = 250",0.23,0.05,"outside"
"ENSG00000166260",114,0.129244200278583,0.128723483574207,-0.220389669095798,-0.237456780830285,FALSE,FALSE,250,250,250,"n = 250",0.23,0.05,"outside"
"ENSG00000130816",102,0.169430817605927,0.168591517540986,-0.112044302973156,-0.123197898916074,FALSE,FALSE,250,250,250,"n = 250",0.23,0.05,"outside"
"ENSG00000165458",108,0.0957195323881319,0.0967932597003393,-0.0870173798640475,-0.0950827019864862,FALSE,FALSE,250,250,250,"n = 250",0.23,0.05,"outside"
"ENSG00000171314",114,0.0802165465631565,0.0801904375857483,-0.084674209460399,-0.0960500544239627,FALSE,FALSE,250,250,250,"n = 250",0.23,0.05,"outside"
"ENSG00000110851",107,0.0772178659347042,0.076947191926169,-0.00256190823121004,-0.00929230186458588,TRUE,TRUE,250,250,250,"n = 250",0.23,0.05,"C0"
"ENSG00000148308",103,0.149253703710485,0.150201688112127,-0.0625805137307471,-0.079613440792415,FALSE,FALSE,250,250,250,"n = 250",0.23,0.05,"outside"
"ENSG00000080603",110,0.123884402550174,0.122533648412951,-0.037819883306906,-0.0542542691879678,TRUE,FALSE,150,150,150,"n = 150",0.4,0.05,"Cgamma"
"ENSG00000103226",115,0.125338171228052,0.129243066725986,-0.0517350323413969,-0.0730922140586744,FALSE,FALSE,150,150,150,"n = 150",0.4,0.05,"outside"
"ENSG00000069329",118,0.102656444775227,0.103204524920033,-0.250587848127946,-0.327002335144714,FALSE,FALSE,150,150,150,"n = 150",0.4,0.05,"outside"
"ENSG00000168827",1669,0.121321555902873,0.122590666277049,-0.0359640991280153,-0.040295829292812,TRUE,TRUE,150,150,150,"n = 150",0.4,0.05,"C0"
"ENSG00000132522",122,0.109259646520002,0.113231413266832,-0.0611613671393281,-0.0731062030357743,FALSE,FALSE,150,150,150,"n = 150",0.4,0.05,"outside"
"ENSG00000037637",876,0.113063426742521,0.11129798049189,-0.0242724747811609,-0.0344713299725473,TRUE,TRUE,150,150,150,"n = 150",0.4,0.05,"C0"
"ENSG00000247077",173,0.158099756183409,0.157870841794126,-0.0829373581905024,-0.0913058994716963,FALSE,FALSE,150,150,150,"n = 150",0.4,0.05,"outside"
"ENSG00000108064",3458,0.107477723253204,0.109409002275874,-0.0302341355977188,-0.0378768796086054,TRUE,TRUE,150,150,150,"n = 150",0.4,0.05,"C0"
"ENSG00000108091",1051,0.107320551800298,0.108620997153585,-0.0430858864781482,-0.0532207128159054,TRUE,FALSE,150,150,150,"n = 150",0.4,0.05,"Cgamma"
"ENSG00000179988",262,0.111232750319334,0.108584132142349,-0.046251831075749,-0.0661980949743456,TRUE,FALSE,150,150,150,"n = 150",0.4,0.05,"Cgamma"
"ENSG00000072756",347,0.557773598148149,0.553357503496983,-0.968447384091024,-1.05330775884598,FALSE,FALSE,150,150,150,"n = 150",0.4,0.05,"outside"
"ENSG00000162004",492,0.10129411014936,0.101495283098489,-0.0226317107362469,-0.025495589778583,TRUE,TRUE,150,150,150,"n = 150",0.4,0.05,"C0"
"ENSG00000164615",155,0.131739744195604,0.128039377707225,-0.0520227862698057,-0.0669063662237111,FALSE,FALSE,150,150,150,"n = 150",0.4,0.05,"outside"
"ENSG00000125037",103,0.0943591280851524,0.0954055431461786,-0.0442740266210812,-0.0494145962230538,TRUE,TRUE,150,150,150,"n = 150",0.4,0.05,"C0"
"ENSG00000137100",144,0.104751534961872,0.105475165359234,-0.319959728223873,-0.390870780578062,FALSE,FALSE,150,150,150,"n = 150",0.4,0.05,"outside"
"ENSG00000123200",102,0.190342231992541,0.181618846745472,-0.870252279948584,-0.900429725254065,FALSE,FALSE,150,150,150,"n = 150",0.4,0.05,"outside"
"ENSG00000136273",222,0.0930532652073385,0.0942917199245021,-0.0249498170134356,-0.0281761408670302,TRUE,TRUE,150,150,150,"n = 150",0.4,0.05,"C0"
"ENSG00000112130",209,0.103820205041254,0.106193498592161,-0.0327396044817035,-0.0409881790308426,TRUE,TRUE,150,150,150,"n = 150",0.4,0.05,"C0"
"ENSG00000109670",197,0.101543535953548,0.104900301154043,-0.059767529341345,-0.0691921403166691,FALSE,FALSE,150,150,150,"n = 150",0.4,0.05,"outside"
"ENSG00000177885",112,0.0921013370757463,0.0953855182837802,-0.0485842723334273,-0.0523639495947821,TRUE,FALSE,150,150,150,"n = 150",0.4,0.05,"Cgamma"
"ENSG00000110203",219,0.108026533804165,0.107588906390088,-0.0326752196129833,-0.0362911361882916,TRUE,TRUE,150,150,150,"n = 150",0.4,0.05,"C0"
"ENSG00000119414",1539,0.106097185956874,0.107438064926217,-0.0271497311266409,-0.0294091179315498,TRUE,TRUE,150,150,150,"n = 150",0.4,0.05,"C0"
"ENSG00000197912",115,0.0949125529805856,0.0986863544685248,-0.0211807475841827,-0.0254139262112323,TRUE,TRUE,150,150,150,"n = 150",0.4,0.05,"C0"
"ENSG00000105281",1877,0.0949106836188859,0.0963487997384672,-0.0194848069392682,-0.0223974689356689,TRUE,TRUE,150,150,150,"n = 150",0.4,0.05,"C0"
"ENSG00000108312",132,0.0958857193214696,0.0961292237425335,-0.0265213681554342,-0.0333973522209227,TRUE,TRUE,150,150,150,"n = 150",0.4,0.05,"C0"
"ENSG00000171862",187,0.086114029097973,0.0877377292773838,-0.010369834965476,-0.0170128707085532,TRUE,TRUE,150,150,150,"n = 150",0.4,0.05,"C0"
"ENSG00000268043",1159,0.101945504255674,0.100614855120293,-0.162214611643589,-0.173084978472149,FALSE,FALSE,150,150,150,"n = 150",0.4,0.05,"outside"
"ENSG00000072506",809,0.103765186804906,0.105161334746829,-0.0356698338844265,-0.0461533204387508,TRUE,TRUE,150,150,150,"n = 150",0.4,0.05,"C0"
"ENSG00000180817",128,0.107602775178398,0.107812766955575,-0.0651846843879548,-0.0984660247793533,FALSE,FALSE,150,150,150,"n = 150",0.4,0.05,"outside"
"ENSG00000106682",148,0.10816727171862,0.109097324588261,-0.0431342200911111,-0.0451753122873846,TRUE,TRUE,150,150,150,"n = 150",0.4,0.05,"C0"
"ENSG00000146007",192,0.112093202684781,0.114158783325696,-1.18398827060706,-1.26538143869331,FALSE,FALSE,150,150,150,"n = 150",0.4,0.05,"outside"
"ENSG00000113141",191,0.199810139449058,0.189410226254426,-2.00940334780804,-2.09981368292299,FALSE,FALSE,150,150,150,"n = 150",0.4,0.05,"outside"
"ENSG00000176108",104,0.171683899964113,0.164168629822279,-0.640180015849924,-0.706193761281372,FALSE,FALSE,150,150,150,"n = 150",0.4,0.05,"outside"
"ENSG00000171421",1565,0.107075023869539,0.109060130206523,-0.0231022928629996,-0.0261443929236735,TRUE,TRUE,150,150,150,"n = 150",0.4,0.05,"C0"
"ENSG00000250312",400,0.102095600625275,0.102875921067859,-0.0257011597595651,-0.0302075096702497,TRUE,TRUE,150,150,150,"n = 150",0.4,0.05,"C0"
"ENSG00000215712",597,0.135781829606657,0.137755656021056,-0.065908730889924,-0.0720060394625773,FALSE,FALSE,150,150,150,"n = 150",0.4,0.05,"outside"
"ENSG00000168906",152,0.150332915994157,0.146091485942585,-0.076458024590853,-0.0879549963053674,FALSE,FALSE,150,150,150,"n = 150",0.4,0.05,"outside"
"ENSG00000112118",179,0.163184033011784,0.165715985740349,-0.546981697262084,-0.639562206368576,FALSE,FALSE,150,150,150,"n = 150",0.4,0.05,"outside"
"ENSG00000169727",226,0.123374285151242,0.11911692718547,-0.792629181904277,-0.866516233332209,FALSE,FALSE,150,150,150,"n = 150",0.4,0.05,"outside"
"ENSG00000135363",268,0.12531667486205,0.126776698328994,-0.03999261256801,-0.0473281791177474,TRUE,TRUE,150,150,150,"n = 150",0.4,0.05,"C0"
"ENSG00000090006",107,0.119027688164045,0.121982823226918,-0.246314204915139,-0.262719118295769,FALSE,FALSE,150,150,150,"n = 150",0.4,0.05,"outside"
"ENSG00000120948",1603,0.104939491829414,0.105937641243842,-0.200433506836504,-0.217677789956147,FALSE,FALSE,150,150,150,"n = 150",0.4,0.05,"outside"
"ENSG00000129128",128,0.160653660970255,0.165798450505324,-0.152738324478339,-0.168757569000828,FALSE,FALSE,150,150,150,"n = 150",0.4,0.05,"outside"
"ENSG00000035141",504,0.12047754125567,0.120728702293422,-0.0365828146931561,-0.0439713981660016,TRUE,TRUE,150,150,150,"n = 150",0.4,0.05,"C0"
"ENSG00000070495",183,0.113312217106389,0.115033275470896,-0.0405226781680583,-0.0503232350380071,TRUE,FALSE,150,150,150,"n = 150",0.4,0.05,"Cgamma"
"ENSG00000144401",105,0.0835859048666952,0.0869641890229464,-0.0938469628956164,-0.116047632678361,FALSE,FALSE,150,150,150,"n = 150",0.4,0.05,"outside"
"ENSG00000141098",123,0.157779799755054,0.160756871058271,-0.267335866765551,-0.325588588667585,FALSE,FALSE,150,150,150,"n = 150",0.4,0.05,"outside"
"ENSG00000167721",145,0.133010935259701,0.134479535935558,-0.245017253068186,-0.289127279100662,FALSE,FALSE,150,150,150,"n = 150",0.4,0.05,"outside"
"ENSG00000101057",877,0.107661548216767,0.108935593765911,-0.0273586071434906,-0.0293449998720292,TRUE,TRUE,150,150,150,"n = 150",0.4,0.05,"C0"
"ENSG00000197734",292,0.586086460821673,0.532109044462302,-2.12494635149703,-2.22007354139527,FALSE,FALSE,150,150,150,"n = 150",0.4,0.05,"outside"
"ENSG00000132313",1452,0.101964860509429,0.103809658342699,-0.0219256122443944,-0.025042340645961,TRUE,TRUE,150,150,150,"n = 150",0.4,0.05,"C0"
"ENSG00000171552",373,0.0939402372949271,0.0960584827168915,-0.0311219608737298,-0.032803762516117,TRUE,TRUE,150,150,150,"n = 150",0.4,0.05,"C0"
"ENSG00000130725",233,0.0860117317812024,0.0892396212763686,-0.0320427243280812,-0.0367762982731243,TRUE,TRUE,150,150,150,"n = 150",0.4,0.05,"C0"
"ENSG00000139697",156,0.13049855639219,0.126335515674864,-0.282365337456495,-0.294407608366134,FALSE,FALSE,150,150,150,"n = 150",0.4,0.05,"outside"
"ENSG00000119203",173,0.210635201226658,0.199277995033913,-0.651079055291108,-0.71833643165643,FALSE,FALSE,150,150,150,"n = 150",0.4,0.05,"outside"
"ENSG00000104897",136,0.294190797602495,0.291082087238068,-0.422863861304392,-0.476582972369254,FALSE,FALSE,150,150,150,"n = 150",0.4,0.05,"outside"
"ENSG00000146576",378,0.123735677899345,0.127631509846597,-0.0471258614021728,-0.0511135750919341,TRUE,FALSE,150,150,150,"n = 150",0.4,0.05,"Cgamma"
"ENSG00000182149",182,0.104946246024301,0.104922086035224,-0.0243130267302501,-0.0313231173295724,TRUE,TRUE,150,150,150,"n = 150",0.4,0.05,"C0"
"ENSG00000115364",108,0.096059668586517,0.0973727339074529,-0.0422452140265348,-0.0493454855840919,TRUE,TRUE,150,150,150,"n = 150",0.4,0.05,"C0"
"ENSG00000131475",101,0.121498715245989,0.117095553606957,-0.0477147043662003,-0.0741991288982179,TRUE,FALSE,150,150,150,"n = 150",0.4,0.05,"Cgamma"
"ENSG00000072849",140,0.692724695967153,0.654148859691556,-2.52317977363145,-2.64830408702861,FALSE,FALSE,150,150,150,"n = 150",0.4,0.05,"outside"
"ENSG00000205571",424,0.355259354344183,0.358647351650484,-1.93958860350521,-2.03959203381665,FALSE,FALSE,150,150,150,"n = 150",0.4,0.05,"outside"
"ENSG00000134153",134,0.0877542980395927,0.0900452961957272,-0.0657058700105386,-0.0695828846978644,FALSE,FALSE,150,150,150,"n = 150",0.4,0.05,"outside"
"ENSG00000100890",151,0.0824722845647389,0.0833049709840167,-0.0146342215581184,-0.0244552858731056,TRUE,TRUE,150,150,150,"n = 150",0.4,0.05,"C0"
"ENSG00000115216",149,0.10150012492811,0.103162723189863,-0.0285571014695759,-0.040531976701414,TRUE,TRUE,150,150,150,"n = 150",0.4,0.05,"C0"
"ENSG00000100129",114,0.453066805756065,0.463732219441711,-0.463963041975863,-0.489968338995801,FALSE,FALSE,150,150,150,"n = 150",0.4,0.05,"outside"
"ENSG00000136888",124,0.124391050296928,0.122895557800857,-0.0439740076215206,-0.0515048633838355,TRUE,FALSE,150,150,150,"n = 150",0.4,0.05,"Cgamma"
"ENSG00000184058",306,0.0980683869781118,0.0983554497283362,-0.0466637428602252,-0.0519926124427045,TRUE,FALSE,150,150,150,"n = 150",0.4,0.05,"Cgamma"
"ENSG00000204469",147,0.101296980147442,0.103904960743688,-0.0775606069434788,-0.0844782971925263,FALSE,FALSE,150,150,150,"n = 150",0.4,0.05,"outside"
"ENSG00000015676",129,0.177304954633168,0.183578427376671,-0.800199557650405,-0.891651032797941,FALSE,FALSE,150,150,150,"n = 150",0.4,0.05,"outside"
"ENSG00000174780",140,0.61391487038072,0.576835917567971,-2.6646960040845,-2.77799131725862,FALSE,FALSE,150,150,150,"n = 150",0.4,0.05,"outside"
"ENSG00000101166",127,0.474016571225066,0.473051880830019,-0.99355777351579,-1.07730719359875,FALSE,FALSE,150,150,150,"n = 150",0.4,0.05,"outside"
"ENSG00000130312",159,0.132929082608063,0.132488448719828,-0.412570964743241,-0.470611014509989,FALSE,FALSE,150,150,150,"n = 150",0.4,0.05,"outside"
"ENSG00000006715",246,0.0878546380248302,0.0895056955947723,-0.0137130817390031,-0.0167201913763449,TRUE,TRUE,150,150,150,"n = 150",0.4,0.05,"C0"
"ENSG00000148396",210,0.104055955172173,0.1039617108058,-0.0465046581502875,-0.063108805401461,TRUE,FALSE,150,150,150,"n = 150",0.4,0.05,"Cgamma"
"ENSG00000140943",184,0.107671976359676,0.108999287698681,-0.0353935798347923,-0.0416493374817117,TRUE,TRUE,150,150,150,"n = 150",0.4,0.05,"C0"
"ENSG00000103363",128,0.149703297017363,0.150739729164974,-0.511950586982145,-0.53852604463745,FALSE,FALSE,150,150,150,"n = 150",0.4,0.05,"outside"
"ENSG00000108963",239,0.115166113181324,0.117210436947646,-0.0438771087012962,-0.0531211713561985,TRUE,FALSE,150,150,150,"n = 150",0.4,0.05,"Cgamma"
"ENSG00000261236",108,0.126923523565479,0.127335361879347,-0.0514767202730446,-0.0693721671330923,FALSE,FALSE,150,150,150,"n = 150",0.4,0.05,"outside"
"ENSG00000070785",103,1.07960295445899,1.04248439892874,-3.7528072628523,-3.87435797100856,FALSE,FALSE,150,150,150,"n = 150",0.4,0.05,"outside"
"ENSG00000084463",109,0.181431949717881,0.178112617320137,-0.405774921010526,-0.466877504280111,FALSE,FALSE,150,150,150,"n = 150",0.4,0.05,"outside"
"ENSG00000197111",202,0.114980954407379,0.111872873401672,-0.0929318712600563,-0.113432336054452,FALSE,FALSE,150,150,150,"n = 150",0.4,0.05,"outside"
"ENSG00000104866",347,0.184679404154241,0.183310793571458,-0.254178173117261,-0.284085951179519,FALSE,FALSE,150,150,150,"n = 150",0.4,0.05,"outside"
"ENSG00000064102",288,0.0997932206253037,0.101666521933225,-0.0337920831136353,-0.0360946917801013,TRUE,TRUE,150,150,150,"n = 150",0.4,0.05,"C0"
"ENSG00000124789",107,0.262527649463878,0.25780668835424,-0.521165909453741,-0.596972400175938,FALSE,FALSE,150,150,150,"n = 150",0.4,0.05,"outside"
"ENSG00000119777",687,0.111414980402953,0.113479410134007,-0.0590049475974229,-0.0664239927401152,FALSE,FALSE,150,150,150,"n = 150",0.4,0.05,"outside"
"ENSG00000050820",593,0.117172207099525,0.118107943364724,-0.0367807282597288,-0.0400471244267614,TRUE,TRUE,150,150,150,"n = 150",0.4,0.05,"C0"
"ENSG00000142731",174,0.137369762899622,0.137535421481342,-0.909453371108878,-1.00894026866059,FALSE,FALSE,150,150,150,"n = 150",0.4,0.05,"outside"
"ENSG00000108559",111,0.123723548350907,0.121555680062203,-0.551638471414038,-0.637866812227782,FALSE,FALSE,150,150,150,"n = 150",0.4,0.05,"outside"
"ENSG00000182872",128,0.393088308775829,0.379037017193182,-1.0803065209807,-1.19372731695722,FALSE,FALSE,150,150,150,"n = 150",0.4,0.05,"outside"
"ENSG00000111642",109,0.15603747474684,0.161163794387878,-0.110922036872585,-0.178258105282733,FALSE,FALSE,150,150,150,"n = 150",0.4,0.05,"outside"
"ENSG00000126088",239,0.140384277909304,0.138797282642513,-0.119743558119235,-0.130615037673079,FALSE,FALSE,150,150,150,"n = 150",0.4,0.05,"outside"
"ENSG00000143952",230,0.108984847383561,0.109184458102848,-0.0562043356279844,-0.0593598274194778,FALSE,FALSE,150,150,150,"n = 150",0.4,0.05,"outside"
"ENSG00000099949",207,0.0966921138004853,0.0967504865360884,-0.103256651561395,-0.121556422486435,FALSE,FALSE,150,150,150,"n = 150",0.4,0.05,"outside"
"ENSG00000064995",113,0.122138963984622,0.119278083803428,-0.535702367507386,-0.539976350522527,FALSE,FALSE,150,150,150,"n = 150",0.4,0.05,"outside"
"ENSG00000197265",265,0.325394330175414,0.336522627978528,-0.928243682602204,-0.993560688176699,FALSE,FALSE,150,150,150,"n = 150",0.4,0.05,"outside"
"ENSG00000183479",384,0.123896541522424,0.124034065118087,-0.129647244958996,-0.180436415561138,FALSE,FALSE,150,150,150,"n = 150",0.4,0.05,"outside"
"ENSG00000149016",222,0.117292497324254,0.118137547248991,-0.193987995785006,-0.222526625229401,FALSE,FALSE,150,150,150,"n = 150",0.4,0.05,"outside"
"ENSG00000104835",108,0.0997575645049305,0.0994406180760463,-0.0542717681055118,-0.0663028033952588,FALSE,FALSE,150,150,150,"n = 150",0.4,0.05,"outside"
"ENSG00000137845",358,0.109661558080509,0.110262774346641,-0.12593497896682,-0.148583191882332,FALSE,FALSE,150,150,150,"n = 150",0.4,0.05,"outside"
"ENSG00000102710",179,0.125550177658931,0.12647181647394,-0.144586510336824,-0.177657335771287,FALSE,FALSE,150,150,150,"n = 150",0.4,0.05,"outside"
"ENSG00000108349",168,0.122826367368013,0.123704682574544,-0.0378825088898172,-0.04494688415692,TRUE,TRUE,150,150,150,"n = 150",0.4,0.05,"C0"
"ENSG00000134809",108,0.155671796553405,0.158128542758864,-0.462070879438904,-0.523387149940191,FALSE,FALSE,150,150,150,"n = 150",0.4,0.05,"outside"
"ENSG00000175792",103,0.340162028783923,0.30789123437601,-2.79950139701404,-2.88261046081576,FALSE,FALSE,150,150,150,"n = 150",0.4,0.05,"outside"
"ENSG00000204152",343,0.963096703247304,0.958315177664658,-2.09829385489381,-2.20209175357077,FALSE,FALSE,150,150,150,"n = 150",0.4,0.05,"outside"
"ENSG00000116774",135,0.0830110850655525,0.0880972102454363,-0.0301365024638938,-0.0322968734868079,TRUE,TRUE,150,150,150,"n = 150",0.4,0.05,"C0"
"ENSG00000105258",143,0.320082771925606,0.310780869142447,-1.42675679325174,-1.49888578016964,FALSE,FALSE,150,150,150,"n = 150",0.4,0.05,"outside"
"ENSG00000092036",153,0.112351860357969,0.112183830387883,-0.547167193049227,-0.63061378378711,FALSE,FALSE,150,150,150,"n = 150",0.4,0.05,"outside"
"ENSG00000126698",138,0.113983995422981,0.111304023404604,-0.0759856183070864,-0.0974095277352861,FALSE,FALSE,150,150,150,"n = 150",0.4,0.05,"outside"
"ENSG00000069248",106,0.270950873620456,0.267019727067991,-0.780275980512847,-0.876541321924311,FALSE,FALSE,150,150,150,"n = 150",0.4,0.05,"outside"
"ENSG00000108654",197,0.096860808171537,0.0979271071128137,-0.043417455040957,-0.0474046934375755,TRUE,TRUE,150,150,150,"n = 150",0.4,0.05,"C0"
"ENSG00000205609",337,0.864152810870385,0.825127631556936,-3.12227606014067,-3.2678818700211,FALSE,FALSE,150,150,150,"n = 150",0.4,0.05,"outside"
"ENSG00000213523",161,0.110734695036504,0.111541754604576,-0.0527800527235142,-0.078264422539887,FALSE,FALSE,150,150,150,"n = 150",0.4,0.05,"outside"
"ENSG00000178773",184,0.0995550457210884,0.097824663114599,-0.0450424409233133,-0.0550366766997603,TRUE,FALSE,150,150,150,"n = 150",0.4,0.05,"Cgamma"
"ENSG00000100201",154,0.121513332805387,0.121091006089226,-0.0900138597458554,-0.0966833678710103,FALSE,FALSE,150,150,150,"n = 150",0.4,0.05,"outside"
"ENSG00000182446",182,0.648082134379355,0.640290262807728,-1.78359001557274,-1.87054856512655,FALSE,FALSE,150,150,150,"n = 150",0.4,0.05,"outside"
"ENSG00000079999",163,0.111000076039554,0.112936761186953,-0.0303879530417998,-0.0364427798705126,TRUE,TRUE,150,150,150,"n = 150",0.4,0.05,"C0"
"ENSG00000147050",213,0.101546251572414,0.101331959759634,-0.0252777558489102,-0.0309667049775134,TRUE,TRUE,150,150,150,"n = 150",0.4,0.05,"C0"
"ENSG00000242485",104,0.10710225516332,0.108419506646568,-0.0387618874048593,-0.045759355068558,TRUE,TRUE,150,150,150,"n = 150",0.4,0.05,"C0"
"ENSG00000161203",202,0.134604143086928,0.133741923980639,-0.0723137572304756,-0.0870431788885722,FALSE,FALSE,150,150,150,"n = 150",0.4,0.05,"outside"
"ENSG00000124571",162,0.109259528747715,0.110220842965911,-0.040906134715224,-0.0454658893760159,TRUE,TRUE,150,150,150,"n = 150",0.4,0.05,"C0"
"ENSG00000151461",104,0.131921208144542,0.133546268419391,-0.15790654015812,-0.169573298998007,FALSE,FALSE,150,150,150,"n = 150",0.4,0.05,"outside"
"ENSG00000203760",130,0.125907514111024,0.124260349988696,-0.0488599158313811,-0.0614992710684147,TRUE,FALSE,150,150,150,"n = 150",0.4,0.05,"Cgamma"
"ENSG00000204371",171,0.138932380989311,0.13794018257868,-0.314014092076789,-0.375856027916671,FALSE,FALSE,150,150,150,"n = 150",0.4,0.05,"outside"
"ENSG00000090061",273,0.11041787701831,0.109801484554648,-0.0311580472127938,-0.0361317194564429,TRUE,TRUE,150,150,150,"n = 150",0.4,0.05,"C0"
"ENSG00000134852",647,0.138891017401792,0.13615999682174,-0.0933390555995458,-0.109511228592721,FALSE,FALSE,150,150,150,"n = 150",0.4,0.05,"outside"
"ENSG00000071859",116,0.177774895184393,0.174980900388727,-0.310885411290689,-0.352301690338286,FALSE,FALSE,150,150,150,"n = 150",0.4,0.05,"outside"
"ENSG00000013374",144,0.170576165447168,0.167683119927016,-0.107567102972689,-0.143545061557951,FALSE,FALSE,150,150,150,"n = 150",0.4,0.05,"outside"
"ENSG00000164077",172,0.0768215202967472,0.0791801066384006,-0.0697117073744938,-0.0819654989780743,FALSE,FALSE,150,150,150,"n = 150",0.4,0.05,"outside"
"ENSG00000135486",133,0.110420321205325,0.113766440002627,-0.0800221681597659,-0.09534303672473,FALSE,FALSE,150,150,150,"n = 150",0.4,0.05,"outside"
"ENSG00000164941",148,0.150505358827062,0.15540695307765,-0.448365917886722,-0.507573934014074,FALSE,FALSE,150,150,150,"n = 150",0.4,0.05,"outside"
"ENSG00000131931",150,0.411132962640694,0.365821534011479,-2.52866851102229,-2.63814133946821,FALSE,FALSE,150,150,150,"n = 150",0.4,0.05,"outside"
"ENSG00000108424",177,0.192927243471753,0.191274611120878,-0.888411423238892,-0.990654355059013,FALSE,FALSE,150,150,150,"n = 150",0.4,0.05,"outside"
"ENSG00000164902",108,0.305285223943235,0.299612090922045,-1.01163378048473,-1.08429768529618,FALSE,FALSE,150,150,150,"n = 150",0.4,0.05,"outside"
"ENSG00000105185",135,0.100703412149037,0.101295378328132,-0.0302539692004101,-0.0441481955162056,TRUE,TRUE,150,150,150,"n = 150",0.4,0.05,"C0"
"ENSG00000125484",889,0.114149079870047,0.115152144947602,-0.0325000442205662,-0.0459773926264025,TRUE,TRUE,150,150,150,"n = 150",0.4,0.05,"C0"
"ENSG00000104517",102,0.15060514520057,0.151058400120747,-0.0730149961956663,-0.0890942989687641,FALSE,FALSE,150,150,150,"n = 150",0.4,0.05,"outside"
"ENSG00000167513",101,0.268137903594729,0.255883499004432,-1.29544126909088,-1.40217449634101,FALSE,FALSE,150,150,150,"n = 150",0.4,0.05,"outside"
"ENSG00000150776",117,0.101179375026964,0.0999567638600179,-0.116654962463256,-0.142337879369048,FALSE,FALSE,150,150,150,"n = 150",0.4,0.05,"outside"
"ENSG00000163930",110,0.0940526762944242,0.0963659573371945,-0.0947696264443493,-0.133517064504486,FALSE,FALSE,150,150,150,"n = 150",0.4,0.05,"outside"
"ENSG00000185838",105,0.16657754142616,0.165498530608438,-0.136397330983939,-0.165253934867972,FALSE,FALSE,150,150,150,"n = 150",0.4,0.05,"outside"
"ENSG00000124207",252,0.151923481352357,0.149810947500441,-0.699345459215393,-0.814741549858989,FALSE,FALSE,150,150,150,"n = 150",0.4,0.05,"outside"
"ENSG00000130024",124,0.0805033101327441,0.0814845631529687,-0.0532003920275728,-0.0576397753118594,FALSE,FALSE,150,150,150,"n = 150",0.4,0.05,"outside"
"ENSG00000169045",145,0.0753943855016544,0.0765537037668148,-0.0335479499309793,-0.0454286282054773,TRUE,TRUE,150,150,150,"n = 150",0.4,0.05,"C0"
"ENSG00000284024",104,0.132004801210025,0.131711194630066,-0.0691331762379748,-0.10496896302816,FALSE,FALSE,150,150,150,"n = 150",0.4,0.05,"outside"
"ENSG00000187531",237,0.1903772371883,0.191902396104219,-0.896647448069507,-0.971076852839696,FALSE,FALSE,150,150,150,"n = 150",0.4,0.05,"outside"
"ENSG00000241837",135,0.0931658547546475,0.0945708980820045,-0.0160832916756067,-0.0239950237235933,TRUE,TRUE,150,150,150,"n = 150",0.4,0.05,"C0"
"ENSG00000129055",111,0.101350156628946,0.100895123273151,-0.034808478142029,-0.0407584436974733,TRUE,TRUE,150,150,150,"n = 150",0.4,0.05,"C0"
"ENSG00000110921",422,0.105651954126937,0.10459813663897,-0.0349173758033454,-0.0439178602029857,TRUE,TRUE,150,150,150,"n = 150",0.4,0.05,"C0"
"ENSG00000133059",258,0.114272954186139,0.11403371903762,-0.0418032430565644,-0.0508455110371091,TRUE,FALSE,150,150,150,"n = 150",0.4,0.05,"Cgamma"
"ENSG00000100209",227,0.134421556355474,0.133997167100734,-0.349201907488214,-0.412245010140416,FALSE,FALSE,150,150,150,"n = 150",0.4,0.05,"outside"
"ENSG00000117360",111,0.211140865690691,0.206271879202392,-2.52706608117358,-2.61151233308276,FALSE,FALSE,150,150,150,"n = 150",0.4,0.05,"outside"
"ENSG00000072274",299,0.098734219588274,0.0999568319183325,-0.0181718018630229,-0.0212046703920941,TRUE,TRUE,150,150,150,"n = 150",0.4,0.05,"C0"
"ENSG00000197780",182,0.141297907820449,0.142103972216895,-0.67325291045384,-0.676044611491522,FALSE,FALSE,150,150,150,"n = 150",0.4,0.05,"outside"
"ENSG00000014123",111,0.0837372402996453,0.0877336044825135,-0.0426144841847635,-0.0469495167994021,TRUE,TRUE,150,150,150,"n = 150",0.4,0.05,"C0"
"ENSG00000076003",120,0.103092205500141,0.10641342206053,-0.726312630450905,-0.821147440887649,FALSE,FALSE,150,150,150,"n = 150",0.4,0.05,"outside"
"ENSG00000178202",768,0.110657586295588,0.113081078346392,-0.0611398979127221,-0.0651236644341127,FALSE,FALSE,150,150,150,"n = 150",0.4,0.05,"outside"
"ENSG00000109618",168,0.0911576668135876,0.0903082749672022,-0.0150685218351823,-0.0203882751685921,TRUE,TRUE,150,150,150,"n = 150",0.4,0.05,"C0"
"ENSG00000162775",213,0.114718871703678,0.111784058154615,-0.173782958267922,-0.183852713935743,FALSE,FALSE,150,150,150,"n = 150",0.4,0.05,"outside"
"ENSG00000183054",381,0.0912213472233347,0.0920811362069992,-0.017924886284157,-0.0210966544025217,TRUE,TRUE,150,150,150,"n = 150",0.4,0.05,"C0"
"ENSG00000100804",137,1.3699592256783,1.2156384501073,-7.1740035647463,-7.28015312384636,FALSE,FALSE,150,150,150,"n = 150",0.4,0.05,"outside"
"ENSG00000168872",393,0.0901123822573722,0.0909895009324854,-0.0238062841003382,-0.0318193174037943,TRUE,TRUE,150,150,150,"n = 150",0.4,0.05,"C0"
"ENSG00000169564",170,0.100588043899648,0.102390561035241,-0.0575733792165926,-0.0700902932173518,FALSE,FALSE,150,150,150,"n = 150",0.4,0.05,"outside"
"ENSG00000139350",140,0.112396318796409,0.115399040003963,-0.0324827066969651,-0.0382540933868511,TRUE,TRUE,150,150,150,"n = 150",0.4,0.05,"C0"
"ENSG00000105618",144,0.258570370199118,0.251215206608706,-2.73930406510491,-2.82625744921784,FALSE,FALSE,150,150,150,"n = 150",0.4,0.05,"outside"
"ENSG00000140830",169,0.090406958375226,0.0862738013313405,-0.0330872803750758,-0.0427050830847008,TRUE,TRUE,150,150,150,"n = 150",0.4,0.05,"C0"
"ENSG00000285053",125,0.158596660604398,0.161066630150912,-0.0703129334291075,-0.0764573605004381,FALSE,FALSE,150,150,150,"n = 150",0.4,0.05,"outside"
"ENSG00000153786",388,0.15526805520853,0.156037393282324,-0.10921809051787,-0.127055274916751,FALSE,FALSE,150,150,150,"n = 150",0.4,0.05,"outside"
"ENSG00000131351",169,0.098135268630007,0.099981852105596,-0.0909214737437498,-0.128899487062679,FALSE,FALSE,150,150,150,"n = 150",0.4,0.05,"outside"
"ENSG00000168286",144,0.102958352954804,0.102942010592787,-0.0890381897631415,-0.105240601690721,FALSE,FALSE,150,150,150,"n = 150",0.4,0.05,"outside"
"ENSG00000153391",147,0.101244307248693,0.102609571319998,-0.0189719389285186,-0.0215502412915256,TRUE,TRUE,150,150,150,"n = 150",0.4,0.05,"C0"
"ENSG00000110713",102,0.180445697487046,0.17835153349553,-2.5076357357617,-2.57894137148295,FALSE,FALSE,150,150,150,"n = 150",0.4,0.05,"outside"
"ENSG00000047410",126,0.0939484738996096,0.0928893630182986,-0.0458237195136419,-0.0899981298317657,TRUE,FALSE,150,150,150,"n = 150",0.4,0.05,"Cgamma"
"ENSG00000163634",146,0.129884783559588,0.130051070040288,-0.455307478460258,-0.532777480361584,FALSE,FALSE,150,150,150,"n = 150",0.4,0.05,"outside"
"ENSG00000079785",121,0.266078990317561,0.273574485948083,-0.270770510868816,-0.292484464431432,FALSE,FALSE,150,150,150,"n = 150",0.4,0.05,"outside"
"ENSG00000213638",286,0.130993391594631,0.133872743074622,-0.0458330165136888,-0.0512623065221526,TRUE,FALSE,150,150,150,"n = 150",0.4,0.05,"Cgamma"
"ENSG00000138035",140,0.0805123073147552,0.0827741621337894,-0.0421853892980768,-0.0561314513105247,TRUE,FALSE,150,150,150,"n = 150",0.4,0.05,"Cgamma"
"ENSG00000163528",136,0.497061223270482,0.50925374742237,-0.796174662517717,-0.867852829139431,FALSE,FALSE,150,150,150,"n = 150",0.4,0.05,"outside"
"ENSG00000167985",190,0.0929063037900575,0.0951930179510306,-0.0166236748264355,-0.0188990275438339,TRUE,TRUE,150,150,150,"n = 150",0.4,0.05,"C0"
"ENSG00000103356",129,0.125981586416056,0.122951851163629,-0.0504183071575297,-0.0649023237844278,FALSE,FALSE,150,150,150,"n = 150",0.4,0.05,"outside"
"ENSG00000103423",155,0.125858176597563,0.130882189749965,-0.136138997029962,-0.15757528068513,FALSE,FALSE,150,150,150,"n = 150",0.4,0.05,"outside"
"ENSG00000189366",212,0.136615269594028,0.137957935327776,-0.0429446711671925,-0.0498882034116871,TRUE,TRUE,150,150,150,"n = 150",0.4,0.05,"C0"
"ENSG00000156603",195,0.123477996298664,0.131793918275898,-0.664077880900974,-0.716597759363904,FALSE,FALSE,150,150,150,"n = 150",0.4,0.05,"outside"
"ENSG00000188986",148,0.285225405897257,0.292490651659449,-0.322399906529054,-0.341731842458046,FALSE,FALSE,150,150,150,"n = 150",0.4,0.05,"outside"
"ENSG00000116670",229,0.12119171896853,0.119975749138619,-0.0368323728701406,-0.0468907184655422,TRUE,TRUE,150,150,150,"n = 150",0.4,0.05,"C0"
"ENSG00000103061",106,0.124430715596443,0.129862783543582,-0.0893823628472669,-0.107768984511441,FALSE,FALSE,150,150,150,"n = 150",0.4,0.05,"outside"
"ENSG00000101557",171,0.0960594595178605,0.0979464545868505,-0.0435451194563268,-0.0525373564489186,TRUE,FALSE,150,150,150,"n = 150",0.4,0.05,"Cgamma"
"ENSG00000105656",168,0.218861092759914,0.202604066416917,-0.68743947184737,-0.789417244347192,FALSE,FALSE,150,150,150,"n = 150",0.4,0.05,"outside"
"ENSG00000157778",221,0.131211070245475,0.124176622083123,-0.368982066027814,-0.431996112630013,FALSE,FALSE,150,150,150,"n = 150",0.4,0.05,"outside"
"ENSG00000012174",151,0.123246406853037,0.123192254740584,-0.0371265279558558,-0.0430914269385442,TRUE,TRUE,150,150,150,"n = 150",0.4,0.05,"C0"
"ENSG00000083896",184,0.140138991764003,0.133102795412158,-0.749786513092987,-0.812998374046966,FALSE,FALSE,150,150,150,"n = 150",0.4,0.05,"outside"
"ENSG00000116688",211,0.118461186369697,0.119375343136357,-0.0479285658091143,-0.0562511320978265,TRUE,FALSE,150,150,150,"n = 150",0.4,0.05,"Cgamma"
"ENSG00000176225",101,0.0954108955282857,0.0976792282893322,-0.0407337350770061,-0.0533282853198107,TRUE,FALSE,150,150,150,"n = 150",0.4,0.05,"Cgamma"
"ENSG00000167543",141,0.15688514343432,0.160277701121416,-0.0828548055818184,-0.0931608507819017,FALSE,FALSE,150,150,150,"n = 150",0.4,0.05,"outside"
"ENSG00000112972",259,0.110540548326547,0.110031943465482,-0.0368630456474718,-0.0428827882178612,TRUE,TRUE,150,150,150,"n = 150",0.4,0.05,"C0"
"ENSG00000117751",142,0.134126020911084,0.134729404877323,-0.0893528915977742,-0.105829694237437,FALSE,FALSE,150,150,150,"n = 150",0.4,0.05,"outside"
"ENSG00000099821",212,0.0965570793480368,0.100460878220285,-0.123273704893343,-0.1524293551301,FALSE,FALSE,150,150,150,"n = 150",0.4,0.05,"outside"
"ENSG00000115507",127,0.10804320937249,0.108759180718011,-0.02595054377228,-0.030411573370386,TRUE,TRUE,150,150,150,"n = 150",0.4,0.05,"C0"
"ENSG00000169249",216,0.123845202017778,0.124945678938275,-0.0364221076315007,-0.0432492491954414,TRUE,TRUE,150,150,150,"n = 150",0.4,0.05,"C0"
"ENSG00000138614",351,0.102862550342873,0.102352997860583,-0.0496742093935182,-0.0534895938610466,TRUE,FALSE,150,150,150,"n = 150",0.4,0.05,"Cgamma"
"ENSG00000126226",145,0.105599863775833,0.107688581991234,-0.0335807093792998,-0.0410485156321329,TRUE,TRUE,150,150,150,"n = 150",0.4,0.05,"C0"
"ENSG00000079819",125,0.0889132826793401,0.0921841891676278,-0.0206814757947816,-0.0251649522137226,TRUE,TRUE,150,150,150,"n = 150",0.4,0.05,"C0"
"ENSG00000010810",146,0.111689296717146,0.109638138838034,-0.0716876543296831,-0.099566025058596,FALSE,FALSE,150,150,150,"n = 150",0.4,0.05,"outside"
"ENSG00000159086",138,0.105421464373949,0.103781490983469,-0.524653098839196,-0.604323437724225,FALSE,FALSE,150,150,150,"n = 150",0.4,0.05,"outside"
"ENSG00000175283",121,0.077543910890912,0.0774491072562596,-0.0461899127674891,-0.0572566672513145,TRUE,FALSE,150,150,150,"n = 150",0.4,0.05,"Cgamma"
"ENSG00000160783",320,0.216193887640965,0.219072449917589,-0.33728090354227,-0.395424169955318,FALSE,FALSE,150,150,150,"n = 150",0.4,0.05,"outside"
"ENSG00000185591",189,0.108819863071976,0.109587302204181,-0.038168313767796,-0.0444812138441765,TRUE,TRUE,150,150,150,"n = 150",0.4,0.05,"C0"
"ENSG00000170906",169,0.131436391483313,0.132517573674344,-0.331526374214852,-0.349391260917317,FALSE,FALSE,150,150,150,"n = 150",0.4,0.05,"outside"
"ENSG00000156162",184,0.0925750897514487,0.0959494626181908,-0.0627697823696612,-0.0721428875847886,FALSE,FALSE,150,150,150,"n = 150",0.4,0.05,"outside"
"ENSG00000138231",131,0.414607974389591,0.374641246666315,-0.680513815602584,-0.740038681533639,FALSE,FALSE,150,150,150,"n = 150",0.4,0.05,"outside"
"ENSG00000185668",133,0.116900329512233,0.119952549736909,-0.850996522597156,-0.889429282907964,FALSE,FALSE,150,150,150,"n = 150",0.4,0.05,"outside"
"ENSG00000213593",137,0.113062908793539,0.117243204301926,-0.318714278067309,-0.361559038421446,FALSE,FALSE,150,150,150,"n = 150",0.4,0.05,"outside"
"ENSG00000140694",153,0.115034671284256,0.117024341338984,-0.0592813745879696,-0.0752893167379175,FALSE,FALSE,150,150,150,"n = 150",0.4,0.05,"outside"
"ENSG00000243725",124,0.100088942126963,0.101750948004888,-0.0521167318609759,-0.0583951980404149,FALSE,FALSE,150,150,150,"n = 150",0.4,0.05,"outside"
"ENSG00000113312",116,0.422684979806242,0.429426857622298,-0.663583499798868,-0.720616080098715,FALSE,FALSE,150,150,150,"n = 150",0.4,0.05,"outside"
"ENSG00000182220",265,0.111396383756138,0.112590600598292,-0.0495449163692366,-0.053819398554305,TRUE,FALSE,150,150,150,"n = 150",0.4,0.05,"Cgamma"
"ENSG00000161654",111,0.149934305073921,0.153114344055187,-0.0872692879721894,-0.0925209158490957,FALSE,FALSE,150,150,150,"n = 150",0.4,0.05,"outside"
"ENSG00000149357",321,0.0991164917261755,0.0999474398621673,-0.0455982365342585,-0.052171506896957,TRUE,FALSE,150,150,150,"n = 150",0.4,0.05,"Cgamma"
"ENSG00000066136",111,0.137749484763445,0.138067598652286,-0.477130384397706,-0.5660463177165,FALSE,FALSE,150,150,150,"n = 150",0.4,0.05,"outside"
"ENSG00000010292",106,0.112589172923392,0.112368110899045,-0.0981845634674093,-0.118873010042237,FALSE,FALSE,150,150,150,"n = 150",0.4,0.05,"outside"
"ENSG00000115947",159,0.0914776476004592,0.09293314749187,-0.00820731719245985,-0.013857045324237,TRUE,TRUE,150,150,150,"n = 150",0.4,0.05,"C0"
"ENSG00000099991",161,0.114267470349947,0.113926972693446,-0.0303527737959959,-0.0408314860762279,TRUE,TRUE,150,150,150,"n = 150",0.4,0.05,"C0"
"ENSG00000166598",138,0.113772314168841,0.115828698368449,-0.0400969499983569,-0.0446320715186483,TRUE,TRUE,150,150,150,"n = 150",0.4,0.05,"C0"
"ENSG00000185651",122,0.0850591372352973,0.0880049417787176,-0.0272743649067786,-0.0543196727536855,TRUE,FALSE,150,150,150,"n = 150",0.4,0.05,"Cgamma"
"ENSG00000100462",126,0.250063756296753,0.236090128707764,-0.365951068043301,-0.413874312700184,FALSE,FALSE,150,150,150,"n = 150",0.4,0.05,"outside"
"ENSG00000188994",129,0.113106340951381,0.114288068974532,-0.0413950942180659,-0.045883436834306,TRUE,TRUE,150,150,150,"n = 150",0.4,0.05,"C0"
"ENSG00000275023",104,0.193902153367675,0.200985162605952,-0.572562597724537,-0.653733175626104,FALSE,FALSE,150,150,150,"n = 150",0.4,0.05,"outside"
"ENSG00000107290",121,0.142723846578142,0.147502873065565,-0.105602014488166,-0.115598216312127,FALSE,FALSE,150,150,150,"n = 150",0.4,0.05,"outside"
"ENSG00000172757",139,0.448509573382693,0.44850460234935,-2.24491017816293,-2.2603265774501,FALSE,FALSE,150,150,150,"n = 150",0.4,0.05,"outside"
"ENSG00000004487",178,0.120069869495929,0.121448448150412,-0.0447401661265623,-0.0511209533123075,TRUE,FALSE,150,150,150,"n = 150",0.4,0.05,"Cgamma"
"ENSG00000171159",152,0.12608145764084,0.125319415462215,-0.0518935617672669,-0.0605427081137504,FALSE,FALSE,150,150,150,"n = 150",0.4,0.05,"outside"
"ENSG00000170291",101,0.233537668071788,0.23813289343954,-0.335345099994503,-0.369715960817198,FALSE,FALSE,150,150,150,"n = 150",0.4,0.05,"outside"
"ENSG00000204316",256,0.104976505055434,0.103997829216851,-0.0367344301027785,-0.0476270694898642,TRUE,TRUE,150,150,150,"n = 150",0.4,0.05,"C0"
"ENSG00000172922",129,0.13713075872049,0.13744779745919,-0.0470309485277685,-0.0510880236702503,TRUE,FALSE,150,150,150,"n = 150",0.4,0.05,"Cgamma"
"ENSG00000146457",351,0.138344487995643,0.139891752775042,-0.238776960479171,-0.252383448217836,FALSE,FALSE,150,150,150,"n = 150",0.4,0.05,"outside"
"ENSG00000109920",114,0.0929690558854017,0.0938447702868559,-0.320304199858737,-0.388990646624026,FALSE,FALSE,150,150,150,"n = 150",0.4,0.05,"outside"
"ENSG00000185883",220,0.0927893727835001,0.0943895489013449,-0.0505776927806692,-0.0572338017378262,FALSE,FALSE,150,150,150,"n = 150",0.4,0.05,"outside"
"ENSG00000113194",115,0.112719689620077,0.114443409344438,-0.042352905620719,-0.04845252132009,TRUE,TRUE,150,150,150,"n = 150",0.4,0.05,"C0"
"ENSG00000153814",226,0.107495231187303,0.109864229626026,-0.0529006864950394,-0.0664726087060254,FALSE,FALSE,150,150,150,"n = 150",0.4,0.05,"outside"
"ENSG00000092020",128,0.0830510254244381,0.0854535422772913,-0.0384374239984516,-0.048449821811225,TRUE,TRUE,150,150,150,"n = 150",0.4,0.05,"C0"
"ENSG00000090905",106,0.256339552013819,0.257161609444998,-1.12101713873913,-1.20834927429726,FALSE,FALSE,150,150,150,"n = 150",0.4,0.05,"outside"
"ENSG00000134014",108,0.445372302196447,0.44873708218283,-0.797512054231291,-0.86814843668683,FALSE,FALSE,150,150,150,"n = 150",0.4,0.05,"outside"
"ENSG00000169750",127,0.585757423187104,0.508995297469295,-5.18535122434591,-5.35378847104092,FALSE,FALSE,150,150,150,"n = 150",0.4,0.05,"outside"
"ENSG00000165898",143,0.0862901136056282,0.0865239543273877,-0.0142676143390304,-0.0342802888465597,TRUE,TRUE,150,150,150,"n = 150",0.4,0.05,"C0"
"ENSG00000116809",282,0.17836330054921,0.179641861085295,-0.0932228790468797,-0.101951175096734,FALSE,FALSE,150,150,150,"n = 150",0.4,0.05,"outside"
"ENSG00000165644",138,0.150961918043117,0.154562856462383,-0.108418028298854,-0.118261258333714,FALSE,FALSE,150,150,150,"n = 150",0.4,0.05,"outside"
"ENSG00000112249",118,0.168029741188959,0.165200160984364,-0.598061464100824,-0.669576797666654,FALSE,FALSE,150,150,150,"n = 150",0.4,0.05,"outside"
"ENSG00000174243",168,0.17474010691488,0.169592927599878,-1.9225239472817,-2.00888997046405,FALSE,FALSE,150,150,150,"n = 150",0.4,0.05,"outside"
"ENSG00000250067",237,0.108214502843096,0.10555069800857,-0.0322469617950853,-0.037464668243916,TRUE,TRUE,150,150,150,"n = 150",0.4,0.05,"C0"
"ENSG00000168118",176,0.199480081669467,0.203998692362234,-0.207974223129383,-0.223880891268573,FALSE,FALSE,150,150,150,"n = 150",0.4,0.05,"outside"
"ENSG00000152382",138,0.0977332060330632,0.0962852082071426,-0.0889464853557177,-0.121574236815208,FALSE,FALSE,150,150,150,"n = 150",0.4,0.05,"outside"
"ENSG00000063046",380,0.114797409977365,0.115796517203317,-0.0864423781677936,-0.103011617251929,FALSE,FALSE,150,150,150,"n = 150",0.4,0.05,"outside"
"ENSG00000130640",154,0.170498790932094,0.171194610485921,-0.596872022362354,-0.67807441869279,FALSE,FALSE,150,150,150,"n = 150",0.4,0.05,"outside"
"ENSG00000101158",111,0.398485992817394,0.408147004827906,-0.376856461821364,-0.390287412116558,FALSE,FALSE,150,150,150,"n = 150",0.4,0.05,"outside"
"ENSG00000189091",146,0.396496940007869,0.401388124496181,-1.70216733679478,-1.82155221821999,FALSE,FALSE,150,150,150,"n = 150",0.4,0.05,"outside"
"ENSG00000110172",142,0.102050387410725,0.101148484864802,-0.0698946976819457,-0.0827961598517268,FALSE,FALSE,150,150,150,"n = 150",0.4,0.05,"outside"
"ENSG00000165819",212,0.0947114673100954,0.0957900443721426,-0.357475333756488,-0.369466392849824,FALSE,FALSE,150,150,150,"n = 150",0.4,0.05,"outside"
"ENSG00000137955",105,0.702594875424771,0.655983291477083,-3.01152667848003,-3.13881271863582,FALSE,FALSE,150,150,150,"n = 150",0.4,0.05,"outside"
"ENSG00000132294",214,0.115585222719082,0.116142730463023,-0.0333977100891796,-0.0405828621746926,TRUE,TRUE,150,150,150,"n = 150",0.4,0.05,"C0"
"ENSG00000132463",122,0.123566982680748,0.124452302334235,-0.0710172798038814,-0.0759261411270354,FALSE,FALSE,150,150,150,"n = 150",0.4,0.05,"outside"
"ENSG00000132153",105,0.117836160625087,0.119769986228224,-0.0580134277301908,-0.0625257018181474,FALSE,FALSE,150,150,150,"n = 150",0.4,0.05,"outside"
"ENSG00000071243",133,0.132050663828424,0.131343873421607,-0.0738404065788869,-0.0869995443366606,FALSE,FALSE,150,150,150,"n = 150",0.4,0.05,"outside"
"ENSG00000089639",140,0.127473208792808,0.130944019684043,-0.111341940622839,-0.13223006523671,FALSE,FALSE,150,150,150,"n = 150",0.4,0.05,"outside"
"ENSG00000060688",217,0.0914966248693911,0.09434622277231,-0.0326481093122805,-0.0441424634604794,TRUE,TRUE,150,150,150,"n = 150",0.4,0.05,"C0"
"ENSG00000116455",105,0.15379091686837,0.151336831902328,-0.103036713282211,-0.13278560442734,FALSE,FALSE,150,150,150,"n = 150",0.4,0.05,"outside"
"ENSG00000089159",128,0.118825322668774,0.122165100718754,-0.0849396222620852,-0.0967683269268317,FALSE,FALSE,150,150,150,"n = 150",0.4,0.05,"outside"
"ENSG00000134265",224,0.121744076661309,0.121681721092575,-0.0596236946473941,-0.0680193950723471,FALSE,FALSE,150,150,150,"n = 150",0.4,0.05,"outside"
"ENSG00000092203",160,0.165547260758791,0.169952817192955,-0.0972617581844594,-0.104703528504597,FALSE,FALSE,150,150,150,"n = 150",0.4,0.05,"outside"
"ENSG00000100084",221,0.143456855877584,0.145082039793651,-0.0663185871576542,-0.0798347739996937,FALSE,FALSE,150,150,150,"n = 150",0.4,0.05,"outside"
"ENSG00000137267",149,0.122198498546071,0.124106246046268,-0.05719802191178,-0.065203010669057,FALSE,FALSE,150,150,150,"n = 150",0.4,0.05,"outside"
"ENSG00000115875",145,0.150793339583449,0.155020630595303,-0.543333376223451,-0.629078438361887,FALSE,FALSE,150,150,150,"n = 150",0.4,0.05,"outside"
"ENSG00000160193",140,0.12973477487965,0.133302413556059,-0.0516370073980295,-0.0548226614506093,FALSE,FALSE,150,150,150,"n = 150",0.4,0.05,"outside"
"ENSG00000196230",249,0.105239189358492,0.105290690997877,-0.0390558760975367,-0.0468597788663162,TRUE,TRUE,150,150,150,"n = 150",0.4,0.05,"C0"
"ENSG00000124193",148,0.119476269326914,0.121365315749177,-0.0532577973363902,-0.0635919986373787,FALSE,FALSE,150,150,150,"n = 150",0.4,0.05,"outside"
"ENSG00000145191",114,1.08333577551376,1.04949193794438,-3.76344166745571,-3.88783875988635,FALSE,FALSE,150,150,150,"n = 150",0.4,0.05,"outside"
"ENSG00000129932",118,0.107660945088434,0.109304611354742,-0.056156525166128,-0.0628015366018755,FALSE,FALSE,150,150,150,"n = 150",0.4,0.05,"outside"
"ENSG00000118420",143,0.14105247530211,0.142944692184951,-0.101089242014812,-0.129281189539651,FALSE,FALSE,150,150,150,"n = 150",0.4,0.05,"outside"
"ENSG00000204209",111,0.0785726816538911,0.0836585276299875,-0.0402507937933036,-0.0497917068038925,TRUE,TRUE,150,150,150,"n = 150",0.4,0.05,"C0"
"ENSG00000110321",155,0.381575496193083,0.389496263892934,-0.536420046388083,-0.574024201958332,FALSE,FALSE,150,150,150,"n = 150",0.4,0.05,"outside"
"ENSG00000121350",130,0.50190762113358,0.50772274604981,-0.698250593799666,-0.749020089345206,FALSE,FALSE,150,150,150,"n = 150",0.4,0.05,"outside"
"ENSG00000162601",106,0.106370042091058,0.104673815729726,-0.111462890570565,-0.121457045628802,FALSE,FALSE,150,150,150,"n = 150",0.4,0.05,"outside"
"ENSG00000070366",123,0.125106825863758,0.128237549499867,-0.0895842958505512,-0.0975694776191494,FALSE,FALSE,150,150,150,"n = 150",0.4,0.05,"outside"
"ENSG00000111300",139,0.138975503883426,0.139250385566095,-0.208928333017106,-0.238920379358563,FALSE,FALSE,150,150,150,"n = 150",0.4,0.05,"outside"
"ENSG00000154229",107,0.166519869215241,0.160689716575479,-0.148869109516071,-0.176975577451295,FALSE,FALSE,150,150,150,"n = 150",0.4,0.05,"outside"
"ENSG00000108423",123,0.126843072353428,0.131004312063224,-0.049434589520583,-0.0517037600852908,TRUE,FALSE,150,150,150,"n = 150",0.4,0.05,"Cgamma"
"ENSG00000117410",107,0.0995987528264484,0.1015445409398,-0.0910712441294276,-0.109305257657496,FALSE,FALSE,150,150,150,"n = 150",0.4,0.05,"outside"
"ENSG00000139977",134,0.106642349107014,0.107522681633917,-0.0215632081483918,-0.0281769695821862,TRUE,TRUE,150,150,150,"n = 150",0.4,0.05,"C0"
"ENSG00000185246",183,0.102856355381594,0.104012819818297,-0.0265467761632217,-0.0313928018649305,TRUE,TRUE,150,150,150,"n = 150",0.4,0.05,"C0"
"ENSG00000164975",120,0.240632645167832,0.248808389564353,-0.782692931247137,-0.8444858995868,FALSE,FALSE,150,150,150,"n = 150",0.4,0.05,"outside"
"ENSG00000241370",124,0.22817759829029,0.232388499579631,-0.405720347876542,-0.468689849949431,FALSE,FALSE,150,150,150,"n = 150",0.4,0.05,"outside"
"ENSG00000105732",154,0.0886150456346456,0.0900163830823443,-0.0630246013546194,-0.0885491255393319,FALSE,FALSE,150,150,150,"n = 150",0.4,0.05,"outside"
"ENSG00000101972",110,0.170069030609117,0.175691683141249,-0.0826637990047977,-0.0880881302711784,FALSE,FALSE,150,150,150,"n = 150",0.4,0.05,"outside"
"ENSG00000198176",164,0.081830631779233,0.0812554120972286,-0.0225828990939477,-0.0318886465819417,TRUE,TRUE,150,150,150,"n = 150",0.4,0.05,"C0"
"ENSG00000152253",473,0.450899373649076,0.444046502799693,-1.11645644316715,-1.21285842305957,FALSE,FALSE,150,150,150,"n = 150",0.4,0.05,"outside"
"ENSG00000110700",121,0.271082250766611,0.280228013294274,-2.84226164998825,-2.86553946584898,FALSE,FALSE,150,150,150,"n = 150",0.4,0.05,"outside"
"ENSG00000087302",192,0.305529838038171,0.313523136089444,-0.39772446138265,-0.436480073685201,FALSE,FALSE,150,150,150,"n = 150",0.4,0.05,"outside"
"ENSG00000111707",127,0.245288449642138,0.240659425296524,-0.401565599441398,-0.437918025708119,FALSE,FALSE,150,150,150,"n = 150",0.4,0.05,"outside"
"ENSG00000168917",387,0.104383340516366,0.105505629318522,-0.0232987899647572,-0.0285406788466098,TRUE,TRUE,150,150,150,"n = 150",0.4,0.05,"C0"
"ENSG00000198841",130,0.224229969752375,0.230627901539598,-0.271295783095579,-0.303195169273771,FALSE,FALSE,150,150,150,"n = 150",0.4,0.05,"outside"
"ENSG00000146282",132,0.0982294865866638,0.0952050414141828,-0.0494315768871017,-0.0565650840528963,TRUE,FALSE,150,150,150,"n = 150",0.4,0.05,"Cgamma"
"ENSG00000172613",149,0.0811906481535266,0.0824359089662874,-0.0281305786274407,-0.036354934596073,TRUE,TRUE,150,150,150,"n = 150",0.4,0.05,"C0"
"ENSG00000187961",117,0.104239061713976,0.105702994068329,-0.0761797756692289,-0.0872201511089421,FALSE,FALSE,150,150,150,"n = 150",0.4,0.05,"outside"
"ENSG00000105819",145,0.590110427331534,0.585995448404609,-1.09606356881993,-1.17179705246093,FALSE,FALSE,150,150,150,"n = 150",0.4,0.05,"outside"
"ENSG00000164654",130,0.105805069566409,0.107181930878095,-0.0883713550912385,-0.111316879800648,FALSE,FALSE,150,150,150,"n = 150",0.4,0.05,"outside"
"ENSG00000168924",153,0.283870465129329,0.291351542621233,-0.320699405015898,-0.349188561851541,FALSE,FALSE,150,150,150,"n = 150",0.4,0.05,"outside"
"ENSG00000160075",226,0.831730141135274,0.832349742128953,-1.70844465478509,-1.76225125969527,FALSE,FALSE,150,150,150,"n = 150",0.4,0.05,"outside"
"ENSG00000103187",108,0.0965843544178395,0.0972435934477254,-0.0491811246265093,-0.0671194519816109,TRUE,FALSE,150,150,150,"n = 150",0.4,0.05,"Cgamma"
"ENSG00000163754",284,0.125952949697153,0.112421303385149,-0.756180632485986,-0.769733521069102,FALSE,FALSE,150,150,150,"n = 150",0.4,0.05,"outside"
"ENSG00000171453",177,0.125966446129405,0.13036812555399,-0.0827879335136165,-0.0928283902974337,FALSE,FALSE,150,150,150,"n = 150",0.4,0.05,"outside"
"ENSG00000147416",158,0.140379165604165,0.14101792840312,-0.101749614419122,-0.12668270644311,FALSE,FALSE,150,150,150,"n = 150",0.4,0.05,"outside"
"ENSG00000100949",189,0.368680965517693,0.341880006462532,-1.93251418727426,-2.05684332115901,FALSE,FALSE,150,150,150,"n = 150",0.4,0.05,"outside"
"ENSG00000198356",161,0.107243122473324,0.108559075019839,-0.0421458966105972,-0.0555049367390342,TRUE,FALSE,150,150,150,"n = 150",0.4,0.05,"Cgamma"
"ENSG00000213465",193,0.125995000691664,0.128037502484691,-0.0411635247377273,-0.0466196994310869,TRUE,TRUE,150,150,150,"n = 150",0.4,0.05,"C0"
"ENSG00000241468",223,0.128501852967003,0.130680453476393,-0.0460161828604303,-0.0496806451540705,TRUE,TRUE,150,150,150,"n = 150",0.4,0.05,"C0"
"ENSG00000167578",229,0.10446899558395,0.103175810238735,-0.0215440129524494,-0.0281492293506973,TRUE,TRUE,150,150,150,"n = 150",0.4,0.05,"C0"
"ENSG00000075856",233,0.159379376489923,0.154867192004436,-1.32204447347999,-1.39351117625834,FALSE,FALSE,150,150,150,"n = 150",0.4,0.05,"outside"
"ENSG00000188186",122,0.0891681096390105,0.0905316106799762,-0.0194371058725325,-0.0246273664618319,TRUE,TRUE,150,150,150,"n = 150",0.4,0.05,"C0"
"ENSG00000131462",134,0.113606227764794,0.116586808082202,-0.0933227159231476,-0.121670052688859,FALSE,FALSE,150,150,150,"n = 150",0.4,0.05,"outside"
"ENSG00000071553",174,0.118888767754169,0.121014904447656,-0.0665500932468204,-0.0783791187519761,FALSE,FALSE,150,150,150,"n = 150",0.4,0.05,"outside"
"ENSG00000171848",191,0.119068858314721,0.116677966428981,-0.58705764536084,-0.680142213073903,FALSE,FALSE,150,150,150,"n = 150",0.4,0.05,"outside"
"ENSG00000258366",305,0.111990974334417,0.112788821451965,-0.0684686495331751,-0.0862792441879024,FALSE,FALSE,150,150,150,"n = 150",0.4,0.05,"outside"
"ENSG00000170545",170,0.106813304746091,0.108889754178105,-0.0232815670732019,-0.0275844621264155,TRUE,TRUE,150,150,150,"n = 150",0.4,0.05,"C0"
"ENSG00000104859",332,0.0933770838054086,0.0942586559847165,-0.024511121831215,-0.0299964772336907,TRUE,TRUE,150,150,150,"n = 150",0.4,0.05,"C0"
"ENSG00000155115",131,0.163378637201246,0.162696734686406,-0.074079715686354,-0.0846233405340675,FALSE,FALSE,150,150,150,"n = 150",0.4,0.05,"outside"
"ENSG00000105419",114,0.197143584004058,0.191041915555841,-1.11901221899519,-1.14613790049815,FALSE,FALSE,150,150,150,"n = 150",0.4,0.05,"outside"
"ENSG00000177889",103,0.126674206970131,0.127226430614597,-0.088815144633732,-0.096158891449546,FALSE,FALSE,150,150,150,"n = 150",0.4,0.05,"outside"
"ENSG00000156990",111,0.0855698203816475,0.0832012941803092,-0.0931256923704669,-0.12149906476529,FALSE,FALSE,150,150,150,"n = 150",0.4,0.05,"outside"
"ENSG00000116580",107,0.156103056264048,0.157425958843248,-0.176071023587583,-0.21001980013489,FALSE,FALSE,150,150,150,"n = 150",0.4,0.05,"outside"
"ENSG00000056097",116,0.125348274771625,0.120398907976086,-0.293301039952961,-0.334879682156968,FALSE,FALSE,150,150,150,"n = 150",0.4,0.05,"outside"
"ENSG00000135040",308,0.114327534039053,0.115724465926489,-0.0428257863600676,-0.0483652445775718,TRUE,TRUE,150,150,150,"n = 150",0.4,0.05,"C0"
"ENSG00000167522",149,0.0907270340422719,0.0903828330670133,-0.0658772835445786,-0.111167549303624,FALSE,FALSE,150,150,150,"n = 150",0.4,0.05,"outside"
"ENSG00000170348",160,0.0829681425795491,0.0788060218086478,-0.0428741174125368,-0.0623329953091035,TRUE,FALSE,150,150,150,"n = 150",0.4,0.05,"Cgamma"
"ENSG00000123374",204,0.104093822012159,0.103469573776469,-0.0548961246077077,-0.0599376154360012,FALSE,FALSE,150,150,150,"n = 150",0.4,0.05,"outside"
"ENSG00000276043",103,0.120870086492488,0.1225843411106,-0.0660339656729597,-0.1118481307437,FALSE,FALSE,150,150,150,"n = 150",0.4,0.05,"outside"
"ENSG00000125971",125,0.194142445905763,0.194812324253024,-0.34249550204092,-0.403096495069637,FALSE,FALSE,150,150,150,"n = 150",0.4,0.05,"outside"
"ENSG00000111667",126,0.0995016554768018,0.104373046267816,-0.441891805531044,-0.505594419664455,FALSE,FALSE,150,150,150,"n = 150",0.4,0.05,"outside"
"ENSG00000163166",106,0.0809553872345428,0.0809561542521458,-0.17406195694332,-0.201573984880648,FALSE,FALSE,150,150,150,"n = 150",0.4,0.05,"outside"
"ENSG00000156467",102,0.210425100829497,0.214630522970823,-0.13388337522929,-0.145549634328403,FALSE,FALSE,150,150,150,"n = 150",0.4,0.05,"outside"
"ENSG00000085415",124,0.140809977283989,0.141138172869936,-0.585393600356138,-0.659701686357464,FALSE,FALSE,150,150,150,"n = 150",0.4,0.05,"outside"
"ENSG00000126261",139,0.162539368390331,0.157992580111124,-0.260897868744445,-0.305232960894202,FALSE,FALSE,150,150,150,"n = 150",0.4,0.05,"outside"
"ENSG00000106263",109,0.973119145854965,0.933889345265206,-4.60616712173492,-4.77000267655326,FALSE,FALSE,150,150,150,"n = 150",0.4,0.05,"outside"
"ENSG00000264364",212,0.121483097695579,0.122936249625763,-0.03858033913774,-0.0458268032470013,TRUE,TRUE,150,150,150,"n = 150",0.4,0.05,"C0"
"ENSG00000257949",127,0.104465809714538,0.106035847428743,-0.0634672429696176,-0.0719682619701829,FALSE,FALSE,150,150,150,"n = 150",0.4,0.05,"outside"
"ENSG00000164032",264,0.0983499330270369,0.100874784407709,-0.0435509726608648,-0.0788930242489895,TRUE,FALSE,150,150,150,"n = 150",0.4,0.05,"Cgamma"
"ENSG00000197136",171,0.107055590353241,0.108186508844809,-0.0339641329539016,-0.0356691141678451,TRUE,TRUE,150,150,150,"n = 150",0.4,0.05,"C0"
"ENSG00000173757",173,0.139790686656693,0.140133957281943,-0.0486204599901151,-0.0538051054041863,TRUE,FALSE,150,150,150,"n = 150",0.4,0.05,"Cgamma"
"ENSG00000060339",103,0.114838345182235,0.114113446161598,-0.0350315131395976,-0.0591401548180846,TRUE,FALSE,150,150,150,"n = 150",0.4,0.05,"Cgamma"
"ENSG00000127586",118,0.124538728192584,0.127707984951561,-0.0548844299181988,-0.0583413159872774,FALSE,FALSE,150,150,150,"n = 150",0.4,0.05,"outside"
"ENSG00000111711",140,0.19645397962373,0.189394379386015,-0.300558956942947,-0.356513447213427,FALSE,FALSE,150,150,150,"n = 150",0.4,0.05,"outside"
"ENSG00000105568",215,0.122782005405246,0.121192741476135,-0.10399277429012,-0.16312297455254,FALSE,FALSE,150,150,150,"n = 150",0.4,0.05,"outside"
"ENSG00000162385",113,0.104040606727307,0.102031781251683,-0.056459608640332,-0.0610235512847953,FALSE,FALSE,150,150,150,"n = 150",0.4,0.05,"outside"
"ENSG00000169375",126,0.151164694214188,0.150087114394514,-0.0883895214575899,-0.105790338871563,FALSE,FALSE,150,150,150,"n = 150",0.4,0.05,"outside"
"ENSG00000107959",130,0.138195885646774,0.144937941361654,-0.102146052305442,-0.113574590284162,FALSE,FALSE,150,150,150,"n = 150",0.4,0.05,"outside"
"ENSG00000125691",101,0.25892505546988,0.238983906493116,-2.36696199116921,-2.41329157189406,FALSE,FALSE,150,150,150,"n = 150",0.4,0.05,"outside"
"ENSG00000198952",462,0.178960403010678,0.171701439525776,-0.194470147949459,-0.234818950885175,FALSE,FALSE,150,150,150,"n = 150",0.4,0.05,"outside"
"ENSG00000198700",106,0.115996866548611,0.119438863265909,-0.0537800886370187,-0.0688994290149235,FALSE,FALSE,150,150,150,"n = 150",0.4,0.05,"outside"
"ENSG00000101138",113,0.143873378843209,0.148667132484667,-0.733562829902297,-0.821795191981304,FALSE,FALSE,150,150,150,"n = 150",0.4,0.05,"outside"
"ENSG00000144736",149,0.17229772140678,0.175849734666754,-0.254807058563108,-0.319165468416163,FALSE,FALSE,150,150,150,"n = 150",0.4,0.05,"outside"
"ENSG00000071655",187,0.0824640581952407,0.0854074804661243,-0.0420977899522525,-0.0489160941602037,TRUE,TRUE,150,150,150,"n = 150",0.4,0.05,"C0"
"ENSG00000058804",109,0.146728053738366,0.149207302312225,-0.134957075897856,-0.153869793311787,FALSE,FALSE,150,150,150,"n = 150",0.4,0.05,"outside"
"ENSG00000162337",104,0.119972636055459,0.12075060450017,-0.0584893342649071,-0.0703179473071645,FALSE,FALSE,150,150,150,"n = 150",0.4,0.05,"outside"
"ENSG00000180198",169,0.112774911198635,0.113374820660839,-0.283722321492546,-0.327780745879876,FALSE,FALSE,150,150,150,"n = 150",0.4,0.05,"outside"
"ENSG00000143742",139,0.189410147954447,0.194880443369124,-0.548595873186875,-0.612898193515647,FALSE,FALSE,150,150,150,"n = 150",0.4,0.05,"outside"
"ENSG00000116698",143,0.116114177805704,0.119045780259654,-0.0552125376488943,-0.0602052192961348,FALSE,FALSE,150,150,150,"n = 150",0.4,0.05,"outside"
"ENSG00000203485",115,0.10580996933553,0.10885923192028,-0.159216042685192,-0.174665646832484,FALSE,FALSE,150,150,150,"n = 150",0.4,0.05,"outside"
"ENSG00000156970",102,0.184909120693901,0.191094226217531,-0.221930035481683,-0.281667663838257,FALSE,FALSE,150,150,150,"n = 150",0.4,0.05,"outside"
"ENSG00000130856",101,0.141750181930617,0.140239639570466,-0.212740006042006,-0.257268372934615,FALSE,FALSE,150,150,150,"n = 150",0.4,0.05,"outside"
"ENSG00000124486",113,0.204538275985436,0.212787376178835,-0.28440860633801,-0.307176374800605,FALSE,FALSE,150,150,150,"n = 150",0.4,0.05,"outside"
"ENSG00000175054",158,0.186562881683363,0.181265346661732,-0.834341555320753,-0.906230026522873,FALSE,FALSE,150,150,150,"n = 150",0.4,0.05,"outside"
"ENSG00000130165",150,0.109265528459859,0.111560829854189,-0.175920425258367,-0.196966602118309,FALSE,FALSE,150,150,150,"n = 150",0.4,0.05,"outside"
"ENSG00000112237",122,0.0806074320371706,0.0833435393555438,-0.136790166709263,-0.17709190589568,FALSE,FALSE,150,150,150,"n = 150",0.4,0.05,"outside"
"ENSG00000123416",197,0.0931675336254947,0.0950510601861199,-0.038105004303826,-0.0442476425160997,TRUE,TRUE,150,150,150,"n = 150",0.4,0.05,"C0"
"ENSG00000144867",181,0.183798188666866,0.181945683031032,-0.259683401500487,-0.308559525862311,FALSE,FALSE,150,150,150,"n = 150",0.4,0.05,"outside"
"ENSG00000089195",114,0.202455536372505,0.208860218451668,-0.19045544799506,-0.212632089624993,FALSE,FALSE,150,150,150,"n = 150",0.4,0.05,"outside"
"ENSG00000160678",112,0.112348152443518,0.11222783471485,-0.0937103672778199,-0.136121108681931,FALSE,FALSE,150,150,150,"n = 150",0.4,0.05,"outside"
"ENSG00000174437",135,0.367808004036553,0.368230396608596,-0.659275480949202,-0.726298548560155,FALSE,FALSE,150,150,150,"n = 150",0.4,0.05,"outside"
"ENSG00000111581",138,0.178021743982551,0.176630992606922,-1.33679662135357,-1.44552963007138,FALSE,FALSE,150,150,150,"n = 150",0.4,0.05,"outside"
"ENSG00000170322",148,0.102796632059906,0.104844683829844,-0.0521695639025702,-0.0625371021902174,FALSE,FALSE,150,150,150,"n = 150",0.4,0.05,"outside"
"ENSG00000155827",147,0.189806857771891,0.189612010489573,-0.334874747265228,-0.385532158458017,FALSE,FALSE,150,150,150,"n = 150",0.4,0.05,"outside"
"ENSG00000188529",111,0.171218881192082,0.168056097841163,-0.0839216058435986,-0.0990715716033457,FALSE,FALSE,150,150,150,"n = 150",0.4,0.05,"outside"
"ENSG00000162396",292,0.119081640425021,0.118906729149856,-0.0347029746682844,-0.0416921614371829,TRUE,TRUE,150,150,150,"n = 150",0.4,0.05,"C0"
"ENSG00000276234",117,0.0835694350538932,0.0814784823463998,-0.531120185004618,-0.545497334922544,FALSE,FALSE,150,150,150,"n = 150",0.4,0.05,"outside"
"ENSG00000029364",115,0.108496829334918,0.111792814671137,-0.0544576815832061,-0.0604919894537897,FALSE,FALSE,150,150,150,"n = 150",0.4,0.05,"outside"
"ENSG00000147604",116,0.434996744083329,0.333952976989383,-3.11884820383885,-3.15227651104349,FALSE,FALSE,150,150,150,"n = 150",0.4,0.05,"outside"
"ENSG00000175550",139,0.101961009453515,0.102883424093527,-0.180169537908311,-0.205319255587409,FALSE,FALSE,150,150,150,"n = 150",0.4,0.05,"outside"
"ENSG00000255529",172,0.0909175738446274,0.0895708667501514,-0.241256079250943,-0.278772789415831,FALSE,FALSE,150,150,150,"n = 150",0.4,0.05,"outside"
"ENSG00000164815",112,0.0719641674555784,0.071901773452865,-0.071150584538581,-0.0858876603246564,FALSE,FALSE,150,150,150,"n = 150",0.4,0.05,"outside"
"ENSG00000099956",103,0.120005318434887,0.117769968223994,-0.0735526800381472,-0.0898877055810427,FALSE,FALSE,150,150,150,"n = 150",0.4,0.05,"outside"
"ENSG00000168538",230,0.423765477113962,0.365858829003362,-3.11005180008729,-3.26156693641267,FALSE,FALSE,150,150,150,"n = 150",0.4,0.05,"outside"
"ENSG00000082068",132,0.356080906383356,0.36455141335872,-0.668474537823345,-0.721799867648655,FALSE,FALSE,150,150,150,"n = 150",0.4,0.05,"outside"
"ENSG00000138785",134,0.078723326657963,0.0776376802085702,-0.0526451274508673,-0.073332306844589,FALSE,FALSE,150,150,150,"n = 150",0.4,0.05,"outside"
"ENSG00000058063",121,0.126468703515253,0.127503346998294,-0.369990276558897,-0.437630681323318,FALSE,FALSE,150,150,150,"n = 150",0.4,0.05,"outside"
"ENSG00000102144",110,0.111581508155241,0.107239157825331,-0.0780871577327243,-0.0982609813146674,FALSE,FALSE,150,150,150,"n = 150",0.4,0.05,"outside"
"ENSG00000108518",122,0.162645272243011,0.161059911167097,-1.42908705136079,-1.45819470531801,FALSE,FALSE,150,150,150,"n = 150",0.4,0.05,"outside"
"ENSG00000144034",126,0.588467336641771,0.545888583956267,-1.25637807336966,-1.29482635489228,FALSE,FALSE,150,150,150,"n = 150",0.4,0.05,"outside"
"ENSG00000181029",101,0.378637880951937,0.328831610856598,-2.83860670597119,-2.99179661407925,FALSE,FALSE,150,150,150,"n = 150",0.4,0.05,"outside"
"ENSG00000119718",147,0.979959251952969,0.948179787659505,-3.04434957853904,-3.16479919371675,FALSE,FALSE,150,150,150,"n = 150",0.4,0.05,"outside"
"ENSG00000099800",117,0.238818385175299,0.234485701610405,-0.236092947476866,-0.267968910553829,FALSE,FALSE,150,150,150,"n = 150",0.4,0.05,"outside"
"ENSG00000123485",116,0.117584383872219,0.118947593678481,-0.0940312438211117,-0.112184980090125,FALSE,FALSE,150,150,150,"n = 150",0.4,0.05,"outside"
"ENSG00000065526",104,0.0725701404842013,0.0704125536515753,-0.0389571817002088,-0.0447285314790117,TRUE,TRUE,150,150,150,"n = 150",0.4,0.05,"C0"
"ENSG00000143379",121,0.147195497701393,0.149692600917148,-0.0963277114420247,-0.102187110284384,FALSE,FALSE,150,150,150,"n = 150",0.4,0.05,"outside"
"ENSG00000100216",103,0.294088940648057,0.303002360788355,-0.502874461520963,-0.551726561832492,FALSE,FALSE,150,150,150,"n = 150",0.4,0.05,"outside"
"ENSG00000144559",115,0.224317528734305,0.229896173646928,-0.247394846879606,-0.272584960544566,FALSE,FALSE,150,150,150,"n = 150",0.4,0.05,"outside"
"ENSG00000054118",119,0.111772558217093,0.111976145025085,-0.0372512653596909,-0.0434563492681195,TRUE,TRUE,150,150,150,"n = 150",0.4,0.05,"C0"
"ENSG00000172339",111,0.248750603354026,0.248447936357757,-0.272472523128088,-0.306900278882009,FALSE,FALSE,150,150,150,"n = 150",0.4,0.05,"outside"
"ENSG00000213397",117,0.0933147328094335,0.0959410246707208,-0.0390764840996983,-0.0423757368777173,TRUE,TRUE,150,150,150,"n = 150",0.4,0.05,"C0"
"ENSG00000075089",103,0.160970278632003,0.168289493774077,-0.265988924408174,-0.30572991984847,FALSE,FALSE,150,150,150,"n = 150",0.4,0.05,"outside"
"ENSG00000014164",102,0.134846376751138,0.135912904739925,-0.0462360766806458,-0.0580246620015377,TRUE,FALSE,150,150,150,"n = 150",0.4,0.05,"Cgamma"
"ENSG00000198258",120,0.331047436273938,0.310456317155143,-1.28421597611504,-1.37665690525122,FALSE,FALSE,150,150,150,"n = 150",0.4,0.05,"outside"
"ENSG00000132912",110,0.150699482561884,0.149115579288947,-0.960603643234769,-1.06400744402702,FALSE,FALSE,150,150,150,"n = 150",0.4,0.05,"outside"
"ENSG00000232838",154,0.104870615306546,0.108487796841409,-0.627865807097211,-0.636348715250457,FALSE,FALSE,150,150,150,"n = 150",0.4,0.05,"outside"
"ENSG00000166260",114,0.128763977410705,0.124135860246198,-0.227093978260924,-0.288986941838895,FALSE,FALSE,150,150,150,"n = 150",0.4,0.05,"outside"
"ENSG00000130816",102,0.163988730855077,0.160929489571244,-0.106939704100635,-0.117227711783814,FALSE,FALSE,150,150,150,"n = 150",0.4,0.05,"outside"
"ENSG00000165458",108,0.105110345525763,0.108109624152529,-0.0775860370402742,-0.0983360819146396,FALSE,FALSE,150,150,150,"n = 150",0.4,0.05,"outside"
"ENSG00000171314",114,0.0805840079877979,0.0786594068573697,-0.102782421755444,-0.138456296055867,FALSE,FALSE,150,150,150,"n = 150",0.4,0.05,"outside"
"ENSG00000110851",107,0.075870892285297,0.0755440411966219,-0.0023829048237844,-0.013437701955984,TRUE,TRUE,150,150,150,"n = 150",0.4,0.05,"C0"
"ENSG00000148308",103,0.170665488744374,0.170013793211338,-0.0904622191921359,-0.10382355060279,FALSE,FALSE,150,150,150,"n = 150",0.4,0.05,"outside"
"ENSG00000080603",110,0.126096114675412,0.122754880962992,-0.0407139886390377,-0.0484506175436387,TRUE,TRUE,100,100,100,"n = 100",0.28,0.05,"C0"
"ENSG00000103226",115,0.123853457541707,0.12562482476027,-0.112189591487219,-0.13607468780522,FALSE,FALSE,100,100,100,"n = 100",0.28,0.05,"outside"
"ENSG00000069329",118,0.10404026592144,0.102576865903723,-0.372168817464831,-0.415511694041412,FALSE,FALSE,100,100,100,"n = 100",0.28,0.05,"outside"
"ENSG00000168827",1669,0.123942657639654,0.122239356064713,-0.0366797385621688,-0.0413197993483972,TRUE,TRUE,100,100,100,"n = 100",0.28,0.05,"C0"
"ENSG00000132522",122,0.111875100661405,0.112114214907149,-0.0634048857398063,-0.075650557889006,FALSE,FALSE,100,100,100,"n = 100",0.28,0.05,"outside"
"ENSG00000037637",876,0.117116199305177,0.113403637319567,-0.0340690804633354,-0.0430291919854059,TRUE,TRUE,100,100,100,"n = 100",0.28,0.05,"C0"
"ENSG00000247077",173,0.161669917834691,0.157991873737232,-0.0857764185718363,-0.0928117340123332,FALSE,FALSE,100,100,100,"n = 100",0.28,0.05,"outside"
"ENSG00000108064",3458,0.109757371070895,0.109098865984895,-0.0329704094461277,-0.0418615883495411,TRUE,TRUE,100,100,100,"n = 100",0.28,0.05,"C0"
"ENSG00000108091",1051,0.108780848900834,0.108241153288523,-0.0478356673052278,-0.0556229669010016,TRUE,FALSE,100,100,100,"n = 100",0.28,0.05,"Cgamma"
"ENSG00000179988",262,0.112787980198184,0.107770271465996,-0.0708939551839892,-0.0857115850864619,FALSE,FALSE,100,100,100,"n = 100",0.28,0.05,"outside"
"ENSG00000072756",347,0.551099888762566,0.541705736623881,-1.07052071711894,-1.13286138999165,FALSE,FALSE,100,100,100,"n = 100",0.28,0.05,"outside"
"ENSG00000162004",492,0.105482008808845,0.103594981343952,-0.023668010161607,-0.0269265186066993,TRUE,TRUE,100,100,100,"n = 100",0.28,0.05,"C0"
"ENSG00000164615",155,0.136015852703959,0.129874578980821,-0.0547737544044865,-0.0685042938682697,FALSE,FALSE,100,100,100,"n = 100",0.28,0.05,"outside"
"ENSG00000125037",103,0.0953247440728441,0.0940539750977117,-0.0457019376342465,-0.0511310030657202,TRUE,FALSE,100,100,100,"n = 100",0.28,0.05,"Cgamma"
"ENSG00000137100",144,0.106286662017108,0.105179517600693,-0.439409080210589,-0.485387853174667,FALSE,FALSE,100,100,100,"n = 100",0.28,0.05,"outside"
"ENSG00000123200",102,0.202215096933059,0.187507609001086,-0.867805918643599,-0.89280159698445,FALSE,FALSE,100,100,100,"n = 100",0.28,0.05,"outside"
"ENSG00000136273",222,0.0928964385123258,0.0918744542112579,-0.0228657308018808,-0.0266052505540354,TRUE,TRUE,100,100,100,"n = 100",0.28,0.05,"C0"
"ENSG00000112130",209,0.105954803664754,0.106267828627075,-0.0458243692786013,-0.0548416132278355,TRUE,FALSE,100,100,100,"n = 100",0.28,0.05,"Cgamma"
"ENSG00000109670",197,0.103220385799776,0.10348374974113,-0.0670964651275396,-0.0763764871546684,FALSE,FALSE,100,100,100,"n = 100",0.28,0.05,"outside"
"ENSG00000177885",112,0.0882396345742579,0.0892044094271443,-0.0479389334785385,-0.051029528341918,TRUE,FALSE,100,100,100,"n = 100",0.28,0.05,"Cgamma"
"ENSG00000110203",219,0.11016403980509,0.108222317425099,-0.0334898466102202,-0.0366553412818878,TRUE,TRUE,100,100,100,"n = 100",0.28,0.05,"C0"
"ENSG00000119414",1539,0.108428033872188,0.107242803826692,-0.0265734120684566,-0.0313216269105585,TRUE,TRUE,100,100,100,"n = 100",0.28,0.05,"C0"
"ENSG00000197912",115,0.0962761022324356,0.0977404087294133,-0.0256790135157714,-0.030078467980097,TRUE,TRUE,100,100,100,"n = 100",0.28,0.05,"C0"
"ENSG00000105281",1877,0.0986544489300494,0.0974493469078467,-0.0214473515559974,-0.0263247650260552,TRUE,TRUE,100,100,100,"n = 100",0.28,0.05,"C0"
"ENSG00000108312",132,0.0998003253540223,0.0971326823658592,-0.0288047257144054,-0.0382184698245983,TRUE,TRUE,100,100,100,"n = 100",0.28,0.05,"C0"
"ENSG00000171862",187,0.0925208140246834,0.0918645130511185,-0.0206307961463203,-0.0313094168660181,TRUE,TRUE,100,100,100,"n = 100",0.28,0.05,"C0"
"ENSG00000268043",1159,0.111545831054418,0.106005409828252,-0.17014316903991,-0.179913856663577,FALSE,FALSE,100,100,100,"n = 100",0.28,0.05,"outside"
"ENSG00000072506",809,0.105529758355183,0.104241403823413,-0.038878258579036,-0.0499827792670461,TRUE,TRUE,100,100,100,"n = 100",0.28,0.05,"C0"
"ENSG00000180817",128,0.110894669786835,0.109827267103808,-0.122096256925724,-0.146006855377115,FALSE,FALSE,100,100,100,"n = 100",0.28,0.05,"outside"
"ENSG00000106682",148,0.109443705548487,0.107905501880844,-0.0404982915022231,-0.0428285324381559,TRUE,TRUE,100,100,100,"n = 100",0.28,0.05,"C0"
"ENSG00000146007",192,0.109614187552335,0.110362477475991,-1.31221020764454,-1.37316162203019,FALSE,FALSE,100,100,100,"n = 100",0.28,0.05,"outside"
"ENSG00000113141",191,0.187994272436291,0.178954391988092,-2.09440857359371,-2.16375903484503,FALSE,FALSE,100,100,100,"n = 100",0.28,0.05,"outside"
"ENSG00000176108",104,0.16380419363775,0.156544620828847,-0.714455752840134,-0.758271104724849,FALSE,FALSE,100,100,100,"n = 100",0.28,0.05,"outside"
"ENSG00000171421",1565,0.108555956022547,0.108044219584857,-0.0221890411233482,-0.0259577316993389,TRUE,TRUE,100,100,100,"n = 100",0.28,0.05,"C0"
"ENSG00000250312",400,0.103543623454259,0.101856768677097,-0.0246851977522024,-0.0292423970925209,TRUE,TRUE,100,100,100,"n = 100",0.28,0.05,"C0"
"ENSG00000215712",597,0.135707354658321,0.134713179592616,-0.0681933276152019,-0.0745451467741291,FALSE,FALSE,100,100,100,"n = 100",0.28,0.05,"outside"
"ENSG00000168906",152,0.154278801177292,0.147643915879593,-0.0798708479764623,-0.0893409693664512,FALSE,FALSE,100,100,100,"n = 100",0.28,0.05,"outside"
"ENSG00000112118",179,0.165541578227926,0.166477176300872,-0.685690215704897,-0.74721762705065,FALSE,FALSE,100,100,100,"n = 100",0.28,0.05,"outside"
"ENSG00000169727",226,0.13070044052655,0.124491787140728,-0.931386364107514,-0.972512812916758,FALSE,FALSE,100,100,100,"n = 100",0.28,0.05,"outside"
"ENSG00000135363",268,0.125840086741089,0.124913563340397,-0.0481113727630611,-0.0555540355014306,TRUE,FALSE,100,100,100,"n = 100",0.28,0.05,"Cgamma"
"ENSG00000090006",107,0.123121170828031,0.122581623242934,-0.246045582434909,-0.259644211654211,FALSE,FALSE,100,100,100,"n = 100",0.28,0.05,"outside"
"ENSG00000120948",1603,0.105485421531045,0.103924404243165,-0.223383362521839,-0.239146438140488,FALSE,FALSE,100,100,100,"n = 100",0.28,0.05,"outside"
"ENSG00000129128",128,0.156162748194634,0.158523554705455,-0.161112235159537,-0.174866879270692,FALSE,FALSE,100,100,100,"n = 100",0.28,0.05,"outside"
"ENSG00000035141",504,0.121082115500007,0.119232909413322,-0.0339775813851002,-0.0391944920619643,TRUE,TRUE,100,100,100,"n = 100",0.28,0.05,"C0"
"ENSG00000070495",183,0.112050501641307,0.111776582558904,-0.0511021493854289,-0.0602507316397954,FALSE,FALSE,100,100,100,"n = 100",0.28,0.05,"outside"
"ENSG00000144401",105,0.0826867382647284,0.0845912641502471,-0.0987808285688535,-0.115904788252764,FALSE,FALSE,100,100,100,"n = 100",0.28,0.05,"outside"
"ENSG00000141098",123,0.158094916042475,0.158296501037529,-0.366717564843669,-0.402904262221527,FALSE,FALSE,100,100,100,"n = 100",0.28,0.05,"outside"
"ENSG00000167721",145,0.132222772976363,0.13089381423474,-0.284490263974066,-0.313846881327632,FALSE,FALSE,100,100,100,"n = 100",0.28,0.05,"outside"
"ENSG00000101057",877,0.110158450712338,0.109261224238162,-0.0266358761731208,-0.029271060460716,TRUE,TRUE,100,100,100,"n = 100",0.28,0.05,"C0"
"ENSG00000197734",292,0.59393665861285,0.551032119362393,-2.2889740451305,-2.3567694204441,FALSE,FALSE,100,100,100,"n = 100",0.28,0.05,"outside"
"ENSG00000132313",1452,0.104460505582973,0.103668835492528,-0.0227601770339438,-0.0267082148265798,TRUE,TRUE,100,100,100,"n = 100",0.28,0.05,"C0"
"ENSG00000171552",373,0.0946719966936227,0.0940948529352698,-0.0314956527947089,-0.0342201105302564,TRUE,TRUE,100,100,100,"n = 100",0.28,0.05,"C0"
"ENSG00000130725",233,0.087888883988806,0.0886861990184564,-0.035962919195338,-0.0413060803301008,TRUE,TRUE,100,100,100,"n = 100",0.28,0.05,"C0"
"ENSG00000139697",156,0.145237727313694,0.134296081832788,-0.294817699160599,-0.305490353681559,FALSE,FALSE,100,100,100,"n = 100",0.28,0.05,"outside"
"ENSG00000119203",173,0.210598166403747,0.197984209597657,-0.723873942604855,-0.76987631759804,FALSE,FALSE,100,100,100,"n = 100",0.28,0.05,"outside"
"ENSG00000104897",136,0.287206217138496,0.280683038063375,-0.453596952867155,-0.496045162917053,FALSE,FALSE,100,100,100,"n = 100",0.28,0.05,"outside"
"ENSG00000146576",378,0.123472743327657,0.12527684020463,-0.0445991190634686,-0.0474221086171002,TRUE,TRUE,100,100,100,"n = 100",0.28,0.05,"C0"
"ENSG00000182149",182,0.11081336190301,0.107974221630297,-0.0292281606905212,-0.0373885540693336,TRUE,TRUE,100,100,100,"n = 100",0.28,0.05,"C0"
"ENSG00000115364",108,0.0996260014442037,0.0985544883554254,-0.045998426476403,-0.051889403132491,TRUE,FALSE,100,100,100,"n = 100",0.28,0.05,"Cgamma"
"ENSG00000131475",101,0.125648165261279,0.120525283846129,-0.0721250659797461,-0.0913217217008937,FALSE,FALSE,100,100,100,"n = 100",0.28,0.05,"outside"
"ENSG00000072849",140,0.664425297600442,0.623305779922534,-2.56739103314935,-2.66871398873633,FALSE,FALSE,100,100,100,"n = 100",0.28,0.05,"outside"
"ENSG00000205571",424,0.305246937198508,0.313368865847026,-2.06407448311259,-2.14071195528843,FALSE,FALSE,100,100,100,"n = 100",0.28,0.05,"outside"
"ENSG00000134153",134,0.0887378778938037,0.0882782507025587,-0.0769339256744076,-0.081345068941977,FALSE,FALSE,100,100,100,"n = 100",0.28,0.05,"outside"
"ENSG00000100890",151,0.0864035761033181,0.0849612326933494,-0.0221702363305386,-0.0331484868657968,TRUE,TRUE,100,100,100,"n = 100",0.28,0.05,"C0"
"ENSG00000115216",149,0.101400222008618,0.101452060593759,-0.0208440746050634,-0.024267658358194,TRUE,TRUE,100,100,100,"n = 100",0.28,0.05,"C0"
"ENSG00000100129",114,0.457368921496712,0.459569842223988,-0.48353728240957,-0.505278028522116,FALSE,FALSE,100,100,100,"n = 100",0.28,0.05,"outside"
"ENSG00000136888",124,0.128320277137524,0.124619579492349,-0.0460203383121013,-0.052962347227302,TRUE,FALSE,100,100,100,"n = 100",0.28,0.05,"Cgamma"
"ENSG00000184058",306,0.100972175327482,0.0987488190001917,-0.0641544873211493,-0.072635998423239,FALSE,FALSE,100,100,100,"n = 100",0.28,0.05,"outside"
"ENSG00000204469",147,0.10332867089858,0.102719744089538,-0.0874228946365462,-0.0936709296565646,FALSE,FALSE,100,100,100,"n = 100",0.28,0.05,"outside"
"ENSG00000015676",129,0.174061466497724,0.176869754731746,-0.962073592187582,-1.0158055363759,FALSE,FALSE,100,100,100,"n = 100",0.28,0.05,"outside"
"ENSG00000174780",140,0.57324851185987,0.534902774229877,-2.74244789656534,-2.83199995034221,FALSE,FALSE,100,100,100,"n = 100",0.28,0.05,"outside"
"ENSG00000101166",127,0.448181047767511,0.44598347262907,-1.0676632631493,-1.13179287843112,FALSE,FALSE,100,100,100,"n = 100",0.28,0.05,"outside"
"ENSG00000130312",159,0.133402333265484,0.131418102076782,-0.464045835603479,-0.502243766383499,FALSE,FALSE,100,100,100,"n = 100",0.28,0.05,"outside"
"ENSG00000006715",246,0.0909548005870916,0.0903546616719718,-0.0148043609311121,-0.0187667570409877,TRUE,TRUE,100,100,100,"n = 100",0.28,0.05,"C0"
"ENSG00000148396",210,0.106180425403478,0.103359988306556,-0.0482335450528002,-0.0611203185998213,TRUE,FALSE,100,100,100,"n = 100",0.28,0.05,"Cgamma"
"ENSG00000140943",184,0.108612788580251,0.10715283043186,-0.0344871825174038,-0.0404719944364392,TRUE,TRUE,100,100,100,"n = 100",0.28,0.05,"C0"
"ENSG00000103363",128,0.155574475376308,0.153234046861258,-0.519587762656422,-0.540023637721536,FALSE,FALSE,100,100,100,"n = 100",0.28,0.05,"outside"
"ENSG00000108963",239,0.121380465931221,0.120397947190356,-0.0543378057762004,-0.0633537554812257,FALSE,FALSE,100,100,100,"n = 100",0.28,0.05,"outside"
"ENSG00000261236",108,0.128049181618082,0.127430046831582,-0.0654825192449535,-0.0831064579625371,FALSE,FALSE,100,100,100,"n = 100",0.28,0.05,"outside"
"ENSG00000070785",103,0.996673473955942,0.962275748517188,-3.92181884401445,-4.01351922869895,FALSE,FALSE,100,100,100,"n = 100",0.28,0.05,"outside"
"ENSG00000084463",109,0.181088461176317,0.176355487523017,-0.503950042634465,-0.54645183518954,FALSE,FALSE,100,100,100,"n = 100",0.28,0.05,"outside"
"ENSG00000197111",202,0.119703801637153,0.115636297798089,-0.0864806619876327,-0.0984647937675917,FALSE,FALSE,100,100,100,"n = 100",0.28,0.05,"outside"
"ENSG00000104866",347,0.180906331334776,0.176588896078119,-0.277631740167701,-0.304463037843584,FALSE,FALSE,100,100,100,"n = 100",0.28,0.05,"outside"
"ENSG00000064102",288,0.101457051775462,0.101136372018575,-0.0350386025400654,-0.0385274328778085,TRUE,TRUE,100,100,100,"n = 100",0.28,0.05,"C0"
"ENSG00000124789",107,0.265232607582839,0.25891080173659,-0.624790098286213,-0.681430902435459,FALSE,FALSE,100,100,100,"n = 100",0.28,0.05,"outside"
"ENSG00000119777",687,0.113750734447782,0.113224263787545,-0.0637132563322907,-0.0721966071882038,FALSE,FALSE,100,100,100,"n = 100",0.28,0.05,"outside"
"ENSG00000050820",593,0.121838876378036,0.119732493746821,-0.0406277023215269,-0.0446363609392147,TRUE,TRUE,100,100,100,"n = 100",0.28,0.05,"C0"
"ENSG00000142731",174,0.13626292901621,0.134372788280755,-1.05975543321391,-1.12422007848645,FALSE,FALSE,100,100,100,"n = 100",0.28,0.05,"outside"
"ENSG00000108559",111,0.121091322191536,0.118574659454584,-0.672417839960061,-0.728895486596952,FALSE,FALSE,100,100,100,"n = 100",0.28,0.05,"outside"
"ENSG00000182872",128,0.37778052681655,0.363354117907773,-1.14558887338156,-1.23291801211854,FALSE,FALSE,100,100,100,"n = 100",0.28,0.05,"outside"
"ENSG00000111642",109,0.154163030392611,0.1556743729073,-0.189398754289338,-0.23937090232147,FALSE,FALSE,100,100,100,"n = 100",0.28,0.05,"outside"
"ENSG00000126088",239,0.139679140357705,0.137439947495168,-0.128595296072113,-0.135565197062365,FALSE,FALSE,100,100,100,"n = 100",0.28,0.05,"outside"
"ENSG00000143952",230,0.108750327425193,0.106780124174892,-0.0696895323586765,-0.0746333239335266,FALSE,FALSE,100,100,100,"n = 100",0.28,0.05,"outside"
"ENSG00000099949",207,0.102721763017093,0.10006850134899,-0.116938849502744,-0.131982823939878,FALSE,FALSE,100,100,100,"n = 100",0.28,0.05,"outside"
"ENSG00000064995",113,0.132386286539779,0.120497550426713,-0.537790007477797,-0.541991898857363,FALSE,FALSE,100,100,100,"n = 100",0.28,0.05,"outside"
"ENSG00000197265",265,0.342333173729051,0.340532730638436,-0.995774684044503,-1.04382778950646,FALSE,FALSE,100,100,100,"n = 100",0.28,0.05,"outside"
"ENSG00000183479",384,0.12634381022094,0.124356551278018,-0.225427504384661,-0.262620038422676,FALSE,FALSE,100,100,100,"n = 100",0.28,0.05,"outside"
"ENSG00000149016",222,0.114798055444896,0.114437613097685,-0.249325451364256,-0.272556259911496,FALSE,FALSE,100,100,100,"n = 100",0.28,0.05,"outside"
"ENSG00000104835",108,0.102307696747349,0.0994449600786947,-0.0622953598136206,-0.0711010879064177,FALSE,FALSE,100,100,100,"n = 100",0.28,0.05,"outside"
"ENSG00000137845",358,0.112546816256907,0.110404234070141,-0.147643428934998,-0.166353575754847,FALSE,FALSE,100,100,100,"n = 100",0.28,0.05,"outside"
"ENSG00000102710",179,0.124674255066105,0.121989095376559,-0.158861302417691,-0.186496602974083,FALSE,FALSE,100,100,100,"n = 100",0.28,0.05,"outside"
"ENSG00000108349",168,0.128845269357988,0.127233033771337,-0.0399373762884505,-0.0461245152013424,TRUE,TRUE,100,100,100,"n = 100",0.28,0.05,"C0"
"ENSG00000134809",108,0.144789894632269,0.144819232797473,-0.556077224755083,-0.599159426507966,FALSE,FALSE,100,100,100,"n = 100",0.28,0.05,"outside"
"ENSG00000175792",103,0.299174270367094,0.281111604019512,-2.9467774801724,-3.00522801533562,FALSE,FALSE,100,100,100,"n = 100",0.28,0.05,"outside"
"ENSG00000204152",343,0.91459315984363,0.907173569673422,-2.22887309673329,-2.30674749743888,FALSE,FALSE,100,100,100,"n = 100",0.28,0.05,"outside"
"ENSG00000116774",135,0.0840617982279148,0.0863614134362545,-0.0317570988724871,-0.0350014138327943,TRUE,TRUE,100,100,100,"n = 100",0.28,0.05,"C0"
"ENSG00000105258",143,0.290548623693409,0.286820442987441,-1.53890308285042,-1.58938265963762,FALSE,FALSE,100,100,100,"n = 100",0.28,0.05,"outside"
"ENSG00000092036",153,0.115903576748635,0.113301192779059,-0.668571960883842,-0.725950981253164,FALSE,FALSE,100,100,100,"n = 100",0.28,0.05,"outside"
"ENSG00000126698",138,0.115988495711461,0.111556570471123,-0.0657239304964688,-0.0837499124720412,FALSE,FALSE,100,100,100,"n = 100",0.28,0.05,"outside"
"ENSG00000069248",106,0.270515933303001,0.264673249153987,-0.880010898331384,-0.950053387297423,FALSE,FALSE,100,100,100,"n = 100",0.28,0.05,"outside"
"ENSG00000108654",197,0.101807026733894,0.0999592501344719,-0.0588693073690369,-0.0657781356151466,FALSE,FALSE,100,100,100,"n = 100",0.28,0.05,"outside"
"ENSG00000205609",337,0.814421634228146,0.780344728761211,-3.30539322299292,-3.41379317261508,FALSE,FALSE,100,100,100,"n = 100",0.28,0.05,"outside"
"ENSG00000213523",161,0.114326747390142,0.113117157343614,-0.0668860683031866,-0.0818762261416216,FALSE,FALSE,100,100,100,"n = 100",0.28,0.05,"outside"
"ENSG00000178773",184,0.101965768458976,0.0979341843322976,-0.0596668442428262,-0.068937435481398,FALSE,FALSE,100,100,100,"n = 100",0.28,0.05,"outside"
"ENSG00000100201",154,0.12132368666259,0.11814457208876,-0.0949949452484922,-0.10048979502862,FALSE,FALSE,100,100,100,"n = 100",0.28,0.05,"outside"
"ENSG00000182446",182,0.588966700727775,0.577205485163176,-1.84247558647313,-1.91229726716587,FALSE,FALSE,100,100,100,"n = 100",0.28,0.05,"outside"
"ENSG00000079999",163,0.115466679024164,0.115113084550985,-0.0530159068143237,-0.0622596593987522,FALSE,FALSE,100,100,100,"n = 100",0.28,0.05,"outside"
"ENSG00000147050",213,0.10521313449895,0.102895689721533,-0.0293847403523155,-0.0341277608095483,TRUE,TRUE,100,100,100,"n = 100",0.28,0.05,"C0"
"ENSG00000242485",104,0.109970993149876,0.108923971934759,-0.0408403647366108,-0.0497941770048542,TRUE,TRUE,100,100,100,"n = 100",0.28,0.05,"C0"
"ENSG00000161203",202,0.136179063056478,0.133146905357341,-0.0747318521161557,-0.085723208108785,FALSE,FALSE,100,100,100,"n = 100",0.28,0.05,"outside"
"ENSG00000124571",162,0.11077044079357,0.110846263707665,-0.0397250434148746,-0.0437728428612213,TRUE,TRUE,100,100,100,"n = 100",0.28,0.05,"C0"
"ENSG00000151461",104,0.135495963897874,0.133392937090414,-0.148270248813066,-0.159437898554692,FALSE,FALSE,100,100,100,"n = 100",0.28,0.05,"outside"
"ENSG00000203760",130,0.13224236680785,0.129387366482433,-0.0865210259715002,-0.103523151204971,FALSE,FALSE,100,100,100,"n = 100",0.28,0.05,"outside"
"ENSG00000204371",171,0.142164114444899,0.138853859825077,-0.424167773753197,-0.466771507703557,FALSE,FALSE,100,100,100,"n = 100",0.28,0.05,"outside"
"ENSG00000090061",273,0.11266322461026,0.110207211297282,-0.030854155290156,-0.0359484273940006,TRUE,TRUE,100,100,100,"n = 100",0.28,0.05,"C0"
"ENSG00000134852",647,0.145886955150517,0.139945760473132,-0.0905631098213765,-0.104543965184971,FALSE,FALSE,100,100,100,"n = 100",0.28,0.05,"outside"
"ENSG00000071859",116,0.172006388728567,0.171125263848041,-0.365181793673885,-0.392403409519675,FALSE,FALSE,100,100,100,"n = 100",0.28,0.05,"outside"
"ENSG00000013374",144,0.177196766134967,0.171953778251951,-0.133845563721376,-0.163191979938069,FALSE,FALSE,100,100,100,"n = 100",0.28,0.05,"outside"
"ENSG00000164077",172,0.0768971919311564,0.0770416459068447,-0.0815984388547775,-0.0934949266015273,FALSE,FALSE,100,100,100,"n = 100",0.28,0.05,"outside"
"ENSG00000135486",133,0.11287541793007,0.112102409373906,-0.0990957938521351,-0.111737498047379,FALSE,FALSE,100,100,100,"n = 100",0.28,0.05,"outside"
"ENSG00000164941",148,0.14985321476692,0.152102725484879,-0.443818244699632,-0.493651890603141,FALSE,FALSE,100,100,100,"n = 100",0.28,0.05,"outside"
"ENSG00000131931",150,0.402267221989403,0.359835203308107,-2.65908242449523,-2.73582643247514,FALSE,FALSE,100,100,100,"n = 100",0.28,0.05,"outside"
"ENSG00000108424",177,0.198431020243314,0.194390476330598,-1.03162585531939,-1.10090851098092,FALSE,FALSE,100,100,100,"n = 100",0.28,0.05,"outside"
"ENSG00000164902",108,0.28167840676652,0.279249092634442,-1.10645211873116,-1.16026047409429,FALSE,FALSE,100,100,100,"n = 100",0.28,0.05,"outside"
"ENSG00000105185",135,0.10252776096432,0.101806734413851,-0.0403241888302389,-0.0514892324933829,TRUE,FALSE,100,100,100,"n = 100",0.28,0.05,"Cgamma"
"ENSG00000125484",889,0.117454263075415,0.115992798754098,-0.0539792253892334,-0.0698259176665447,FALSE,FALSE,100,100,100,"n = 100",0.28,0.05,"outside"
"ENSG00000104517",102,0.149775060192205,0.148455416232037,-0.0771539918050044,-0.0898687556045775,FALSE,FALSE,100,100,100,"n = 100",0.28,0.05,"outside"
"ENSG00000167513",101,0.26856697000328,0.256048888348423,-1.41275094404876,-1.48965263814876,FALSE,FALSE,100,100,100,"n = 100",0.28,0.05,"outside"
"ENSG00000150776",117,0.105641658077122,0.101680879741226,-0.131439597930406,-0.154975027676237,FALSE,FALSE,100,100,100,"n = 100",0.28,0.05,"outside"
"ENSG00000163930",110,0.0978452643559222,0.0978475300321099,-0.188387459318505,-0.220655059395794,FALSE,FALSE,100,100,100,"n = 100",0.28,0.05,"outside"
"ENSG00000185838",105,0.163463127975235,0.158928888651975,-0.155436701211877,-0.178879139267144,FALSE,FALSE,100,100,100,"n = 100",0.28,0.05,"outside"
"ENSG00000124207",252,0.148771784740815,0.144305220710641,-0.795430313679972,-0.878204877132989,FALSE,FALSE,100,100,100,"n = 100",0.28,0.05,"outside"
"ENSG00000130024",124,0.0859835636510313,0.0843188158230954,-0.0636593444321652,-0.0691497497152224,FALSE,FALSE,100,100,100,"n = 100",0.28,0.05,"outside"
"ENSG00000169045",145,0.0782468172487869,0.0768776735628028,-0.0467493342383615,-0.0599192745207919,TRUE,FALSE,100,100,100,"n = 100",0.28,0.05,"Cgamma"
"ENSG00000284024",104,0.136063342916112,0.13303835041038,-0.150861820435277,-0.179470282276478,FALSE,FALSE,100,100,100,"n = 100",0.28,0.05,"outside"
"ENSG00000187531",237,0.179459440101973,0.17994259827357,-0.951929278347321,-1.011578855188,FALSE,FALSE,100,100,100,"n = 100",0.28,0.05,"outside"
"ENSG00000241837",135,0.0951834626766946,0.0938866588538751,-0.018902890037774,-0.0265343460868093,TRUE,TRUE,100,100,100,"n = 100",0.28,0.05,"C0"
"ENSG00000129055",111,0.101395524105583,0.0991438601822275,-0.037479045150724,-0.0440959859659312,TRUE,TRUE,100,100,100,"n = 100",0.28,0.05,"C0"
"ENSG00000110921",422,0.110187486344915,0.106862733476108,-0.0423868845727216,-0.0509147678885226,TRUE,FALSE,100,100,100,"n = 100",0.28,0.05,"Cgamma"
"ENSG00000133059",258,0.118122999470356,0.11561176862926,-0.0492529340643201,-0.0577300636657037,TRUE,FALSE,100,100,100,"n = 100",0.28,0.05,"Cgamma"
"ENSG00000100209",227,0.136744478751422,0.13457875958616,-0.459183921096381,-0.504583404774855,FALSE,FALSE,100,100,100,"n = 100",0.28,0.05,"outside"
"ENSG00000117360",111,0.183626026153863,0.186124394675565,-2.69144304424262,-2.75419290919972,FALSE,FALSE,100,100,100,"n = 100",0.28,0.05,"outside"
"ENSG00000072274",299,0.100316787901248,0.0993753838431405,-0.0187715626259019,-0.0229435335215762,TRUE,TRUE,100,100,100,"n = 100",0.28,0.05,"C0"
"ENSG00000197780",182,0.154676984533849,0.144787137422758,-0.670613781087458,-0.673262360798456,FALSE,FALSE,100,100,100,"n = 100",0.28,0.05,"outside"
"ENSG00000014123",111,0.0846477446127891,0.0864341926870408,-0.045871635894979,-0.050774131090077,TRUE,FALSE,100,100,100,"n = 100",0.28,0.05,"Cgamma"
"ENSG00000076003",120,0.10510890709162,0.106210949358899,-0.861525578130721,-0.928156600947374,FALSE,FALSE,100,100,100,"n = 100",0.28,0.05,"outside"
"ENSG00000178202",768,0.111585575220074,0.111294068315142,-0.0626569315463198,-0.0666341753867433,FALSE,FALSE,100,100,100,"n = 100",0.28,0.05,"outside"
"ENSG00000109618",168,0.095507015751064,0.0925815702777983,-0.0172874985834267,-0.0244881706434959,TRUE,TRUE,100,100,100,"n = 100",0.28,0.05,"C0"
"ENSG00000162775",213,0.128228764139732,0.120839133052598,-0.181947477650486,-0.191254583455804,FALSE,FALSE,100,100,100,"n = 100",0.28,0.05,"outside"
"ENSG00000183054",381,0.0935170193526231,0.0925644999429881,-0.0194419149781555,-0.0245463025273194,TRUE,TRUE,100,100,100,"n = 100",0.28,0.05,"C0"
"ENSG00000100804",137,1.32294959708639,1.17845966682382,-7.28341195623004,-7.3681946617894,FALSE,FALSE,100,100,100,"n = 100",0.28,0.05,"outside"
"ENSG00000168872",393,0.0939460623339024,0.0921986153826086,-0.0306124459586628,-0.0389336716616944,TRUE,TRUE,100,100,100,"n = 100",0.28,0.05,"C0"
"ENSG00000169564",170,0.102467318521614,0.101534762718738,-0.0786599423714484,-0.0937782174267421,FALSE,FALSE,100,100,100,"n = 100",0.28,0.05,"outside"
"ENSG00000139350",140,0.115138471858341,0.116241594693099,-0.0335780983832557,-0.0402052744861082,TRUE,TRUE,100,100,100,"n = 100",0.28,0.05,"C0"
"ENSG00000105618",144,0.226405065916371,0.226917279050621,-2.9073522771372,-2.97335896611148,FALSE,FALSE,100,100,100,"n = 100",0.28,0.05,"outside"
"ENSG00000140830",169,0.0945953452572714,0.0888477488415288,-0.0505883764216795,-0.0611126482513002,FALSE,FALSE,100,100,100,"n = 100",0.28,0.05,"outside"
"ENSG00000285053",125,0.157918742937612,0.157936587127548,-0.0886310198588248,-0.10033998425069,FALSE,FALSE,100,100,100,"n = 100",0.28,0.05,"outside"
"ENSG00000153786",388,0.160625031112844,0.157066091766409,-0.166642622287425,-0.182481442532241,FALSE,FALSE,100,100,100,"n = 100",0.28,0.05,"outside"
"ENSG00000131351",169,0.100916338907342,0.100470692777289,-0.173309194083314,-0.20593694670852,FALSE,FALSE,100,100,100,"n = 100",0.28,0.05,"outside"
"ENSG00000168286",144,0.108144664407187,0.104573204926493,-0.0959997739280346,-0.108816871616559,FALSE,FALSE,100,100,100,"n = 100",0.28,0.05,"outside"
"ENSG00000153391",147,0.102392280015242,0.101477169589188,-0.0317956547323846,-0.0389083969113339,TRUE,TRUE,100,100,100,"n = 100",0.28,0.05,"C0"
"ENSG00000110713",102,0.17994743070199,0.175747566402237,-2.57685113560342,-2.63053970728378,FALSE,FALSE,100,100,100,"n = 100",0.28,0.05,"outside"
"ENSG00000047410",126,0.093925631363175,0.0913900642425833,-0.121638960736618,-0.158851382125725,FALSE,FALSE,100,100,100,"n = 100",0.28,0.05,"outside"
"ENSG00000163634",146,0.133462648466822,0.131471398675343,-0.559571040890384,-0.613911695159152,FALSE,FALSE,100,100,100,"n = 100",0.28,0.05,"outside"
"ENSG00000079785",121,0.272111956671269,0.275888595708338,-0.294551900509878,-0.313241878579472,FALSE,FALSE,100,100,100,"n = 100",0.28,0.05,"outside"
"ENSG00000213638",286,0.135172225534269,0.134421132258053,-0.0468872104176022,-0.0530148890064795,TRUE,FALSE,100,100,100,"n = 100",0.28,0.05,"Cgamma"
"ENSG00000138035",140,0.0798882485215553,0.0801786212200739,-0.04682988323181,-0.0589197864311574,TRUE,FALSE,100,100,100,"n = 100",0.28,0.05,"Cgamma"
"ENSG00000163528",136,0.484305826046439,0.490328067915913,-0.879478411075534,-0.935107225732329,FALSE,FALSE,100,100,100,"n = 100",0.28,0.05,"outside"
"ENSG00000167985",190,0.0940135263901268,0.094520713760078,-0.0199298455591779,-0.0227702605140605,TRUE,TRUE,100,100,100,"n = 100",0.28,0.05,"C0"
"ENSG00000103356",129,0.135084383231736,0.129962966681896,-0.057820885583743,-0.0698169315720129,FALSE,FALSE,100,100,100,"n = 100",0.28,0.05,"outside"
"ENSG00000103423",155,0.127688627287013,0.128178159257987,-0.146489687956958,-0.166715402807134,FALSE,FALSE,100,100,100,"n = 100",0.28,0.05,"outside"
"ENSG00000189366",212,0.138651698421034,0.138041674163652,-0.0496419975567579,-0.0549001940667891,TRUE,FALSE,100,100,100,"n = 100",0.28,0.05,"Cgamma"
"ENSG00000156603",195,0.117629312118985,0.120301931959877,-0.748418799782029,-0.779897449773165,FALSE,FALSE,100,100,100,"n = 100",0.28,0.05,"outside"
"ENSG00000188986",148,0.278642161896117,0.285732934144228,-0.320638831587987,-0.334355232184361,FALSE,FALSE,100,100,100,"n = 100",0.28,0.05,"outside"
"ENSG00000116670",229,0.123296480284746,0.119303522730965,-0.0350609838956929,-0.0434194215168738,TRUE,TRUE,100,100,100,"n = 100",0.28,0.05,"C0"
"ENSG00000103061",106,0.123525132872248,0.126632429700955,-0.124727594665464,-0.145397606349973,FALSE,FALSE,100,100,100,"n = 100",0.28,0.05,"outside"
"ENSG00000101557",171,0.0983798852851038,0.09746521750946,-0.0545983373400215,-0.0624917477938165,FALSE,FALSE,100,100,100,"n = 100",0.28,0.05,"outside"
"ENSG00000105656",168,0.218462993768691,0.203219826305113,-0.764813108865962,-0.839917228760209,FALSE,FALSE,100,100,100,"n = 100",0.28,0.05,"outside"
"ENSG00000157778",221,0.130572528767934,0.122586966464725,-0.43473878492405,-0.475201943322226,FALSE,FALSE,100,100,100,"n = 100",0.28,0.05,"outside"
"ENSG00000012174",151,0.12519133053352,0.123012025855715,-0.0375824079688206,-0.0429790810982303,TRUE,TRUE,100,100,100,"n = 100",0.28,0.05,"C0"
"ENSG00000083896",184,0.158436100607206,0.142120183939464,-0.829748080118681,-0.872713454314893,FALSE,FALSE,100,100,100,"n = 100",0.28,0.05,"outside"
"ENSG00000116688",211,0.121725361153478,0.120435556878245,-0.0573140154657711,-0.0686714751018221,FALSE,FALSE,100,100,100,"n = 100",0.28,0.05,"outside"
"ENSG00000176225",101,0.0966291832709495,0.0978052412045786,-0.0521167782419421,-0.0638622415186783,FALSE,FALSE,100,100,100,"n = 100",0.28,0.05,"outside"
"ENSG00000167543",141,0.157484639331359,0.15797106834431,-0.0819245199832992,-0.0914248557028366,FALSE,FALSE,100,100,100,"n = 100",0.28,0.05,"outside"
"ENSG00000112972",259,0.1129462416877,0.109754237513041,-0.0394884475785764,-0.0457105752301302,TRUE,TRUE,100,100,100,"n = 100",0.28,0.05,"C0"
"ENSG00000117751",142,0.136137920786633,0.134662205063337,-0.107338567938567,-0.124802150191521,FALSE,FALSE,100,100,100,"n = 100",0.28,0.05,"outside"
"ENSG00000099821",212,0.0980277961158706,0.0996037046647189,-0.132172444997752,-0.15830813112752,FALSE,FALSE,100,100,100,"n = 100",0.28,0.05,"outside"
"ENSG00000115507",127,0.111461741078699,0.109599322952428,-0.0351608914844989,-0.0398618783772666,TRUE,TRUE,100,100,100,"n = 100",0.28,0.05,"C0"
"ENSG00000169249",216,0.125928597337852,0.124282964975685,-0.0379063108632795,-0.0448003932689669,TRUE,TRUE,100,100,100,"n = 100",0.28,0.05,"C0"
"ENSG00000138614",351,0.105638240961338,0.102877387538651,-0.0553054886663972,-0.0603090641250251,FALSE,FALSE,100,100,100,"n = 100",0.28,0.05,"outside"
"ENSG00000126226",145,0.107777519464588,0.107420253016337,-0.0413554796516901,-0.0506259342720583,TRUE,FALSE,100,100,100,"n = 100",0.28,0.05,"Cgamma"
"ENSG00000079819",125,0.0918546705569189,0.0919496459889634,-0.0249753655833983,-0.030260873819445,TRUE,TRUE,100,100,100,"n = 100",0.28,0.05,"C0"
"ENSG00000010810",146,0.114279881155471,0.110828758023704,-0.15108798356974,-0.174010200395239,FALSE,FALSE,100,100,100,"n = 100",0.28,0.05,"outside"
"ENSG00000159086",138,0.105424866451144,0.10221614987589,-0.62790903598134,-0.684816355580466,FALSE,FALSE,100,100,100,"n = 100",0.28,0.05,"outside"
"ENSG00000175283",121,0.0809845147493872,0.07888988957396,-0.0562827971547695,-0.0653333296733158,FALSE,FALSE,100,100,100,"n = 100",0.28,0.05,"outside"
"ENSG00000160783",320,0.216335480234517,0.215559728956845,-0.405577100266605,-0.445487249826061,FALSE,FALSE,100,100,100,"n = 100",0.28,0.05,"outside"
"ENSG00000185591",189,0.109727511533999,0.108161305299037,-0.042369947339835,-0.0479116004203089,TRUE,TRUE,100,100,100,"n = 100",0.28,0.05,"C0"
"ENSG00000170906",169,0.128153784712395,0.126709438351657,-0.314411792576055,-0.328283342707473,FALSE,FALSE,100,100,100,"n = 100",0.28,0.05,"outside"
"ENSG00000156162",184,0.0924097583526,0.0931257392830089,-0.0742169193045311,-0.0841393709426894,FALSE,FALSE,100,100,100,"n = 100",0.28,0.05,"outside"
"ENSG00000138231",131,0.446635643944203,0.404521930891322,-0.715796791879851,-0.761369853879261,FALSE,FALSE,100,100,100,"n = 100",0.28,0.05,"outside"
"ENSG00000185668",133,0.113171630891386,0.112696071226011,-0.871696100290781,-0.897966237164598,FALSE,FALSE,100,100,100,"n = 100",0.28,0.05,"outside"
"ENSG00000213593",137,0.112450485279646,0.111592705525973,-0.387664916478608,-0.415397701170872,FALSE,FALSE,100,100,100,"n = 100",0.28,0.05,"outside"
"ENSG00000140694",153,0.119313838156466,0.11960085389273,-0.101855818396332,-0.117558264898544,FALSE,FALSE,100,100,100,"n = 100",0.28,0.05,"outside"
"ENSG00000243725",124,0.104528391330991,0.102793613921322,-0.0585187323214247,-0.0656173624467955,FALSE,FALSE,100,100,100,"n = 100",0.28,0.05,"outside"
"ENSG00000113312",116,0.40463223505386,0.406762750381797,-0.735631129228699,-0.779020250441409,FALSE,FALSE,100,100,100,"n = 100",0.28,0.05,"outside"
"ENSG00000182220",265,0.114942049921264,0.113119269446199,-0.0509215010745629,-0.0545640443755522,FALSE,FALSE,100,100,100,"n = 100",0.28,0.05,"outside"
"ENSG00000161654",111,0.15146390522332,0.151378072496748,-0.105324257189002,-0.125576017762127,FALSE,FALSE,100,100,100,"n = 100",0.28,0.05,"outside"
"ENSG00000149357",321,0.10233128997895,0.100849941171963,-0.0483204430256213,-0.0554522810859276,TRUE,FALSE,100,100,100,"n = 100",0.28,0.05,"Cgamma"
"ENSG00000066136",111,0.135210779364039,0.133873756773347,-0.614485104644412,-0.668230884385137,FALSE,FALSE,100,100,100,"n = 100",0.28,0.05,"outside"
"ENSG00000010292",106,0.1158378045495,0.113492704776682,-0.151585034841649,-0.175761223620504,FALSE,FALSE,100,100,100,"n = 100",0.28,0.05,"outside"
"ENSG00000115947",159,0.0934994051468827,0.0932070473939888,-0.015848401887724,-0.0233370423427716,TRUE,TRUE,100,100,100,"n = 100",0.28,0.05,"C0"
"ENSG00000099991",161,0.115630449789554,0.11378796364892,-0.0282242080157011,-0.0356166835157348,TRUE,TRUE,100,100,100,"n = 100",0.28,0.05,"C0"
"ENSG00000166598",138,0.11245464145977,0.111822882807349,-0.0367778825354746,-0.0424726456593378,TRUE,TRUE,100,100,100,"n = 100",0.28,0.05,"C0"
"ENSG00000185651",122,0.0868164098043107,0.0878954558178458,-0.0291760077384493,-0.0463492848875509,TRUE,TRUE,100,100,100,"n = 100",0.28,0.05,"C0"
"ENSG00000100462",126,0.253733892317919,0.236545922011044,-0.373826297375632,-0.410970925891099,FALSE,FALSE,100,100,100,"n = 100",0.28,0.05,"outside"
"ENSG00000188994",129,0.116493032522087,0.115066181825798,-0.0487786708044283,-0.0536960680894218,TRUE,FALSE,100,100,100,"n = 100",0.28,0.05,"Cgamma"
"ENSG00000275023",104,0.184978046720778,0.18824324864446,-0.668245784445894,-0.72294140890362,FALSE,FALSE,100,100,100,"n = 100",0.28,0.05,"outside"
"ENSG00000107290",121,0.145135964097191,0.146832411113737,-0.118044184966881,-0.129478537562101,FALSE,FALSE,100,100,100,"n = 100",0.28,0.05,"outside"
"ENSG00000172757",139,0.450793617023647,0.405131948128079,-2.24517147262817,-2.2585085847001,FALSE,FALSE,100,100,100,"n = 100",0.28,0.05,"outside"
"ENSG00000004487",178,0.11958090322808,0.118782446241971,-0.0440945756388435,-0.048682107819492,TRUE,TRUE,100,100,100,"n = 100",0.28,0.05,"C0"
"ENSG00000171159",152,0.125788814761559,0.122818079361526,-0.0522594005618281,-0.0574739929357342,FALSE,FALSE,100,100,100,"n = 100",0.28,0.05,"outside"
"ENSG00000170291",101,0.234443600848864,0.233865996417333,-0.382022442739023,-0.412988386548212,FALSE,FALSE,100,100,100,"n = 100",0.28,0.05,"outside"
"ENSG00000204316",256,0.108912390913081,0.105725085842757,-0.0458549747495207,-0.0584309533170801,TRUE,FALSE,100,100,100,"n = 100",0.28,0.05,"Cgamma"
"ENSG00000172922",129,0.140324148589141,0.137984118839189,-0.0490160211363936,-0.0543464544917171,TRUE,FALSE,100,100,100,"n = 100",0.28,0.05,"Cgamma"
"ENSG00000146457",351,0.140939166947742,0.139440487782786,-0.234991207262485,-0.246323479472109,FALSE,FALSE,100,100,100,"n = 100",0.28,0.05,"outside"
"ENSG00000109920",114,0.0905450121197833,0.0898603422212717,-0.413853652610999,-0.464845639471703,FALSE,FALSE,100,100,100,"n = 100",0.28,0.05,"outside"
"ENSG00000185883",220,0.0933433619199243,0.0937990170615165,-0.0670799067468228,-0.0758969990784353,FALSE,FALSE,100,100,100,"n = 100",0.28,0.05,"outside"
"ENSG00000113194",115,0.113230502451631,0.112302553194105,-0.0526740633215076,-0.0595203314539237,FALSE,FALSE,100,100,100,"n = 100",0.28,0.05,"outside"
"ENSG00000153814",226,0.112332738858306,0.112537972954023,-0.100664522333732,-0.11652551135461,FALSE,FALSE,100,100,100,"n = 100",0.28,0.05,"outside"
"ENSG00000092020",128,0.0860569332583965,0.0853620773647354,-0.0313326492327489,-0.0389291053367846,TRUE,TRUE,100,100,100,"n = 100",0.28,0.05,"C0"
"ENSG00000090905",106,0.239556055260605,0.240069615628916,-1.26078301520617,-1.31296637349859,FALSE,FALSE,100,100,100,"n = 100",0.28,0.05,"outside"
"ENSG00000134014",108,0.431504798993595,0.42754710615792,-0.888953044047453,-0.94433739042185,FALSE,FALSE,100,100,100,"n = 100",0.28,0.05,"outside"
"ENSG00000169750",127,0.573946633692052,0.506270406362141,-5.31012345944669,-5.44344876346149,FALSE,FALSE,100,100,100,"n = 100",0.28,0.05,"outside"
"ENSG00000165898",143,0.0894355636834855,0.087864334950844,-0.0247915683635106,-0.0336440106690047,TRUE,TRUE,100,100,100,"n = 100",0.28,0.05,"C0"
"ENSG00000116809",282,0.179589091098139,0.17796500100136,-0.0947132160776729,-0.100400263843636,FALSE,FALSE,100,100,100,"n = 100",0.28,0.05,"outside"
"ENSG00000165644",138,0.15634018097924,0.154901233183902,-0.124427533247508,-0.133806601804381,FALSE,FALSE,100,100,100,"n = 100",0.28,0.05,"outside"
"ENSG00000112249",118,0.165870906782937,0.161656600770103,-0.628000274191318,-0.683000875888007,FALSE,FALSE,100,100,100,"n = 100",0.28,0.05,"outside"
"ENSG00000174243",168,0.168174956483007,0.16371882701305,-2.0620743453463,-2.12843095867969,FALSE,FALSE,100,100,100,"n = 100",0.28,0.05,"outside"
"ENSG00000250067",237,0.112539829513047,0.107683102399636,-0.0448855575329955,-0.0497646335034955,TRUE,TRUE,100,100,100,"n = 100",0.28,0.05,"C0"
"ENSG00000168118",176,0.197623015834772,0.199352545854582,-0.219925756050171,-0.234843906428586,FALSE,FALSE,100,100,100,"n = 100",0.28,0.05,"outside"
"ENSG00000152382",138,0.103040400332431,0.100056321773298,-0.130526826787146,-0.161926403472148,FALSE,FALSE,100,100,100,"n = 100",0.28,0.05,"outside"
"ENSG00000063046",380,0.119062184051136,0.117342357879812,-0.100686406783998,-0.117529868523903,FALSE,FALSE,100,100,100,"n = 100",0.28,0.05,"outside"
"ENSG00000130640",154,0.168181529148638,0.165917034280166,-0.712640482959272,-0.768132067436804,FALSE,FALSE,100,100,100,"n = 100",0.28,0.05,"outside"
"ENSG00000101158",111,0.390489650552057,0.398774439691163,-0.369105576356757,-0.377278033049003,FALSE,FALSE,100,100,100,"n = 100",0.28,0.05,"outside"
"ENSG00000189091",146,0.358123048699282,0.361042073865844,-1.79259244544618,-1.88739958396738,FALSE,FALSE,100,100,100,"n = 100",0.28,0.05,"outside"
"ENSG00000110172",142,0.102710984738429,0.100443940252676,-0.0781713313033384,-0.0865436878402995,FALSE,FALSE,100,100,100,"n = 100",0.28,0.05,"outside"
"ENSG00000165819",212,0.099146127287929,0.0965101095376274,-0.3554640349005,-0.366087664129788,FALSE,FALSE,100,100,100,"n = 100",0.28,0.05,"outside"
"ENSG00000137955",105,0.660234934814285,0.620948357228732,-3.09572377093139,-3.19617202640507,FALSE,FALSE,100,100,100,"n = 100",0.28,0.05,"outside"
"ENSG00000132294",214,0.118955915141008,0.116467433210098,-0.0376726633210803,-0.0457798464974771,TRUE,TRUE,100,100,100,"n = 100",0.28,0.05,"C0"
"ENSG00000132463",122,0.127602386133064,0.127183732206164,-0.0777267786271606,-0.0858309693799748,FALSE,FALSE,100,100,100,"n = 100",0.28,0.05,"outside"
"ENSG00000132153",105,0.11840544149124,0.117939915547486,-0.0566523517001715,-0.0614486545528884,FALSE,FALSE,100,100,100,"n = 100",0.28,0.05,"outside"
"ENSG00000071243",133,0.137364096931404,0.133968387270227,-0.0748557627093184,-0.0834732143333457,FALSE,FALSE,100,100,100,"n = 100",0.28,0.05,"outside"
"ENSG00000089639",140,0.124967792845746,0.124478944886006,-0.126022106426385,-0.145321489305229,FALSE,FALSE,100,100,100,"n = 100",0.28,0.05,"outside"
"ENSG00000060688",217,0.0912860741666644,0.0920028808267245,-0.0459987788675423,-0.061759240364711,TRUE,FALSE,100,100,100,"n = 100",0.28,0.05,"Cgamma"
"ENSG00000116455",105,0.154898819082319,0.151297337787242,-0.125224829387347,-0.152808334559354,FALSE,FALSE,100,100,100,"n = 100",0.28,0.05,"outside"
"ENSG00000089159",128,0.123925083514332,0.123794040842759,-0.0903349437208257,-0.100378205450131,FALSE,FALSE,100,100,100,"n = 100",0.28,0.05,"outside"
"ENSG00000134265",224,0.123969441609485,0.12109013252003,-0.060989624554476,-0.0670696141850581,FALSE,FALSE,100,100,100,"n = 100",0.28,0.05,"outside"
"ENSG00000092203",160,0.167081678361309,0.165989525246431,-0.0979544374880437,-0.105248918137961,FALSE,FALSE,100,100,100,"n = 100",0.28,0.05,"outside"
"ENSG00000100084",221,0.144617613293837,0.143355229549183,-0.0884703551633984,-0.102988800018043,FALSE,FALSE,100,100,100,"n = 100",0.28,0.05,"outside"
"ENSG00000137267",149,0.12470527748961,0.124856375900397,-0.0665722642870402,-0.0763296891872957,FALSE,FALSE,100,100,100,"n = 100",0.28,0.05,"outside"
"ENSG00000115875",145,0.150211088339113,0.151458341461557,-0.659816623837361,-0.720238464026001,FALSE,FALSE,100,100,100,"n = 100",0.28,0.05,"outside"
"ENSG00000160193",140,0.130405896149942,0.131879331837196,-0.0501967017456007,-0.0528968313088388,FALSE,FALSE,100,100,100,"n = 100",0.28,0.05,"outside"
"ENSG00000196230",249,0.109361871480603,0.106982739305062,-0.0553390963311797,-0.0645811535601407,FALSE,FALSE,100,100,100,"n = 100",0.28,0.05,"outside"
"ENSG00000124193",148,0.117667146500149,0.117451303761991,-0.0613404617358846,-0.0705588619608093,FALSE,FALSE,100,100,100,"n = 100",0.28,0.05,"outside"
"ENSG00000145191",114,0.995824027613782,0.964932483975361,-3.93100356855008,-4.02466776211484,FALSE,FALSE,100,100,100,"n = 100",0.28,0.05,"outside"
"ENSG00000129932",118,0.113349182518833,0.111790435459279,-0.0619022517440411,-0.0686990507749991,FALSE,FALSE,100,100,100,"n = 100",0.28,0.05,"outside"
"ENSG00000118420",143,0.141345215882961,0.1417312873157,-0.156374375843683,-0.181058720722366,FALSE,FALSE,100,100,100,"n = 100",0.28,0.05,"outside"
"ENSG00000204209",111,0.0771263931543011,0.0805484322462233,-0.0426921743677922,-0.0523027964049788,TRUE,FALSE,100,100,100,"n = 100",0.28,0.05,"Cgamma"
"ENSG00000110321",155,0.36767015326112,0.368808105257816,-0.583322903950818,-0.614266450172445,FALSE,FALSE,100,100,100,"n = 100",0.28,0.05,"outside"
"ENSG00000121350",130,0.48498593670226,0.488385641410851,-0.752357533718733,-0.791793155249458,FALSE,FALSE,100,100,100,"n = 100",0.28,0.05,"outside"
"ENSG00000162601",106,0.109422348914973,0.10540845162324,-0.121197631612283,-0.129714601525565,FALSE,FALSE,100,100,100,"n = 100",0.28,0.05,"outside"
"ENSG00000070366",123,0.130193358065131,0.129337043952796,-0.0913970991878892,-0.0990294547616245,FALSE,FALSE,100,100,100,"n = 100",0.28,0.05,"outside"
"ENSG00000111300",139,0.146264636624991,0.143766261138691,-0.280390328558654,-0.302523427017777,FALSE,FALSE,100,100,100,"n = 100",0.28,0.05,"outside"
"ENSG00000154229",107,0.177508652805265,0.169324272269486,-0.187834896375049,-0.210619804578059,FALSE,FALSE,100,100,100,"n = 100",0.28,0.05,"outside"
"ENSG00000108423",123,0.123641959043569,0.125603349118565,-0.0484918014952527,-0.0522830654054861,TRUE,FALSE,100,100,100,"n = 100",0.28,0.05,"Cgamma"
"ENSG00000117410",107,0.103497294302043,0.102034637473838,-0.123302262127533,-0.137330679104862,FALSE,FALSE,100,100,100,"n = 100",0.28,0.05,"outside"
"ENSG00000139977",134,0.111789272581943,0.110826298271056,-0.0233037256175529,-0.0298605283487081,TRUE,TRUE,100,100,100,"n = 100",0.28,0.05,"C0"
"ENSG00000185246",183,0.104542253523462,0.103014524123459,-0.0273761556583175,-0.0348904608980728,TRUE,TRUE,100,100,100,"n = 100",0.28,0.05,"C0"
"ENSG00000164975",120,0.218679770741426,0.22772117194268,-0.859836336559263,-0.907408766704435,FALSE,FALSE,100,100,100,"n = 100",0.28,0.05,"outside"
"ENSG00000241370",124,0.225935073820367,0.226269416555592,-0.485381533397924,-0.534566857042102,FALSE,FALSE,100,100,100,"n = 100",0.28,0.05,"outside"
"ENSG00000105732",154,0.092955200905915,0.0916146304664442,-0.135978055608003,-0.159996011008768,FALSE,FALSE,100,100,100,"n = 100",0.28,0.05,"outside"
"ENSG00000101972",110,0.171530388840583,0.174088835911299,-0.0858910076250411,-0.0909854045259444,FALSE,FALSE,100,100,100,"n = 100",0.28,0.05,"outside"
"ENSG00000198176",164,0.0849749019203673,0.0826868732366454,-0.0449397642106297,-0.0610595401520584,TRUE,FALSE,100,100,100,"n = 100",0.28,0.05,"Cgamma"
"ENSG00000152253",473,0.464464977539837,0.449933406609756,-1.20168385029115,-1.27135381251569,FALSE,FALSE,100,100,100,"n = 100",0.28,0.05,"outside"
"ENSG00000110700",121,0.268266272463356,0.267340695179617,-2.83271347698839,-2.85134864156522,FALSE,FALSE,100,100,100,"n = 100",0.28,0.05,"outside"
"ENSG00000087302",192,0.304499506823802,0.309379007591728,-0.44240852317078,-0.474455187122859,FALSE,FALSE,100,100,100,"n = 100",0.28,0.05,"outside"
"ENSG00000111707",127,0.257361895597697,0.249723167440818,-0.424741940252829,-0.454496462949278,FALSE,FALSE,100,100,100,"n = 100",0.28,0.05,"outside"
"ENSG00000168917",387,0.104771167046023,0.103685693091292,-0.022812503719577,-0.0275159952203737,TRUE,TRUE,100,100,100,"n = 100",0.28,0.05,"C0"
"ENSG00000198841",130,0.229204870536069,0.229685758765995,-0.312914416465295,-0.341180256465342,FALSE,FALSE,100,100,100,"n = 100",0.28,0.05,"outside"
"ENSG00000146282",132,0.104761755036384,0.0998992138563756,-0.0532385952780635,-0.0587543393649298,FALSE,FALSE,100,100,100,"n = 100",0.28,0.05,"outside"
"ENSG00000172613",149,0.0829491020377104,0.0818525831381826,-0.0322945249169481,-0.0393747133850504,TRUE,TRUE,100,100,100,"n = 100",0.28,0.05,"C0"
"ENSG00000187961",117,0.104640324826596,0.103894346769936,-0.0864890832337403,-0.0979344675101925,FALSE,FALSE,100,100,100,"n = 100",0.28,0.05,"outside"
"ENSG00000105819",145,0.568708093247503,0.55975269705326,-1.18519790634147,-1.24152734053276,FALSE,FALSE,100,100,100,"n = 100",0.28,0.05,"outside"
"ENSG00000164654",130,0.107675660802846,0.107258625659089,-0.121422519793381,-0.141213534847116,FALSE,FALSE,100,100,100,"n = 100",0.28,0.05,"outside"
"ENSG00000168924",153,0.283670248787654,0.284923697251961,-0.358142937465139,-0.38331871982181,FALSE,FALSE,100,100,100,"n = 100",0.28,0.05,"outside"
"ENSG00000160075",226,0.786208613069573,0.77156216109806,-1.81390597973038,-1.85398777925775,FALSE,FALSE,100,100,100,"n = 100",0.28,0.05,"outside"
"ENSG00000103187",108,0.0958059519187196,0.0940039632184698,-0.0828403645407848,-0.100401924042956,FALSE,FALSE,100,100,100,"n = 100",0.28,0.05,"outside"
"ENSG00000163754",284,0.158975490810288,0.135172281676171,-0.76635456816334,-0.779036724468555,FALSE,FALSE,100,100,100,"n = 100",0.28,0.05,"outside"
"ENSG00000171453",177,0.123435421594914,0.126198358477459,-0.0882528539787239,-0.0962360544884955,FALSE,FALSE,100,100,100,"n = 100",0.28,0.05,"outside"
"ENSG00000147416",158,0.140373784924659,0.13799656331629,-0.125895824476335,-0.146785098339077,FALSE,FALSE,100,100,100,"n = 100",0.28,0.05,"outside"
"ENSG00000100949",189,0.347504740066288,0.324477888842299,-1.99463448618785,-2.09318730972406,FALSE,FALSE,100,100,100,"n = 100",0.28,0.05,"outside"
"ENSG00000198356",161,0.108446773884285,0.107998253287298,-0.0485483227805898,-0.0573891608627679,TRUE,FALSE,100,100,100,"n = 100",0.28,0.05,"Cgamma"
"ENSG00000213465",193,0.130768986737873,0.129981272301123,-0.0580612474158532,-0.0647895075318443,FALSE,FALSE,100,100,100,"n = 100",0.28,0.05,"outside"
"ENSG00000241468",223,0.128952021198412,0.128099482351495,-0.0455421478676845,-0.049445779960423,TRUE,TRUE,100,100,100,"n = 100",0.28,0.05,"C0"
"ENSG00000167578",229,0.10808502711475,0.105015600497368,-0.0296648710893206,-0.0361353499889055,TRUE,TRUE,100,100,100,"n = 100",0.28,0.05,"C0"
"ENSG00000075856",233,0.155605032070862,0.152053710746373,-1.45078893376538,-1.50496782519212,FALSE,FALSE,100,100,100,"n = 100",0.28,0.05,"outside"
"ENSG00000188186",122,0.0938577891501144,0.0926923462277348,-0.024182102094384,-0.0301296625863263,TRUE,TRUE,100,100,100,"n = 100",0.28,0.05,"C0"
"ENSG00000131462",134,0.116306823706646,0.116790547166299,-0.156857518823722,-0.186305204615818,FALSE,FALSE,100,100,100,"n = 100",0.28,0.05,"outside"
"ENSG00000071553",174,0.117177151686444,0.117512724079562,-0.0786182400899639,-0.0904220733256516,FALSE,FALSE,100,100,100,"n = 100",0.28,0.05,"outside"
"ENSG00000171848",191,0.120263270938597,0.117334433344197,-0.713980223791532,-0.776579464684553,FALSE,FALSE,100,100,100,"n = 100",0.28,0.05,"outside"
"ENSG00000258366",305,0.115219592163293,0.114492947514508,-0.0980709060631461,-0.115640715223427,FALSE,FALSE,100,100,100,"n = 100",0.28,0.05,"outside"
"ENSG00000170545",170,0.108488074928537,0.108821152699023,-0.0252214864118318,-0.0301233141321126,TRUE,TRUE,100,100,100,"n = 100",0.28,0.05,"C0"
"ENSG00000104859",332,0.0985611317185806,0.0968225171589849,-0.0370498025046831,-0.0427552653856311,TRUE,TRUE,100,100,100,"n = 100",0.28,0.05,"C0"
"ENSG00000155115",131,0.166329428077828,0.162965738347185,-0.0776503786777351,-0.0871049103948949,FALSE,FALSE,100,100,100,"n = 100",0.28,0.05,"outside"
"ENSG00000105419",114,0.196164216887564,0.192488129898626,-1.10749479819501,-1.12975327483791,FALSE,FALSE,100,100,100,"n = 100",0.28,0.05,"outside"
"ENSG00000177889",103,0.12684809333368,0.124711496025802,-0.0853802466782738,-0.0928489921241291,FALSE,FALSE,100,100,100,"n = 100",0.28,0.05,"outside"
"ENSG00000156990",111,0.0893615081204781,0.0854323435903592,-0.152033153954714,-0.173855636623135,FALSE,FALSE,100,100,100,"n = 100",0.28,0.05,"outside"
"ENSG00000116580",107,0.157025691465057,0.154836929106054,-0.211441672487701,-0.238230078669897,FALSE,FALSE,100,100,100,"n = 100",0.28,0.05,"outside"
"ENSG00000056097",116,0.124290925843711,0.118650530322656,-0.305035515811113,-0.336203799337878,FALSE,FALSE,100,100,100,"n = 100",0.28,0.05,"outside"
"ENSG00000135040",308,0.115236046256034,0.113932688626597,-0.0465254179368413,-0.0516417245569037,TRUE,FALSE,100,100,100,"n = 100",0.28,0.05,"Cgamma"
"ENSG00000167522",149,0.0916721344602947,0.0887284321294665,-0.0732295516951928,-0.105831678317782,FALSE,FALSE,100,100,100,"n = 100",0.28,0.05,"outside"
"ENSG00000170348",160,0.0875946611397064,0.0810743433991747,-0.0487540938679876,-0.0676341173579011,TRUE,FALSE,100,100,100,"n = 100",0.28,0.05,"Cgamma"
"ENSG00000123374",204,0.106552609707183,0.103988985327776,-0.0652141276916976,-0.0705127111380755,FALSE,FALSE,100,100,100,"n = 100",0.28,0.05,"outside"
"ENSG00000276043",103,0.12057763977316,0.119784357141243,-0.141852060189024,-0.179138329610595,FALSE,FALSE,100,100,100,"n = 100",0.28,0.05,"outside"
"ENSG00000125971",125,0.194582673874676,0.192470597277878,-0.434915562344023,-0.477347012506185,FALSE,FALSE,100,100,100,"n = 100",0.28,0.05,"outside"
"ENSG00000111667",126,0.0996481510140174,0.100425740499861,-0.518495592756619,-0.558416442269853,FALSE,FALSE,100,100,100,"n = 100",0.28,0.05,"outside"
"ENSG00000163166",106,0.0831062477509964,0.0816487056079341,-0.224952877067073,-0.248447559202811,FALSE,FALSE,100,100,100,"n = 100",0.28,0.05,"outside"
"ENSG00000156467",102,0.210871087463156,0.211764311540431,-0.141644783175321,-0.152053467968081,FALSE,FALSE,100,100,100,"n = 100",0.28,0.05,"outside"
"ENSG00000085415",124,0.132065072435423,0.130904322566708,-0.677445736059773,-0.733896879773852,FALSE,FALSE,100,100,100,"n = 100",0.28,0.05,"outside"
"ENSG00000126261",139,0.162053838402951,0.156140362973827,-0.284822166214789,-0.317089680077595,FALSE,FALSE,100,100,100,"n = 100",0.28,0.05,"outside"
"ENSG00000106263",109,0.88230621739786,0.845966112706718,-4.80392201901279,-4.92932303846523,FALSE,FALSE,100,100,100,"n = 100",0.28,0.05,"outside"
"ENSG00000264364",212,0.125767452259993,0.124883118493779,-0.0413517761700192,-0.0512616175341194,TRUE,FALSE,100,100,100,"n = 100",0.28,0.05,"Cgamma"
"ENSG00000257949",127,0.112127476095011,0.110673349715543,-0.0695470326282729,-0.0781687953098606,FALSE,FALSE,100,100,100,"n = 100",0.28,0.05,"outside"
"ENSG00000164032",264,0.101860980389673,0.102392285434679,-0.0496344774464943,-0.076381240530649,TRUE,FALSE,100,100,100,"n = 100",0.28,0.05,"Cgamma"
"ENSG00000197136",171,0.110598183486958,0.109342544094556,-0.0363481258968279,-0.0388545749366161,TRUE,TRUE,100,100,100,"n = 100",0.28,0.05,"C0"
"ENSG00000173757",173,0.142961960769959,0.140436739932251,-0.0488197922770903,-0.0546952418709044,TRUE,FALSE,100,100,100,"n = 100",0.28,0.05,"Cgamma"
"ENSG00000060339",103,0.114201322613832,0.112267310758494,-0.0456590680594507,-0.0630274487625113,TRUE,FALSE,100,100,100,"n = 100",0.28,0.05,"Cgamma"
"ENSG00000127586",118,0.124701963019737,0.125303730216798,-0.0735367536254894,-0.0847125507350098,FALSE,FALSE,100,100,100,"n = 100",0.28,0.05,"outside"
"ENSG00000111711",140,0.191052473120518,0.182970420416608,-0.333174177314859,-0.379028868187254,FALSE,FALSE,100,100,100,"n = 100",0.28,0.05,"outside"
"ENSG00000105568",215,0.120737736353659,0.117590666243898,-0.191356925639331,-0.229357579426125,FALSE,FALSE,100,100,100,"n = 100",0.28,0.05,"outside"
"ENSG00000162385",113,0.105662262821166,0.10084149608239,-0.0594406897001795,-0.0656544435682679,FALSE,FALSE,100,100,100,"n = 100",0.28,0.05,"outside"
"ENSG00000169375",126,0.151942143913271,0.148222344527083,-0.128056373565903,-0.145947766295301,FALSE,FALSE,100,100,100,"n = 100",0.28,0.05,"outside"
"ENSG00000107959",130,0.137589965333258,0.139984603047019,-0.114480248250847,-0.129900792662974,FALSE,FALSE,100,100,100,"n = 100",0.28,0.05,"outside"
"ENSG00000125691",101,0.252943404712901,0.236442243583883,-2.38231736473307,-2.41974647008959,FALSE,FALSE,100,100,100,"n = 100",0.28,0.05,"outside"
"ENSG00000198952",462,0.184328886502675,0.173933689741745,-0.204177848169313,-0.236616733266578,FALSE,FALSE,100,100,100,"n = 100",0.28,0.05,"outside"
"ENSG00000198700",106,0.11777750795134,0.119108622778598,-0.0780287265552083,-0.0972167636199768,FALSE,FALSE,100,100,100,"n = 100",0.28,0.05,"outside"
"ENSG00000101138",113,0.147333313833154,0.149181838230893,-0.849081218947282,-0.909574325792734,FALSE,FALSE,100,100,100,"n = 100",0.28,0.05,"outside"
"ENSG00000144736",149,0.176663418329548,0.177862308645892,-0.358613826465515,-0.399269274015564,FALSE,FALSE,100,100,100,"n = 100",0.28,0.05,"outside"
"ENSG00000071655",187,0.0819122204627462,0.0817186668544975,-0.0452210930642011,-0.0519592367253798,TRUE,FALSE,100,100,100,"n = 100",0.28,0.05,"Cgamma"
"ENSG00000058804",109,0.149217345374132,0.149805878465212,-0.1710703393824,-0.190432633471007,FALSE,FALSE,100,100,100,"n = 100",0.28,0.05,"outside"
"ENSG00000162337",104,0.125378534155724,0.124412087041948,-0.0829945130637762,-0.0950885164812074,FALSE,FALSE,100,100,100,"n = 100",0.28,0.05,"outside"
"ENSG00000180198",169,0.11691940788418,0.115274436065,-0.334490150629362,-0.370466729812475,FALSE,FALSE,100,100,100,"n = 100",0.28,0.05,"outside"
"ENSG00000143742",139,0.176197618700261,0.176377103175597,-0.609684008570442,-0.662515726597407,FALSE,FALSE,100,100,100,"n = 100",0.28,0.05,"outside"
"ENSG00000116698",143,0.120326616255632,0.119695251246241,-0.0574820942206549,-0.0627107214605541,FALSE,FALSE,100,100,100,"n = 100",0.28,0.05,"outside"
"ENSG00000203485",115,0.110346251221093,0.110167872211072,-0.163238623773007,-0.174362532001651,FALSE,FALSE,100,100,100,"n = 100",0.28,0.05,"outside"
"ENSG00000156970",102,0.188681057139793,0.18829541818797,-0.273679349639657,-0.315570349186106,FALSE,FALSE,100,100,100,"n = 100",0.28,0.05,"outside"
"ENSG00000130856",101,0.140291127429637,0.13635283739393,-0.260713442417943,-0.292608716046002,FALSE,FALSE,100,100,100,"n = 100",0.28,0.05,"outside"
"ENSG00000124486",113,0.197138631580392,0.201012838953524,-0.308554168595761,-0.329155010477729,FALSE,FALSE,100,100,100,"n = 100",0.28,0.05,"outside"
"ENSG00000175054",158,0.174052094045541,0.168690513035394,-0.929821118599989,-0.980338926908983,FALSE,FALSE,100,100,100,"n = 100",0.28,0.05,"outside"
"ENSG00000130165",150,0.112006795109035,0.111689676627883,-0.190108054697783,-0.209389435540331,FALSE,FALSE,100,100,100,"n = 100",0.28,0.05,"outside"
"ENSG00000112237",122,0.0851343923496811,0.0852631523424588,-0.14330186264037,-0.172772869724382,FALSE,FALSE,100,100,100,"n = 100",0.28,0.05,"outside"
"ENSG00000123416",197,0.0958706860160737,0.0949389626947807,-0.045540439321121,-0.0540241302372826,TRUE,FALSE,100,100,100,"n = 100",0.28,0.05,"Cgamma"
"ENSG00000144867",181,0.180065867595078,0.17594965688266,-0.269089429659898,-0.306815893136097,FALSE,FALSE,100,100,100,"n = 100",0.28,0.05,"outside"
"ENSG00000089195",114,0.207013648144412,0.209634675920002,-0.207394716173414,-0.226413643751311,FALSE,FALSE,100,100,100,"n = 100",0.28,0.05,"outside"
"ENSG00000160678",112,0.122588977940683,0.120958970743126,-0.146918484556585,-0.183063912089666,FALSE,FALSE,100,100,100,"n = 100",0.28,0.05,"outside"
"ENSG00000174437",135,0.355098484805115,0.347064480396864,-0.691390654031151,-0.746575543240324,FALSE,FALSE,100,100,100,"n = 100",0.28,0.05,"outside"
"ENSG00000111581",138,0.174862028086617,0.173322955263242,-1.45284220758685,-1.53288032235187,FALSE,FALSE,100,100,100,"n = 100",0.28,0.05,"outside"
"ENSG00000170322",148,0.102211538796748,0.102733374016945,-0.0674874525434605,-0.0777415352484746,FALSE,FALSE,100,100,100,"n = 100",0.28,0.05,"outside"
"ENSG00000155827",147,0.185890860153871,0.186228925646174,-0.37687543084829,-0.4118308514656,FALSE,FALSE,100,100,100,"n = 100",0.28,0.05,"outside"
"ENSG00000188529",111,0.175003271334252,0.169819447622215,-0.0814988222709856,-0.0929942690995484,FALSE,FALSE,100,100,100,"n = 100",0.28,0.05,"outside"
"ENSG00000162396",292,0.122880400375022,0.119676576258281,-0.0393618638779224,-0.0464131182878307,TRUE,TRUE,100,100,100,"n = 100",0.28,0.05,"C0"
"ENSG00000276234",117,0.0963702548762631,0.0877596735997637,-0.536496432543727,-0.549961320604735,FALSE,FALSE,100,100,100,"n = 100",0.28,0.05,"outside"
"ENSG00000029364",115,0.113869208990672,0.113112626755709,-0.0741995108368779,-0.0823282744981933,FALSE,FALSE,100,100,100,"n = 100",0.28,0.05,"outside"
"ENSG00000147604",116,0.589681090331308,0.458585079633097,-3.158435130897,-3.18503923100532,FALSE,FALSE,100,100,100,"n = 100",0.28,0.05,"outside"
"ENSG00000175550",139,0.0996412484230136,0.0996466834465736,-0.200410425603812,-0.222251441126518,FALSE,FALSE,100,100,100,"n = 100",0.28,0.05,"outside"
"ENSG00000255529",172,0.0930037290885629,0.089942983080344,-0.281128660383462,-0.309800938870583,FALSE,FALSE,100,100,100,"n = 100",0.28,0.05,"outside"
"ENSG00000164815",112,0.0774311697362382,0.0758459883115142,-0.112253714726225,-0.128463544211198,FALSE,FALSE,100,100,100,"n = 100",0.28,0.05,"outside"
"ENSG00000099956",103,0.125210705714056,0.119477490637876,-0.0855901447648845,-0.100499407225486,FALSE,FALSE,100,100,100,"n = 100",0.28,0.05,"outside"
"ENSG00000168538",230,0.420242406879174,0.36881256129814,-3.21056189003605,-3.3299425761462,FALSE,FALSE,100,100,100,"n = 100",0.28,0.05,"outside"
"ENSG00000082068",132,0.354203102986595,0.360230537204582,-0.726973313214063,-0.771724308063921,FALSE,FALSE,100,100,100,"n = 100",0.28,0.05,"outside"
"ENSG00000138785",134,0.0826238878958076,0.0798060444865746,-0.0569559573040208,-0.0733330912217112,FALSE,FALSE,100,100,100,"n = 100",0.28,0.05,"outside"
"ENSG00000058063",121,0.124920041028512,0.123988432856032,-0.457867678026546,-0.50266929696041,FALSE,FALSE,100,100,100,"n = 100",0.28,0.05,"outside"
"ENSG00000102144",110,0.12028011339405,0.112902860026657,-0.107610992011609,-0.128120210345262,FALSE,FALSE,100,100,100,"n = 100",0.28,0.05,"outside"
"ENSG00000108518",122,0.189509837083763,0.180525372952145,-1.4256649623221,-1.44910319427674,FALSE,FALSE,100,100,100,"n = 100",0.28,0.05,"outside"
"ENSG00000144034",126,0.620544641874973,0.578500193124602,-1.26291494261358,-1.29437433763945,FALSE,FALSE,100,100,100,"n = 100",0.28,0.05,"outside"
"ENSG00000181029",101,0.37470324594469,0.331759728989394,-2.93998504155258,-3.06092096884121,FALSE,FALSE,100,100,100,"n = 100",0.28,0.05,"outside"
"ENSG00000119718",147,0.918427016273955,0.88821523274032,-3.20559462946671,-3.29519215230525,FALSE,FALSE,100,100,100,"n = 100",0.28,0.05,"outside"
"ENSG00000099800",117,0.261919075818,0.253023544019297,-0.276421966027871,-0.30433750450187,FALSE,FALSE,100,100,100,"n = 100",0.28,0.05,"outside"
"ENSG00000123485",116,0.121297328161746,0.11970698069239,-0.101786668734894,-0.11889922376178,FALSE,FALSE,100,100,100,"n = 100",0.28,0.05,"outside"
"ENSG00000065526",104,0.0809079395873556,0.0762167662609014,-0.0493294546259011,-0.055603710216268,TRUE,FALSE,100,100,100,"n = 100",0.28,0.05,"Cgamma"
"ENSG00000143379",121,0.153965996906198,0.153166383698332,-0.100984300736675,-0.107642771186863,FALSE,FALSE,100,100,100,"n = 100",0.28,0.05,"outside"
"ENSG00000100216",103,0.292991325451919,0.297815035460062,-0.565641616712371,-0.605880161601677,FALSE,FALSE,100,100,100,"n = 100",0.28,0.05,"outside"
"ENSG00000144559",115,0.230158563231609,0.2314099224809,-0.269626351228434,-0.292024658246983,FALSE,FALSE,100,100,100,"n = 100",0.28,0.05,"outside"
"ENSG00000054118",119,0.118941931778502,0.116724227380879,-0.0435421049452753,-0.0508860515318765,TRUE,FALSE,100,100,100,"n = 100",0.28,0.05,"Cgamma"
"ENSG00000172339",111,0.252589838294688,0.24648126288376,-0.289091829361217,-0.318673301288051,FALSE,FALSE,100,100,100,"n = 100",0.28,0.05,"outside"
"ENSG00000213397",117,0.0932543622387501,0.0932797754054678,-0.038967620601445,-0.0427677473743929,TRUE,TRUE,100,100,100,"n = 100",0.28,0.05,"C0"
"ENSG00000075089",103,0.161298663199079,0.166045351875237,-0.28752269802464,-0.319007685261927,FALSE,FALSE,100,100,100,"n = 100",0.28,0.05,"outside"
"ENSG00000014164",102,0.137980014986273,0.136928776198418,-0.0532548756888101,-0.0628450548314778,FALSE,FALSE,100,100,100,"n = 100",0.28,0.05,"outside"
"ENSG00000198258",120,0.327465484410258,0.309358723345657,-1.42152622384834,-1.48954427785726,FALSE,FALSE,100,100,100,"n = 100",0.28,0.05,"outside"
"ENSG00000132912",110,0.153322675170321,0.15024159306827,-1.11782505337987,-1.18295401690822,FALSE,FALSE,100,100,100,"n = 100",0.28,0.05,"outside"
"ENSG00000232838",154,0.10396296419476,0.101449748978119,-0.624444267229141,-0.633082738895221,FALSE,FALSE,100,100,100,"n = 100",0.28,0.05,"outside"
"ENSG00000166260",114,0.133451650750995,0.127709852171637,-0.329898984437459,-0.3751298424613,FALSE,FALSE,100,100,100,"n = 100",0.28,0.05,"outside"
"ENSG00000130816",102,0.1672087325004,0.163681378844588,-0.105121891926936,-0.112109851074276,FALSE,FALSE,100,100,100,"n = 100",0.28,0.05,"outside"
"ENSG00000165458",108,0.105582143543954,0.105228949986363,-0.0931055373432264,-0.115589311173799,FALSE,FALSE,100,100,100,"n = 100",0.28,0.05,"outside"
"ENSG00000171314",114,0.085397799008781,0.0814715189019706,-0.158631860630296,-0.194616933953,FALSE,FALSE,100,100,100,"n = 100",0.28,0.05,"outside"
"ENSG00000110851",107,0.0779124956686715,0.0765565349012641,-0.00907226483883271,-0.0195414380957838,TRUE,TRUE,100,100,100,"n = 100",0.28,0.05,"C0"
"ENSG00000148308",103,0.178089362737169,0.173459334739522,-0.102843862861938,-0.116054102487746,FALSE,FALSE,100,100,100,"n = 100",0.28,0.05,"outside"
